
RISKYMSX2.elf:     file format elf32-littleriscv
RISKYMSX2.elf
architecture: riscv:rv32, flags 0x00000112:
EXEC_P, HAS_SYMS, D_PAGED
start address 0x00000000

Program Header:
0x70000003 off    0x0001c7bb vaddr 0x00000000 paddr 0x00000000 align 2**0
         filesz 0x000000ad memsz 0x00000000 flags r--
    LOAD off    0x00001000 vaddr 0x00000000 paddr 0x00000000 align 2**12
         filesz 0x0000a068 memsz 0x0000a068 flags r-x
    LOAD off    0x0000b400 vaddr 0x20000400 paddr 0x0000a068 align 2**12
         filesz 0x000000ec memsz 0x00000240 flags rwx
    LOAD off    0x00000800 vaddr 0x20021800 paddr 0x20021800 align 2**12
         filesz 0x00000000 memsz 0x00000800 flags rw-
   STACK off    0x00000000 vaddr 0x00000000 paddr 0x00000000 align 2**4
         filesz 0x00000000 memsz 0x00000000 flags rw-

Sections:
Idx Name          Size      VMA       LMA       File off  Algn
  0 .init         000001a0  00000000  00000000  00001000  2**1
                  CONTENTS, ALLOC, LOAD, READONLY, CODE
  1 .text         00001ec8  000001a0  000001a0  000011a0  2**2
                  CONTENTS, ALLOC, LOAD, READONLY, CODE
  2 .cartrom      00008000  00002068  00002068  00003068  2**2
                  CONTENTS, ALLOC, LOAD, READONLY, DATA
  3 .fini         00000000  0000a068  0000a068  0000b4ec  2**0
                  CONTENTS, ALLOC, LOAD, CODE
  4 .dalign       00000000  20000400  20000400  0000b4ec  2**0
                  CONTENTS
  5 .dlalign      00000000  0000a068  0000a068  0000b4ec  2**0
                  CONTENTS
  6 .data         000000ec  20000400  0000a068  0000b400  2**2
                  CONTENTS, ALLOC, LOAD, CODE
  7 .bss          00000154  200004ec  0000a154  0000b4ec  2**2
                  ALLOC
  8 .stack        00000800  20021800  20021800  0000b800  2**0
                  ALLOC
  9 .debug_info   00004d6e  00000000  00000000  0000b4ec  2**0
                  CONTENTS, READONLY, DEBUGGING, OCTETS
 10 .debug_abbrev 00001513  00000000  00000000  0001025a  2**0
                  CONTENTS, READONLY, DEBUGGING, OCTETS
 11 .debug_loc    00002224  00000000  00000000  0001176d  2**0
                  CONTENTS, READONLY, DEBUGGING, OCTETS
 12 .debug_aranges 00000550  00000000  00000000  00013998  2**3
                  CONTENTS, READONLY, DEBUGGING, OCTETS
 13 .debug_ranges 00000480  00000000  00000000  00013ee8  2**3
                  CONTENTS, READONLY, DEBUGGING, OCTETS
 14 .debug_line   00006310  00000000  00000000  00014368  2**0
                  CONTENTS, READONLY, DEBUGGING, OCTETS
 15 .debug_str    000020ec  00000000  00000000  0001a678  2**0
                  CONTENTS, READONLY, DEBUGGING, OCTETS
 16 .comment      00000057  00000000  00000000  0001c764  2**0
                  CONTENTS, READONLY
 17 .riscv.attributes 000000ad  00000000  00000000  0001c7bb  2**0
                  CONTENTS, READONLY
 18 .debug_frame  000008e4  00000000  00000000  0001c868  2**2
                  CONTENTS, READONLY, DEBUGGING, OCTETS
 19 .debug_loclists 00000c10  00000000  00000000  0001d14c  2**0
                  CONTENTS, READONLY, DEBUGGING, OCTETS
 20 .debug_rnglists 000000b7  00000000  00000000  0001dd5c  2**0
                  CONTENTS, READONLY, DEBUGGING, OCTETS
 21 .debug_line_str 00000126  00000000  00000000  0001de13  2**0
                  CONTENTS, READONLY, DEBUGGING, OCTETS
SYMBOL TABLE:
00000000 l    d  .init	00000000 .init
000001a0 l    d  .text	00000000 .text
00002068 l    d  .cartrom	00000000 .cartrom
0000a068 l    d  .fini	00000000 .fini
20000400 l    d  .dalign	00000000 .dalign
0000a068 l    d  .dlalign	00000000 .dlalign
20000400 l    d  .data	00000000 .data
200004ec l    d  .bss	00000000 .bss
20021800 l    d  .stack	00000000 .stack
00000000 l    d  .debug_info	00000000 .debug_info
00000000 l    d  .debug_abbrev	00000000 .debug_abbrev
00000000 l    d  .debug_loc	00000000 .debug_loc
00000000 l    d  .debug_aranges	00000000 .debug_aranges
00000000 l    d  .debug_ranges	00000000 .debug_ranges
00000000 l    d  .debug_line	00000000 .debug_line
00000000 l    d  .debug_str	00000000 .debug_str
00000000 l    d  .comment	00000000 .comment
00000000 l    d  .riscv.attributes	00000000 .riscv.attributes
00000000 l    d  .debug_frame	00000000 .debug_frame
00000000 l    d  .debug_loclists	00000000 .debug_loclists
00000000 l    d  .debug_rnglists	00000000 .debug_rnglists
00000000 l    d  .debug_line_str	00000000 .debug_line_str
00000000 l    df *ABS*	00000000 startup_ch32v4x7.o
00000000 l    df *ABS*	00000000 save-restore.o
00000000 l    df *ABS*	00000000 libc_a-memset.o
00000000 l    df *ABS*	00000000 cart.c
200004ec l     O .bss	00000004 bankOffsets0
00000000 l    df *ABS*	00000000 ch32v4x7_it.c
00000000 l    df *ABS*	00000000 main.c
00000000 l    df *ABS*	00000000 system_ch32v4x7.c
00001eb0 l     O .text	00000020 PLLMULTB
00001ed0 l     O .text	00000010 HBPrescTable
00000000 l    df *ABS*	00000000 ch32v4x7_dbgmcu.c
00000000 l    df *ABS*	00000000 ch32v4x7_exti.c
00000000 l    df *ABS*	00000000 ch32v4x7_gpio.c
00000000 l    df *ABS*	00000000 ch32v4x7_rcc.c
00001ee0 l     O .text	00000020 PLLMULTB
00001f00 l     O .text	00000010 HBPrescTable
200004e4 l     O .data	00000008 PBPrescTable
200004e0 l     O .data	00000004 ADCPrescTable
00000000 l    df *ABS*	00000000 ch32v4x7_usart.c
00000000 l    df *ABS*	00000000 debug.c
200004f6 l     O .bss	00000001 p_us
200004f4 l     O .bss	00000002 p_ms
200004d8 l     O .data	00000004 curbrk.0
00000000 l    df *ABS*	00000000 libgcc2.c
00000000 l    df *ABS*	00000000 printf.c
00000000 l    df *ABS*	00000000 puts.c
00000000 l    df *ABS*	00000000 wbuf.c
00000000 l    df *ABS*	00000000 wsetup.c
00000000 l    df *ABS*	00000000 freer.c
00000000 l    df *ABS*	00000000 mallocr.c
00001130 l     F .text	00000056 sbrk_aligned
00000000 l    df *ABS*	00000000 mlock.c
00000000 l    df *ABS*	00000000 nano-vfprintf.c
0000129c l     F .text	00000026 __sfputc_r
00000000 l    df *ABS*	00000000 nano-vfprintf_i.c
00000000 l    df *ABS*	00000000 fflush.c
00000000 l    df *ABS*	00000000 findfp.c
000019e0 l     F .text	0000005e std
00001a3e l     F .text	00000018 stdio_exit_handler
00001a56 l     F .text	00000046 cleanup_stdio
00001a9c l     F .text	00000038 global_stdio_init.part.0
00000000 l    df *ABS*	00000000 fwalk.c
00000000 l    df *ABS*	00000000 makebuf.c
00000000 l    df *ABS*	00000000 stdio.c
00000000 l    df *ABS*	00000000 memchr.c
00000000 l    df *ABS*	00000000 closer.c
00000000 l    df *ABS*	00000000 fstatr.c
00000000 l    df *ABS*	00000000 isattyr.c
00000000 l    df *ABS*	00000000 lseekr.c
00000000 l    df *ABS*	00000000 readr.c
00000000 l    df *ABS*	00000000 sbrkr.c
00000000 l    df *ABS*	00000000 writer.c
00000000 l    df *ABS*	00000000 close.c
00000000 l    df *ABS*	00000000 fstat.c
00000000 l    df *ABS*	00000000 isatty.c
00000000 l    df *ABS*	00000000 lseek.c
00000000 l    df *ABS*	00000000 read.c
00000000 l    df *ABS*	00000000 libgcc2.c
00000000 l    df *ABS*	00000000 hello_rom.c
00000000 l    df *ABS*	00000000 impure.c
00000556  w      .text	00000000 EXTI2_IRQHandler
00000556  w      .text	00000000 TIM8_TRG_COM_IRQHandler
00000556  w      .text	00000000 TIM8_CC_IRQHandler
00001d26 g     F .text	0000002a _isatty_r
00000556  w      .text	00000000 DMA1_Channel12_IRQHandler
00000ea8 g     F .text	00000098 _puts_r
00000556  w      .text	00000000 USART9_IRQHandler
00001d50 g     F .text	0000002e _lseek_r
00000e80 g     F .text	00000028 printf
20000cd0 g       .data	00000000 __global_pointer$
000001a8 g     F .text	0000002a .hidden __riscv_save_8
00000556  w      .text	00000000 TIM1_CC_IRQHandler
00001c82 g     F .text	00000030 __sseek
00001ad4 g     F .text	00000016 __sinit
00000f48 g     F .text	00000090 __swbuf_r
000002bc g     F .text	00000010 HardFault_Handler
0000129a g     F .text	00000002 __malloc_unlock
000001fc g     F .text	0000000c .hidden __riscv_restore_3
00000556  w      .text	00000000 TIM6_IRQHandler
00000556  w      .text	00000000 SysTick_Handler
00000556  w      .text	00000000 I3C_ER_IRQHandler
00000556  w      .text	00000000 PVD_IRQHandler
00000556  w      .text	00000000 SDIO_IRQHandler
000001e4 g     F .text	00000024 .hidden __riscv_restore_10
00000556  w      .text	00000000 DMA2_Channel8_IRQHandler
000002ba g     F .text	00000002 NMI_Handler
00000556  w      .text	00000000 EXTI3_IRQHandler
000001a8 g     F .text	0000002a .hidden __riscv_save_11
000005f6 g     F .text	0000000a DBGMCU_GetCHIPID
20000500 g     O .bss	00000004 __stdio_exit_handler
00000a92 g     F .text	0000000a USART_GetFlagStatus
00000556  w      .text	00000000 DMA2_Channel9_IRQHandler
00001cfa g     F .text	0000002c _fstat_r
20000504 g     O .bss	00000004 errno
200004ec g       .bss	00000000 _sbss
00000800 g       *ABS*	00000000 __stack_size
00000ac6 g     F .text	00000064 USART_Printf_Init
00000556  w      .text	00000000 USART10_IRQHandler
000001fc g     F .text	0000000c .hidden __riscv_restore_2
00000556  w      .text	00000000 USART8_IRQHandler
00000556  w      .text	00000000 EXTI0_IRQHandler
00000f40 g     F .text	00000008 puts
00000556  w      .text	00000000 CAN1_RX0_IRQHandler
200004d0 g     O .data	00000004 SystemCoreClock
00001e14 g     F .text	0000000c _fstat
000001a0 g       .init	00000000 _einit
000001a0 g     F .text	00000032 .hidden __riscv_save_12
00000556  w      .text	00000000 ADC1_2_IRQHandler
00000664 g     F .text	000000b6 GPIO_Init
00000556  w      .text	00000000 Break_Point_Handler
000001e4 g     F .text	00000024 .hidden __riscv_restore_11
00000556  w      .text	00000000 SPI1_IRQHandler
00000556  w      .text	00000000 USART5_IRQHandler
00000a76 g     F .text	00000014 USART_Cmd
00001dac g     F .text	0000002c _sbrk_r
00000556  w      .text	00000000 TAMPER_IRQHandler
000001d4 g     F .text	0000000c .hidden __riscv_save_1
000001fc g     F .text	0000000c .hidden __riscv_restore_0
00001d7e g     F .text	0000002e _read_r
000001b8 g     F .text	0000001a .hidden __riscv_save_7
00000556  w      .text	00000000 TIM8_UP_IRQHandler
00000556  w      .text	00000000 Ecall_M_Mode_Handler
20021800 g       .stack	00000000 _heap_end
00001e20 g     F .text	0000000c _isatty
000001f0 g     F .text	00000018 .hidden __riscv_restore_5
00000556  w      .text	00000000 USART7_IRQHandler
00000556  w      .text	00000000 DMA2_Channel2_IRQHandler
00000b92 g     F .text	000002ee .hidden __udivdi3
00000556  w      .text	00000000 DMA1_Channel4_IRQHandler
00000b68 g     F .text	0000002a _sbrk
00000556  w      .text	00000000 USART6_IRQHandler
000001f0 g     F .text	00000018 .hidden __riscv_restore_6
00000556  w      .text	00000000 USART3_IRQHandler
00000556  w      .text	00000000 RTC_IRQHandler
20000640 g       .bss	00000000 _ebss
00000556  w      .text	00000000 DMA1_Channel7_IRQHandler
00000556  w      .text	00000000 CAN1_RX1_IRQHandler
00000a9c g     F .text	0000002a Delay_Init
00000556  w      .text	00000000 USBHS2WakeUp_IRQHandler
00000556  w      .text	00000000 DVP_IRQHandler
20000508 g     O .bss	00000138 __sf
000009ae g     F .text	00000016 RCC_PB2PeriphClockCmd
00000744 g     F .text	00000120 GPIO_IPD_Unused
00000556  w      .text	00000000 TIM4_IRQHandler
000001a8 g     F .text	0000002a .hidden __riscv_save_9
00000556  w      .text	00000000 DMA2_Channel1_IRQHandler
000001b8 g     F .text	0000001a .hidden __riscv_save_4
00000556  w      .text	00000000 USBHS1_IRQHandler
00000556  w      .text	00000000 I2C1_EV_IRQHandler
00000556  w      .text	00000000 USART4_IRQHandler
00000864 g     F .text	0000014a RCC_GetClocksFreq
00000556  w      .text	00000000 DMA1_Channel6_IRQHandler
000012c2 g     F .text	00000040 __sfputs_r
00000556  w      .text	00000000 DMA2_Channel4_IRQHandler
00001cb8 g     F .text	00000018 memchr
000009c4 g     F .text	000000b2 USART_Init
00001092 g     F .text	0000009e _free_r
00000556  w      .text	00000000 TIM3_IRQHandler
00000556  w      .text	00000000 RCC_IRQHandler
000001d4 g     F .text	0000000c .hidden __riscv_save_3
00000556  w      .text	00000000 TIM1_TRG_COM_IRQHandler
00000556  w      .text	00000000 DMA1_Channel1_IRQHandler
00000000 g       .init	00000000 _start
00000556  w      .text	00000000 DMA2_Channel7_IRQHandler
00001e2c g     F .text	0000000c _lseek
00000556  w      .text	00000000 EXTI15_10_IRQHandler
00000600 g     F .text	00000064 EXTI_Init
00000556  w      .text	00000000 DMA1_Channel8_IRQHandler
00000556  w      .text	00000000 I3C_EV_IRQHandler
00000556  w      .text	00000000 TIM7_IRQHandler
00001cd0 g     F .text	0000002a _close_r
20000400 g       .dalign	00000000 _data_vma
00000556  w      .text	00000000 TIM5_IRQHandler
00000fd8 g     F .text	000000ba __swsetup_r
00000556  w      .text	00000000 EXTI9_5_IRQHandler
00000218 g     F .text	000000a2 Init_Cart
0000071a g     F .text	0000002a GPIO_EXTILineConfig
00000556  w      .text	00000000 LTDC_IRQHandler
000001a8 g     F .text	0000002a .hidden __riscv_save_10
00001c12 g     F .text	0000002a __sread
00000556  w      .text	00000000 ETH_WKUP_IRQHandler
00001298 g     F .text	00000002 __malloc_lock
000001f0 g     F .text	00000018 .hidden __riscv_restore_4
000001e4 g     F .text	00000024 .hidden __riscv_restore_8
20000458 g     F .data	00000072 RunCart32k
00002068 g     O .cartrom	00008000 hello_rom
000019aa g     F .text	00000036 _fflush_r
000001b8 g     F .text	0000001a .hidden __riscv_save_6
00000556  w      .text	00000000 SPI2_IRQHandler
200004f0 g     O .bss	00000004 HCLKClock
00000208 g     F .text	00000010 memset
000001e4 g     F .text	00000024 .hidden __riscv_restore_9
000001f0 g     F .text	00000018 .hidden __riscv_restore_7
000002cc g     F .text	00000042 main
00000556  w      .text	00000000 I3CWakeup_IRQHandler
00000556  w      .text	00000000 CAN1_TX_IRQHandler
00001cb2 g     F .text	00000006 __sclose
00000556  w      .text	00000000 DMA2_Channel5_IRQHandler
00001186 g     F .text	00000112 _malloc_r
00000556  w      .text	00000000 USBHS2_IRQHandler
00000556  w      .text	00000000 DMA1_Channel5_IRQHandler
00000556  w      .text	00000000 EXTI4_IRQHandler
0000030e g     F .text	00000150 SystemInit
00000556  w      .text	00000000 RNG_IRQHandler
00000e80 g     F .text	00000028 iprintf
00001f10 g     O .text	00000100 .hidden __clz_tab
00000556  w      .text	00000000 DMA1_Channel9_IRQHandler
00000000 g       .init	00000000 _sinit
00001dd8 g     F .text	00000030 _write_r
00000556  w      .text	00000000 DMA1_Channel3_IRQHandler
00000556  w      .text	00000000 ETH_IRQHandler
0000153a g     F .text	00000108 _printf_common
200004dc g     O .data	00000004 _impure_ptr
00000556  w      .text	00000000 TIM1_UP_IRQHandler
0000188c g     F .text	0000011e __sflush_r
00001aea g     F .text	0000005e _fwalk_sglue
00000556  w      .text	00000000 WWDG_IRQHandler
00000556  w      .text	00000000 DMA2_Channel11_IRQHandler
00000556  w      .text	00000000 Ecall_U_Mode_Handler
00000556  w      .text	00000000 DMA2_Channel6_IRQHandler
00000556  w      .text	00000000 TIM2_IRQHandler
20022000 g       .stack	00000000 _eusrstack
000001d4 g     F .text	0000000c .hidden __riscv_save_2
00000556  w      .text	00000000 SW_Handler
00000556  w      .text	00000000 ARGB_IRQHandler
200004d4 g     O .data	00000004 SystemClock
00000556  w      .text	00000000 TIM1_BRK_IRQHandler
00001b48 g     F .text	00000054 __swhatbuf_r
00000a8a g     F .text	00000008 USART_SendData
00000556  w      .text	00000000 DMA2_Channel10_IRQHandler
00000556  w      .text	00000000 PSRAM_IRQHandler
00000556  w      .text	00000000 EXTI1_IRQHandler
000001b8 g     F .text	0000001a .hidden __riscv_save_5
2000044c g     O .data	0000000c __sglue
00000b2a g     F .text	0000003e _write
200004ec g       .data	00000000 _edata
20000640 g       .bss	00000000 _end
00000556  w      .text	00000000 RTCAlarm_IRQHandler
0000a068 g       .dlalign	00000000 _data_lma
00000556  w      .text	00000000 DMA1_Channel13_IRQHandler
00000556  w      .text	00000000 USBHS1Wakeup_IRQHandler
00000556  w      .text	00000000 USART2_IRQHandler
00001c3c g     F .text	00000046 __swrite
00001302 g     F .text	00000238 _vfiprintf_r
0000045e g     F .text	000000f8 SystemCoreClockUpdate
20000400 g     O .data	0000004c _impure_data
00000556  w      .text	00000000 DMA1_Channel2_IRQHandler
000001e0 g     F .text	00000028 .hidden __riscv_restore_12
00000556  w      .text	00000000 TIM8_BRK_IRQHandler
00000556  w      .text	00000000 DMA1_Channel10_IRQHandler
00001e38 g     F .text	0000000c _read
00000558  w      .text	00000000 handle_reset
00000556  w      .text	00000000 CAN1_SCE_IRQHandler
00000556  w      .text	00000000 FLASH_IRQHandler
000001d4 g     F .text	0000000c .hidden __riscv_save_0
00000556  w      .text	00000000 USART1_IRQHandler
00001b9c g     F .text	00000076 __smakebuf_r
00001642 g     F .text	0000024a _printf_i
00000556  w      .text	00000000 SPI3_IRQHandler
200004f8 g     O .bss	00000004 __malloc_sbrk_start
00000556  w      .text	00000000 I2C1_ER_IRQHandler
200004fc g     O .bss	00000004 __malloc_free_list
000001fc g     F .text	0000000c .hidden __riscv_restore_1
00000556  w      .text	00000000 DMA1_Channel11_IRQHandler
00001302 g     F .text	00000238 _vfprintf_r
00001e08 g     F .text	0000000c _close
00000556  w      .text	00000000 DMA2_Channel3_IRQHandler



Disassembly of section .init:

00000000 <_sinit>:
   0:	5580006f          	j	558 <handle_reset>
   4:	00000000          	.word	0x00000000
   8:	000002ba          	.word	0x000002ba
   c:	000002bc          	.word	0x000002bc
  10:	00000000          	.word	0x00000000
  14:	00000556          	.word	0x00000556
	...
  20:	00000556          	.word	0x00000556
  24:	00000556          	.word	0x00000556
	...
  30:	00000556          	.word	0x00000556
  34:	00000000          	.word	0x00000000
  38:	00000556          	.word	0x00000556
  3c:	00000000          	.word	0x00000000
  40:	00000556          	.word	0x00000556
  44:	00000556          	.word	0x00000556
  48:	00000556          	.word	0x00000556
  4c:	00000556          	.word	0x00000556
  50:	00000556          	.word	0x00000556
  54:	00000556          	.word	0x00000556
  58:	00000556          	.word	0x00000556
  5c:	00000556          	.word	0x00000556
  60:	00000556          	.word	0x00000556
  64:	00000556          	.word	0x00000556
  68:	00000556          	.word	0x00000556
  6c:	00000556          	.word	0x00000556
  70:	00000556          	.word	0x00000556
  74:	00000556          	.word	0x00000556
  78:	00000556          	.word	0x00000556
  7c:	00000556          	.word	0x00000556
  80:	00000556          	.word	0x00000556
  84:	00000556          	.word	0x00000556
  88:	00000556          	.word	0x00000556
  8c:	00000556          	.word	0x00000556
  90:	00000556          	.word	0x00000556
  94:	00000556          	.word	0x00000556
  98:	00000556          	.word	0x00000556
  9c:	00000556          	.word	0x00000556
  a0:	00000556          	.word	0x00000556
  a4:	00000556          	.word	0x00000556
  a8:	00000556          	.word	0x00000556
  ac:	00000556          	.word	0x00000556
  b0:	00000556          	.word	0x00000556
  b4:	00000556          	.word	0x00000556
  b8:	00000556          	.word	0x00000556
  bc:	00000556          	.word	0x00000556
  c0:	00000556          	.word	0x00000556
  c4:	00000556          	.word	0x00000556
  c8:	00000556          	.word	0x00000556
  cc:	00000556          	.word	0x00000556
  d0:	00000556          	.word	0x00000556
  d4:	00000556          	.word	0x00000556
  d8:	00000556          	.word	0x00000556
  dc:	00000556          	.word	0x00000556
  e0:	00000556          	.word	0x00000556
  e4:	00000556          	.word	0x00000556
  e8:	00000556          	.word	0x00000556
  ec:	00000556          	.word	0x00000556
  f0:	00000556          	.word	0x00000556
  f4:	00000556          	.word	0x00000556
  f8:	00000556          	.word	0x00000556
  fc:	00000556          	.word	0x00000556
 100:	00000000          	.word	0x00000000
 104:	00000556          	.word	0x00000556
 108:	00000556          	.word	0x00000556
 10c:	00000556          	.word	0x00000556
 110:	00000556          	.word	0x00000556
 114:	00000556          	.word	0x00000556
 118:	00000556          	.word	0x00000556
 11c:	00000556          	.word	0x00000556
 120:	00000556          	.word	0x00000556
 124:	00000556          	.word	0x00000556
 128:	00000556          	.word	0x00000556
 12c:	00000556          	.word	0x00000556
 130:	00000556          	.word	0x00000556
 134:	00000556          	.word	0x00000556
 138:	00000556          	.word	0x00000556
 13c:	00000556          	.word	0x00000556
 140:	00000556          	.word	0x00000556
 144:	00000556          	.word	0x00000556
 148:	00000556          	.word	0x00000556
 14c:	00000556          	.word	0x00000556
 150:	00000556          	.word	0x00000556
 154:	00000556          	.word	0x00000556
 158:	00000556          	.word	0x00000556
 15c:	00000556          	.word	0x00000556
 160:	00000556          	.word	0x00000556
 164:	00000556          	.word	0x00000556
 168:	00000556          	.word	0x00000556
 16c:	00000556          	.word	0x00000556
 170:	00000556          	.word	0x00000556
 174:	00000556          	.word	0x00000556
 178:	00000556          	.word	0x00000556
 17c:	00000556          	.word	0x00000556
 180:	00000556          	.word	0x00000556
 184:	00000556          	.word	0x00000556
 188:	00000556          	.word	0x00000556
 18c:	00000556          	.word	0x00000556
 190:	00000556          	.word	0x00000556
 194:	00000556          	.word	0x00000556
 198:	00000556          	.word	0x00000556
 19c:	00000556          	.word	0x00000556

Disassembly of section .text:

000001a0 <__riscv_save_12>:
     1a0:	7139                	addi	sp,sp,-64
     1a2:	4301                	li	t1,0
     1a4:	c66e                	sw	s11,12(sp)
     1a6:	a019                	j	1ac <__riscv_save_10+0x4>

000001a8 <__riscv_save_10>:
     1a8:	7139                	addi	sp,sp,-64
     1aa:	5341                	li	t1,-16
     1ac:	c86a                	sw	s10,16(sp)
     1ae:	ca66                	sw	s9,20(sp)
     1b0:	cc62                	sw	s8,24(sp)
     1b2:	ce5e                	sw	s7,28(sp)
     1b4:	a021                	j	1bc <__riscv_save_4+0x4>
     1b6:	0001                	nop

000001b8 <__riscv_save_4>:
     1b8:	7139                	addi	sp,sp,-64
     1ba:	5301                	li	t1,-32
     1bc:	d05a                	sw	s6,32(sp)
     1be:	d256                	sw	s5,36(sp)
     1c0:	d452                	sw	s4,40(sp)
     1c2:	d64e                	sw	s3,44(sp)
     1c4:	d84a                	sw	s2,48(sp)
     1c6:	da26                	sw	s1,52(sp)
     1c8:	dc22                	sw	s0,56(sp)
     1ca:	de06                	sw	ra,60(sp)
     1cc:	40610133          	sub	sp,sp,t1
     1d0:	8282                	jr	t0
     1d2:	0001                	nop

000001d4 <__riscv_save_0>:
     1d4:	1141                	addi	sp,sp,-16
     1d6:	c04a                	sw	s2,0(sp)
     1d8:	c226                	sw	s1,4(sp)
     1da:	c422                	sw	s0,8(sp)
     1dc:	c606                	sw	ra,12(sp)
     1de:	8282                	jr	t0

000001e0 <__riscv_restore_12>:
     1e0:	4db2                	lw	s11,12(sp)
     1e2:	0141                	addi	sp,sp,16

000001e4 <__riscv_restore_10>:
     1e4:	4d02                	lw	s10,0(sp)
     1e6:	4c92                	lw	s9,4(sp)
     1e8:	4c22                	lw	s8,8(sp)
     1ea:	4bb2                	lw	s7,12(sp)
     1ec:	0141                	addi	sp,sp,16
     1ee:	0001                	nop

000001f0 <__riscv_restore_4>:
     1f0:	4b02                	lw	s6,0(sp)
     1f2:	4a92                	lw	s5,4(sp)
     1f4:	4a22                	lw	s4,8(sp)
     1f6:	49b2                	lw	s3,12(sp)
     1f8:	0141                	addi	sp,sp,16
     1fa:	0001                	nop

000001fc <__riscv_restore_0>:
     1fc:	4902                	lw	s2,0(sp)
     1fe:	4492                	lw	s1,4(sp)
     200:	4422                	lw	s0,8(sp)
     202:	40b2                	lw	ra,12(sp)
     204:	0141                	addi	sp,sp,16
     206:	8082                	ret

00000208 <memset>:
     208:	832a                	mv	t1,a0
     20a:	c611                	beqz	a2,216 <memset+0xe>
     20c:	00b30023          	sb	a1,0(t1)
     210:	167d                	addi	a2,a2,-1
     212:	0305                	addi	t1,t1,1
     214:	fe65                	bnez	a2,20c <memset+0x4>
     216:	8082                	ret

00000218 <Init_Cart>:
     218:	fbdff2ef          	jal	t0,1d4 <__riscv_save_0>
     21c:	1141                	addi	sp,sp,-16
     21e:	4585                	li	a1,1
     220:	06d00513          	li	a0,109
     224:	78a000ef          	jal	9ae <RCC_PB2PeriphClockCmd>
     228:	44444737          	lui	a4,0x44444
     22c:	44470713          	addi	a4,a4,1092 # 44444444 <_eusrstack+0x24422444>
     230:	400117b7          	lui	a5,0x40011
     234:	40e7a023          	sw	a4,1024(a5) # 40011400 <_eusrstack+0x1ffef400>
     238:	40e7a223          	sw	a4,1028(a5)
     23c:	400127b7          	lui	a5,0x40012
     240:	80e7a023          	sw	a4,-2048(a5) # 40011800 <_eusrstack+0x1ffef800>
     244:	400116b7          	lui	a3,0x40011
     248:	c0e6a223          	sw	a4,-1020(a3) # 40010c04 <_eusrstack+0x1ffeec04>
     24c:	8006a703          	lw	a4,-2048(a3)
     250:	80078793          	addi	a5,a5,-2048
     254:	87b6                	mv	a5,a3
     256:	9b41                	andi	a4,a4,-16
     258:	80e7a023          	sw	a4,-2048(a5)
     25c:	8007a703          	lw	a4,-2048(a5)
     260:	7671                	lui	a2,0xffffc
     262:	00376713          	ori	a4,a4,3
     266:	80e7a023          	sw	a4,-2048(a5)
     26a:	4581                	li	a1,0
     26c:	4511                	li	a0,4
     26e:	80c1ae23          	sw	a2,-2020(gp) # 200004ec <bankOffsets0>
     272:	2165                	jal	71a <GPIO_EXTILineConfig>
     274:	cd017057          	vsetivli	zero,2,e32,m1,ta,ma
     278:	5208a0d7          	vid.v	v1
     27c:	57d5                	li	a5,-11
     27e:	9617e0d7          	vmul.vx	v1,v1,a5
     282:	4785                	li	a5,1
     284:	850a                	mv	a0,sp
     286:	c03e                	sw	a5,0(sp)
     288:	021630d7          	vadd.vi	v1,v1,12
     28c:	003c                	addi	a5,sp,8
     28e:	c202                	sw	zero,4(sp)
     290:	0207e0a7          	vse32.v	v1,(a5)
     294:	26b5                	jal	600 <EXTI_Init>
     296:	e000e737          	lui	a4,0xe000e
     29a:	004006b7          	lui	a3,0x400
     29e:	200007b7          	lui	a5,0x20000
     2a2:	10d72023          	sw	a3,256(a4) # e000e100 <_eusrstack+0xbffec100>
     2a6:	45878793          	addi	a5,a5,1112 # 20000458 <RunCart32k>
     2aa:	46d9                	li	a3,22
     2ac:	04d70823          	sb	a3,80(a4)
     2b0:	0017e793          	ori	a5,a5,1
     2b4:	d33c                	sw	a5,96(a4)
     2b6:	0141                	addi	sp,sp,16
     2b8:	b791                	j	1fc <__riscv_restore_0>

000002ba <NMI_Handler>:
     2ba:	a001                	j	2ba <NMI_Handler>

000002bc <HardFault_Handler>:
     2bc:	beef07b7          	lui	a5,0xbeef0
     2c0:	e000e737          	lui	a4,0xe000e
     2c4:	08078793          	addi	a5,a5,128 # beef0080 <_eusrstack+0x9eece080>
     2c8:	c73c                	sw	a5,72(a4)
     2ca:	a001                	j	2ca <HardFault_Handler+0xe>

000002cc <main>:
     2cc:	f09ff2ef          	jal	t0,1d4 <__riscv_save_0>
     2d0:	2279                	jal	45e <SystemCoreClockUpdate>
     2d2:	7ca000ef          	jal	a9c <Delay_Init>
     2d6:	6571                	lui	a0,0x1c
     2d8:	20050513          	addi	a0,a0,512 # 1c200 <_data_lma+0x12198>
     2dc:	7ea000ef          	jal	ac6 <USART_Printf_Init>
     2e0:	200007b7          	lui	a5,0x20000
     2e4:	4d07a583          	lw	a1,1232(a5) # 200004d0 <SystemCoreClock>
     2e8:	6509                	lui	a0,0x2
     2ea:	e4450513          	addi	a0,a0,-444 # 1e44 <_read+0xc>
     2ee:	393000ef          	jal	e80 <iprintf>
     2f2:	2611                	jal	5f6 <DBGMCU_GetCHIPID>
     2f4:	85aa                	mv	a1,a0
     2f6:	6509                	lui	a0,0x2
     2f8:	e5450513          	addi	a0,a0,-428 # 1e54 <_read+0x1c>
     2fc:	385000ef          	jal	e80 <iprintf>
     300:	3f21                	jal	218 <Init_Cart>
     302:	6509                	lui	a0,0x2
     304:	e6450513          	addi	a0,a0,-412 # 1e64 <_read+0x2c>
     308:	439000ef          	jal	f40 <puts>
     30c:	a001                	j	30c <main+0x40>

0000030e <SystemInit>:
     30e:	ec7ff2ef          	jal	t0,1d4 <__riscv_save_0>
     312:	40021437          	lui	s0,0x40021
     316:	401c                	lw	a5,0(s0)
     318:	1141                	addi	sp,sp,-16
     31a:	80ff0737          	lui	a4,0x80ff0
     31e:	0017e793          	ori	a5,a5,1
     322:	c01c                	sw	a5,0(s0)
     324:	405c                	lw	a5,4(s0)
     326:	8ff9                	and	a5,a5,a4
     328:	c05c                	sw	a5,4(s0)
     32a:	405c                	lw	a5,4(s0)
     32c:	8bb1                	andi	a5,a5,12
     32e:	fff5                	bnez	a5,32a <SystemInit+0x1c>
     330:	401c                	lw	a5,0(s0)
     332:	fea70737          	lui	a4,0xfea70
     336:	177d                	addi	a4,a4,-1 # fea6ffff <_eusrstack+0xdea4dfff>
     338:	8ff9                	and	a5,a5,a4
     33a:	c01c                	sw	a5,0(s0)
     33c:	401c                	lw	a5,0(s0)
     33e:	ffc10737          	lui	a4,0xffc10
     342:	177d                	addi	a4,a4,-1 # ffc0ffff <_eusrstack+0xdfbedfff>
     344:	49279793          	bclri	a5,a5,0x12
     348:	c01c                	sw	a5,0(s0)
     34a:	405c                	lw	a5,4(s0)
     34c:	8ff9                	and	a5,a5,a4
     34e:	c05c                	sw	a5,4(s0)
     350:	545c                	lw	a5,44(s0)
     352:	03f12737          	lui	a4,0x3f12
     356:	80070713          	addi	a4,a4,-2048 # 3f11800 <_data_lma+0x3f07798>
     35a:	48c79793          	bclri	a5,a5,0xc
     35e:	d45c                	sw	a5,44(s0)
     360:	545c                	lw	a5,44(s0)
     362:	8ff9                	and	a5,a5,a4
     364:	d45c                	sw	a5,44(s0)
     366:	405c                	lw	a5,4(s0)
     368:	29d79793          	bseti	a5,a5,0x1d
     36c:	c05c                	sw	a5,4(s0)
     36e:	02042823          	sw	zero,48(s0) # 40021030 <_eusrstack+0x1ffff030>
     372:	008f07b7          	lui	a5,0x8f0
     376:	c41c                	sw	a5,8(s0)
     378:	26f1                	jal	744 <GPIO_IPD_Unused>
     37a:	c402                	sw	zero,8(sp)
     37c:	c602                	sw	zero,12(sp)
     37e:	4c5c                	lw	a5,28(s0)
     380:	400076b7          	lui	a3,0x40007
     384:	f9000737          	lui	a4,0xf9000
     388:	29c79793          	bseti	a5,a5,0x1c
     38c:	cc5c                	sw	a5,28(s0)
     38e:	429c                	lw	a5,0(a3)
     390:	177d                	addi	a4,a4,-1 # f8ffffff <_eusrstack+0xd8fddfff>
     392:	c63e                	sw	a5,12(sp)
     394:	47b2                	lw	a5,12(sp)
     396:	8ff9                	and	a5,a5,a4
     398:	c63e                	sw	a5,12(sp)
     39a:	47b2                	lw	a5,12(sp)
     39c:	002e0737          	lui	a4,0x2e0
     3a0:	29a79793          	bseti	a5,a5,0x1a
     3a4:	c63e                	sw	a5,12(sp)
     3a6:	47b2                	lw	a5,12(sp)
     3a8:	c29c                	sw	a5,0(a3)
     3aa:	405c                	lw	a5,4(s0)
     3ac:	0807e793          	ori	a5,a5,128
     3b0:	c05c                	sw	a5,4(s0)
     3b2:	405c                	lw	a5,4(s0)
     3b4:	c05c                	sw	a5,4(s0)
     3b6:	405c                	lw	a5,4(s0)
     3b8:	c05c                	sw	a5,4(s0)
     3ba:	405c                	lw	a5,4(s0)
     3bc:	8fd9                	or	a5,a5,a4
     3be:	c05c                	sw	a5,4(s0)
     3c0:	401c                	lw	a5,0(s0)
     3c2:	29879793          	bseti	a5,a5,0x18
     3c6:	c01c                	sw	a5,0(s0)
     3c8:	400217b7          	lui	a5,0x40021
     3cc:	4398                	lw	a4,0(a5)
     3ce:	00671693          	slli	a3,a4,0x6
     3d2:	fe06dde3          	bgez	a3,3cc <SystemInit+0xbe>
     3d6:	57d8                	lw	a4,44(a5)
     3d8:	6639                	lui	a2,0xe
     3da:	66b1                	lui	a3,0xc
     3dc:	28e71713          	bseti	a4,a4,0xe
     3e0:	28f71713          	bseti	a4,a4,0xf
     3e4:	d7d8                	sw	a4,44(a5)
     3e6:	40021737          	lui	a4,0x40021
     3ea:	575c                	lw	a5,44(a4)
     3ec:	8ff1                	and	a5,a5,a2
     3ee:	fed79ee3          	bne	a5,a3,3ea <SystemInit+0xdc>
     3f2:	45670637          	lui	a2,0x45670
     3f6:	400227b7          	lui	a5,0x40022
     3fa:	12360613          	addi	a2,a2,291 # 45670123 <_eusrstack+0x2564e123>
     3fe:	cdef96b7          	lui	a3,0xcdef9
     402:	c3d0                	sw	a2,4(a5)
     404:	9ab68693          	addi	a3,a3,-1621 # cdef89ab <_eusrstack+0xaded69ab>
     408:	c3d4                	sw	a3,4(a5)
     40a:	d3d0                	sw	a2,36(a5)
     40c:	d3d4                	sw	a3,36(a5)
     40e:	4b94                	lw	a3,16(a5)
     410:	c436                	sw	a3,8(sp)
     412:	46a2                	lw	a3,8(sp)
     414:	49969693          	bclri	a3,a3,0x19
     418:	49a69693          	bclri	a3,a3,0x1a
     41c:	c436                	sw	a3,8(sp)
     41e:	46a2                	lw	a3,8(sp)
     420:	29a69693          	bseti	a3,a3,0x1a
     424:	c436                	sw	a3,8(sp)
     426:	46a2                	lw	a3,8(sp)
     428:	cb94                	sw	a3,16(a5)
     42a:	4b94                	lw	a3,16(a5)
     42c:	0806e693          	ori	a3,a3,128
     430:	28f69693          	bseti	a3,a3,0xf
     434:	cb94                	sw	a3,16(a5)
     436:	575c                	lw	a5,44(a4)
     438:	400216b7          	lui	a3,0x40021
     43c:	28c79793          	bseti	a5,a5,0xc
     440:	d75c                	sw	a5,44(a4)
     442:	435c                	lw	a5,4(a4)
     444:	9bf1                	andi	a5,a5,-4
     446:	c35c                	sw	a5,4(a4)
     448:	435c                	lw	a5,4(a4)
     44a:	0027e793          	ori	a5,a5,2
     44e:	c35c                	sw	a5,4(a4)
     450:	4721                	li	a4,8
     452:	42dc                	lw	a5,4(a3)
     454:	8bb1                	andi	a5,a5,12
     456:	fee79ee3          	bne	a5,a4,452 <SystemInit+0x144>
     45a:	0141                	addi	sp,sp,16
     45c:	b345                	j	1fc <__riscv_restore_0>

0000045e <SystemCoreClockUpdate>:
     45e:	400215b7          	lui	a1,0x40021
     462:	41d4                	lw	a3,4(a1)
     464:	55d0                	lw	a2,44(a1)
     466:	017d87b7          	lui	a5,0x17d8
     46a:	8ab1                	andi	a3,a3,12
     46c:	4511                	li	a0,4
     46e:	20000737          	lui	a4,0x20000
     472:	84078793          	addi	a5,a5,-1984 # 17d7840 <_data_lma+0x17cd7d8>
     476:	06a68b63          	beq	a3,a0,4ec <SystemCoreClockUpdate+0x8e>
     47a:	013137b7          	lui	a5,0x1313
     47e:	4521                	li	a0,8
     480:	d0078793          	addi	a5,a5,-768 # 1312d00 <_data_lma+0x1308c98>
     484:	06a69463          	bne	a3,a0,4ec <SystemCoreClockUpdate+0x8e>
     488:	0045a883          	lw	a7,4(a1) # 40021004 <_eusrstack+0x1ffff004>
     48c:	55d4                	lw	a3,44(a1)
     48e:	41c8                	lw	a0,4(a1)
     490:	67b9                	lui	a5,0xe
     492:	8e7d                	and	a2,a2,a5
     494:	8145                	srli	a0,a0,0x11
     496:	6789                	lui	a5,0x2
     498:	01f57593          	andi	a1,a0,31
     49c:	eb078793          	addi	a5,a5,-336 # 1eb0 <PLLMULTB>
     4a0:	97ae                	add	a5,a5,a1
     4a2:	239c                	lbu	a5,0(a5)
     4a4:	82a1                	srli	a3,a3,0x8
     4a6:	8a9d                	andi	a3,a3,7
     4a8:	ffb58813          	addi	a6,a1,-5
     4ac:	4339                	li	t1,14
     4ae:	0685                	addi	a3,a3,1 # 40021001 <_eusrstack+0x1ffff001>
     4b0:	0ff7f793          	zext.b	a5,a5
     4b4:	4581                	li	a1,0
     4b6:	01036463          	bltu	t1,a6,4be <SystemCoreClockUpdate+0x60>
     4ba:	00157593          	andi	a1,a0,1
     4be:	6511                	lui	a0,0x4
     4c0:	06a60063          	beq	a2,a0,520 <SystemCoreClockUpdate+0xc2>
     4c4:	00c56a63          	bltu	a0,a2,4d8 <SystemCoreClockUpdate+0x7a>
     4c8:	e639                	bnez	a2,516 <SystemCoreClockUpdate+0xb8>
     4ca:	1c9c47b7          	lui	a5,0x1c9c4
     4ce:	80078793          	addi	a5,a5,-2048 # 1c9c3800 <_data_lma+0x1c9b9798>
     4d2:	4cf72a23          	sw	a5,1236(a4) # 200004d4 <SystemClock>
     4d6:	a039                	j	4e4 <SystemCoreClockUpdate+0x86>
     4d8:	6519                	lui	a0,0x6
     4da:	04a60663          	beq	a2,a0,526 <SystemCoreClockUpdate+0xc8>
     4de:	6531                	lui	a0,0xc
     4e0:	04a60863          	beq	a2,a0,530 <SystemCoreClockUpdate+0xd2>
     4e4:	4d472783          	lw	a5,1236(a4)
     4e8:	02d7d7b3          	divu	a5,a5,a3
     4ec:	4cf72a23          	sw	a5,1236(a4)
     4f0:	40021737          	lui	a4,0x40021
     4f4:	4354                	lw	a3,4(a4)
     4f6:	6709                	lui	a4,0x2
     4f8:	ed070713          	addi	a4,a4,-304 # 1ed0 <HBPrescTable>
     4fc:	8291                	srli	a3,a3,0x4
     4fe:	8abd                	andi	a3,a3,15
     500:	9736                	add	a4,a4,a3
     502:	2318                	lbu	a4,0(a4)
     504:	00e7d7b3          	srl	a5,a5,a4
     508:	20000737          	lui	a4,0x20000
     50c:	4cf72823          	sw	a5,1232(a4) # 200004d0 <SystemCoreClock>
     510:	82f1a023          	sw	a5,-2016(gp) # 200004f0 <HCLKClock>
     514:	8082                	ret
     516:	1dcd67b7          	lui	a5,0x1dcd6
     51a:	50078793          	addi	a5,a5,1280 # 1dcd6500 <_data_lma+0x1dccc498>
     51e:	bf55                	j	4d2 <SystemCoreClockUpdate+0x74>
     520:	1312d7b7          	lui	a5,0x1312d
     524:	b77d                	j	4d2 <SystemCoreClockUpdate+0x74>
     526:	13d937b7          	lui	a5,0x13d93
     52a:	d4078793          	addi	a5,a5,-704 # 13d92d40 <_data_lma+0x13d88cd8>
     52e:	b755                	j	4d2 <SystemCoreClockUpdate+0x74>
     530:	00f89613          	slli	a2,a7,0xf
     534:	00064c63          	bltz	a2,54c <SystemCoreClockUpdate+0xee>
     538:	01313637          	lui	a2,0x1313
     53c:	d0060613          	addi	a2,a2,-768 # 1312d00 <_data_lma+0x1308c98>
     540:	02c787b3          	mul	a5,a5,a2
     544:	0585                	addi	a1,a1,1
     546:	02b7d7b3          	divu	a5,a5,a1
     54a:	b761                	j	4d2 <SystemCoreClockUpdate+0x74>
     54c:	017d8637          	lui	a2,0x17d8
     550:	84060613          	addi	a2,a2,-1984 # 17d7840 <_data_lma+0x17cd7d8>
     554:	b7f5                	j	540 <SystemCoreClockUpdate+0xe2>

00000556 <ADC1_2_IRQHandler>:
     556:	a001                	j	556 <ADC1_2_IRQHandler>

00000558 <handle_reset>:
     558:	20000197          	auipc	gp,0x20000
     55c:	77818193          	addi	gp,gp,1912 # 20000cd0 <__global_pointer$>
     560:	20022117          	auipc	sp,0x20022
     564:	aa010113          	addi	sp,sp,-1376 # 20022000 <_eusrstack>
     568:	0000a517          	auipc	a0,0xa
     56c:	b0050513          	addi	a0,a0,-1280 # a068 <_data_lma>
     570:	20000597          	auipc	a1,0x20000
     574:	e9058593          	addi	a1,a1,-368 # 20000400 <_impure_data>
     578:	20000617          	auipc	a2,0x20000
     57c:	f7460613          	addi	a2,a2,-140 # 200004ec <bankOffsets0>
     580:	00c5fa63          	bgeu	a1,a2,594 <handle_reset+0x3c>
     584:	00052283          	lw	t0,0(a0)
     588:	0055a023          	sw	t0,0(a1)
     58c:	0511                	addi	a0,a0,4
     58e:	0591                	addi	a1,a1,4
     590:	fec5eae3          	bltu	a1,a2,584 <handle_reset+0x2c>
     594:	81c18513          	addi	a0,gp,-2020 # 200004ec <bankOffsets0>
     598:	20000597          	auipc	a1,0x20000
     59c:	0a858593          	addi	a1,a1,168 # 20000640 <_ebss>
     5a0:	00b57763          	bgeu	a0,a1,5ae <handle_reset+0x56>
     5a4:	00052023          	sw	zero,0(a0)
     5a8:	0511                	addi	a0,a0,4
     5aa:	feb56de3          	bltu	a0,a1,5a4 <handle_reset+0x4c>
     5ae:	10000293          	li	t0,256
     5b2:	8052b073          	csrc	0x805,t0
     5b6:	02100293          	li	t0,33
     5ba:	bc029073          	csrw	0xbc0,t0
     5be:	4285                	li	t0,1
     5c0:	bc129073          	csrw	0xbc1,t0
     5c4:	429d                	li	t0,7
     5c6:	80429073          	csrw	0x804,t0
     5ca:	68800293          	li	t0,1672
     5ce:	30029073          	csrw	mstatus,t0
     5d2:	00000297          	auipc	t0,0x0
     5d6:	a2e28293          	addi	t0,t0,-1490 # 0 <_sinit>
     5da:	0032e293          	ori	t0,t0,3
     5de:	30529073          	csrw	mtvec,t0
     5e2:	d2dff0ef          	jal	30e <SystemInit>
     5e6:	00000297          	auipc	t0,0x0
     5ea:	ce628293          	addi	t0,t0,-794 # 2cc <main>
     5ee:	34129073          	csrw	mepc,t0
     5f2:	30200073          	mret

000005f6 <DBGMCU_GetCHIPID>:
     5f6:	1ffff7b7          	lui	a5,0x1ffff
     5fa:	7047a503          	lw	a0,1796(a5) # 1ffff704 <_data_lma+0x1fff569c>
     5fe:	8082                	ret

00000600 <EXTI_Init>:
     600:	4158                	lw	a4,4(a0)
     602:	4550                	lw	a2,12(a0)
     604:	400107b7          	lui	a5,0x40010
     608:	40078793          	addi	a5,a5,1024 # 40010400 <_eusrstack+0x1ffee400>
     60c:	4114                	lw	a3,0(a0)
     60e:	973e                	add	a4,a4,a5
     610:	c629                	beqz	a2,65a <EXTI_Init+0x5a>
     612:	4390                	lw	a2,0(a5)
     614:	40d67633          	andn	a2,a2,a3
     618:	c390                	sw	a2,0(a5)
     61a:	43d0                	lw	a2,4(a5)
     61c:	40d67633          	andn	a2,a2,a3
     620:	c3d0                	sw	a2,4(a5)
     622:	4310                	lw	a2,0(a4)
     624:	8ed1                	or	a3,a3,a2
     626:	c314                	sw	a3,0(a4)
     628:	4794                	lw	a3,8(a5)
     62a:	4118                	lw	a4,0(a0)
     62c:	4641                	li	a2,16
     62e:	40e6f6b3          	andn	a3,a3,a4
     632:	c794                	sw	a3,8(a5)
     634:	47d4                	lw	a3,12(a5)
     636:	40e6f6b3          	andn	a3,a3,a4
     63a:	c7d4                	sw	a3,12(a5)
     63c:	4514                	lw	a3,8(a0)
     63e:	00c69963          	bne	a3,a2,650 <EXTI_Init+0x50>
     642:	4794                	lw	a3,8(a5)
     644:	8ed9                	or	a3,a3,a4
     646:	c794                	sw	a3,8(a5)
     648:	47d4                	lw	a3,12(a5)
     64a:	8f55                	or	a4,a4,a3
     64c:	c7d8                	sw	a4,12(a5)
     64e:	8082                	ret
     650:	97b6                	add	a5,a5,a3
     652:	4394                	lw	a3,0(a5)
     654:	8f55                	or	a4,a4,a3
     656:	c398                	sw	a4,0(a5)
     658:	8082                	ret
     65a:	431c                	lw	a5,0(a4)
     65c:	40d7f6b3          	andn	a3,a5,a3
     660:	c314                	sw	a3,0(a4)
     662:	8082                	ret

00000664 <GPIO_Init>:
     664:	459c                	lw	a5,8(a1)
     666:	0107f713          	andi	a4,a5,16
     66a:	00f7f813          	andi	a6,a5,15
     66e:	c701                	beqz	a4,676 <GPIO_Init+0x12>
     670:	41d8                	lw	a4,4(a1)
     672:	00e86833          	or	a6,a6,a4
     676:	2192                	lhu	a2,0(a1)
     678:	0ff67713          	zext.b	a4,a2
     67c:	cf1d                	beqz	a4,6ba <GPIO_Init+0x56>
     67e:	4114                	lw	a3,0(a0)
     680:	4701                	li	a4,0
     682:	4e3d                	li	t3,15
     684:	02800e93          	li	t4,40
     688:	04800f13          	li	t5,72
     68c:	4321                	li	t1,8
     68e:	48e655b3          	bext	a1,a2,a4
     692:	28e018b3          	bset	a7,zero,a4
     696:	cd91                	beqz	a1,6b2 <GPIO_Init+0x4e>
     698:	00271593          	slli	a1,a4,0x2
     69c:	00be1fb3          	sll	t6,t3,a1
     6a0:	41f6f6b3          	andn	a3,a3,t6
     6a4:	00b815b3          	sll	a1,a6,a1
     6a8:	8ecd                	or	a3,a3,a1
     6aa:	05d79e63          	bne	a5,t4,706 <GPIO_Init+0xa2>
     6ae:	01152a23          	sw	a7,20(a0)
     6b2:	0705                	addi	a4,a4,1
     6b4:	fc671de3          	bne	a4,t1,68e <GPIO_Init+0x2a>
     6b8:	c114                	sw	a3,0(a0)
     6ba:	0ff00713          	li	a4,255
     6be:	04c77363          	bgeu	a4,a2,704 <GPIO_Init+0xa0>
     6c2:	4158                	lw	a4,4(a0)
     6c4:	4681                	li	a3,0
     6c6:	4e3d                	li	t3,15
     6c8:	02800e93          	li	t4,40
     6cc:	04800f13          	li	t5,72
     6d0:	4321                	li	t1,8
     6d2:	00868593          	addi	a1,a3,8
     6d6:	48b65fb3          	bext	t6,a2,a1
     6da:	28b018b3          	bset	a7,zero,a1
     6de:	000f8f63          	beqz	t6,6fc <GPIO_Init+0x98>
     6e2:	00269593          	slli	a1,a3,0x2
     6e6:	00be1fb3          	sll	t6,t3,a1
     6ea:	41f77733          	andn	a4,a4,t6
     6ee:	00b815b3          	sll	a1,a6,a1
     6f2:	8f4d                	or	a4,a4,a1
     6f4:	01d79e63          	bne	a5,t4,710 <GPIO_Init+0xac>
     6f8:	01152a23          	sw	a7,20(a0)
     6fc:	0685                	addi	a3,a3,1
     6fe:	fc669ae3          	bne	a3,t1,6d2 <GPIO_Init+0x6e>
     702:	c158                	sw	a4,4(a0)
     704:	8082                	ret
     706:	fbe796e3          	bne	a5,t5,6b2 <GPIO_Init+0x4e>
     70a:	01152823          	sw	a7,16(a0)
     70e:	b755                	j	6b2 <GPIO_Init+0x4e>
     710:	ffe796e3          	bne	a5,t5,6fc <GPIO_Init+0x98>
     714:	01152823          	sw	a7,16(a0)
     718:	b7d5                	j	6fc <GPIO_Init+0x98>

0000071a <GPIO_EXTILineConfig>:
     71a:	0035f713          	andi	a4,a1,3
     71e:	400107b7          	lui	a5,0x40010
     722:	0fc5f593          	andi	a1,a1,252
     726:	95be                	add	a1,a1,a5
     728:	4594                	lw	a3,8(a1)
     72a:	070a                	slli	a4,a4,0x2
     72c:	47bd                	li	a5,15
     72e:	00e797b3          	sll	a5,a5,a4
     732:	40f6f7b3          	andn	a5,a3,a5
     736:	c59c                	sw	a5,8(a1)
     738:	459c                	lw	a5,8(a1)
     73a:	00e51533          	sll	a0,a0,a4
     73e:	8d5d                	or	a0,a0,a5
     740:	c588                	sw	a0,8(a1)
     742:	8082                	ret

00000744 <GPIO_IPD_Unused>:
     744:	a91ff2ef          	jal	t0,1d4 <__riscv_save_0>
     748:	1141                	addi	sp,sp,-16
     74a:	4585                	li	a1,1
     74c:	07c00513          	li	a0,124
     750:	c202                	sw	zero,4(sp)
     752:	c402                	sw	zero,8(sp)
     754:	c602                	sw	zero,12(sp)
     756:	2ca1                	jal	9ae <RCC_PB2PeriphClockCmd>
     758:	1ffff7b7          	lui	a5,0x1ffff
     75c:	7047a783          	lw	a5,1796(a5) # 1ffff704 <_data_lma+0x1fff569c>
     760:	46730737          	lui	a4,0x46730
     764:	f0f7f793          	andi	a5,a5,-241
     768:	0ee78763          	beq	a5,a4,856 <__stack_size+0x56>
     76c:	00f76e63          	bltu	a4,a5,788 <GPIO_IPD_Unused+0x44>
     770:	46710737          	lui	a4,0x46710
     774:	0705                	addi	a4,a4,1 # 46710001 <_eusrstack+0x266ee001>
     776:	08e78e63          	beq	a5,a4,812 <__stack_size+0x12>
     77a:	46720737          	lui	a4,0x46720
     77e:	0709                	addi	a4,a4,2 # 46720002 <_eusrstack+0x266fe002>
     780:	04e78363          	beq	a5,a4,7c6 <GPIO_IPD_Unused+0x82>
     784:	0141                	addi	sp,sp,16
     786:	bc9d                	j	1fc <__riscv_restore_0>
     788:	46740737          	lui	a4,0x46740
     78c:	0705                	addi	a4,a4,1 # 46740001 <_eusrstack+0x2671e001>
     78e:	0ae78863          	beq	a5,a4,83e <__stack_size+0x3e>
     792:	46750737          	lui	a4,0x46750
     796:	0709                	addi	a4,a4,2 # 46750002 <_eusrstack+0x2672e002>
     798:	fee796e3          	bne	a5,a4,784 <GPIO_IPD_Unused+0x40>
     79c:	4791                	li	a5,4
     79e:	40011537          	lui	a0,0x40011
     7a2:	827c                	sh	a5,4(sp)
     7a4:	004c                	addi	a1,sp,4
     7a6:	02800793          	li	a5,40
     7aa:	c0050513          	addi	a0,a0,-1024 # 40010c00 <_eusrstack+0x1ffeec00>
     7ae:	c63e                	sw	a5,12(sp)
     7b0:	3d55                	jal	664 <GPIO_Init>
     7b2:	3c000793          	li	a5,960
     7b6:	004c                	addi	a1,sp,4
     7b8:	40011537          	lui	a0,0x40011
     7bc:	827c                	sh	a5,4(sp)
     7be:	355d                	jal	664 <GPIO_Init>
     7c0:	6791                	lui	a5,0x4
     7c2:	17ed                	addi	a5,a5,-5 # 3ffb <hello_rom+0x1f93>
     7c4:	a035                	j	7f0 <GPIO_IPD_Unused+0xac>
     7c6:	4791                	li	a5,4
     7c8:	40011537          	lui	a0,0x40011
     7cc:	827c                	sh	a5,4(sp)
     7ce:	004c                	addi	a1,sp,4
     7d0:	02800793          	li	a5,40
     7d4:	c0050513          	addi	a0,a0,-1024 # 40010c00 <_eusrstack+0x1ffeec00>
     7d8:	c63e                	sw	a5,12(sp)
     7da:	3569                	jal	664 <GPIO_Init>
     7dc:	3c000793          	li	a5,960
     7e0:	004c                	addi	a1,sp,4
     7e2:	40011537          	lui	a0,0x40011
     7e6:	827c                	sh	a5,4(sp)
     7e8:	3db5                	jal	664 <GPIO_Init>
     7ea:	6791                	lui	a5,0x4
     7ec:	efb78793          	addi	a5,a5,-261 # 3efb <hello_rom+0x1e93>
     7f0:	40011537          	lui	a0,0x40011
     7f4:	004c                	addi	a1,sp,4
     7f6:	40050513          	addi	a0,a0,1024 # 40011400 <_eusrstack+0x1ffef400>
     7fa:	827c                	sh	a5,4(sp)
     7fc:	35a5                	jal	664 <GPIO_Init>
     7fe:	6789                	lui	a5,0x2
     800:	17fd                	addi	a5,a5,-1 # 1fff <__clz_tab+0xef>
     802:	827c                	sh	a5,4(sp)
     804:	40012537          	lui	a0,0x40012
     808:	004c                	addi	a1,sp,4
     80a:	80050513          	addi	a0,a0,-2048 # 40011800 <_eusrstack+0x1ffef800>
     80e:	3d99                	jal	664 <GPIO_Init>
     810:	bf95                	j	784 <GPIO_IPD_Unused+0x40>
     812:	3c000793          	li	a5,960
     816:	827c                	sh	a5,4(sp)
     818:	004c                	addi	a1,sp,4
     81a:	02800793          	li	a5,40
     81e:	40011537          	lui	a0,0x40011
     822:	c63e                	sw	a5,12(sp)
     824:	3581                	jal	664 <GPIO_Init>
     826:	efb00793          	li	a5,-261
     82a:	40011537          	lui	a0,0x40011
     82e:	004c                	addi	a1,sp,4
     830:	40050513          	addi	a0,a0,1024 # 40011400 <_eusrstack+0x1ffef400>
     834:	827c                	sh	a5,4(sp)
     836:	353d                	jal	664 <GPIO_Init>
     838:	0fc00793          	li	a5,252
     83c:	b7d9                	j	802 <__stack_size+0x2>
     83e:	3c000793          	li	a5,960
     842:	827c                	sh	a5,4(sp)
     844:	004c                	addi	a1,sp,4
     846:	02800793          	li	a5,40
     84a:	40011537          	lui	a0,0x40011
     84e:	c63e                	sw	a5,12(sp)
     850:	3d11                	jal	664 <GPIO_Init>
     852:	57ed                	li	a5,-5
     854:	bfd9                	j	82a <__stack_size+0x2a>
     856:	08000793          	li	a5,128
     85a:	827c                	sh	a5,4(sp)
     85c:	02800793          	li	a5,40
     860:	c63e                	sw	a5,12(sp)
     862:	b74d                	j	804 <__stack_size+0x4>

00000864 <RCC_GetClocksFreq>:
     864:	400216b7          	lui	a3,0x40021
     868:	42d0                	lw	a2,4(a3)
     86a:	56d8                	lw	a4,44(a3)
     86c:	017d87b7          	lui	a5,0x17d8
     870:	8a31                	andi	a2,a2,12
     872:	4591                	li	a1,4
     874:	84078793          	addi	a5,a5,-1984 # 17d7840 <_data_lma+0x17cd7d8>
     878:	06b60a63          	beq	a2,a1,8ec <RCC_GetClocksFreq+0x88>
     87c:	013137b7          	lui	a5,0x1313
     880:	45a1                	li	a1,8
     882:	d0078793          	addi	a5,a5,-768 # 1312d00 <_data_lma+0x1308c98>
     886:	06b61363          	bne	a2,a1,8ec <RCC_GetClocksFreq+0x88>
     88a:	67b9                	lui	a5,0xe
     88c:	0046a883          	lw	a7,4(a3) # 40021004 <_eusrstack+0x1ffff004>
     890:	8f7d                	and	a4,a4,a5
     892:	56dc                	lw	a5,44(a3)
     894:	42d0                	lw	a2,4(a3)
     896:	4339                	li	t1,14
     898:	83a1                	srli	a5,a5,0x8
     89a:	8b9d                	andi	a5,a5,7
     89c:	00178813          	addi	a6,a5,1 # e001 <_data_lma+0x3f99>
     8a0:	8245                	srli	a2,a2,0x11
     8a2:	6789                	lui	a5,0x2
     8a4:	01f67693          	andi	a3,a2,31
     8a8:	ee078793          	addi	a5,a5,-288 # 1ee0 <PLLMULTB>
     8ac:	97b6                	add	a5,a5,a3
     8ae:	239c                	lbu	a5,0(a5)
     8b0:	ffb68593          	addi	a1,a3,-5
     8b4:	4681                	li	a3,0
     8b6:	0ff7f793          	zext.b	a5,a5
     8ba:	00b36463          	bltu	t1,a1,8c2 <RCC_GetClocksFreq+0x5e>
     8be:	00167693          	andi	a3,a2,1
     8c2:	6611                	lui	a2,0x4
     8c4:	0ac70a63          	beq	a4,a2,978 <RCC_GetClocksFreq+0x114>
     8c8:	00e66963          	bltu	a2,a4,8da <RCC_GetClocksFreq+0x76>
     8cc:	e34d                	bnez	a4,96e <RCC_GetClocksFreq+0x10a>
     8ce:	1c9c47b7          	lui	a5,0x1c9c4
     8d2:	80078793          	addi	a5,a5,-2048 # 1c9c3800 <_data_lma+0x1c9b9798>
     8d6:	c11c                	sw	a5,0(a0)
     8d8:	a039                	j	8e6 <RCC_GetClocksFreq+0x82>
     8da:	6619                	lui	a2,0x6
     8dc:	0ac70163          	beq	a4,a2,97e <RCC_GetClocksFreq+0x11a>
     8e0:	6631                	lui	a2,0xc
     8e2:	0ac70363          	beq	a4,a2,988 <RCC_GetClocksFreq+0x124>
     8e6:	411c                	lw	a5,0(a0)
     8e8:	0307d7b3          	divu	a5,a5,a6
     8ec:	c11c                	sw	a5,0(a0)
     8ee:	40021637          	lui	a2,0x40021
     8f2:	4254                	lw	a3,4(a2)
     8f4:	6709                	lui	a4,0x2
     8f6:	f0070713          	addi	a4,a4,-256 # 1f00 <HBPrescTable>
     8fa:	8291                	srli	a3,a3,0x4
     8fc:	8abd                	andi	a3,a3,15
     8fe:	9736                	add	a4,a4,a3
     900:	2318                	lbu	a4,0(a4)
     902:	00e7d7b3          	srl	a5,a5,a4
     906:	c15c                	sw	a5,4(a0)
     908:	4254                	lw	a3,4(a2)
     90a:	81418713          	addi	a4,gp,-2028 # 200004e4 <PBPrescTable>
     90e:	82a1                	srli	a3,a3,0x8
     910:	8a9d                	andi	a3,a3,7
     912:	96ba                	add	a3,a3,a4
     914:	2294                	lbu	a3,0(a3)
     916:	00d7d6b3          	srl	a3,a5,a3
     91a:	c514                	sw	a3,8(a0)
     91c:	4254                	lw	a3,4(a2)
     91e:	82ad                	srli	a3,a3,0xb
     920:	8a9d                	andi	a3,a3,7
     922:	96ba                	add	a3,a3,a4
     924:	2294                	lbu	a3,0(a3)
     926:	00d7d6b3          	srl	a3,a5,a3
     92a:	c554                	sw	a3,12(a0)
     92c:	4254                	lw	a3,4(a2)
     92e:	00369593          	slli	a1,a3,0x3
     932:	0005da63          	bgez	a1,946 <RCC_GetClocksFreq+0xe2>
     936:	5a14                	lw	a3,48(a2)
     938:	1c9c47b7          	lui	a5,0x1c9c4
     93c:	80078793          	addi	a5,a5,-2048 # 1c9c3800 <_data_lma+0x1c9b9798>
     940:	0685                	addi	a3,a3,1
     942:	02d7d7b3          	divu	a5,a5,a3
     946:	40021637          	lui	a2,0x40021
     94a:	4254                	lw	a3,4(a2)
     94c:	82ad                	srli	a3,a3,0xb
     94e:	8a9d                	andi	a3,a3,7
     950:	9736                	add	a4,a4,a3
     952:	230c                	lbu	a1,0(a4)
     954:	4258                	lw	a4,4(a2)
     956:	81018693          	addi	a3,gp,-2032 # 200004e0 <ADCPrescTable>
     95a:	8339                	srli	a4,a4,0xe
     95c:	8b0d                	andi	a4,a4,3
     95e:	9736                	add	a4,a4,a3
     960:	2318                	lbu	a4,0(a4)
     962:	00b7d7b3          	srl	a5,a5,a1
     966:	02e7d7b3          	divu	a5,a5,a4
     96a:	c91c                	sw	a5,16(a0)
     96c:	8082                	ret
     96e:	1dcd67b7          	lui	a5,0x1dcd6
     972:	50078793          	addi	a5,a5,1280 # 1dcd6500 <_data_lma+0x1dccc498>
     976:	b785                	j	8d6 <RCC_GetClocksFreq+0x72>
     978:	1312d7b7          	lui	a5,0x1312d
     97c:	bfa9                	j	8d6 <RCC_GetClocksFreq+0x72>
     97e:	13d937b7          	lui	a5,0x13d93
     982:	d4078793          	addi	a5,a5,-704 # 13d92d40 <_data_lma+0x13d88cd8>
     986:	bf81                	j	8d6 <RCC_GetClocksFreq+0x72>
     988:	00f89713          	slli	a4,a7,0xf
     98c:	00074c63          	bltz	a4,9a4 <RCC_GetClocksFreq+0x140>
     990:	01313737          	lui	a4,0x1313
     994:	d0070713          	addi	a4,a4,-768 # 1312d00 <_data_lma+0x1308c98>
     998:	02e787b3          	mul	a5,a5,a4
     99c:	0685                	addi	a3,a3,1
     99e:	02d7d7b3          	divu	a5,a5,a3
     9a2:	bf15                	j	8d6 <RCC_GetClocksFreq+0x72>
     9a4:	017d8737          	lui	a4,0x17d8
     9a8:	84070713          	addi	a4,a4,-1984 # 17d7840 <_data_lma+0x17cd7d8>
     9ac:	b7f5                	j	998 <RCC_GetClocksFreq+0x134>

000009ae <RCC_PB2PeriphClockCmd>:
     9ae:	400217b7          	lui	a5,0x40021
     9b2:	4f98                	lw	a4,24(a5)
     9b4:	c581                	beqz	a1,9bc <RCC_PB2PeriphClockCmd+0xe>
     9b6:	8f49                	or	a4,a4,a0
     9b8:	cf98                	sw	a4,24(a5)
     9ba:	8082                	ret
     9bc:	40a77533          	andn	a0,a4,a0
     9c0:	cf88                	sw	a0,24(a5)
     9c2:	8082                	ret

000009c4 <USART_Init>:
     9c4:	811ff2ef          	jal	t0,1d4 <__riscv_save_0>
     9c8:	259e                	lhu	a5,8(a1)
     9ca:	673d                	lui	a4,0xf
     9cc:	1101                	addi	sp,sp,-32
     9ce:	8007f693          	andi	a3,a5,-2048
     9d2:	48b69693          	bclri	a3,a3,0xb
     9d6:	842a                	mv	s0,a0
     9d8:	84ae                	mv	s1,a1
     9da:	00e69a63          	bne	a3,a4,9ee <USART_Init+0x2a>
     9de:	2d5a                	lhu	a4,28(a0)
     9e0:	8bb1                	andi	a5,a5,12
     9e2:	9b4d                	andi	a4,a4,-13
     9e4:	8fd9                	or	a5,a5,a4
     9e6:	ad5e                	sh	a5,28(a0)
     9e8:	00059423          	sh	zero,8(a1)
     9ec:	4781                	li	a5,0
     9ee:	2816                	lhu	a3,16(s0)
     9f0:	20fa                	lhu	a4,6(s1)
     9f2:	0068                	addi	a0,sp,12
     9f4:	48c69693          	bclri	a3,a3,0xc
     9f8:	48d69693          	bclri	a3,a3,0xd
     9fc:	8f55                	or	a4,a4,a3
     9fe:	a81a                	sh	a4,16(s0)
     a00:	2456                	lhu	a3,12(s0)
     a02:	670d                	lui	a4,0x3
     a04:	9f370713          	addi	a4,a4,-1549 # 29f3 <hello_rom+0x98b>
     a08:	8ef9                	and	a3,a3,a4
     a0a:	20da                	lhu	a4,4(s1)
     a0c:	8f55                	or	a4,a4,a3
     a0e:	24b6                	lhu	a3,10(s1)
     a10:	8f55                	or	a4,a4,a3
     a12:	8fd9                	or	a5,a5,a4
     a14:	a45e                	sh	a5,12(s0)
     a16:	285a                	lhu	a4,20(s0)
     a18:	24de                	lhu	a5,12(s1)
     a1a:	cff77713          	andi	a4,a4,-769
     a1e:	8fd9                	or	a5,a5,a4
     a20:	a85e                	sh	a5,20(s0)
     a22:	3589                	jal	864 <RCC_GetClocksFreq>
     a24:	400147b7          	lui	a5,0x40014
     a28:	80078793          	addi	a5,a5,-2048 # 40013800 <_eusrstack+0x1fff1800>
     a2c:	02f41f63          	bne	s0,a5,a6a <USART_Init+0xa6>
     a30:	47e2                	lw	a5,24(sp)
     a32:	4565                	li	a0,25
     a34:	02a7b5b3          	mulhu	a1,a5,a0
     a38:	4090                	lw	a2,0(s1)
     a3a:	4681                	li	a3,0
     a3c:	060a                	slli	a2,a2,0x2
     a3e:	02a78533          	mul	a0,a5,a0
     a42:	2a81                	jal	b92 <__udivdi3>
     a44:	06400713          	li	a4,100
     a48:	02e557b3          	divu	a5,a0,a4
     a4c:	63f00693          	li	a3,1599
     a50:	02e57533          	remu	a0,a0,a4
     a54:	0792                	slli	a5,a5,0x4
     a56:	0512                	slli	a0,a0,0x4
     a58:	03250513          	addi	a0,a0,50 # 40011032 <_eusrstack+0x1ffef032>
     a5c:	00a6f963          	bgeu	a3,a0,a6e <USART_Init+0xaa>
     a60:	07c1                	addi	a5,a5,16
     a62:	a41e                	sh	a5,8(s0)
     a64:	6105                	addi	sp,sp,32
     a66:	f96ff06f          	j	1fc <__riscv_restore_0>
     a6a:	47d2                	lw	a5,20(sp)
     a6c:	b7d9                	j	a32 <USART_Init+0x6e>
     a6e:	02e55533          	divu	a0,a0,a4
     a72:	8fc9                	or	a5,a5,a0
     a74:	b7fd                	j	a62 <USART_Init+0x9e>

00000a76 <USART_Cmd>:
     a76:	255e                	lhu	a5,12(a0)
     a78:	c589                	beqz	a1,a82 <USART_Cmd+0xc>
     a7a:	28d79793          	bseti	a5,a5,0xd
     a7e:	a55e                	sh	a5,12(a0)
     a80:	8082                	ret
     a82:	6739                	lui	a4,0xe
     a84:	177d                	addi	a4,a4,-1 # dfff <_data_lma+0x3f97>
     a86:	8ff9                	and	a5,a5,a4
     a88:	bfdd                	j	a7e <USART_Cmd+0x8>

00000a8a <USART_SendData>:
     a8a:	1ff5f593          	andi	a1,a1,511
     a8e:	a14e                	sh	a1,4(a0)
     a90:	8082                	ret

00000a92 <USART_GetFlagStatus>:
     a92:	210a                	lhu	a0,0(a0)
     a94:	8d6d                	and	a0,a0,a1
     a96:	00a03533          	snez	a0,a0
     a9a:	8082                	ret

00000a9c <Delay_Init>:
     a9c:	200007b7          	lui	a5,0x20000
     aa0:	4d07a783          	lw	a5,1232(a5) # 200004d0 <SystemCoreClock>
     aa4:	007a1737          	lui	a4,0x7a1
     aa8:	20070713          	addi	a4,a4,512 # 7a1200 <_data_lma+0x797198>
     aac:	02e7d7b3          	divu	a5,a5,a4
     ab0:	0ff7f793          	zext.b	a5,a5
     ab4:	82f18323          	sb	a5,-2010(gp) # 200004f6 <p_us>
     ab8:	3e800713          	li	a4,1000
     abc:	02e787b3          	mul	a5,a5,a4
     ac0:	82f19223          	sh	a5,-2012(gp) # 200004f4 <p_ms>
     ac4:	8082                	ret

00000ac6 <USART_Printf_Init>:
     ac6:	f0eff2ef          	jal	t0,1d4 <__riscv_save_0>
     aca:	842a                	mv	s0,a0
     acc:	6511                	lui	a0,0x4
     ace:	1101                	addi	sp,sp,-32
     ad0:	4585                	li	a1,1
     ad2:	0511                	addi	a0,a0,4 # 4004 <hello_rom+0x1f9c>
     ad4:	c202                	sw	zero,4(sp)
     ad6:	c402                	sw	zero,8(sp)
     ad8:	c602                	sw	zero,12(sp)
     ada:	c802                	sw	zero,16(sp)
     adc:	ca02                	sw	zero,20(sp)
     ade:	cc02                	sw	zero,24(sp)
     ae0:	ce02                	sw	zero,28(sp)
     ae2:	35f1                	jal	9ae <RCC_PB2PeriphClockCmd>
     ae4:	20000793          	li	a5,512
     ae8:	827c                	sh	a5,4(sp)
     aea:	40011537          	lui	a0,0x40011
     aee:	478d                	li	a5,3
     af0:	c43e                	sw	a5,8(sp)
     af2:	004c                	addi	a1,sp,4
     af4:	47e1                	li	a5,24
     af6:	80050513          	addi	a0,a0,-2048 # 40010800 <_eusrstack+0x1ffee800>
     afa:	c63e                	sw	a5,12(sp)
     afc:	36a5                	jal	664 <GPIO_Init>
     afe:	40014537          	lui	a0,0x40014
     b02:	000807b7          	lui	a5,0x80
     b06:	080c                	addi	a1,sp,16
     b08:	80050513          	addi	a0,a0,-2048 # 40013800 <_eusrstack+0x1fff1800>
     b0c:	cc3e                	sw	a5,24(sp)
     b0e:	c822                	sw	s0,16(sp)
     b10:	ca02                	sw	zero,20(sp)
     b12:	00011e23          	sh	zero,28(sp)
     b16:	357d                	jal	9c4 <USART_Init>
     b18:	40014537          	lui	a0,0x40014
     b1c:	4585                	li	a1,1
     b1e:	80050513          	addi	a0,a0,-2048 # 40013800 <_eusrstack+0x1fff1800>
     b22:	3f91                	jal	a76 <USART_Cmd>
     b24:	6105                	addi	sp,sp,32
     b26:	ed6ff06f          	j	1fc <__riscv_restore_0>

00000b2a <_write>:
     b2a:	eaaff2ef          	jal	t0,1d4 <__riscv_save_0>
     b2e:	892e                	mv	s2,a1
     b30:	84b2                	mv	s1,a2
     b32:	4401                	li	s0,0
     b34:	00944563          	blt	s0,s1,b3e <_write+0x14>
     b38:	8526                	mv	a0,s1
     b3a:	ec2ff06f          	j	1fc <__riscv_restore_0>
     b3e:	40014537          	lui	a0,0x40014
     b42:	04000593          	li	a1,64
     b46:	80050513          	addi	a0,a0,-2048 # 40013800 <_eusrstack+0x1fff1800>
     b4a:	37a1                	jal	a92 <USART_GetFlagStatus>
     b4c:	d96d                	beqz	a0,b3e <_write+0x14>
     b4e:	008907b3          	add	a5,s2,s0
     b52:	00078583          	lb	a1,0(a5) # 80000 <_data_lma+0x75f98>
     b56:	40014537          	lui	a0,0x40014
     b5a:	80050513          	addi	a0,a0,-2048 # 40013800 <_eusrstack+0x1fff1800>
     b5e:	0805c5b3          	zext.h	a1,a1
     b62:	3725                	jal	a8a <USART_SendData>
     b64:	0405                	addi	s0,s0,1
     b66:	b7f9                	j	b34 <_write+0xa>

00000b68 <_sbrk>:
     b68:	87aa                	mv	a5,a0
     b6a:	8081a503          	lw	a0,-2040(gp) # 200004d8 <curbrk.0>
     b6e:	20022737          	lui	a4,0x20022
     b72:	80070713          	addi	a4,a4,-2048 # 20021800 <_heap_end>
     b76:	97aa                	add	a5,a5,a0
     b78:	00f76b63          	bltu	a4,a5,b8e <_sbrk+0x26>
     b7c:	20000737          	lui	a4,0x20000
     b80:	64070713          	addi	a4,a4,1600 # 20000640 <_ebss>
     b84:	00e7e563          	bltu	a5,a4,b8e <_sbrk+0x26>
     b88:	80f1a423          	sw	a5,-2040(gp) # 200004d8 <curbrk.0>
     b8c:	8082                	ret
     b8e:	557d                	li	a0,-1
     b90:	8082                	ret

00000b92 <__udivdi3>:
     b92:	8732                	mv	a4,a2
     b94:	88b6                	mv	a7,a3
     b96:	882a                	mv	a6,a0
     b98:	832e                	mv	t1,a1
     b9a:	1a069c63          	bnez	a3,d52 <__udivdi3+0x1c0>
     b9e:	6789                	lui	a5,0x2
     ba0:	f1078793          	addi	a5,a5,-240 # 1f10 <__clz_tab>
     ba4:	0ac5f863          	bgeu	a1,a2,c54 <__udivdi3+0xc2>
     ba8:	66c1                	lui	a3,0x10
     baa:	08d67b63          	bgeu	a2,a3,c40 <__udivdi3+0xae>
     bae:	10063693          	sltiu	a3,a2,256
     bb2:	0016b693          	seqz	a3,a3
     bb6:	068e                	slli	a3,a3,0x3
     bb8:	00d65e33          	srl	t3,a2,a3
     bbc:	97f2                	add	a5,a5,t3
     bbe:	239c                	lbu	a5,0(a5)
     bc0:	97b6                	add	a5,a5,a3
     bc2:	02000693          	li	a3,32
     bc6:	00d78d63          	beq	a5,a3,be0 <__udivdi3+0x4e>
     bca:	8e9d                	sub	a3,a3,a5
     bcc:	00d59333          	sll	t1,a1,a3
     bd0:	00f557b3          	srl	a5,a0,a5
     bd4:	00d61733          	sll	a4,a2,a3
     bd8:	0067e333          	or	t1,a5,t1
     bdc:	00d51833          	sll	a6,a0,a3
     be0:	01075513          	srli	a0,a4,0x10
     be4:	02a357b3          	divu	a5,t1,a0
     be8:	080745b3          	zext.h	a1,a4
     bec:	01085693          	srli	a3,a6,0x10
     bf0:	02a37333          	remu	t1,t1,a0
     bf4:	02f58633          	mul	a2,a1,a5
     bf8:	0342                	slli	t1,t1,0x10
     bfa:	0066e6b3          	or	a3,a3,t1
     bfe:	00c6f863          	bgeu	a3,a2,c0e <__udivdi3+0x7c>
     c02:	96ba                	add	a3,a3,a4
     c04:	00c6f463          	bgeu	a3,a2,c0c <__udivdi3+0x7a>
     c08:	04e6f363          	bgeu	a3,a4,c4e <__udivdi3+0xbc>
     c0c:	17fd                	addi	a5,a5,-1
     c0e:	8e91                	sub	a3,a3,a2
     c10:	02a6d633          	divu	a2,a3,a0
     c14:	08084833          	zext.h	a6,a6
     c18:	02a6f6b3          	remu	a3,a3,a0
     c1c:	02c585b3          	mul	a1,a1,a2
     c20:	06c2                	slli	a3,a3,0x10
     c22:	00d86833          	or	a6,a6,a3
     c26:	00b87863          	bgeu	a6,a1,c36 <__udivdi3+0xa4>
     c2a:	983a                	add	a6,a6,a4
     c2c:	00b87463          	bgeu	a6,a1,c34 <__udivdi3+0xa2>
     c30:	10e87f63          	bgeu	a6,a4,d4e <__udivdi3+0x1bc>
     c34:	167d                	addi	a2,a2,-1 # 40020fff <_eusrstack+0x1fffefff>
     c36:	07c2                	slli	a5,a5,0x10
     c38:	8fd1                	or	a5,a5,a2
     c3a:	853e                	mv	a0,a5
     c3c:	85c6                	mv	a1,a7
     c3e:	8082                	ret
     c40:	01000e37          	lui	t3,0x1000
     c44:	46e1                	li	a3,24
     c46:	f7c679e3          	bgeu	a2,t3,bb8 <__udivdi3+0x26>
     c4a:	46c1                	li	a3,16
     c4c:	b7b5                	j	bb8 <__udivdi3+0x26>
     c4e:	17f9                	addi	a5,a5,-2
     c50:	96ba                	add	a3,a3,a4
     c52:	bf75                	j	c0e <__udivdi3+0x7c>
     c54:	4681                	li	a3,0
     c56:	ca09                	beqz	a2,c68 <__udivdi3+0xd6>
     c58:	66c1                	lui	a3,0x10
     c5a:	04d67c63          	bgeu	a2,a3,cb2 <__udivdi3+0x120>
     c5e:	10063693          	sltiu	a3,a2,256
     c62:	0016b693          	seqz	a3,a3
     c66:	068e                	slli	a3,a3,0x3
     c68:	00d658b3          	srl	a7,a2,a3
     c6c:	97c6                	add	a5,a5,a7
     c6e:	239c                	lbu	a5,0(a5)
     c70:	97b6                	add	a5,a5,a3
     c72:	02000693          	li	a3,32
     c76:	04d79563          	bne	a5,a3,cc0 <__udivdi3+0x12e>
     c7a:	40c58633          	sub	a2,a1,a2
     c7e:	4885                	li	a7,1
     c80:	01075513          	srli	a0,a4,0x10
     c84:	02a657b3          	divu	a5,a2,a0
     c88:	080745b3          	zext.h	a1,a4
     c8c:	01085693          	srli	a3,a6,0x10
     c90:	02a67633          	remu	a2,a2,a0
     c94:	02f58333          	mul	t1,a1,a5
     c98:	0642                	slli	a2,a2,0x10
     c9a:	8ed1                	or	a3,a3,a2
     c9c:	0066f863          	bgeu	a3,t1,cac <__udivdi3+0x11a>
     ca0:	96ba                	add	a3,a3,a4
     ca2:	0066f463          	bgeu	a3,t1,caa <__udivdi3+0x118>
     ca6:	0ae6f163          	bgeu	a3,a4,d48 <__udivdi3+0x1b6>
     caa:	17fd                	addi	a5,a5,-1
     cac:	406686b3          	sub	a3,a3,t1
     cb0:	b785                	j	c10 <__udivdi3+0x7e>
     cb2:	010008b7          	lui	a7,0x1000
     cb6:	46e1                	li	a3,24
     cb8:	fb1678e3          	bgeu	a2,a7,c68 <__udivdi3+0xd6>
     cbc:	46c1                	li	a3,16
     cbe:	b76d                	j	c68 <__udivdi3+0xd6>
     cc0:	40f68833          	sub	a6,a3,a5
     cc4:	01061733          	sll	a4,a2,a6
     cc8:	00f5d6b3          	srl	a3,a1,a5
     ccc:	010595b3          	sll	a1,a1,a6
     cd0:	00f557b3          	srl	a5,a0,a5
     cd4:	01051833          	sll	a6,a0,a6
     cd8:	01075513          	srli	a0,a4,0x10
     cdc:	02a6d8b3          	divu	a7,a3,a0
     ce0:	08074633          	zext.h	a2,a4
     ce4:	8fcd                	or	a5,a5,a1
     ce6:	02a6f6b3          	remu	a3,a3,a0
     cea:	03160333          	mul	t1,a2,a7
     cee:	01069593          	slli	a1,a3,0x10
     cf2:	0107d693          	srli	a3,a5,0x10
     cf6:	8ecd                	or	a3,a3,a1
     cf8:	0066f863          	bgeu	a3,t1,d08 <__udivdi3+0x176>
     cfc:	96ba                	add	a3,a3,a4
     cfe:	0066f463          	bgeu	a3,t1,d06 <__udivdi3+0x174>
     d02:	02e6fd63          	bgeu	a3,a4,d3c <__udivdi3+0x1aa>
     d06:	18fd                	addi	a7,a7,-1 # ffffff <_data_lma+0xff5f97>
     d08:	406686b3          	sub	a3,a3,t1
     d0c:	02a6d5b3          	divu	a1,a3,a0
     d10:	0807c7b3          	zext.h	a5,a5
     d14:	02a6f6b3          	remu	a3,a3,a0
     d18:	02b60633          	mul	a2,a2,a1
     d1c:	06c2                	slli	a3,a3,0x10
     d1e:	8fd5                	or	a5,a5,a3
     d20:	00c7f863          	bgeu	a5,a2,d30 <__udivdi3+0x19e>
     d24:	97ba                	add	a5,a5,a4
     d26:	00c7f463          	bgeu	a5,a2,d2e <__udivdi3+0x19c>
     d2a:	00e7fc63          	bgeu	a5,a4,d42 <__udivdi3+0x1b0>
     d2e:	15fd                	addi	a1,a1,-1
     d30:	08c2                	slli	a7,a7,0x10
     d32:	40c78633          	sub	a2,a5,a2
     d36:	00b8e8b3          	or	a7,a7,a1
     d3a:	b799                	j	c80 <__udivdi3+0xee>
     d3c:	18f9                	addi	a7,a7,-2
     d3e:	96ba                	add	a3,a3,a4
     d40:	b7e1                	j	d08 <__udivdi3+0x176>
     d42:	15f9                	addi	a1,a1,-2
     d44:	97ba                	add	a5,a5,a4
     d46:	b7ed                	j	d30 <__udivdi3+0x19e>
     d48:	17f9                	addi	a5,a5,-2
     d4a:	96ba                	add	a3,a3,a4
     d4c:	b785                	j	cac <__udivdi3+0x11a>
     d4e:	1679                	addi	a2,a2,-2
     d50:	b5dd                	j	c36 <__udivdi3+0xa4>
     d52:	12d5e463          	bltu	a1,a3,e7a <__udivdi3+0x2e8>
     d56:	67c1                	lui	a5,0x10
     d58:	02f6fc63          	bgeu	a3,a5,d90 <__udivdi3+0x1fe>
     d5c:	1006b793          	sltiu	a5,a3,256
     d60:	0017b793          	seqz	a5,a5
     d64:	078e                	slli	a5,a5,0x3
     d66:	6709                	lui	a4,0x2
     d68:	00f6d833          	srl	a6,a3,a5
     d6c:	f1070713          	addi	a4,a4,-240 # 1f10 <__clz_tab>
     d70:	9742                	add	a4,a4,a6
     d72:	2318                	lbu	a4,0(a4)
     d74:	02000813          	li	a6,32
     d78:	973e                	add	a4,a4,a5
     d7a:	03071263          	bne	a4,a6,d9e <__udivdi3+0x20c>
     d7e:	00c537b3          	sltu	a5,a0,a2
     d82:	0017b793          	seqz	a5,a5
     d86:	00b6b6b3          	sltu	a3,a3,a1
     d8a:	8fd5                	or	a5,a5,a3
     d8c:	4881                	li	a7,0
     d8e:	b575                	j	c3a <__udivdi3+0xa8>
     d90:	01000737          	lui	a4,0x1000
     d94:	47e1                	li	a5,24
     d96:	fce6f8e3          	bgeu	a3,a4,d66 <__udivdi3+0x1d4>
     d9a:	47c1                	li	a5,16
     d9c:	b7e9                	j	d66 <__udivdi3+0x1d4>
     d9e:	40e80833          	sub	a6,a6,a4
     da2:	00e658b3          	srl	a7,a2,a4
     da6:	010696b3          	sll	a3,a3,a6
     daa:	00d8e8b3          	or	a7,a7,a3
     dae:	0108de13          	srli	t3,a7,0x10
     db2:	00e5d6b3          	srl	a3,a1,a4
     db6:	03c6d7b3          	divu	a5,a3,t3
     dba:	0808c333          	zext.h	t1,a7
     dbe:	010595b3          	sll	a1,a1,a6
     dc2:	00e55733          	srl	a4,a0,a4
     dc6:	8f4d                	or	a4,a4,a1
     dc8:	01061633          	sll	a2,a2,a6
     dcc:	03c6f6b3          	remu	a3,a3,t3
     dd0:	02f30eb3          	mul	t4,t1,a5
     dd4:	01069593          	slli	a1,a3,0x10
     dd8:	01075693          	srli	a3,a4,0x10
     ddc:	8ecd                	or	a3,a3,a1
     dde:	01d6f863          	bgeu	a3,t4,dee <__udivdi3+0x25c>
     de2:	96c6                	add	a3,a3,a7
     de4:	01d6f463          	bgeu	a3,t4,dec <__udivdi3+0x25a>
     de8:	0916f363          	bgeu	a3,a7,e6e <__udivdi3+0x2dc>
     dec:	17fd                	addi	a5,a5,-1 # ffff <_data_lma+0x5f97>
     dee:	41d686b3          	sub	a3,a3,t4
     df2:	03c6d5b3          	divu	a1,a3,t3
     df6:	08074733          	zext.h	a4,a4
     dfa:	03c6f6b3          	remu	a3,a3,t3
     dfe:	02b30333          	mul	t1,t1,a1
     e02:	06c2                	slli	a3,a3,0x10
     e04:	8f55                	or	a4,a4,a3
     e06:	00677863          	bgeu	a4,t1,e16 <__udivdi3+0x284>
     e0a:	9746                	add	a4,a4,a7
     e0c:	00677463          	bgeu	a4,t1,e14 <__udivdi3+0x282>
     e10:	07177263          	bgeu	a4,a7,e74 <__udivdi3+0x2e2>
     e14:	15fd                	addi	a1,a1,-1
     e16:	07c2                	slli	a5,a5,0x10
     e18:	8fcd                	or	a5,a5,a1
     e1a:	0107d893          	srli	a7,a5,0x10
     e1e:	0805c5b3          	zext.h	a1,a1
     e22:	40670733          	sub	a4,a4,t1
     e26:	08064333          	zext.h	t1,a2
     e2a:	8241                	srli	a2,a2,0x10
     e2c:	02658e33          	mul	t3,a1,t1
     e30:	02688333          	mul	t1,a7,t1
     e34:	010e5693          	srli	a3,t3,0x10
     e38:	02c585b3          	mul	a1,a1,a2
     e3c:	959a                	add	a1,a1,t1
     e3e:	96ae                	add	a3,a3,a1
     e40:	02c888b3          	mul	a7,a7,a2
     e44:	0066f463          	bgeu	a3,t1,e4c <__udivdi3+0x2ba>
     e48:	6641                	lui	a2,0x10
     e4a:	98b2                	add	a7,a7,a2
     e4c:	0106d613          	srli	a2,a3,0x10
     e50:	9646                	add	a2,a2,a7
     e52:	00c76c63          	bltu	a4,a2,e6a <__udivdi3+0x2d8>
     e56:	06c2                	slli	a3,a3,0x10
     e58:	080e4e33          	zext.h	t3,t3
     e5c:	01051533          	sll	a0,a0,a6
     e60:	96f2                	add	a3,a3,t3
     e62:	f2d575e3          	bgeu	a0,a3,d8c <__udivdi3+0x1fa>
     e66:	f2c713e3          	bne	a4,a2,d8c <__udivdi3+0x1fa>
     e6a:	17fd                	addi	a5,a5,-1
     e6c:	b705                	j	d8c <__udivdi3+0x1fa>
     e6e:	17f9                	addi	a5,a5,-2
     e70:	96c6                	add	a3,a3,a7
     e72:	bfb5                	j	dee <__udivdi3+0x25c>
     e74:	15f9                	addi	a1,a1,-2
     e76:	9746                	add	a4,a4,a7
     e78:	bf79                	j	e16 <__udivdi3+0x284>
     e7a:	4881                	li	a7,0
     e7c:	4781                	li	a5,0
     e7e:	bb75                	j	c3a <__udivdi3+0xa8>

00000e80 <iprintf>:
     e80:	7139                	addi	sp,sp,-64
     e82:	da3e                	sw	a5,52(sp)
     e84:	80c1a783          	lw	a5,-2036(gp) # 200004dc <_impure_ptr>
     e88:	d432                	sw	a2,40(sp)
     e8a:	d636                	sw	a3,44(sp)
     e8c:	d22e                	sw	a1,36(sp)
     e8e:	d83a                	sw	a4,48(sp)
     e90:	dc42                	sw	a6,56(sp)
     e92:	de46                	sw	a7,60(sp)
     e94:	478c                	lw	a1,8(a5)
     e96:	1054                	addi	a3,sp,36
     e98:	862a                	mv	a2,a0
     e9a:	853e                	mv	a0,a5
     e9c:	ce06                	sw	ra,28(sp)
     e9e:	c636                	sw	a3,12(sp)
     ea0:	218d                	jal	1302 <_vfiprintf_r>
     ea2:	40f2                	lw	ra,28(sp)
     ea4:	6121                	addi	sp,sp,64
     ea6:	8082                	ret

00000ea8 <_puts_r>:
     ea8:	511c                	lw	a5,32(a0)
     eaa:	1101                	addi	sp,sp,-32
     eac:	cc22                	sw	s0,24(sp)
     eae:	ca26                	sw	s1,20(sp)
     eb0:	c84a                	sw	s2,16(sp)
     eb2:	ce06                	sw	ra,28(sp)
     eb4:	c64e                	sw	s3,12(sp)
     eb6:	4500                	lw	s0,8(a0)
     eb8:	84aa                	mv	s1,a0
     eba:	892e                	mv	s2,a1
     ebc:	e399                	bnez	a5,ec2 <_puts_r+0x1a>
     ebe:	417000ef          	jal	1ad4 <__sinit>
     ec2:	245e                	lhu	a5,12(s0)
     ec4:	8ba1                	andi	a5,a5,8
     ec6:	c399                	beqz	a5,ecc <_puts_r+0x24>
     ec8:	481c                	lw	a5,16(s0)
     eca:	e3b5                	bnez	a5,f2e <_puts_r+0x86>
     ecc:	85a2                	mv	a1,s0
     ece:	8526                	mv	a0,s1
     ed0:	2221                	jal	fd8 <__swsetup_r>
     ed2:	cd31                	beqz	a0,f2e <_puts_r+0x86>
     ed4:	557d                	li	a0,-1
     ed6:	40f2                	lw	ra,28(sp)
     ed8:	4462                	lw	s0,24(sp)
     eda:	44d2                	lw	s1,20(sp)
     edc:	4942                	lw	s2,16(sp)
     ede:	49b2                	lw	s3,12(sp)
     ee0:	6105                	addi	sp,sp,32
     ee2:	8082                	ret
     ee4:	0007d863          	bgez	a5,ef4 <_puts_r+0x4c>
     ee8:	4c18                	lw	a4,24(s0)
     eea:	02e7cc63          	blt	a5,a4,f22 <_puts_r+0x7a>
     eee:	ff658793          	addi	a5,a1,-10
     ef2:	cb85                	beqz	a5,f22 <_puts_r+0x7a>
     ef4:	401c                	lw	a5,0(s0)
     ef6:	00178713          	addi	a4,a5,1
     efa:	c018                	sw	a4,0(s0)
     efc:	a38c                	sb	a1,0(a5)
     efe:	0905                	addi	s2,s2,1
     f00:	441c                	lw	a5,8(s0)
     f02:	00094583          	lbu	a1,0(s2)
     f06:	17fd                	addi	a5,a5,-1
     f08:	c41c                	sw	a5,8(s0)
     f0a:	fde9                	bnez	a1,ee4 <_puts_r+0x3c>
     f0c:	0207d363          	bgez	a5,f32 <_puts_r+0x8a>
     f10:	8622                	mv	a2,s0
     f12:	45a9                	li	a1,10
     f14:	8526                	mv	a0,s1
     f16:	280d                	jal	f48 <__swbuf_r>
     f18:	57fd                	li	a5,-1
     f1a:	faf50de3          	beq	a0,a5,ed4 <_puts_r+0x2c>
     f1e:	4529                	li	a0,10
     f20:	bf5d                	j	ed6 <_puts_r+0x2e>
     f22:	8622                	mv	a2,s0
     f24:	8526                	mv	a0,s1
     f26:	200d                	jal	f48 <__swbuf_r>
     f28:	fd351be3          	bne	a0,s3,efe <_puts_r+0x56>
     f2c:	b765                	j	ed4 <_puts_r+0x2c>
     f2e:	59fd                	li	s3,-1
     f30:	bfc1                	j	f00 <_puts_r+0x58>
     f32:	401c                	lw	a5,0(s0)
     f34:	00178713          	addi	a4,a5,1
     f38:	c018                	sw	a4,0(s0)
     f3a:	4729                	li	a4,10
     f3c:	a398                	sb	a4,0(a5)
     f3e:	b7c5                	j	f1e <_puts_r+0x76>

00000f40 <puts>:
     f40:	85aa                	mv	a1,a0
     f42:	80c1a503          	lw	a0,-2036(gp) # 200004dc <_impure_ptr>
     f46:	b78d                	j	ea8 <_puts_r>

00000f48 <__swbuf_r>:
     f48:	1101                	addi	sp,sp,-32
     f4a:	cc22                	sw	s0,24(sp)
     f4c:	ca26                	sw	s1,20(sp)
     f4e:	c64e                	sw	s3,12(sp)
     f50:	ce06                	sw	ra,28(sp)
     f52:	c84a                	sw	s2,16(sp)
     f54:	84aa                	mv	s1,a0
     f56:	89ae                	mv	s3,a1
     f58:	8432                	mv	s0,a2
     f5a:	c509                	beqz	a0,f64 <__swbuf_r+0x1c>
     f5c:	511c                	lw	a5,32(a0)
     f5e:	e399                	bnez	a5,f64 <__swbuf_r+0x1c>
     f60:	375000ef          	jal	1ad4 <__sinit>
     f64:	4c1c                	lw	a5,24(s0)
     f66:	c41c                	sw	a5,8(s0)
     f68:	245e                	lhu	a5,12(s0)
     f6a:	8ba1                	andi	a5,a5,8
     f6c:	c399                	beqz	a5,f72 <__swbuf_r+0x2a>
     f6e:	481c                	lw	a5,16(s0)
     f70:	ef91                	bnez	a5,f8c <__swbuf_r+0x44>
     f72:	85a2                	mv	a1,s0
     f74:	8526                	mv	a0,s1
     f76:	208d                	jal	fd8 <__swsetup_r>
     f78:	c911                	beqz	a0,f8c <__swbuf_r+0x44>
     f7a:	597d                	li	s2,-1
     f7c:	40f2                	lw	ra,28(sp)
     f7e:	4462                	lw	s0,24(sp)
     f80:	44d2                	lw	s1,20(sp)
     f82:	49b2                	lw	s3,12(sp)
     f84:	854a                	mv	a0,s2
     f86:	4942                	lw	s2,16(sp)
     f88:	6105                	addi	sp,sp,32
     f8a:	8082                	ret
     f8c:	481c                	lw	a5,16(s0)
     f8e:	4008                	lw	a0,0(s0)
     f90:	8d1d                	sub	a0,a0,a5
     f92:	485c                	lw	a5,20(s0)
     f94:	00f54763          	blt	a0,a5,fa2 <__swbuf_r+0x5a>
     f98:	85a2                	mv	a1,s0
     f9a:	8526                	mv	a0,s1
     f9c:	20f000ef          	jal	19aa <_fflush_r>
     fa0:	fd69                	bnez	a0,f7a <__swbuf_r+0x32>
     fa2:	441c                	lw	a5,8(s0)
     fa4:	0505                	addi	a0,a0,1
     fa6:	0ff9f913          	zext.b	s2,s3
     faa:	17fd                	addi	a5,a5,-1
     fac:	c41c                	sw	a5,8(s0)
     fae:	401c                	lw	a5,0(s0)
     fb0:	00178713          	addi	a4,a5,1
     fb4:	c018                	sw	a4,0(s0)
     fb6:	01378023          	sb	s3,0(a5)
     fba:	485c                	lw	a5,20(s0)
     fbc:	00a78863          	beq	a5,a0,fcc <__swbuf_r+0x84>
     fc0:	245e                	lhu	a5,12(s0)
     fc2:	8b85                	andi	a5,a5,1
     fc4:	dfc5                	beqz	a5,f7c <__swbuf_r+0x34>
     fc6:	ff690793          	addi	a5,s2,-10
     fca:	fbcd                	bnez	a5,f7c <__swbuf_r+0x34>
     fcc:	85a2                	mv	a1,s0
     fce:	8526                	mv	a0,s1
     fd0:	1db000ef          	jal	19aa <_fflush_r>
     fd4:	d545                	beqz	a0,f7c <__swbuf_r+0x34>
     fd6:	b755                	j	f7a <__swbuf_r+0x32>

00000fd8 <__swsetup_r>:
     fd8:	1141                	addi	sp,sp,-16
     fda:	c226                	sw	s1,4(sp)
     fdc:	84aa                	mv	s1,a0
     fde:	80c1a503          	lw	a0,-2036(gp) # 200004dc <_impure_ptr>
     fe2:	c422                	sw	s0,8(sp)
     fe4:	c606                	sw	ra,12(sp)
     fe6:	842e                	mv	s0,a1
     fe8:	c509                	beqz	a0,ff2 <__swsetup_r+0x1a>
     fea:	511c                	lw	a5,32(a0)
     fec:	e399                	bnez	a5,ff2 <__swsetup_r+0x1a>
     fee:	2e7000ef          	jal	1ad4 <__sinit>
     ff2:	00c41783          	lh	a5,12(s0)
     ff6:	0087f713          	andi	a4,a5,8
     ffa:	e331                	bnez	a4,103e <__swsetup_r+0x66>
     ffc:	0107f713          	andi	a4,a5,16
    1000:	eb01                	bnez	a4,1010 <__swsetup_r+0x38>
    1002:	4725                	li	a4,9
    1004:	c098                	sw	a4,0(s1)
    1006:	0407e793          	ori	a5,a5,64
    100a:	a45e                	sh	a5,12(s0)
    100c:	557d                	li	a0,-1
    100e:	a0b5                	j	107a <__swsetup_r+0xa2>
    1010:	0047f713          	andi	a4,a5,4
    1014:	c315                	beqz	a4,1038 <__swsetup_r+0x60>
    1016:	584c                	lw	a1,52(s0)
    1018:	c989                	beqz	a1,102a <__swsetup_r+0x52>
    101a:	04440793          	addi	a5,s0,68
    101e:	00f58463          	beq	a1,a5,1026 <__swsetup_r+0x4e>
    1022:	8526                	mv	a0,s1
    1024:	20bd                	jal	1092 <_free_r>
    1026:	02042a23          	sw	zero,52(s0)
    102a:	245e                	lhu	a5,12(s0)
    102c:	4818                	lw	a4,16(s0)
    102e:	00042223          	sw	zero,4(s0)
    1032:	fdb7f793          	andi	a5,a5,-37
    1036:	c018                	sw	a4,0(s0)
    1038:	0087e793          	ori	a5,a5,8
    103c:	a45e                	sh	a5,12(s0)
    103e:	481c                	lw	a5,16(s0)
    1040:	ef81                	bnez	a5,1058 <__swsetup_r+0x80>
    1042:	445c                	lw	a5,12(s0)
    1044:	20000713          	li	a4,512
    1048:	2807f793          	andi	a5,a5,640
    104c:	00e78663          	beq	a5,a4,1058 <__swsetup_r+0x80>
    1050:	85a2                	mv	a1,s0
    1052:	8526                	mv	a0,s1
    1054:	349000ef          	jal	1b9c <__smakebuf_r>
    1058:	00c41783          	lh	a5,12(s0)
    105c:	0017f713          	andi	a4,a5,1
    1060:	c315                	beqz	a4,1084 <__swsetup_r+0xac>
    1062:	4858                	lw	a4,20(s0)
    1064:	00042423          	sw	zero,8(s0)
    1068:	40e00733          	neg	a4,a4
    106c:	cc18                	sw	a4,24(s0)
    106e:	4818                	lw	a4,16(s0)
    1070:	4501                	li	a0,0
    1072:	e701                	bnez	a4,107a <__swsetup_r+0xa2>
    1074:	0807f713          	andi	a4,a5,128
    1078:	f759                	bnez	a4,1006 <__swsetup_r+0x2e>
    107a:	40b2                	lw	ra,12(sp)
    107c:	4422                	lw	s0,8(sp)
    107e:	4492                	lw	s1,4(sp)
    1080:	0141                	addi	sp,sp,16
    1082:	8082                	ret
    1084:	0027f713          	andi	a4,a5,2
    1088:	4681                	li	a3,0
    108a:	e311                	bnez	a4,108e <__swsetup_r+0xb6>
    108c:	4854                	lw	a3,20(s0)
    108e:	c414                	sw	a3,8(s0)
    1090:	bff9                	j	106e <__swsetup_r+0x96>

00001092 <_free_r>:
    1092:	cdd1                	beqz	a1,112e <_free_r+0x9c>
    1094:	ffc5a783          	lw	a5,-4(a1)
    1098:	1101                	addi	sp,sp,-32
    109a:	cc22                	sw	s0,24(sp)
    109c:	ce06                	sw	ra,28(sp)
    109e:	ffc58413          	addi	s0,a1,-4
    10a2:	0007d363          	bgez	a5,10a8 <_free_r+0x16>
    10a6:	943e                	add	s0,s0,a5
    10a8:	c62a                	sw	a0,12(sp)
    10aa:	22fd                	jal	1298 <__malloc_lock>
    10ac:	82c1a783          	lw	a5,-2004(gp) # 200004fc <__malloc_free_list>
    10b0:	4532                	lw	a0,12(sp)
    10b2:	eb89                	bnez	a5,10c4 <_free_r+0x32>
    10b4:	00042223          	sw	zero,4(s0)
    10b8:	8281a623          	sw	s0,-2004(gp) # 200004fc <__malloc_free_list>
    10bc:	4462                	lw	s0,24(sp)
    10be:	40f2                	lw	ra,28(sp)
    10c0:	6105                	addi	sp,sp,32
    10c2:	aae1                	j	129a <__malloc_unlock>
    10c4:	00f47d63          	bgeu	s0,a5,10de <_free_r+0x4c>
    10c8:	4010                	lw	a2,0(s0)
    10ca:	00c406b3          	add	a3,s0,a2
    10ce:	00d79663          	bne	a5,a3,10da <_free_r+0x48>
    10d2:	4394                	lw	a3,0(a5)
    10d4:	43dc                	lw	a5,4(a5)
    10d6:	96b2                	add	a3,a3,a2
    10d8:	c014                	sw	a3,0(s0)
    10da:	c05c                	sw	a5,4(s0)
    10dc:	bff1                	j	10b8 <_free_r+0x26>
    10de:	873e                	mv	a4,a5
    10e0:	43dc                	lw	a5,4(a5)
    10e2:	c399                	beqz	a5,10e8 <_free_r+0x56>
    10e4:	fef47de3          	bgeu	s0,a5,10de <_free_r+0x4c>
    10e8:	4314                	lw	a3,0(a4)
    10ea:	00d70633          	add	a2,a4,a3
    10ee:	00861f63          	bne	a2,s0,110c <_free_r+0x7a>
    10f2:	4010                	lw	a2,0(s0)
    10f4:	96b2                	add	a3,a3,a2
    10f6:	c314                	sw	a3,0(a4)
    10f8:	00d70633          	add	a2,a4,a3
    10fc:	fcc790e3          	bne	a5,a2,10bc <_free_r+0x2a>
    1100:	4390                	lw	a2,0(a5)
    1102:	43dc                	lw	a5,4(a5)
    1104:	96b2                	add	a3,a3,a2
    1106:	c314                	sw	a3,0(a4)
    1108:	c35c                	sw	a5,4(a4)
    110a:	bf4d                	j	10bc <_free_r+0x2a>
    110c:	00c47563          	bgeu	s0,a2,1116 <_free_r+0x84>
    1110:	47b1                	li	a5,12
    1112:	c11c                	sw	a5,0(a0)
    1114:	b765                	j	10bc <_free_r+0x2a>
    1116:	4010                	lw	a2,0(s0)
    1118:	00c406b3          	add	a3,s0,a2
    111c:	00d79663          	bne	a5,a3,1128 <_free_r+0x96>
    1120:	4394                	lw	a3,0(a5)
    1122:	43dc                	lw	a5,4(a5)
    1124:	96b2                	add	a3,a3,a2
    1126:	c014                	sw	a3,0(s0)
    1128:	c05c                	sw	a5,4(s0)
    112a:	c340                	sw	s0,4(a4)
    112c:	bf41                	j	10bc <_free_r+0x2a>
    112e:	8082                	ret

00001130 <sbrk_aligned>:
    1130:	1141                	addi	sp,sp,-16
    1132:	c422                	sw	s0,8(sp)
    1134:	8281a783          	lw	a5,-2008(gp) # 200004f8 <__malloc_sbrk_start>
    1138:	c226                	sw	s1,4(sp)
    113a:	c04a                	sw	s2,0(sp)
    113c:	c606                	sw	ra,12(sp)
    113e:	892a                	mv	s2,a0
    1140:	84ae                	mv	s1,a1
    1142:	e791                	bnez	a5,114e <sbrk_aligned+0x1e>
    1144:	4581                	li	a1,0
    1146:	467000ef          	jal	1dac <_sbrk_r>
    114a:	82a1a423          	sw	a0,-2008(gp) # 200004f8 <__malloc_sbrk_start>
    114e:	85a6                	mv	a1,s1
    1150:	854a                	mv	a0,s2
    1152:	45b000ef          	jal	1dac <_sbrk_r>
    1156:	54fd                	li	s1,-1
    1158:	00951a63          	bne	a0,s1,116c <sbrk_aligned+0x3c>
    115c:	547d                	li	s0,-1
    115e:	40b2                	lw	ra,12(sp)
    1160:	8522                	mv	a0,s0
    1162:	4422                	lw	s0,8(sp)
    1164:	4492                	lw	s1,4(sp)
    1166:	4902                	lw	s2,0(sp)
    1168:	0141                	addi	sp,sp,16
    116a:	8082                	ret
    116c:	00350413          	addi	s0,a0,3
    1170:	9871                	andi	s0,s0,-4
    1172:	fe8506e3          	beq	a0,s0,115e <sbrk_aligned+0x2e>
    1176:	40a405b3          	sub	a1,s0,a0
    117a:	854a                	mv	a0,s2
    117c:	431000ef          	jal	1dac <_sbrk_r>
    1180:	fc951fe3          	bne	a0,s1,115e <sbrk_aligned+0x2e>
    1184:	bfe1                	j	115c <sbrk_aligned+0x2c>

00001186 <_malloc_r>:
    1186:	1101                	addi	sp,sp,-32
    1188:	ca26                	sw	s1,20(sp)
    118a:	00358493          	addi	s1,a1,3
    118e:	98f1                	andi	s1,s1,-4
    1190:	04a1                	addi	s1,s1,8
    1192:	47b1                	li	a5,12
    1194:	c84a                	sw	s2,16(sp)
    1196:	ce06                	sw	ra,28(sp)
    1198:	cc22                	sw	s0,24(sp)
    119a:	c64e                	sw	s3,12(sp)
    119c:	c452                	sw	s4,8(sp)
    119e:	0af4f4b3          	maxu	s1,s1,a5
    11a2:	892a                	mv	s2,a0
    11a4:	0004c463          	bltz	s1,11ac <_malloc_r+0x26>
    11a8:	00b4fd63          	bgeu	s1,a1,11c2 <_malloc_r+0x3c>
    11ac:	00f92023          	sw	a5,0(s2)
    11b0:	4501                	li	a0,0
    11b2:	40f2                	lw	ra,28(sp)
    11b4:	4462                	lw	s0,24(sp)
    11b6:	44d2                	lw	s1,20(sp)
    11b8:	4942                	lw	s2,16(sp)
    11ba:	49b2                	lw	s3,12(sp)
    11bc:	4a22                	lw	s4,8(sp)
    11be:	6105                	addi	sp,sp,32
    11c0:	8082                	ret
    11c2:	28d9                	jal	1298 <__malloc_lock>
    11c4:	82c1a783          	lw	a5,-2004(gp) # 200004fc <__malloc_free_list>
    11c8:	843e                	mv	s0,a5
    11ca:	e821                	bnez	s0,121a <_malloc_r+0x94>
    11cc:	85a6                	mv	a1,s1
    11ce:	854a                	mv	a0,s2
    11d0:	3785                	jal	1130 <sbrk_aligned>
    11d2:	57fd                	li	a5,-1
    11d4:	842a                	mv	s0,a0
    11d6:	0af51f63          	bne	a0,a5,1294 <_malloc_r+0x10e>
    11da:	82c1a403          	lw	s0,-2004(gp) # 200004fc <__malloc_free_list>
    11de:	87a2                	mv	a5,s0
    11e0:	ebd1                	bnez	a5,1274 <_malloc_r+0xee>
    11e2:	c05d                	beqz	s0,1288 <_malloc_r+0x102>
    11e4:	00042a03          	lw	s4,0(s0)
    11e8:	4581                	li	a1,0
    11ea:	854a                	mv	a0,s2
    11ec:	9a22                	add	s4,s4,s0
    11ee:	3bf000ef          	jal	1dac <_sbrk_r>
    11f2:	08aa1b63          	bne	s4,a0,1288 <_malloc_r+0x102>
    11f6:	401c                	lw	a5,0(s0)
    11f8:	854a                	mv	a0,s2
    11fa:	8c9d                	sub	s1,s1,a5
    11fc:	85a6                	mv	a1,s1
    11fe:	3f0d                	jal	1130 <sbrk_aligned>
    1200:	57fd                	li	a5,-1
    1202:	08f50363          	beq	a0,a5,1288 <_malloc_r+0x102>
    1206:	401c                	lw	a5,0(s0)
    1208:	97a6                	add	a5,a5,s1
    120a:	c01c                	sw	a5,0(s0)
    120c:	82c1a783          	lw	a5,-2004(gp) # 200004fc <__malloc_free_list>
    1210:	43d8                	lw	a4,4(a5)
    1212:	e725                	bnez	a4,127a <_malloc_r+0xf4>
    1214:	8201a623          	sw	zero,-2004(gp) # 200004fc <__malloc_free_list>
    1218:	a015                	j	123c <_malloc_r+0xb6>
    121a:	4014                	lw	a3,0(s0)
    121c:	8e85                	sub	a3,a3,s1
    121e:	0406c863          	bltz	a3,126e <_malloc_r+0xe8>
    1222:	472d                	li	a4,11
    1224:	02d77d63          	bgeu	a4,a3,125e <_malloc_r+0xd8>
    1228:	c004                	sw	s1,0(s0)
    122a:	00940733          	add	a4,s0,s1
    122e:	02879663          	bne	a5,s0,125a <_malloc_r+0xd4>
    1232:	82e1a623          	sw	a4,-2004(gp) # 200004fc <__malloc_free_list>
    1236:	405c                	lw	a5,4(s0)
    1238:	c314                	sw	a3,0(a4)
    123a:	c35c                	sw	a5,4(a4)
    123c:	854a                	mv	a0,s2
    123e:	28b1                	jal	129a <__malloc_unlock>
    1240:	00b40513          	addi	a0,s0,11
    1244:	00440793          	addi	a5,s0,4
    1248:	9961                	andi	a0,a0,-8
    124a:	40f50733          	sub	a4,a0,a5
    124e:	f6f502e3          	beq	a0,a5,11b2 <_malloc_r+0x2c>
    1252:	943a                	add	s0,s0,a4
    1254:	8f89                	sub	a5,a5,a0
    1256:	c01c                	sw	a5,0(s0)
    1258:	bfa9                	j	11b2 <_malloc_r+0x2c>
    125a:	c3d8                	sw	a4,4(a5)
    125c:	bfe9                	j	1236 <_malloc_r+0xb0>
    125e:	4058                	lw	a4,4(s0)
    1260:	00879563          	bne	a5,s0,126a <_malloc_r+0xe4>
    1264:	82e1a623          	sw	a4,-2004(gp) # 200004fc <__malloc_free_list>
    1268:	bfd1                	j	123c <_malloc_r+0xb6>
    126a:	c3d8                	sw	a4,4(a5)
    126c:	bfc1                	j	123c <_malloc_r+0xb6>
    126e:	87a2                	mv	a5,s0
    1270:	4040                	lw	s0,4(s0)
    1272:	bfa1                	j	11ca <_malloc_r+0x44>
    1274:	843e                	mv	s0,a5
    1276:	43dc                	lw	a5,4(a5)
    1278:	b7a5                	j	11e0 <_malloc_r+0x5a>
    127a:	873e                	mv	a4,a5
    127c:	43dc                	lw	a5,4(a5)
    127e:	fe879ee3          	bne	a5,s0,127a <_malloc_r+0xf4>
    1282:	00072223          	sw	zero,4(a4) # 1000004 <_data_lma+0xff5f9c>
    1286:	bf5d                	j	123c <_malloc_r+0xb6>
    1288:	47b1                	li	a5,12
    128a:	00f92023          	sw	a5,0(s2)
    128e:	854a                	mv	a0,s2
    1290:	2029                	jal	129a <__malloc_unlock>
    1292:	bf39                	j	11b0 <_malloc_r+0x2a>
    1294:	c104                	sw	s1,0(a0)
    1296:	b75d                	j	123c <_malloc_r+0xb6>

00001298 <__malloc_lock>:
    1298:	8082                	ret

0000129a <__malloc_unlock>:
    129a:	8082                	ret

0000129c <__sfputc_r>:
    129c:	461c                	lw	a5,8(a2)
    129e:	17fd                	addi	a5,a5,-1
    12a0:	c61c                	sw	a5,8(a2)
    12a2:	0007d963          	bgez	a5,12b4 <__sfputc_r+0x18>
    12a6:	4e18                	lw	a4,24(a2)
    12a8:	00e7c563          	blt	a5,a4,12b2 <__sfputc_r+0x16>
    12ac:	ff658793          	addi	a5,a1,-10
    12b0:	e391                	bnez	a5,12b4 <__sfputc_r+0x18>
    12b2:	b959                	j	f48 <__swbuf_r>
    12b4:	421c                	lw	a5,0(a2)
    12b6:	852e                	mv	a0,a1
    12b8:	00178713          	addi	a4,a5,1
    12bc:	c218                	sw	a4,0(a2)
    12be:	a38c                	sb	a1,0(a5)
    12c0:	8082                	ret

000012c2 <__sfputs_r>:
    12c2:	1101                	addi	sp,sp,-32
    12c4:	cc22                	sw	s0,24(sp)
    12c6:	ca26                	sw	s1,20(sp)
    12c8:	c84a                	sw	s2,16(sp)
    12ca:	c64e                	sw	s3,12(sp)
    12cc:	c452                	sw	s4,8(sp)
    12ce:	ce06                	sw	ra,28(sp)
    12d0:	89aa                	mv	s3,a0
    12d2:	8a2e                	mv	s4,a1
    12d4:	8432                	mv	s0,a2
    12d6:	00d604b3          	add	s1,a2,a3
    12da:	597d                	li	s2,-1
    12dc:	00941463          	bne	s0,s1,12e4 <__sfputs_r+0x22>
    12e0:	4501                	li	a0,0
    12e2:	a801                	j	12f2 <__sfputs_r+0x30>
    12e4:	200c                	lbu	a1,0(s0)
    12e6:	8652                	mv	a2,s4
    12e8:	854e                	mv	a0,s3
    12ea:	3f4d                	jal	129c <__sfputc_r>
    12ec:	0405                	addi	s0,s0,1
    12ee:	ff2517e3          	bne	a0,s2,12dc <__sfputs_r+0x1a>
    12f2:	40f2                	lw	ra,28(sp)
    12f4:	4462                	lw	s0,24(sp)
    12f6:	44d2                	lw	s1,20(sp)
    12f8:	4942                	lw	s2,16(sp)
    12fa:	49b2                	lw	s3,12(sp)
    12fc:	4a22                	lw	s4,8(sp)
    12fe:	6105                	addi	sp,sp,32
    1300:	8082                	ret

00001302 <_vfiprintf_r>:
    1302:	7171                	addi	sp,sp,-176
    1304:	d522                	sw	s0,168(sp)
    1306:	d326                	sw	s1,164(sp)
    1308:	cf4e                	sw	s3,156(sp)
    130a:	cd52                	sw	s4,152(sp)
    130c:	d706                	sw	ra,172(sp)
    130e:	d14a                	sw	s2,160(sp)
    1310:	cb56                	sw	s5,148(sp)
    1312:	c95a                	sw	s6,144(sp)
    1314:	c75e                	sw	s7,140(sp)
    1316:	c562                	sw	s8,136(sp)
    1318:	89aa                	mv	s3,a0
    131a:	84ae                	mv	s1,a1
    131c:	8432                	mv	s0,a2
    131e:	8a36                	mv	s4,a3
    1320:	c509                	beqz	a0,132a <_vfiprintf_r+0x28>
    1322:	511c                	lw	a5,32(a0)
    1324:	e399                	bnez	a5,132a <_vfiprintf_r+0x28>
    1326:	7ae000ef          	jal	1ad4 <__sinit>
    132a:	24de                	lhu	a5,12(s1)
    132c:	8ba1                	andi	a5,a5,8
    132e:	c3f1                	beqz	a5,13f2 <_vfiprintf_r+0xf0>
    1330:	489c                	lw	a5,16(s1)
    1332:	c3e1                	beqz	a5,13f2 <_vfiprintf_r+0xf0>
    1334:	02000793          	li	a5,32
    1338:	02f10ca3          	sb	a5,57(sp)
    133c:	6a89                	lui	s5,0x2
    133e:	03000793          	li	a5,48
    1342:	ce52                	sw	s4,28(sp)
    1344:	da02                	sw	zero,52(sp)
    1346:	02f10d23          	sb	a5,58(sp)
    134a:	5a7d                	li	s4,-1
    134c:	e74a8a93          	addi	s5,s5,-396 # 1e74 <_read+0x3c>
    1350:	4b29                	li	s6,10
    1352:	8ba2                	mv	s7,s0
    1354:	000bc783          	lbu	a5,0(s7)
    1358:	00f03c33          	snez	s8,a5
    135c:	fdb78793          	addi	a5,a5,-37
    1360:	00f037b3          	snez	a5,a5
    1364:	00fc7c33          	and	s8,s8,a5
    1368:	0a0c1663          	bnez	s8,1414 <_vfiprintf_r+0x112>
    136c:	408b86b3          	sub	a3,s7,s0
    1370:	008b8d63          	beq	s7,s0,138a <_vfiprintf_r+0x88>
    1374:	8622                	mv	a2,s0
    1376:	85a6                	mv	a1,s1
    1378:	854e                	mv	a0,s3
    137a:	c636                	sw	a3,12(sp)
    137c:	3799                	jal	12c2 <__sfputs_r>
    137e:	19450e63          	beq	a0,s4,151a <_vfiprintf_r+0x218>
    1382:	57d2                	lw	a5,52(sp)
    1384:	46b2                	lw	a3,12(sp)
    1386:	97b6                	add	a5,a5,a3
    1388:	da3e                	sw	a5,52(sp)
    138a:	000bc783          	lbu	a5,0(s7)
    138e:	18078663          	beqz	a5,151a <_vfiprintf_r+0x218>
    1392:	001b8413          	addi	s0,s7,1
    1396:	d002                	sw	zero,32(sp)
    1398:	d602                	sw	zero,44(sp)
    139a:	d252                	sw	s4,36(sp)
    139c:	d402                	sw	zero,40(sp)
    139e:	060101a3          	sb	zero,99(sp)
    13a2:	dc82                	sw	zero,120(sp)
    13a4:	200c                	lbu	a1,0(s0)
    13a6:	4615                	li	a2,5
    13a8:	8556                	mv	a0,s5
    13aa:	10f000ef          	jal	1cb8 <memchr>
    13ae:	5782                	lw	a5,32(sp)
    13b0:	00140693          	addi	a3,s0,1
    13b4:	e135                	bnez	a0,1418 <_vfiprintf_r+0x116>
    13b6:	0107f713          	andi	a4,a5,16
    13ba:	c709                	beqz	a4,13c4 <_vfiprintf_r+0xc2>
    13bc:	02000713          	li	a4,32
    13c0:	06e101a3          	sb	a4,99(sp)
    13c4:	0087f713          	andi	a4,a5,8
    13c8:	c709                	beqz	a4,13d2 <_vfiprintf_r+0xd0>
    13ca:	02b00713          	li	a4,43
    13ce:	06e101a3          	sb	a4,99(sp)
    13d2:	2010                	lbu	a2,0(s0)
    13d4:	02a00713          	li	a4,42
    13d8:	04e60763          	beq	a2,a4,1426 <_vfiprintf_r+0x124>
    13dc:	57b2                	lw	a5,44(sp)
    13de:	4681                	li	a3,0
    13e0:	4625                	li	a2,9
    13e2:	2018                	lbu	a4,0(s0)
    13e4:	fd070713          	addi	a4,a4,-48
    13e8:	08e67363          	bgeu	a2,a4,146e <_vfiprintf_r+0x16c>
    13ec:	c6b1                	beqz	a3,1438 <_vfiprintf_r+0x136>
    13ee:	d63e                	sw	a5,44(sp)
    13f0:	a0a1                	j	1438 <_vfiprintf_r+0x136>
    13f2:	85a6                	mv	a1,s1
    13f4:	854e                	mv	a0,s3
    13f6:	36cd                	jal	fd8 <__swsetup_r>
    13f8:	dd15                	beqz	a0,1334 <_vfiprintf_r+0x32>
    13fa:	557d                	li	a0,-1
    13fc:	50ba                	lw	ra,172(sp)
    13fe:	542a                	lw	s0,168(sp)
    1400:	549a                	lw	s1,164(sp)
    1402:	590a                	lw	s2,160(sp)
    1404:	49fa                	lw	s3,156(sp)
    1406:	4a6a                	lw	s4,152(sp)
    1408:	4ada                	lw	s5,148(sp)
    140a:	4b4a                	lw	s6,144(sp)
    140c:	4bba                	lw	s7,140(sp)
    140e:	4c2a                	lw	s8,136(sp)
    1410:	614d                	addi	sp,sp,176
    1412:	8082                	ret
    1414:	0b85                	addi	s7,s7,1
    1416:	bf3d                	j	1354 <_vfiprintf_r+0x52>
    1418:	41550533          	sub	a0,a0,s5
    141c:	28a797b3          	bset	a5,a5,a0
    1420:	d03e                	sw	a5,32(sp)
    1422:	8436                	mv	s0,a3
    1424:	b741                	j	13a4 <_vfiprintf_r+0xa2>
    1426:	4772                	lw	a4,28(sp)
    1428:	00470613          	addi	a2,a4,4
    142c:	4318                	lw	a4,0(a4)
    142e:	ce32                	sw	a2,28(sp)
    1430:	02074863          	bltz	a4,1460 <_vfiprintf_r+0x15e>
    1434:	d63a                	sw	a4,44(sp)
    1436:	8436                	mv	s0,a3
    1438:	2018                	lbu	a4,0(s0)
    143a:	02e00793          	li	a5,46
    143e:	04f71963          	bne	a4,a5,1490 <_vfiprintf_r+0x18e>
    1442:	3018                	lbu	a4,1(s0)
    1444:	02a00793          	li	a5,42
    1448:	02f71963          	bne	a4,a5,147a <_vfiprintf_r+0x178>
    144c:	47f2                	lw	a5,28(sp)
    144e:	0409                	addi	s0,s0,2
    1450:	00478713          	addi	a4,a5,4
    1454:	439c                	lw	a5,0(a5)
    1456:	ce3a                	sw	a4,28(sp)
    1458:	0b47e7b3          	max	a5,a5,s4
    145c:	d23e                	sw	a5,36(sp)
    145e:	a80d                	j	1490 <_vfiprintf_r+0x18e>
    1460:	40e00733          	neg	a4,a4
    1464:	0027e793          	ori	a5,a5,2
    1468:	d63a                	sw	a4,44(sp)
    146a:	d03e                	sw	a5,32(sp)
    146c:	b7e9                	j	1436 <_vfiprintf_r+0x134>
    146e:	036787b3          	mul	a5,a5,s6
    1472:	0405                	addi	s0,s0,1
    1474:	4685                	li	a3,1
    1476:	97ba                	add	a5,a5,a4
    1478:	b7ad                	j	13e2 <_vfiprintf_r+0xe0>
    147a:	0405                	addi	s0,s0,1
    147c:	d202                	sw	zero,36(sp)
    147e:	4781                	li	a5,0
    1480:	46a5                	li	a3,9
    1482:	2018                	lbu	a4,0(s0)
    1484:	fd070713          	addi	a4,a4,-48
    1488:	06e6f163          	bgeu	a3,a4,14ea <_vfiprintf_r+0x1e8>
    148c:	fc0c18e3          	bnez	s8,145c <_vfiprintf_r+0x15a>
    1490:	200c                	lbu	a1,0(s0)
    1492:	6b89                	lui	s7,0x2
    1494:	460d                	li	a2,3
    1496:	e7cb8513          	addi	a0,s7,-388 # 1e7c <_read+0x44>
    149a:	01f000ef          	jal	1cb8 <memchr>
    149e:	cd09                	beqz	a0,14b8 <_vfiprintf_r+0x1b6>
    14a0:	5782                	lw	a5,32(sp)
    14a2:	e7cb8b93          	addi	s7,s7,-388
    14a6:	41750533          	sub	a0,a0,s7
    14aa:	04000713          	li	a4,64
    14ae:	00a71733          	sll	a4,a4,a0
    14b2:	8fd9                	or	a5,a5,a4
    14b4:	0405                	addi	s0,s0,1
    14b6:	d03e                	sw	a5,32(sp)
    14b8:	200c                	lbu	a1,0(s0)
    14ba:	6509                	lui	a0,0x2
    14bc:	4619                	li	a2,6
    14be:	e8050513          	addi	a0,a0,-384 # 1e80 <_read+0x48>
    14c2:	02b10c23          	sb	a1,56(sp)
    14c6:	7f2000ef          	jal	1cb8 <memchr>
    14ca:	cd39                	beqz	a0,1528 <_vfiprintf_r+0x226>
    14cc:	00000793          	li	a5,0
    14d0:	e79d                	bnez	a5,14fe <_vfiprintf_r+0x1fc>
    14d2:	5702                	lw	a4,32(sp)
    14d4:	47f2                	lw	a5,28(sp)
    14d6:	10077713          	andi	a4,a4,256
    14da:	cf11                	beqz	a4,14f6 <_vfiprintf_r+0x1f4>
    14dc:	0791                	addi	a5,a5,4
    14de:	ce3e                	sw	a5,28(sp)
    14e0:	57d2                	lw	a5,52(sp)
    14e2:	0405                	addi	s0,s0,1
    14e4:	97ca                	add	a5,a5,s2
    14e6:	da3e                	sw	a5,52(sp)
    14e8:	b5ad                	j	1352 <_vfiprintf_r+0x50>
    14ea:	036787b3          	mul	a5,a5,s6
    14ee:	0405                	addi	s0,s0,1
    14f0:	4c05                	li	s8,1
    14f2:	97ba                	add	a5,a5,a4
    14f4:	b779                	j	1482 <_vfiprintf_r+0x180>
    14f6:	079d                	addi	a5,a5,7
    14f8:	9be1                	andi	a5,a5,-8
    14fa:	07a1                	addi	a5,a5,8
    14fc:	b7cd                	j	14de <_vfiprintf_r+0x1dc>
    14fe:	6685                	lui	a3,0x1
    1500:	0878                	addi	a4,sp,28
    1502:	2c268693          	addi	a3,a3,706 # 12c2 <__sfputs_r>
    1506:	8626                	mv	a2,s1
    1508:	100c                	addi	a1,sp,32
    150a:	854e                	mv	a0,s3
    150c:	00000097          	auipc	ra,0x0
    1510:	000000e7          	jalr	zero # 0 <_sinit>
    1514:	892a                	mv	s2,a0
    1516:	fd4515e3          	bne	a0,s4,14e0 <_vfiprintf_r+0x1de>
    151a:	24de                	lhu	a5,12(s1)
    151c:	0407f793          	andi	a5,a5,64
    1520:	ec079de3          	bnez	a5,13fa <_vfiprintf_r+0xf8>
    1524:	5552                	lw	a0,52(sp)
    1526:	bdd9                	j	13fc <_vfiprintf_r+0xfa>
    1528:	6685                	lui	a3,0x1
    152a:	0878                	addi	a4,sp,28
    152c:	2c268693          	addi	a3,a3,706 # 12c2 <__sfputs_r>
    1530:	8626                	mv	a2,s1
    1532:	100c                	addi	a1,sp,32
    1534:	854e                	mv	a0,s3
    1536:	2231                	jal	1642 <_printf_i>
    1538:	bff1                	j	1514 <_vfiprintf_r+0x212>

0000153a <_printf_common>:
    153a:	7179                	addi	sp,sp,-48
    153c:	ce4e                	sw	s3,28(sp)
    153e:	499c                	lw	a5,16(a1)
    1540:	89ba                	mv	s3,a4
    1542:	4598                	lw	a4,8(a1)
    1544:	d422                	sw	s0,40(sp)
    1546:	d04a                	sw	s2,32(sp)
    1548:	c85a                	sw	s6,16(sp)
    154a:	c65e                	sw	s7,12(sp)
    154c:	d606                	sw	ra,44(sp)
    154e:	d226                	sw	s1,36(sp)
    1550:	cc52                	sw	s4,24(sp)
    1552:	ca56                	sw	s5,20(sp)
    1554:	0ae7e7b3          	max	a5,a5,a4
    1558:	c21c                	sw	a5,0(a2)
    155a:	0435c703          	lbu	a4,67(a1)
    155e:	8b2a                	mv	s6,a0
    1560:	842e                	mv	s0,a1
    1562:	8932                	mv	s2,a2
    1564:	8bb6                	mv	s7,a3
    1566:	c319                	beqz	a4,156c <_printf_common+0x32>
    1568:	0785                	addi	a5,a5,1
    156a:	c21c                	sw	a5,0(a2)
    156c:	401c                	lw	a5,0(s0)
    156e:	0207f793          	andi	a5,a5,32
    1572:	c791                	beqz	a5,157e <_printf_common+0x44>
    1574:	00092783          	lw	a5,0(s2)
    1578:	0789                	addi	a5,a5,2
    157a:	00f92023          	sw	a5,0(s2)
    157e:	4004                	lw	s1,0(s0)
    1580:	8899                	andi	s1,s1,6
    1582:	e891                	bnez	s1,1596 <_printf_common+0x5c>
    1584:	01940a13          	addi	s4,s0,25
    1588:	5afd                	li	s5,-1
    158a:	445c                	lw	a5,12(s0)
    158c:	00092703          	lw	a4,0(s2)
    1590:	8f99                	sub	a5,a5,a4
    1592:	04f4cb63          	blt	s1,a5,15e8 <_printf_common+0xae>
    1596:	401c                	lw	a5,0(s0)
    1598:	04344683          	lbu	a3,67(s0)
    159c:	0207f793          	andi	a5,a5,32
    15a0:	00d036b3          	snez	a3,a3
    15a4:	e7bd                	bnez	a5,1612 <_printf_common+0xd8>
    15a6:	04340613          	addi	a2,s0,67
    15aa:	85de                	mv	a1,s7
    15ac:	855a                	mv	a0,s6
    15ae:	9982                	jalr	s3
    15b0:	57fd                	li	a5,-1
    15b2:	04f50263          	beq	a0,a5,15f6 <_printf_common+0xbc>
    15b6:	401c                	lw	a5,0(s0)
    15b8:	4711                	li	a4,4
    15ba:	4481                	li	s1,0
    15bc:	8b99                	andi	a5,a5,6
    15be:	00e79863          	bne	a5,a4,15ce <_printf_common+0x94>
    15c2:	4444                	lw	s1,12(s0)
    15c4:	00092783          	lw	a5,0(s2)
    15c8:	8c9d                	sub	s1,s1,a5
    15ca:	0a04e4b3          	max	s1,s1,zero
    15ce:	441c                	lw	a5,8(s0)
    15d0:	4818                	lw	a4,16(s0)
    15d2:	00f75463          	bge	a4,a5,15da <_printf_common+0xa0>
    15d6:	8f99                	sub	a5,a5,a4
    15d8:	94be                	add	s1,s1,a5
    15da:	4901                	li	s2,0
    15dc:	0469                	addi	s0,s0,26
    15de:	5a7d                	li	s4,-1
    15e0:	05249863          	bne	s1,s2,1630 <_printf_common+0xf6>
    15e4:	4501                	li	a0,0
    15e6:	a809                	j	15f8 <_printf_common+0xbe>
    15e8:	4685                	li	a3,1
    15ea:	8652                	mv	a2,s4
    15ec:	85de                	mv	a1,s7
    15ee:	855a                	mv	a0,s6
    15f0:	9982                	jalr	s3
    15f2:	01551e63          	bne	a0,s5,160e <_printf_common+0xd4>
    15f6:	557d                	li	a0,-1
    15f8:	50b2                	lw	ra,44(sp)
    15fa:	5422                	lw	s0,40(sp)
    15fc:	5492                	lw	s1,36(sp)
    15fe:	5902                	lw	s2,32(sp)
    1600:	49f2                	lw	s3,28(sp)
    1602:	4a62                	lw	s4,24(sp)
    1604:	4ad2                	lw	s5,20(sp)
    1606:	4b42                	lw	s6,16(sp)
    1608:	4bb2                	lw	s7,12(sp)
    160a:	6145                	addi	sp,sp,48
    160c:	8082                	ret
    160e:	0485                	addi	s1,s1,1
    1610:	bfad                	j	158a <_printf_common+0x50>
    1612:	00d40733          	add	a4,s0,a3
    1616:	03000613          	li	a2,48
    161a:	04c701a3          	sb	a2,67(a4)
    161e:	04544703          	lbu	a4,69(s0)
    1622:	00168793          	addi	a5,a3,1
    1626:	97a2                	add	a5,a5,s0
    1628:	0689                	addi	a3,a3,2
    162a:	04e781a3          	sb	a4,67(a5)
    162e:	bfa5                	j	15a6 <_printf_common+0x6c>
    1630:	4685                	li	a3,1
    1632:	8622                	mv	a2,s0
    1634:	85de                	mv	a1,s7
    1636:	855a                	mv	a0,s6
    1638:	9982                	jalr	s3
    163a:	fb450ee3          	beq	a0,s4,15f6 <_printf_common+0xbc>
    163e:	0905                	addi	s2,s2,1
    1640:	b745                	j	15e0 <_printf_common+0xa6>

00001642 <_printf_i>:
    1642:	7139                	addi	sp,sp,-64
    1644:	dc22                	sw	s0,56(sp)
    1646:	da26                	sw	s1,52(sp)
    1648:	d452                	sw	s4,40(sp)
    164a:	d256                	sw	s5,36(sp)
    164c:	de06                	sw	ra,60(sp)
    164e:	d84a                	sw	s2,48(sp)
    1650:	d64e                	sw	s3,44(sp)
    1652:	2d9c                	lbu	a5,24(a1)
    1654:	84b6                	mv	s1,a3
    1656:	07800693          	li	a3,120
    165a:	8a2a                	mv	s4,a0
    165c:	842e                	mv	s0,a1
    165e:	8ab2                	mv	s5,a2
    1660:	00f6ee63          	bltu	a3,a5,167c <_printf_i+0x3a>
    1664:	06200693          	li	a3,98
    1668:	04358613          	addi	a2,a1,67
    166c:	00f6eb63          	bltu	a3,a5,1682 <_printf_i+0x40>
    1670:	1a078563          	beqz	a5,181a <_printf_i+0x1d8>
    1674:	05800693          	li	a3,88
    1678:	16d78363          	beq	a5,a3,17de <_printf_i+0x19c>
    167c:	04240913          	addi	s2,s0,66
    1680:	a035                	j	16ac <_printf_i+0x6a>
    1682:	f9d78693          	addi	a3,a5,-99
    1686:	0ff6f693          	zext.b	a3,a3
    168a:	45d5                	li	a1,21
    168c:	fed5e8e3          	bltu	a1,a3,167c <_printf_i+0x3a>
    1690:	6589                	lui	a1,0x2
    1692:	01058593          	addi	a1,a1,16 # 2010 <__clz_tab+0x100>
    1696:	20b6c6b3          	sh2add	a3,a3,a1
    169a:	4294                	lw	a3,0(a3)
    169c:	8682                	jr	a3
    169e:	431c                	lw	a5,0(a4)
    16a0:	04240913          	addi	s2,s0,66
    16a4:	00478693          	addi	a3,a5,4
    16a8:	439c                	lw	a5,0(a5)
    16aa:	c314                	sw	a3,0(a4)
    16ac:	04f40123          	sb	a5,66(s0)
    16b0:	4785                	li	a5,1
    16b2:	a279                	j	1840 <_printf_i+0x1fe>
    16b4:	401c                	lw	a5,0(s0)
    16b6:	4308                	lw	a0,0(a4)
    16b8:	0807f693          	andi	a3,a5,128
    16bc:	00450593          	addi	a1,a0,4
    16c0:	c285                	beqz	a3,16e0 <_printf_i+0x9e>
    16c2:	411c                	lw	a5,0(a0)
    16c4:	c30c                	sw	a1,0(a4)
    16c6:	6689                	lui	a3,0x2
    16c8:	0007d863          	bgez	a5,16d8 <_printf_i+0x96>
    16cc:	02d00713          	li	a4,45
    16d0:	40f007b3          	neg	a5,a5
    16d4:	04e401a3          	sb	a4,67(s0)
    16d8:	e8868693          	addi	a3,a3,-376 # 1e88 <_read+0x50>
    16dc:	4729                	li	a4,10
    16de:	a089                	j	1720 <_printf_i+0xde>
    16e0:	0407f693          	andi	a3,a5,64
    16e4:	411c                	lw	a5,0(a0)
    16e6:	c30c                	sw	a1,0(a4)
    16e8:	def9                	beqz	a3,16c6 <_printf_i+0x84>
    16ea:	60579793          	sext.h	a5,a5
    16ee:	bfe1                	j	16c6 <_printf_i+0x84>
    16f0:	400c                	lw	a1,0(s0)
    16f2:	4314                	lw	a3,0(a4)
    16f4:	0805f513          	andi	a0,a1,128
    16f8:	429c                	lw	a5,0(a3)
    16fa:	0691                	addi	a3,a3,4
    16fc:	e511                	bnez	a0,1708 <_printf_i+0xc6>
    16fe:	0405f593          	andi	a1,a1,64
    1702:	c199                	beqz	a1,1708 <_printf_i+0xc6>
    1704:	0807c7b3          	zext.h	a5,a5
    1708:	c314                	sw	a3,0(a4)
    170a:	2c0c                	lbu	a1,24(s0)
    170c:	6689                	lui	a3,0x2
    170e:	06f00713          	li	a4,111
    1712:	e8868693          	addi	a3,a3,-376 # 1e88 <_read+0x50>
    1716:	0ce59d63          	bne	a1,a4,17f0 <_printf_i+0x1ae>
    171a:	4721                	li	a4,8
    171c:	040401a3          	sb	zero,67(s0)
    1720:	404c                	lw	a1,4(s0)
    1722:	c40c                	sw	a1,8(s0)
    1724:	0005c863          	bltz	a1,1734 <_printf_i+0xf2>
    1728:	4008                	lw	a0,0(s0)
    172a:	8ddd                	or	a1,a1,a5
    172c:	8932                	mv	s2,a2
    172e:	996d                	andi	a0,a0,-5
    1730:	c008                	sw	a0,0(s0)
    1732:	cd91                	beqz	a1,174e <_printf_i+0x10c>
    1734:	8932                	mv	s2,a2
    1736:	02e7f5b3          	remu	a1,a5,a4
    173a:	197d                	addi	s2,s2,-1
    173c:	95b6                	add	a1,a1,a3
    173e:	218c                	lbu	a1,0(a1)
    1740:	00b90023          	sb	a1,0(s2)
    1744:	85be                	mv	a1,a5
    1746:	02e7d7b3          	divu	a5,a5,a4
    174a:	fee5f6e3          	bgeu	a1,a4,1736 <_printf_i+0xf4>
    174e:	47a1                	li	a5,8
    1750:	00f71e63          	bne	a4,a5,176c <_printf_i+0x12a>
    1754:	401c                	lw	a5,0(s0)
    1756:	8b85                	andi	a5,a5,1
    1758:	cb91                	beqz	a5,176c <_printf_i+0x12a>
    175a:	4058                	lw	a4,4(s0)
    175c:	481c                	lw	a5,16(s0)
    175e:	00e7c763          	blt	a5,a4,176c <_printf_i+0x12a>
    1762:	03000793          	li	a5,48
    1766:	fef90fa3          	sb	a5,-1(s2)
    176a:	197d                	addi	s2,s2,-1
    176c:	41260633          	sub	a2,a2,s2
    1770:	c810                	sw	a2,16(s0)
    1772:	8726                	mv	a4,s1
    1774:	86d6                	mv	a3,s5
    1776:	0870                	addi	a2,sp,28
    1778:	85a2                	mv	a1,s0
    177a:	8552                	mv	a0,s4
    177c:	3b7d                	jal	153a <_printf_common>
    177e:	59fd                	li	s3,-1
    1780:	0d351463          	bne	a0,s3,1848 <_printf_i+0x206>
    1784:	557d                	li	a0,-1
    1786:	50f2                	lw	ra,60(sp)
    1788:	5462                	lw	s0,56(sp)
    178a:	54d2                	lw	s1,52(sp)
    178c:	5942                	lw	s2,48(sp)
    178e:	59b2                	lw	s3,44(sp)
    1790:	5a22                	lw	s4,40(sp)
    1792:	5a92                	lw	s5,36(sp)
    1794:	6121                	addi	sp,sp,64
    1796:	8082                	ret
    1798:	401c                	lw	a5,0(s0)
    179a:	0207e793          	ori	a5,a5,32
    179e:	c01c                	sw	a5,0(s0)
    17a0:	6689                	lui	a3,0x2
    17a2:	07800793          	li	a5,120
    17a6:	e9c68693          	addi	a3,a3,-356 # 1e9c <_read+0x64>
    17aa:	04f402a3          	sb	a5,69(s0)
    17ae:	400c                	lw	a1,0(s0)
    17b0:	4308                	lw	a0,0(a4)
    17b2:	0805f813          	andi	a6,a1,128
    17b6:	411c                	lw	a5,0(a0)
    17b8:	0511                	addi	a0,a0,4
    17ba:	00081863          	bnez	a6,17ca <_printf_i+0x188>
    17be:	0405f813          	andi	a6,a1,64
    17c2:	00080463          	beqz	a6,17ca <_printf_i+0x188>
    17c6:	0807c7b3          	zext.h	a5,a5
    17ca:	c308                	sw	a0,0(a4)
    17cc:	0015f713          	andi	a4,a1,1
    17d0:	c701                	beqz	a4,17d8 <_printf_i+0x196>
    17d2:	0205e593          	ori	a1,a1,32
    17d6:	c00c                	sw	a1,0(s0)
    17d8:	c799                	beqz	a5,17e6 <_printf_i+0x1a4>
    17da:	4741                	li	a4,16
    17dc:	b781                	j	171c <_printf_i+0xda>
    17de:	6689                	lui	a3,0x2
    17e0:	e8868693          	addi	a3,a3,-376 # 1e88 <_read+0x50>
    17e4:	b7d9                	j	17aa <_printf_i+0x168>
    17e6:	4018                	lw	a4,0(s0)
    17e8:	fdf77713          	andi	a4,a4,-33
    17ec:	c018                	sw	a4,0(s0)
    17ee:	b7f5                	j	17da <_printf_i+0x198>
    17f0:	4729                	li	a4,10
    17f2:	b72d                	j	171c <_printf_i+0xda>
    17f4:	4014                	lw	a3,0(s0)
    17f6:	431c                	lw	a5,0(a4)
    17f8:	484c                	lw	a1,20(s0)
    17fa:	0806f813          	andi	a6,a3,128
    17fe:	00478513          	addi	a0,a5,4
    1802:	00080663          	beqz	a6,180e <_printf_i+0x1cc>
    1806:	c308                	sw	a0,0(a4)
    1808:	439c                	lw	a5,0(a5)
    180a:	c38c                	sw	a1,0(a5)
    180c:	a039                	j	181a <_printf_i+0x1d8>
    180e:	c308                	sw	a0,0(a4)
    1810:	0406f693          	andi	a3,a3,64
    1814:	439c                	lw	a5,0(a5)
    1816:	daf5                	beqz	a3,180a <_printf_i+0x1c8>
    1818:	a38e                	sh	a1,0(a5)
    181a:	00042823          	sw	zero,16(s0)
    181e:	8932                	mv	s2,a2
    1820:	bf89                	j	1772 <_printf_i+0x130>
    1822:	431c                	lw	a5,0(a4)
    1824:	4050                	lw	a2,4(s0)
    1826:	4581                	li	a1,0
    1828:	00478693          	addi	a3,a5,4
    182c:	c314                	sw	a3,0(a4)
    182e:	0007a903          	lw	s2,0(a5)
    1832:	854a                	mv	a0,s2
    1834:	2151                	jal	1cb8 <memchr>
    1836:	c501                	beqz	a0,183e <_printf_i+0x1fc>
    1838:	41250533          	sub	a0,a0,s2
    183c:	c048                	sw	a0,4(s0)
    183e:	405c                	lw	a5,4(s0)
    1840:	c81c                	sw	a5,16(s0)
    1842:	040401a3          	sb	zero,67(s0)
    1846:	b735                	j	1772 <_printf_i+0x130>
    1848:	4814                	lw	a3,16(s0)
    184a:	864a                	mv	a2,s2
    184c:	85d6                	mv	a1,s5
    184e:	8552                	mv	a0,s4
    1850:	9482                	jalr	s1
    1852:	f33509e3          	beq	a0,s3,1784 <_printf_i+0x142>
    1856:	401c                	lw	a5,0(s0)
    1858:	8b89                	andi	a5,a5,2
    185a:	e78d                	bnez	a5,1884 <_printf_i+0x242>
    185c:	4448                	lw	a0,12(s0)
    185e:	47f2                	lw	a5,28(sp)
    1860:	0af56533          	max	a0,a0,a5
    1864:	b70d                	j	1786 <_printf_i+0x144>
    1866:	4685                	li	a3,1
    1868:	85d6                	mv	a1,s5
    186a:	8552                	mv	a0,s4
    186c:	c632                	sw	a2,12(sp)
    186e:	9482                	jalr	s1
    1870:	f1350ae3          	beq	a0,s3,1784 <_printf_i+0x142>
    1874:	4632                	lw	a2,12(sp)
    1876:	0905                	addi	s2,s2,1
    1878:	445c                	lw	a5,12(s0)
    187a:	4772                	lw	a4,28(sp)
    187c:	8f99                	sub	a5,a5,a4
    187e:	fef944e3          	blt	s2,a5,1866 <_printf_i+0x224>
    1882:	bfe9                	j	185c <_printf_i+0x21a>
    1884:	4901                	li	s2,0
    1886:	01940613          	addi	a2,s0,25
    188a:	b7fd                	j	1878 <_printf_i+0x236>

0000188c <__sflush_r>:
    188c:	00c59783          	lh	a5,12(a1)
    1890:	1101                	addi	sp,sp,-32
    1892:	cc22                	sw	s0,24(sp)
    1894:	ca26                	sw	s1,20(sp)
    1896:	ce06                	sw	ra,28(sp)
    1898:	c84a                	sw	s2,16(sp)
    189a:	0087f713          	andi	a4,a5,8
    189e:	84aa                	mv	s1,a0
    18a0:	842e                	mv	s0,a1
    18a2:	ef5d                	bnez	a4,1960 <__sflush_r+0xd4>
    18a4:	41d8                	lw	a4,4(a1)
    18a6:	00e04563          	bgtz	a4,18b0 <__sflush_r+0x24>
    18aa:	41b8                	lw	a4,64(a1)
    18ac:	0ae05863          	blez	a4,195c <__sflush_r+0xd0>
    18b0:	5458                	lw	a4,44(s0)
    18b2:	c74d                	beqz	a4,195c <__sflush_r+0xd0>
    18b4:	0004a903          	lw	s2,0(s1)
    18b8:	01379693          	slli	a3,a5,0x13
    18bc:	0004a023          	sw	zero,0(s1)
    18c0:	0606dc63          	bgez	a3,1938 <__sflush_r+0xac>
    18c4:	4870                	lw	a2,84(s0)
    18c6:	245e                	lhu	a5,12(s0)
    18c8:	8b91                	andi	a5,a5,4
    18ca:	c799                	beqz	a5,18d8 <__sflush_r+0x4c>
    18cc:	405c                	lw	a5,4(s0)
    18ce:	8e1d                	sub	a2,a2,a5
    18d0:	585c                	lw	a5,52(s0)
    18d2:	c399                	beqz	a5,18d8 <__sflush_r+0x4c>
    18d4:	403c                	lw	a5,64(s0)
    18d6:	8e1d                	sub	a2,a2,a5
    18d8:	545c                	lw	a5,44(s0)
    18da:	500c                	lw	a1,32(s0)
    18dc:	4681                	li	a3,0
    18de:	8526                	mv	a0,s1
    18e0:	9782                	jalr	a5
    18e2:	577d                	li	a4,-1
    18e4:	00c41783          	lh	a5,12(s0)
    18e8:	00e51c63          	bne	a0,a4,1900 <__sflush_r+0x74>
    18ec:	4094                	lw	a3,0(s1)
    18ee:	4775                	li	a4,29
    18f0:	08d76f63          	bltu	a4,a3,198e <__sflush_r+0x102>
    18f4:	20400737          	lui	a4,0x20400
    18f8:	0705                	addi	a4,a4,1 # 20400001 <_eusrstack+0x3de001>
    18fa:	48d75633          	bext	a2,a4,a3
    18fe:	ca41                	beqz	a2,198e <__sflush_r+0x102>
    1900:	4818                	lw	a4,16(s0)
    1902:	00042223          	sw	zero,4(s0)
    1906:	c018                	sw	a4,0(s0)
    1908:	01379713          	slli	a4,a5,0x13
    190c:	00075863          	bgez	a4,191c <__sflush_r+0x90>
    1910:	57fd                	li	a5,-1
    1912:	00f51463          	bne	a0,a5,191a <__sflush_r+0x8e>
    1916:	409c                	lw	a5,0(s1)
    1918:	e391                	bnez	a5,191c <__sflush_r+0x90>
    191a:	c868                	sw	a0,84(s0)
    191c:	584c                	lw	a1,52(s0)
    191e:	0124a023          	sw	s2,0(s1)
    1922:	cd8d                	beqz	a1,195c <__sflush_r+0xd0>
    1924:	04440793          	addi	a5,s0,68
    1928:	00f58563          	beq	a1,a5,1932 <__sflush_r+0xa6>
    192c:	8526                	mv	a0,s1
    192e:	f64ff0ef          	jal	1092 <_free_r>
    1932:	02042a23          	sw	zero,52(s0)
    1936:	a01d                	j	195c <__sflush_r+0xd0>
    1938:	500c                	lw	a1,32(s0)
    193a:	4601                	li	a2,0
    193c:	4685                	li	a3,1
    193e:	8526                	mv	a0,s1
    1940:	9702                	jalr	a4
    1942:	57fd                	li	a5,-1
    1944:	862a                	mv	a2,a0
    1946:	f8f510e3          	bne	a0,a5,18c6 <__sflush_r+0x3a>
    194a:	409c                	lw	a5,0(s1)
    194c:	dfad                	beqz	a5,18c6 <__sflush_r+0x3a>
    194e:	fe378713          	addi	a4,a5,-29
    1952:	c319                	beqz	a4,1958 <__sflush_r+0xcc>
    1954:	17a9                	addi	a5,a5,-22
    1956:	eb9d                	bnez	a5,198c <__sflush_r+0x100>
    1958:	0124a023          	sw	s2,0(s1)
    195c:	4501                	li	a0,0
    195e:	a825                	j	1996 <__sflush_r+0x10a>
    1960:	4990                	lw	a2,16(a1)
    1962:	de6d                	beqz	a2,195c <__sflush_r+0xd0>
    1964:	4194                	lw	a3,0(a1)
    1966:	8b8d                	andi	a5,a5,3
    1968:	c190                	sw	a2,0(a1)
    196a:	40c68933          	sub	s2,a3,a2
    196e:	4701                	li	a4,0
    1970:	e391                	bnez	a5,1974 <__sflush_r+0xe8>
    1972:	49d8                	lw	a4,20(a1)
    1974:	c418                	sw	a4,8(s0)
    1976:	ff2053e3          	blez	s2,195c <__sflush_r+0xd0>
    197a:	541c                	lw	a5,40(s0)
    197c:	500c                	lw	a1,32(s0)
    197e:	86ca                	mv	a3,s2
    1980:	8526                	mv	a0,s1
    1982:	c632                	sw	a2,12(sp)
    1984:	9782                	jalr	a5
    1986:	4632                	lw	a2,12(sp)
    1988:	00a04d63          	bgtz	a0,19a2 <__sflush_r+0x116>
    198c:	245e                	lhu	a5,12(s0)
    198e:	0407e793          	ori	a5,a5,64
    1992:	a45e                	sh	a5,12(s0)
    1994:	557d                	li	a0,-1
    1996:	40f2                	lw	ra,28(sp)
    1998:	4462                	lw	s0,24(sp)
    199a:	44d2                	lw	s1,20(sp)
    199c:	4942                	lw	s2,16(sp)
    199e:	6105                	addi	sp,sp,32
    19a0:	8082                	ret
    19a2:	962a                	add	a2,a2,a0
    19a4:	40a90933          	sub	s2,s2,a0
    19a8:	b7f9                	j	1976 <__sflush_r+0xea>

000019aa <_fflush_r>:
    19aa:	499c                	lw	a5,16(a1)
    19ac:	cb85                	beqz	a5,19dc <_fflush_r+0x32>
    19ae:	1101                	addi	sp,sp,-32
    19b0:	cc22                	sw	s0,24(sp)
    19b2:	ce06                	sw	ra,28(sp)
    19b4:	842a                	mv	s0,a0
    19b6:	c511                	beqz	a0,19c2 <_fflush_r+0x18>
    19b8:	511c                	lw	a5,32(a0)
    19ba:	e781                	bnez	a5,19c2 <_fflush_r+0x18>
    19bc:	c62e                	sw	a1,12(sp)
    19be:	2a19                	jal	1ad4 <__sinit>
    19c0:	45b2                	lw	a1,12(sp)
    19c2:	00c59783          	lh	a5,12(a1)
    19c6:	c791                	beqz	a5,19d2 <_fflush_r+0x28>
    19c8:	8522                	mv	a0,s0
    19ca:	4462                	lw	s0,24(sp)
    19cc:	40f2                	lw	ra,28(sp)
    19ce:	6105                	addi	sp,sp,32
    19d0:	bd75                	j	188c <__sflush_r>
    19d2:	40f2                	lw	ra,28(sp)
    19d4:	4462                	lw	s0,24(sp)
    19d6:	4501                	li	a0,0
    19d8:	6105                	addi	sp,sp,32
    19da:	8082                	ret
    19dc:	4501                	li	a0,0
    19de:	8082                	ret

000019e0 <std>:
    19e0:	1141                	addi	sp,sp,-16
    19e2:	c422                	sw	s0,8(sp)
    19e4:	c606                	sw	ra,12(sp)
    19e6:	842a                	mv	s0,a0
    19e8:	a54e                	sh	a1,12(a0)
    19ea:	a572                	sh	a2,14(a0)
    19ec:	00052023          	sw	zero,0(a0)
    19f0:	00052223          	sw	zero,4(a0)
    19f4:	00052423          	sw	zero,8(a0)
    19f8:	06052223          	sw	zero,100(a0)
    19fc:	00052823          	sw	zero,16(a0)
    1a00:	00052a23          	sw	zero,20(a0)
    1a04:	00052c23          	sw	zero,24(a0)
    1a08:	4621                	li	a2,8
    1a0a:	4581                	li	a1,0
    1a0c:	05c50513          	addi	a0,a0,92
    1a10:	ff8fe0ef          	jal	208 <memset>
    1a14:	6789                	lui	a5,0x2
    1a16:	c1278793          	addi	a5,a5,-1006 # 1c12 <__sread>
    1a1a:	d05c                	sw	a5,36(s0)
    1a1c:	6789                	lui	a5,0x2
    1a1e:	c3c78793          	addi	a5,a5,-964 # 1c3c <__swrite>
    1a22:	d41c                	sw	a5,40(s0)
    1a24:	6789                	lui	a5,0x2
    1a26:	c8278793          	addi	a5,a5,-894 # 1c82 <__sseek>
    1a2a:	d45c                	sw	a5,44(s0)
    1a2c:	6789                	lui	a5,0x2
    1a2e:	cb278793          	addi	a5,a5,-846 # 1cb2 <__sclose>
    1a32:	40b2                	lw	ra,12(sp)
    1a34:	d000                	sw	s0,32(s0)
    1a36:	d81c                	sw	a5,48(s0)
    1a38:	4422                	lw	s0,8(sp)
    1a3a:	0141                	addi	sp,sp,16
    1a3c:	8082                	ret

00001a3e <stdio_exit_handler>:
    1a3e:	20000637          	lui	a2,0x20000
    1a42:	6589                	lui	a1,0x2
    1a44:	20000537          	lui	a0,0x20000
    1a48:	44c60613          	addi	a2,a2,1100 # 2000044c <__sglue>
    1a4c:	9aa58593          	addi	a1,a1,-1622 # 19aa <_fflush_r>
    1a50:	40050513          	addi	a0,a0,1024 # 20000400 <_impure_data>
    1a54:	a859                	j	1aea <_fwalk_sglue>

00001a56 <cleanup_stdio>:
    1a56:	414c                	lw	a1,4(a0)
    1a58:	1141                	addi	sp,sp,-16
    1a5a:	200007b7          	lui	a5,0x20000
    1a5e:	c422                	sw	s0,8(sp)
    1a60:	c606                	sw	ra,12(sp)
    1a62:	50878793          	addi	a5,a5,1288 # 20000508 <__sf>
    1a66:	842a                	mv	s0,a0
    1a68:	00f58363          	beq	a1,a5,1a6e <cleanup_stdio+0x18>
    1a6c:	3f3d                	jal	19aa <_fflush_r>
    1a6e:	440c                	lw	a1,8(s0)
    1a70:	200007b7          	lui	a5,0x20000
    1a74:	57078793          	addi	a5,a5,1392 # 20000570 <__sf+0x68>
    1a78:	00f58463          	beq	a1,a5,1a80 <cleanup_stdio+0x2a>
    1a7c:	8522                	mv	a0,s0
    1a7e:	3735                	jal	19aa <_fflush_r>
    1a80:	444c                	lw	a1,12(s0)
    1a82:	90818793          	addi	a5,gp,-1784 # 200005d8 <__sf+0xd0>
    1a86:	00f58763          	beq	a1,a5,1a94 <cleanup_stdio+0x3e>
    1a8a:	8522                	mv	a0,s0
    1a8c:	4422                	lw	s0,8(sp)
    1a8e:	40b2                	lw	ra,12(sp)
    1a90:	0141                	addi	sp,sp,16
    1a92:	bf21                	j	19aa <_fflush_r>
    1a94:	40b2                	lw	ra,12(sp)
    1a96:	4422                	lw	s0,8(sp)
    1a98:	0141                	addi	sp,sp,16
    1a9a:	8082                	ret

00001a9c <global_stdio_init.part.0>:
    1a9c:	6789                	lui	a5,0x2
    1a9e:	20000537          	lui	a0,0x20000
    1aa2:	1141                	addi	sp,sp,-16
    1aa4:	a3e78793          	addi	a5,a5,-1474 # 1a3e <stdio_exit_handler>
    1aa8:	4601                	li	a2,0
    1aaa:	4591                	li	a1,4
    1aac:	50850513          	addi	a0,a0,1288 # 20000508 <__sf>
    1ab0:	c606                	sw	ra,12(sp)
    1ab2:	82f1a823          	sw	a5,-2000(gp) # 20000500 <__stdio_exit_handler>
    1ab6:	372d                	jal	19e0 <std>
    1ab8:	20000537          	lui	a0,0x20000
    1abc:	4605                	li	a2,1
    1abe:	45a5                	li	a1,9
    1ac0:	57050513          	addi	a0,a0,1392 # 20000570 <__sf+0x68>
    1ac4:	3f31                	jal	19e0 <std>
    1ac6:	40b2                	lw	ra,12(sp)
    1ac8:	4609                	li	a2,2
    1aca:	45c9                	li	a1,18
    1acc:	90818513          	addi	a0,gp,-1784 # 200005d8 <__sf+0xd0>
    1ad0:	0141                	addi	sp,sp,16
    1ad2:	b739                	j	19e0 <std>

00001ad4 <__sinit>:
    1ad4:	511c                	lw	a5,32(a0)
    1ad6:	eb89                	bnez	a5,1ae8 <__sinit+0x14>
    1ad8:	6789                	lui	a5,0x2
    1ada:	a5678793          	addi	a5,a5,-1450 # 1a56 <cleanup_stdio>
    1ade:	d11c                	sw	a5,32(a0)
    1ae0:	8301a783          	lw	a5,-2000(gp) # 20000500 <__stdio_exit_handler>
    1ae4:	e391                	bnez	a5,1ae8 <__sinit+0x14>
    1ae6:	bf5d                	j	1a9c <global_stdio_init.part.0>
    1ae8:	8082                	ret

00001aea <_fwalk_sglue>:
    1aea:	7179                	addi	sp,sp,-48
    1aec:	d422                	sw	s0,40(sp)
    1aee:	d04a                	sw	s2,32(sp)
    1af0:	ce4e                	sw	s3,28(sp)
    1af2:	cc52                	sw	s4,24(sp)
    1af4:	ca56                	sw	s5,20(sp)
    1af6:	d606                	sw	ra,44(sp)
    1af8:	d226                	sw	s1,36(sp)
    1afa:	8a2a                	mv	s4,a0
    1afc:	8aae                	mv	s5,a1
    1afe:	4401                	li	s0,0
    1b00:	4905                	li	s2,1
    1b02:	59fd                	li	s3,-1
    1b04:	460c                	lw	a1,8(a2)
    1b06:	4244                	lw	s1,4(a2)
    1b08:	14fd                	addi	s1,s1,-1
    1b0a:	0004de63          	bgez	s1,1b26 <_fwalk_sglue+0x3c>
    1b0e:	4210                	lw	a2,0(a2)
    1b10:	fa75                	bnez	a2,1b04 <_fwalk_sglue+0x1a>
    1b12:	50b2                	lw	ra,44(sp)
    1b14:	8522                	mv	a0,s0
    1b16:	5422                	lw	s0,40(sp)
    1b18:	5492                	lw	s1,36(sp)
    1b1a:	5902                	lw	s2,32(sp)
    1b1c:	49f2                	lw	s3,28(sp)
    1b1e:	4a62                	lw	s4,24(sp)
    1b20:	4ad2                	lw	s5,20(sp)
    1b22:	6145                	addi	sp,sp,48
    1b24:	8082                	ret
    1b26:	25de                	lhu	a5,12(a1)
    1b28:	00f97d63          	bgeu	s2,a5,1b42 <_fwalk_sglue+0x58>
    1b2c:	00e59783          	lh	a5,14(a1)
    1b30:	01378963          	beq	a5,s3,1b42 <_fwalk_sglue+0x58>
    1b34:	8552                	mv	a0,s4
    1b36:	c632                	sw	a2,12(sp)
    1b38:	c42e                	sw	a1,8(sp)
    1b3a:	9a82                	jalr	s5
    1b3c:	4632                	lw	a2,12(sp)
    1b3e:	45a2                	lw	a1,8(sp)
    1b40:	8c49                	or	s0,s0,a0
    1b42:	06858593          	addi	a1,a1,104
    1b46:	b7c9                	j	1b08 <_fwalk_sglue+0x1e>

00001b48 <__swhatbuf_r>:
    1b48:	7119                	addi	sp,sp,-128
    1b4a:	dca2                	sw	s0,120(sp)
    1b4c:	842e                	mv	s0,a1
    1b4e:	00e59583          	lh	a1,14(a1)
    1b52:	daa6                	sw	s1,116(sp)
    1b54:	de86                	sw	ra,124(sp)
    1b56:	84b2                	mv	s1,a2
    1b58:	0205d063          	bgez	a1,1b78 <__swhatbuf_r+0x30>
    1b5c:	245e                	lhu	a5,12(s0)
    1b5e:	0807f793          	andi	a5,a5,128
    1b62:	eb8d                	bnez	a5,1b94 <__swhatbuf_r+0x4c>
    1b64:	40000713          	li	a4,1024
    1b68:	50f6                	lw	ra,124(sp)
    1b6a:	5466                	lw	s0,120(sp)
    1b6c:	c29c                	sw	a5,0(a3)
    1b6e:	c098                	sw	a4,0(s1)
    1b70:	4501                	li	a0,0
    1b72:	54d6                	lw	s1,116(sp)
    1b74:	6109                	addi	sp,sp,128
    1b76:	8082                	ret
    1b78:	0830                	addi	a2,sp,24
    1b7a:	c636                	sw	a3,12(sp)
    1b7c:	2abd                	jal	1cfa <_fstat_r>
    1b7e:	46b2                	lw	a3,12(sp)
    1b80:	fc054ee3          	bltz	a0,1b5c <__swhatbuf_r+0x14>
    1b84:	47f2                	lw	a5,28(sp)
    1b86:	673d                	lui	a4,0xf
    1b88:	8ff9                	and	a5,a5,a4
    1b8a:	7779                	lui	a4,0xffffe
    1b8c:	97ba                	add	a5,a5,a4
    1b8e:	0017b793          	seqz	a5,a5
    1b92:	bfc9                	j	1b64 <__swhatbuf_r+0x1c>
    1b94:	4781                	li	a5,0
    1b96:	04000713          	li	a4,64
    1b9a:	b7f9                	j	1b68 <__swhatbuf_r+0x20>

00001b9c <__smakebuf_r>:
    1b9c:	25de                	lhu	a5,12(a1)
    1b9e:	7179                	addi	sp,sp,-48
    1ba0:	d422                	sw	s0,40(sp)
    1ba2:	d606                	sw	ra,44(sp)
    1ba4:	d226                	sw	s1,36(sp)
    1ba6:	8b89                	andi	a5,a5,2
    1ba8:	842e                	mv	s0,a1
    1baa:	cf81                	beqz	a5,1bc2 <__smakebuf_r+0x26>
    1bac:	04740793          	addi	a5,s0,71
    1bb0:	c01c                	sw	a5,0(s0)
    1bb2:	c81c                	sw	a5,16(s0)
    1bb4:	4785                	li	a5,1
    1bb6:	c85c                	sw	a5,20(s0)
    1bb8:	50b2                	lw	ra,44(sp)
    1bba:	5422                	lw	s0,40(sp)
    1bbc:	5492                	lw	s1,36(sp)
    1bbe:	6145                	addi	sp,sp,48
    1bc0:	8082                	ret
    1bc2:	0874                	addi	a3,sp,28
    1bc4:	0830                	addi	a2,sp,24
    1bc6:	84aa                	mv	s1,a0
    1bc8:	3741                	jal	1b48 <__swhatbuf_r>
    1bca:	45e2                	lw	a1,24(sp)
    1bcc:	8526                	mv	a0,s1
    1bce:	c62e                	sw	a1,12(sp)
    1bd0:	db6ff0ef          	jal	1186 <_malloc_r>
    1bd4:	00c41783          	lh	a5,12(s0)
    1bd8:	45b2                	lw	a1,12(sp)
    1bda:	e909                	bnez	a0,1bec <__smakebuf_r+0x50>
    1bdc:	2007f713          	andi	a4,a5,512
    1be0:	ff61                	bnez	a4,1bb8 <__smakebuf_r+0x1c>
    1be2:	9bf1                	andi	a5,a5,-4
    1be4:	0027e793          	ori	a5,a5,2
    1be8:	a45e                	sh	a5,12(s0)
    1bea:	b7c9                	j	1bac <__smakebuf_r+0x10>
    1bec:	0807e793          	ori	a5,a5,128
    1bf0:	a45e                	sh	a5,12(s0)
    1bf2:	47f2                	lw	a5,28(sp)
    1bf4:	c008                	sw	a0,0(s0)
    1bf6:	c808                	sw	a0,16(s0)
    1bf8:	c84c                	sw	a1,20(s0)
    1bfa:	dfdd                	beqz	a5,1bb8 <__smakebuf_r+0x1c>
    1bfc:	00e41583          	lh	a1,14(s0)
    1c00:	8526                	mv	a0,s1
    1c02:	2215                	jal	1d26 <_isatty_r>
    1c04:	d955                	beqz	a0,1bb8 <__smakebuf_r+0x1c>
    1c06:	245e                	lhu	a5,12(s0)
    1c08:	9bf1                	andi	a5,a5,-4
    1c0a:	0017e793          	ori	a5,a5,1
    1c0e:	a45e                	sh	a5,12(s0)
    1c10:	b765                	j	1bb8 <__smakebuf_r+0x1c>

00001c12 <__sread>:
    1c12:	1141                	addi	sp,sp,-16
    1c14:	c422                	sw	s0,8(sp)
    1c16:	842e                	mv	s0,a1
    1c18:	00e59583          	lh	a1,14(a1)
    1c1c:	c606                	sw	ra,12(sp)
    1c1e:	2285                	jal	1d7e <_read_r>
    1c20:	00054963          	bltz	a0,1c32 <__sread+0x20>
    1c24:	487c                	lw	a5,84(s0)
    1c26:	97aa                	add	a5,a5,a0
    1c28:	c87c                	sw	a5,84(s0)
    1c2a:	40b2                	lw	ra,12(sp)
    1c2c:	4422                	lw	s0,8(sp)
    1c2e:	0141                	addi	sp,sp,16
    1c30:	8082                	ret
    1c32:	245e                	lhu	a5,12(s0)
    1c34:	48c79793          	bclri	a5,a5,0xc
    1c38:	a45e                	sh	a5,12(s0)
    1c3a:	bfc5                	j	1c2a <__sread+0x18>

00001c3c <__swrite>:
    1c3c:	25de                	lhu	a5,12(a1)
    1c3e:	1101                	addi	sp,sp,-32
    1c40:	cc22                	sw	s0,24(sp)
    1c42:	ca26                	sw	s1,20(sp)
    1c44:	c84a                	sw	s2,16(sp)
    1c46:	c64e                	sw	s3,12(sp)
    1c48:	ce06                	sw	ra,28(sp)
    1c4a:	1007f793          	andi	a5,a5,256
    1c4e:	84aa                	mv	s1,a0
    1c50:	842e                	mv	s0,a1
    1c52:	8932                	mv	s2,a2
    1c54:	89b6                	mv	s3,a3
    1c56:	c791                	beqz	a5,1c62 <__swrite+0x26>
    1c58:	00e59583          	lh	a1,14(a1)
    1c5c:	4689                	li	a3,2
    1c5e:	4601                	li	a2,0
    1c60:	28c5                	jal	1d50 <_lseek_r>
    1c62:	245e                	lhu	a5,12(s0)
    1c64:	00e41583          	lh	a1,14(s0)
    1c68:	40f2                	lw	ra,28(sp)
    1c6a:	48c79793          	bclri	a5,a5,0xc
    1c6e:	a45e                	sh	a5,12(s0)
    1c70:	4462                	lw	s0,24(sp)
    1c72:	86ce                	mv	a3,s3
    1c74:	864a                	mv	a2,s2
    1c76:	49b2                	lw	s3,12(sp)
    1c78:	4942                	lw	s2,16(sp)
    1c7a:	8526                	mv	a0,s1
    1c7c:	44d2                	lw	s1,20(sp)
    1c7e:	6105                	addi	sp,sp,32
    1c80:	aaa1                	j	1dd8 <_write_r>

00001c82 <__sseek>:
    1c82:	1141                	addi	sp,sp,-16
    1c84:	c422                	sw	s0,8(sp)
    1c86:	842e                	mv	s0,a1
    1c88:	00e59583          	lh	a1,14(a1)
    1c8c:	c606                	sw	ra,12(sp)
    1c8e:	20c9                	jal	1d50 <_lseek_r>
    1c90:	577d                	li	a4,-1
    1c92:	00c41783          	lh	a5,12(s0)
    1c96:	00e51963          	bne	a0,a4,1ca8 <__sseek+0x26>
    1c9a:	48c79793          	bclri	a5,a5,0xc
    1c9e:	a45e                	sh	a5,12(s0)
    1ca0:	40b2                	lw	ra,12(sp)
    1ca2:	4422                	lw	s0,8(sp)
    1ca4:	0141                	addi	sp,sp,16
    1ca6:	8082                	ret
    1ca8:	28c79793          	bseti	a5,a5,0xc
    1cac:	a45e                	sh	a5,12(s0)
    1cae:	c868                	sw	a0,84(s0)
    1cb0:	bfc5                	j	1ca0 <__sseek+0x1e>

00001cb2 <__sclose>:
    1cb2:	00e59583          	lh	a1,14(a1)
    1cb6:	a829                	j	1cd0 <_close_r>

00001cb8 <memchr>:
    1cb8:	0ff5f593          	zext.b	a1,a1
    1cbc:	962a                	add	a2,a2,a0
    1cbe:	00c51463          	bne	a0,a2,1cc6 <memchr+0xe>
    1cc2:	4501                	li	a0,0
    1cc4:	8082                	ret
    1cc6:	211c                	lbu	a5,0(a0)
    1cc8:	feb78ee3          	beq	a5,a1,1cc4 <memchr+0xc>
    1ccc:	0505                	addi	a0,a0,1
    1cce:	bfc5                	j	1cbe <memchr+0x6>

00001cd0 <_close_r>:
    1cd0:	1141                	addi	sp,sp,-16
    1cd2:	c422                	sw	s0,8(sp)
    1cd4:	c226                	sw	s1,4(sp)
    1cd6:	84aa                	mv	s1,a0
    1cd8:	852e                	mv	a0,a1
    1cda:	c606                	sw	ra,12(sp)
    1cdc:	8201aa23          	sw	zero,-1996(gp) # 20000504 <errno>
    1ce0:	2225                	jal	1e08 <_close>
    1ce2:	57fd                	li	a5,-1
    1ce4:	00f51663          	bne	a0,a5,1cf0 <_close_r+0x20>
    1ce8:	8341a783          	lw	a5,-1996(gp) # 20000504 <errno>
    1cec:	c391                	beqz	a5,1cf0 <_close_r+0x20>
    1cee:	c09c                	sw	a5,0(s1)
    1cf0:	40b2                	lw	ra,12(sp)
    1cf2:	4422                	lw	s0,8(sp)
    1cf4:	4492                	lw	s1,4(sp)
    1cf6:	0141                	addi	sp,sp,16
    1cf8:	8082                	ret

00001cfa <_fstat_r>:
    1cfa:	1141                	addi	sp,sp,-16
    1cfc:	c422                	sw	s0,8(sp)
    1cfe:	c226                	sw	s1,4(sp)
    1d00:	84aa                	mv	s1,a0
    1d02:	852e                	mv	a0,a1
    1d04:	85b2                	mv	a1,a2
    1d06:	c606                	sw	ra,12(sp)
    1d08:	8201aa23          	sw	zero,-1996(gp) # 20000504 <errno>
    1d0c:	2221                	jal	1e14 <_fstat>
    1d0e:	57fd                	li	a5,-1
    1d10:	00f51663          	bne	a0,a5,1d1c <_fstat_r+0x22>
    1d14:	8341a783          	lw	a5,-1996(gp) # 20000504 <errno>
    1d18:	c391                	beqz	a5,1d1c <_fstat_r+0x22>
    1d1a:	c09c                	sw	a5,0(s1)
    1d1c:	40b2                	lw	ra,12(sp)
    1d1e:	4422                	lw	s0,8(sp)
    1d20:	4492                	lw	s1,4(sp)
    1d22:	0141                	addi	sp,sp,16
    1d24:	8082                	ret

00001d26 <_isatty_r>:
    1d26:	1141                	addi	sp,sp,-16
    1d28:	c422                	sw	s0,8(sp)
    1d2a:	c226                	sw	s1,4(sp)
    1d2c:	84aa                	mv	s1,a0
    1d2e:	852e                	mv	a0,a1
    1d30:	c606                	sw	ra,12(sp)
    1d32:	8201aa23          	sw	zero,-1996(gp) # 20000504 <errno>
    1d36:	20ed                	jal	1e20 <_isatty>
    1d38:	57fd                	li	a5,-1
    1d3a:	00f51663          	bne	a0,a5,1d46 <_isatty_r+0x20>
    1d3e:	8341a783          	lw	a5,-1996(gp) # 20000504 <errno>
    1d42:	c391                	beqz	a5,1d46 <_isatty_r+0x20>
    1d44:	c09c                	sw	a5,0(s1)
    1d46:	40b2                	lw	ra,12(sp)
    1d48:	4422                	lw	s0,8(sp)
    1d4a:	4492                	lw	s1,4(sp)
    1d4c:	0141                	addi	sp,sp,16
    1d4e:	8082                	ret

00001d50 <_lseek_r>:
    1d50:	1141                	addi	sp,sp,-16
    1d52:	c422                	sw	s0,8(sp)
    1d54:	c226                	sw	s1,4(sp)
    1d56:	84aa                	mv	s1,a0
    1d58:	852e                	mv	a0,a1
    1d5a:	85b2                	mv	a1,a2
    1d5c:	8636                	mv	a2,a3
    1d5e:	c606                	sw	ra,12(sp)
    1d60:	8201aa23          	sw	zero,-1996(gp) # 20000504 <errno>
    1d64:	20e1                	jal	1e2c <_lseek>
    1d66:	57fd                	li	a5,-1
    1d68:	00f51663          	bne	a0,a5,1d74 <_lseek_r+0x24>
    1d6c:	8341a783          	lw	a5,-1996(gp) # 20000504 <errno>
    1d70:	c391                	beqz	a5,1d74 <_lseek_r+0x24>
    1d72:	c09c                	sw	a5,0(s1)
    1d74:	40b2                	lw	ra,12(sp)
    1d76:	4422                	lw	s0,8(sp)
    1d78:	4492                	lw	s1,4(sp)
    1d7a:	0141                	addi	sp,sp,16
    1d7c:	8082                	ret

00001d7e <_read_r>:
    1d7e:	1141                	addi	sp,sp,-16
    1d80:	c422                	sw	s0,8(sp)
    1d82:	c226                	sw	s1,4(sp)
    1d84:	84aa                	mv	s1,a0
    1d86:	852e                	mv	a0,a1
    1d88:	85b2                	mv	a1,a2
    1d8a:	8636                	mv	a2,a3
    1d8c:	c606                	sw	ra,12(sp)
    1d8e:	8201aa23          	sw	zero,-1996(gp) # 20000504 <errno>
    1d92:	205d                	jal	1e38 <_read>
    1d94:	57fd                	li	a5,-1
    1d96:	00f51663          	bne	a0,a5,1da2 <_read_r+0x24>
    1d9a:	8341a783          	lw	a5,-1996(gp) # 20000504 <errno>
    1d9e:	c391                	beqz	a5,1da2 <_read_r+0x24>
    1da0:	c09c                	sw	a5,0(s1)
    1da2:	40b2                	lw	ra,12(sp)
    1da4:	4422                	lw	s0,8(sp)
    1da6:	4492                	lw	s1,4(sp)
    1da8:	0141                	addi	sp,sp,16
    1daa:	8082                	ret

00001dac <_sbrk_r>:
    1dac:	1141                	addi	sp,sp,-16
    1dae:	c422                	sw	s0,8(sp)
    1db0:	c226                	sw	s1,4(sp)
    1db2:	84aa                	mv	s1,a0
    1db4:	852e                	mv	a0,a1
    1db6:	c606                	sw	ra,12(sp)
    1db8:	8201aa23          	sw	zero,-1996(gp) # 20000504 <errno>
    1dbc:	dadfe0ef          	jal	b68 <_sbrk>
    1dc0:	57fd                	li	a5,-1
    1dc2:	00f51663          	bne	a0,a5,1dce <_sbrk_r+0x22>
    1dc6:	8341a783          	lw	a5,-1996(gp) # 20000504 <errno>
    1dca:	c391                	beqz	a5,1dce <_sbrk_r+0x22>
    1dcc:	c09c                	sw	a5,0(s1)
    1dce:	40b2                	lw	ra,12(sp)
    1dd0:	4422                	lw	s0,8(sp)
    1dd2:	4492                	lw	s1,4(sp)
    1dd4:	0141                	addi	sp,sp,16
    1dd6:	8082                	ret

00001dd8 <_write_r>:
    1dd8:	1141                	addi	sp,sp,-16
    1dda:	c422                	sw	s0,8(sp)
    1ddc:	c226                	sw	s1,4(sp)
    1dde:	84aa                	mv	s1,a0
    1de0:	852e                	mv	a0,a1
    1de2:	85b2                	mv	a1,a2
    1de4:	8636                	mv	a2,a3
    1de6:	c606                	sw	ra,12(sp)
    1de8:	8201aa23          	sw	zero,-1996(gp) # 20000504 <errno>
    1dec:	d3ffe0ef          	jal	b2a <_write>
    1df0:	57fd                	li	a5,-1
    1df2:	00f51663          	bne	a0,a5,1dfe <_write_r+0x26>
    1df6:	8341a783          	lw	a5,-1996(gp) # 20000504 <errno>
    1dfa:	c391                	beqz	a5,1dfe <_write_r+0x26>
    1dfc:	c09c                	sw	a5,0(s1)
    1dfe:	40b2                	lw	ra,12(sp)
    1e00:	4422                	lw	s0,8(sp)
    1e02:	4492                	lw	s1,4(sp)
    1e04:	0141                	addi	sp,sp,16
    1e06:	8082                	ret

00001e08 <_close>:
    1e08:	05800713          	li	a4,88
    1e0c:	82e1aa23          	sw	a4,-1996(gp) # 20000504 <errno>
    1e10:	557d                	li	a0,-1
    1e12:	8082                	ret

00001e14 <_fstat>:
    1e14:	05800713          	li	a4,88
    1e18:	82e1aa23          	sw	a4,-1996(gp) # 20000504 <errno>
    1e1c:	557d                	li	a0,-1
    1e1e:	8082                	ret

00001e20 <_isatty>:
    1e20:	05800713          	li	a4,88
    1e24:	82e1aa23          	sw	a4,-1996(gp) # 20000504 <errno>
    1e28:	4501                	li	a0,0
    1e2a:	8082                	ret

00001e2c <_lseek>:
    1e2c:	05800713          	li	a4,88
    1e30:	82e1aa23          	sw	a4,-1996(gp) # 20000504 <errno>
    1e34:	557d                	li	a0,-1
    1e36:	8082                	ret

00001e38 <_read>:
    1e38:	05800713          	li	a4,88
    1e3c:	82e1aa23          	sw	a4,-1996(gp) # 20000504 <errno>
    1e40:	557d                	li	a0,-1
    1e42:	8082                	ret
    1e44:	74737953          	.insn	4, 0x74737953
    1e48:	6d65                	lui	s10,0x19
    1e4a:	3a6b6c43          	.insn	4, 0x3a6b6c43
    1e4e:	6425                	lui	s0,0x9
    1e50:	0a0d                	addi	s4,s4,3
    1e52:	0000                	unimp
    1e54:	70696843          	.insn	4, 0x70696843
    1e58:	4449                	li	s0,18
    1e5a:	253a                	lhu	a4,10(a0)
    1e5c:	3830                	lbu	a2,19(s0)
    1e5e:	0d78                	addi	a4,sp,668
    1e60:	000a                	c.slli	zero,0x2
    1e62:	0000                	unimp
    1e64:	74726143          	.insn	4, 0x74726143
    1e68:	6920                	.insn	2, 0x6920
    1e6a:	696e                	.insn	2, 0x696e
    1e6c:	2074                	lbu	a3,6(s0)
    1e6e:	6f64                	.insn	2, 0x6f64
    1e70:	656e                	.insn	2, 0x656e
    1e72:	000d                	c.nop	3
    1e74:	2b302d23          	sw	s3,698(zero) # 2ba <NMI_Handler>
    1e78:	0020                	addi	s0,sp,8
    1e7a:	0000                	unimp
    1e7c:	6c68                	.insn	2, 0x6c68
    1e7e:	004c                	addi	a1,sp,4
    1e80:	6665                	lui	a2,0x19
    1e82:	47464567          	.insn	4, 0x47464567
    1e86:	0000                	unimp
    1e88:	3130                	lbu	a2,3(a0)
    1e8a:	3332                	lhu	a2,34(a4)
    1e8c:	3534                	lbu	a3,11(a0)
    1e8e:	3736                	lhu	a3,42(a4)
    1e90:	3938                	lbu	a4,19(a0)
    1e92:	4241                	li	tp,16
    1e94:	46454443          	.insn	4, 0x46454443
    1e98:	0000                	unimp
    1e9a:	0000                	unimp
    1e9c:	3130                	lbu	a2,3(a0)
    1e9e:	3332                	lhu	a2,34(a4)
    1ea0:	3534                	lbu	a3,11(a0)
    1ea2:	3736                	lhu	a3,42(a4)
    1ea4:	3938                	lbu	a4,19(a0)
    1ea6:	6261                	lui	tp,0x18
    1ea8:	66656463          	bltu	a0,t1,2510 <hello_rom+0x4a8>
    1eac:	0000                	unimp
	...

00001eb0 <PLLMULTB>:
    1eb0:	0908 0b0a 190c 1b0d 1d0e 1f0f 2110 2311     .............!.#
    1ec0:	2512 2713 1514 1816 1c1a 201e 2422 2826     .%.'....... "$&(

00001ed0 <HBPrescTable>:
	...
    1ed8:	0201 0403 0706 0908                         ........

00001ee0 <PLLMULTB>:
    1ee0:	0908 0b0a 190c 1b0d 1d0e 1f0f 2110 2311     .............!.#
    1ef0:	2512 2713 1514 1816 1c1a 201e 2422 2826     .%.'....... "$&(

00001f00 <HBPrescTable>:
	...
    1f08:	0201 0403 0706 0908                         ........

00001f10 <__clz_tab>:
    1f10:	0100 0202 0303 0303 0404 0404 0404 0404     ................
    1f20:	0505 0505 0505 0505 0505 0505 0505 0505     ................
    1f30:	0606 0606 0606 0606 0606 0606 0606 0606     ................
    1f40:	0606 0606 0606 0606 0606 0606 0606 0606     ................
    1f50:	0707 0707 0707 0707 0707 0707 0707 0707     ................
    1f60:	0707 0707 0707 0707 0707 0707 0707 0707     ................
    1f70:	0707 0707 0707 0707 0707 0707 0707 0707     ................
    1f80:	0707 0707 0707 0707 0707 0707 0707 0707     ................
    1f90:	0808 0808 0808 0808 0808 0808 0808 0808     ................
    1fa0:	0808 0808 0808 0808 0808 0808 0808 0808     ................
    1fb0:	0808 0808 0808 0808 0808 0808 0808 0808     ................
    1fc0:	0808 0808 0808 0808 0808 0808 0808 0808     ................
    1fd0:	0808 0808 0808 0808 0808 0808 0808 0808     ................
    1fe0:	0808 0808 0808 0808 0808 0808 0808 0808     ................
    1ff0:	0808 0808 0808 0808 0808 0808 0808 0808     ................
    2000:	0808 0808 0808 0808 0808 0808 0808 0808     ................
    2010:	169e 0000 16b4 0000 167c 0000 167c 0000     ........|...|...
    2020:	167c 0000 167c 0000 16b4 0000 167c 0000     |...|.......|...
    2030:	167c 0000 167c 0000 167c 0000 17f4 0000     |...|...|.......
    2040:	16f0 0000 1798 0000 167c 0000 167c 0000     ........|...|...
    2050:	1822 0000 167c 0000 16f0 0000 167c 0000     "...|.......|...
    2060:	167c 0000 17a0 0000                         |.......

Disassembly of section .data:

20000400 <_impure_data>:
20000400:	0000 0000 0508 2000 0570 2000 05d8 2000     ....... p.. ... 
	...

2000044c <__sglue>:
2000044c:	0000 0000 0003 0000 0508 2000               ........... 

20000458 <RunCart32k>:
20000458:	40012737          	lui	a4,0x40012
2000045c:	80872783          	lw	a5,-2040(a4) # 40011808 <_eusrstack+0x1ffef808>
20000460:	80070713          	addi	a4,a4,-2048
20000464:	8b85                	andi	a5,a5,1
20000466:	cb81                	beqz	a5,20000476 <RunCart32k+0x1e>
20000468:	400107b7          	lui	a5,0x40010
2000046c:	4705                	li	a4,1
2000046e:	40e7aa23          	sw	a4,1044(a5) # 40010414 <_eusrstack+0x1ffee414>
20000472:	30200073          	mret
20000476:	333337b7          	lui	a5,0x33333
2000047a:	400116b7          	lui	a3,0x40011
2000047e:	33378793          	addi	a5,a5,819 # 33333333 <_eusrstack+0x13311333>
20000482:	c0f6a223          	sw	a5,-1020(a3) # 40010c04 <_eusrstack+0x1ffeec04>
20000486:	40068793          	addi	a5,a3,1024
2000048a:	479c                	lw	a5,8(a5)
2000048c:	81c1a583          	lw	a1,-2020(gp) # 200004ec <_edata>
20000490:	0807c7b3          	zext.h	a5,a5
20000494:	6609                	lui	a2,0x2
20000496:	06860613          	addi	a2,a2,104 # 2068 <hello_rom>
2000049a:	97ae                	add	a5,a5,a1
2000049c:	97b2                	add	a5,a5,a2
2000049e:	2390                	lbu	a2,0(a5)
200004a0:	400107b7          	lui	a5,0x40010
200004a4:	0622                	slli	a2,a2,0x8
200004a6:	c0c6a623          	sw	a2,-1012(a3)
200004aa:	4685                	li	a3,1
200004ac:	40d7aa23          	sw	a3,1044(a5) # 40010414 <_eusrstack+0x1ffee414>
200004b0:	471c                	lw	a5,8(a4)
200004b2:	8b85                	andi	a5,a5,1
200004b4:	dff5                	beqz	a5,200004b0 <RunCart32k+0x58>
200004b6:	44444737          	lui	a4,0x44444
200004ba:	400117b7          	lui	a5,0x40011
200004be:	44470713          	addi	a4,a4,1092 # 44444444 <_eusrstack+0x24422444>
200004c2:	c0e7a223          	sw	a4,-1020(a5) # 40010c04 <_eusrstack+0x1ffeec04>
200004c6:	30200073          	mret
200004ca:	0000                	unimp
200004cc:	0000                	unimp
	...

200004d0 <SystemCoreClock>:
200004d0:	1c00 0e4e                                   ..N.

200004d4 <SystemClock>:
200004d4:	3800 1c9c                                   .8..

200004d8 <curbrk.0>:
200004d8:	0640 2000                                   @.. 

200004dc <_impure_ptr>:
200004dc:	0400 2000                                   ... 

200004e0 <ADCPrescTable>:
200004e0:	0402 0806                                   ....

200004e4 <PBPrescTable>:
200004e4:	0000 0000 0201 0403                         ........
