:100000006F00805500000000BA020000BC02000032
:100010000000000056050000000000000000000085
:10002000560500005605000000000000000000001A
:10003000560500000000000056050000000000000A
:100040005605000056050000560500005605000044
:100050005605000056050000560500005605000034
:100060005605000056050000560500005605000024
:100070005605000056050000560500005605000014
:100080005605000056050000560500005605000004
:1000900056050000560500005605000056050000F4
:1000A00056050000560500005605000056050000E4
:1000B00056050000560500005605000056050000D4
:1000C00056050000560500005605000056050000C4
:1000D00056050000560500005605000056050000B4
:1000E00056050000560500005605000056050000A4
:1000F0005605000056050000560500005605000094
:1001000000000000560500005605000056050000DE
:100110005605000056050000560500005605000073
:100120005605000056050000560500005605000063
:100130005605000056050000560500005605000053
:100140005605000056050000560500005605000043
:100150005605000056050000560500005605000033
:100160005605000056050000560500005605000023
:100170005605000056050000560500005605000013
:100180005605000056050000560500005605000003
:1001900056050000560500005605000056050000F3
:1001A000397101436EC619A0397141536AC866CAD4
:1001B00062CC5ECE21A00100397101535AD056D2D3
:1001C00052D44ED64AD826DA22DC06DE330161400C
:1001D0008282010041114AC026C222C406C6828220
:1001E000B24D4101024D924C224CB24B41010100F3
:1001F000024B924A224AB24941010100024992440B
:100200002244B240410182802A8311C62300B300F8
:100210007D16050365FE8280EFF2DFFB4111854507
:100220001305D006EF00A07837474444130747442E
:10023000B717014023A0E74023A2E740B7270140BA
:1002400023A0E780B716014023A2E6C003A70680DB
:1002500093870780B687419B23A0E78003A7078089
:1002600071761367370023A0E7808145114523AEDF
:10027000C1806521577001CDD7A00852D557D7E06E
:10028000179685470A853EC0D73016023C0002C249
:10029000A7E00702B52637E700E0B7064000B7073A
:1002A00000202320D71093878745D9462308D704F9
:1002B00093E717003CD3410191B701A0B707EFBE08
:1002C00037E700E0938707083CC701A0EFF29FF0F3
:1002D0007922EF00A07C716513050520EF00A07E58
:1002E000B707002083A5074D0965130545E4EF0016
:1002F00030391126AA850965130545E5EF00503808
:10030000213F0965130545E6EF00904301A0EFF298
:100310007FEC371402401C4041113707FF8093E700
:1003200017001CC05C40F98F5CC05C40B18BF5FFCE
:100330001C403707A7FE7D17F98F1CC01C403707EC
:10034000C1FF7D17939727491CC05C40F98F5CC0A3
:100350005C543727F103130707809397C7485CD491
:100360005C54F98F5CD45C409397D7295CC02328F8
:100370000402B7078F001CC4F12602C402C65C4CFD
:10038000B7760040370700F99397C7295CCC9C42A9
:100390007D173EC6B247F98F3EC6B24737072E00DB
:1003A0009397A7293EC6B2479CC25C4093E70708D3
:1003B0005CC05C405CC05C405CC05C40D98F5CC091
:1003C0001C40939787291CC0B71702409843931687
:1003D0006700E3DD06FED8573966B1661317E728D4
:1003E0001317F728D8D7371702405C57F18FE39ED1
:1003F000D7FE37066745B727024013063612B79671
:10040000EFCDD0C39386B69AD4C3D0D3D4D3944B74
:1004100036C4A246939696499396A64936C4A246F8
:100420009396A62936C4A24694CB944B93E606082D
:100430009396F62894CB5C57B71602409397C7283B
:100440005CD75C43F19B5CC35C4393E727005CC3D0
:100450002147DC42B18BE39EE7FE410145B3B7156E
:100460000240D441D055B7877D01B18A1145370785
:10047000002093870784638BA606B7373101214597
:10048000938707D06394A60683A84500D455C84136
:10049000B9677D8E458189679375F501938707EB71
:1004A000AE979C23A1829D8A1388B5FF39438506A8
:1004B00093F7F70F81456364030193751500116588
:1004C0006300A606636AC50039E6B7479C1C93879C
:1004D0000780232AF74C39A019656306A604316505
:1004E0006308A6048327474DB3D7D702232AF74CC6
:1004F0003717024054430967130707ED9182BD8AFD
:1005000036971823B3D7E700370700202328F74C86
:1005100023A0F1828280B767CD1D9387075055BF16
:10052000B7D712137DB7B737D913938707D455B709
:100530001396F800634C060037363101130606D0D7
:10054000B387C7028505B3D7B70261B737867D0188
:1005500013060684F5B701A09701002093818177E7
:1005600017210220130101AA17A50000130505B0E9
:1005700097050020938505E917060020130646F726
:1005800063FAC5008322050023A0550011059105DB
:10059000E3EAC5FE1385C181970500209385850A8E
:1005A0006377B500232005001105E36DB5FE9302C6
:1005B000001073B0528093021002739002BC854207
:1005C000739012BC9D427390428093028068739036
:1005D0000230970200009382E2A293E2320073900D
:1005E0005230EFF0DFD297020000938262CE739018
:1005F000123473002030B7F7FF1F03A547708280C5
:1006000058415045B70701409387074014413E9732
:1006100029C690433376D64090C3D0433376D64034
:10062000D0C31043D18E14C3944718414146B3F64A
:10063000E64094C7D447B3F6E640D4C7144563995F
:10064000C6009447D98E94C7D447558FD8C78280A7
:10065000B6979443558F98C382801C43B3F6D74016
:1006600014C382809C4513F7070113F8F70001C7F4
:10067000D8413368E80092211377F60F1DCF14415B
:1006800001473D4E930E8002130F80042143B35562
:10069000E648B318E02891CD93152700B31FBE009C
:1006A000B3F6F641B315B800CD8E639ED705232A65
:1006B00015010507E31D67FC14C11307F00F6373F1
:1006C000C704584181463D4E930E8002130F8004AB
:1006D000214393858600B35FB648B318B028638F73
:1006E0000F0093952600B31FBE003377F741B31573
:1006F000B8004D8F639ED701232A15018506E39A22
:1007000066FC58C18280E396E7FB2328150155B7A4
:10071000E396E7FF23281501D5B713F73500B70790
:10072000014093F5C50FBE9594450A07BD47B397A1
:10073000E700B3F7F6409CC59C453315E5005D8D99
:1007400088C58280EFF21FA9411185451305C007B6
:1007500002C202C402C6A12CB7F7FF1F83A74770CD
:100760003707734693F7F7F06387E70E636EF7007A
:10077000370771460507638EE70837077246090792
:100780006383E70441019DBC37077446050763880E
:10079000E70A370775460907E396E7FE91473715DD
:1007A00001407C824C0093078002130505C03EC6C1
:1007B000553D9307003C4C00371501407C825D3568
:1007C0009167ED1735A09147371501407C824C00A9
:1007D00093078002130505C03EC669359307003CA8
:1007E0004C00371501407C82B53D91679387B7EF88
:1007F000371501404C00130505407C82A5358967FB
:10080000FD177C82372501404C0013050580993D7A
:1008100095BF9307003C7C824C00930780023715FC
:1008200001403EC681359307B0EF371501404C00BB
:10083000130505407C823D359307C00FD9B7930758
:10084000003C7C824C0093078002371501403EC675
:10085000113DED57D9BF930700087C8293078002B2
:100860003EC64DB7B7160240D042D856B7877D0175
:10087000318A914593870784630AB606B7373101F9
:10088000A145938707D06313B606B96783A84600CE
:100890007D8FDC56D0423943A1839D8B138817008E
:1008A000458289679376F601938707EEB6979C2376
:1008B0009385B6FF814693F7F70F6364B300937691
:1008C00016001166630AC70A6369E6004DE3B7477D
:1008D0009C1C938707801CC139A019666301C70A55
:1008E00031666303C70A1C41B3D707031CC137161F
:1008F000024054420967130707F09182BD8A369778
:100900001823B3D7E7005CC1544213874181A18209
:100910009D8ABA969422B3D6D70014C55442AD82AC
:100920009D8ABA969422B3D6D70054C55442939563
:10093000360063DA0500145AB7479C1C938707807A
:100940008506B3D7D702371602405442AD829D8A3E
:1009500036970C2358429386018139830D8B369745
:100960001823B3D7B700B3D7E7021CC98280B76793
:10097000CD1D9387075085B7B7D71213A9BFB737D7
:10098000D913938707D481BF1397F800634C0700EE
:1009900037373101130707D0B387E7028506B3D78E
:1009A000D70215BF37877D0113070784F5B7B7173F
:1009B0000240984F81C5498F98CF82803375A740F8
:1009C00088CF8280EFF21F819E253D67011193F64B
:1009D00007809396B6482A84AE84639AE6005A2D1F
:1009E000B18B4D9BD98F5EAD2394050081471628AE
:1009F000FA2068009396C6489396D648558F1AA851
:100A000056240D671307379FF98EDA20558FB624C9
:100A1000558FD98F5EA45A28DE241377F7CFD98F4C
:100A20005EA88935B747014093870780631FF402AA
:100A3000E2476545B3B5A702904081460A06338573
:100A4000A702812A13074006B357E5029306F06315
:100A50003375E502920712051305250363F9A60015
:100A6000C1071EA405616FF06FF9D247D9B733559E
:100A7000E502C98FFDB75E2589C59397D7285EA586
:100A8000828039677D17F98FDDBF93F5F51F4EA181
:100A900082800A216D8D3335A0008280B707002047
:100AA00083A7074D37177A0013070720B3D7E7024C
:100AB00093F7F70F2383F1821307803EB387E70292
:100AC0002392F1828280EFF2EFF02A841165011106
:100AD0008545110502C202C402C602C802CA02CC80
:100AE00002CEF135930700207C82371501408D47F7
:100AF0003EC44C00E147130505803EC6A536374588
:100B00000140B70708000C08130505803ECC22C839
:100B100002CA231E01007D35374501408545130576
:100B20000580913F05616FF06FEDEFF2AFEA2E891E
:100B3000B28401446345940026856FF02FEC37455D
:100B400001409305000413050580A1376DD9B30753
:100B50008900838507003745014013050580B3C52B
:100B6000050825370504F9B7AA8703A5818037272B
:100B7000022013070780AA97636BF700370700204E
:100B80001307076463E5E70023A4F18082807D55A5
:100B900082803287B6882A882E83639C061A8967EA
:100BA000938707F163F8C50AC166637BD60893365D
:100BB000061093B616008E06335ED600F2979C237D
:100BC000B69793060002638DD7009D8E3393D500B0
:100BD000B357F5003317D60033E367003318D50059
:100BE00013550701B357A302B345070893560801ED
:100BF0003373A3023386F5024203B3E6660063F85B
:100C0000C600BA9663F4C60063F3E604FD17918E3E
:100C100033D6A60233480808B3F6A602B385C50248
:100C2000C2063368D8006378B8003A986374B80095
:100C3000637FE8107D16C207D18F3E85C68582800E
:100C4000370E0001E146E379C6F7C146B5B7F9179B
:100C5000BA9675BF814609CAC166637CD6049336CD
:100C6000061093B616008E06B358D600C6979C237E
:100C7000B697930600026395D7043386C54085482E
:100C800013550701B357A602B34507089356080149
:100C90003376A6023383F5024206D18E63F86600EE
:100CA000BA9663F4660063F1E60AFD17B386664000
:100CB00085B7B7080001E146E37816FBC1466DB77A
:100CC0003388F64033170601B3D6F500B395050116
:100CD000B357F5003318050113550701B3D8A60221
:100CE00033460708CD8FB3F6A60233031603939558
:100CF000060193D60701CD8E63F86600BA9663F4B9
:100D0000660063FDE602FD18B3866640B3D5A60211
:100D1000B3C70708B3F6A6023306B602C206D58FDC
:100D200063F8C700BA9763F4C70063FCE700FD15DA
:100D3000C2083386C740B3E8B80099B7F918BA9625
:100D4000E1B7F915BA97EDB7F917BA9685B77916DD
:100D5000DDB563E4D512C16763FCF60293B70610F4
:100D600093B717008E07096733D8F600130707F10A
:100D700042971823130800023E9763120703B33704
:100D8000C50093B71700B3B6B600D58F814875B5C7
:100D900037070001E147E3F8E6FCC147E9B733084C
:100DA000E840B358E600B3960601B3E8D80013DE76
:100DB0000801B3D6E500B3D7C60333C30808B3951B
:100DC00005013357E5004D8F33160601B3F6C60310
:100DD000B30EF3029395060193560701CD8E63F887
:100DE000D601C69663F4D60163F31609FD17B386E0
:100DF000D641B3D5C60333470708B3F6C60333035A
:100E0000B302C206558F6378670046976374670024
:100E100063721707FD15C207CD8F93D80701B3C5BD
:100E2000050833076740334306084182338E650265
:100E30003383680293560E01B385C5029A95AE9628
:100E4000B388C80263F466004166B29813D60601FF
:100E50004696636CC700C206334E0E083315050173
:100E6000F296E375D5F2E313C7F2FD1705B7F9174C
:100E7000C696B5BFF915469779BF8148814775BBBE
:100E800039713EDA83A7C18032D436D62ED23AD811
:100E900042DC46DE8C4754102A863E8506CE36C696
:100EA0008D21F240216182801C51011122CC26CA81
:100EB0004AC806CE4EC60045AA842E8999E3EF00A3
:100EC00070415E24A18B99C31C48B5E3A285268599
:100ED000212231CD7D55F2406244D2444249B2498B
:100EE0000561828063D80700184C63CCE7029387C2
:100EF00065FF85CB1C401387170018C08CA305091C
:100F00001C4483450900FD171CC4E9FD63D3070297
:100F10002286A94526850D28FD57E30DF5FA2945BA
:100F20005DBF228626850D20E31B35FD65B7FD5983
:100F3000C1BF1C401387170018C0294798A3C5B725
:100F4000AA8503A5C1808DB7011122CC26CA4EC641
:100F500006CE4AC8AA84AE89328409C51C5199E3D9
:100F6000EF0050371C4C1CC45E24A18B99C31C4855
:100F700091EFA28526858D2011C97D59F2406244EA
:100F8000D244B2494A854249056182801C480840E2
:100F90001D8D5C486347F500A2852685EF00F02093
:100FA00069FD1C44050513F9F90FFD171CC41C400D
:100FB0001387170018C0238037015C486388A70097
:100FC0005E24858BC5DF930769FFCDFBA28526854F
:100FD000EF00B01D45D555B7411126C2AA8403A51F
:100FE000C18022C406C62E8409C51C5199E3EF00B6
:100FF000702E8317C40013F7870031E313F707013E
:1010000001EB254798C093E707045EA47D55B5A082
:1010100013F7470015C34C5889C9930744046384E8
:10102000F5002685BD20232A04025E2418482322C9
:10103000040093F7B7FD18C093E787005EA41C482F
:1010400081EF5C441307002093F707286386E700CD
:10105000A2852685EF0090348317C40013F717008C
:1010600015C35848232404003307E04018CC18481F
:10107000014501E713F7070859F7B24022449244AB
:101080004101828013F72700814611E3544814C4BC
:10109000F9BFD1CD83A7C5FF011122CC06CE1384A1
:1010A000C5FF63D307003E942AC6FD2283A7C182F1
:1010B000324589EB2322040023A681826244F24058
:1010C0000561E1AA637DF4001040B306C400639695
:1010D000D7009443DC43B29614C05CC0F1BF3E8796
:1010E000DC4399C3E37DF4FE14433306D700631F4A
:1010F00086001040B29614C33306D700E390C7FCB5
:101100009043DC43B29614C35CC34DBF6375C40007
:10111000B1471CC165B71040B306C4006396D70041
:101120009443DC43B29614C05CC040C341BF82808C
:10113000411122C483A7818226C24AC006C62A89D9
:10114000AE8491E78145EF00704623A4A182A68575
:101150004A85EF00B045FD54631A95007D54B240B6
:1011600022852244924402494101828013043500C1
:101170007198E30685FEB305A4404A85EF0010434D
:10118000E31F95FCE1BF011126CA93843500F19855
:10119000A104B1474AC806CE22CC4EC652C4B3F40D
:1011A000F40A2A8963C4040063FDB4002320F90013
:1011B0000145F2406244D2444249B249224A0561A3
:1011C0008280D92883A7C1823E8421E8A6854A85EA
:1011D0008537FD572A84631FF50A03A4C182A287BD
:1011E000D1EB5DC0032A040081454A85229AEF00B5
:1011F000F03B631BAA081C404A859D8CA6850D3FC9
:10120000FD576303F5081C40A6971CC083A7C18245
:10121000D84325E723A6018215A01440858E63C814
:1012200006042D47637DD70204C0330794006396FC
:10123000870223A6E1825C4014C35CC34A85B128BF
:101240001305B4009307440061993307F540E302A6
:10125000F5F63A94898F1CC0A9BFD8C3E9BF58409E
:101260006395870023A6E182D1BFD8C3C1BFA287FF
:101270004040A1BF3E84DC43A5B73E87DC43E39EEC
:1012800087FE232207005DBFB1472320F9004A856E
:10129000292039BF04C15DB7828082801C46FD17BA
:1012A0001CC663D90700184E63C5E700938765FF26
:1012B00091E359B91C422E851387170018C28CA3DD
:1012C0008280011122CC26CA4AC84EC652C406CE1C
:1012D000AA892E8A3284B304D6007D5963149400FF
:1012E000014501A80C2052864E854D3F0504E317A9
:1012F00025FFF2406244D2444249B249224A056184
:101300008280717122D526D34ECF52CD06D74AD1D5
:1013100056CB5AC95EC762C5AA89AE843284368A62
:1013200009C51C5199E3EF00E07ADE24A18BF1C3DB
:101330009C48E1C393070002A30CF102896A93075A
:10134000000352CE02DA230DF1027D5A938A4AE756
:10135000294BA28B83C70B00333CF0009387B7FD6A
:10136000B337F000337CFC0063160C0AB3868B4065
:10137000638D8B002286A6854E8536C69937630E0F
:101380004519D257B246B6973EDA83C70B0063863B
:10139000071813841B0002D002D652D202D4A30134
:1013A000010682DC0C2015465685EF00F0108257AE
:1013B0009306140035E113F7070109C7130700026C
:1013C000A301E10613F7870009C71307B002A301C1
:1013D000E10610201307A0026307E604B257814616
:1013E00025461820130707FD6373E608B1C63ED6ED
:1013F000A1A0A6854E85CD3615DD7D55BA502A545F
:101400009A540A59FA496A4ADA4A4A4BBA4B2A4C60
:101410004D618280850B3DBF33055541B397A728A9
:101420003ED0368441B7724713064700184332CE88
:10143000634807023AD6368418209307E0026319FE
:10144000F70418309307A0026319F702F247090462
:10145000138747009C433ACEB3E7470B3ED20DA813
:101460003307E04093E727003AD63ED0E9B7B38789
:10147000670305048546BA97ADB7050402D28147D4
:10148000A5461820130707FD63F1E606E3180CFCD8
:101490000C20896B0D461385CBE7EF00F00109CDD9
:1014A0008257938BCBE7330575411307000433173D
:1014B000A700D98F05043ED00C20096519461305F5
:1014C00005E8230CB102EF00207F39CD930700001F
:1014D0009DE70257F2471377071011CF91073ECED1
:1014E000D2570504CA973EDAADB5B3876703050442
:1014F000054CBA9779B79D07E19BA107CDB78566E3
:1015000078089386262C26860C104E8597000000BE
:10151000E70000002A89E31545FDDE2493F7070460
:10152000E39D07EC5255D9BD856678089386262C35
:1015300026860C104E853122F1BF79714ECE9C4922
:10154000BA89984522D44AD05AC85EC606D626D251
:1015500052CC56CAB3E7E70A1CC203C735042A8B2C
:101560002E843289B68B19C385071CC21C4093F7A1
:10157000070291C78327090089072320F900044047
:10158000998891E8130A9401FD5A5C4403270900E5
:10159000998F63CBF4041C408346340493F707020D
:1015A000B336D000BDE713063404DE855A85829930
:1015B000FD576302F5041C4011478144998B6398E1
:1015C000E7004444832709009D8CB3E4040A1C44CB
:1015D00018486354F700998FBE94014969047D5AF5
:1015E00063982405014509A885465286DE855A85FB
:1015F0008299631E55017D55B2502254925402596E
:10160000F249624AD24A424BB24B4561828085041C
:10161000ADBF3307D40013060003A301C70403477B
:10162000540493871600A2978906A381E704A5BFF7
:1016300085462286DE855A858299E30E45FB05099B
:1016400045B7397122DC26DA52D456D206DE4AD8A2
:101650004ED69C2DB684930680072A8A2E84B28AA1
:1016600063EEF600930620061386350463EBF6005E
:101670006385071A930680056383D716130924042C
:1016800035A09386D7F993F6F60FD545E3E8D5FE56
:10169000896593850501B3C6B620944282861C43B2
:1016A00013092404938647009C4314C32301F404C4
:1016B000854779A21C40084393F607089305450027
:1016C00085C21C410CC3896663D807001307D0028A
:1016D000B307F040A301E404938686E8294789A074
:1016E00093F607041C410CC3F9DE93975760E1BFE2
:1016F0000C40144313F505089C42910611E593F53F
:10170000050499C1B3C7070814C30C2C89661307D5
:10171000F006938686E8639DE50C2147A301040447
:101720004C400CC463C805000840DD8D32896D99BA
:1017300008C091CD3289B3F5E7027D19B6958C21A9
:101740002300B900BE85B3D7E702E3F6E5FEA14763
:10175000631EF7001C40858B91CB58401C4863C723
:10176000E70093070003A30FF9FE7D193306264116
:1017700010C82687D6867008A28552857D3BFD5904
:101780006314350D7D55F2506254D2544259B2590A
:10179000225A925A216182801C4093E707021CC0A2
:1017A0008966930780079386C6E9A302F4040C4078
:1017B000084313F805081C4111056318080013F8C5
:1017C000050463040800B3C7070808C313F715002E
:1017D00001C793E505020CC099C7414781B78966E7
:1017E000938686E8D9B718401377F7FD18C0F5B788
:1017F00029472DB714401C434C4813F8060813859D
:1018000047006306080008C39C438CC339A008C383
:1018100093F606049C43F5DA8EA32328040032894C
:1018200089BF1C43504081459386470014C303A9D8
:1018300007004A85512101C53305254148C05C4058
:101840001CC8A301040435B714484A86D6855285BE
:101850008294E30935F31C40898B8DE74844F247B5
:101860003365F50A0DB78546D685528532C6829412
:10187000E30A35F1324605095C447247998FE34427
:10188000F9FEE9BF014913069401FDB78397C5002E
:10189000011122CC26CA06CE4AC813F78700AA84B3
:1018A0002E845DEFD8416345E000B8416358E00AFB
:1018B00058544DC703A904009396370123A0040090
:1018C00063DC060670485E24918B99C75C401D8ED0
:1018D0005C5899C33C401D8E5C540C508146268553
:1018E00082977D578317C400631CE50094407547B9
:1018F000636FD7083707402005073356D74841CADA
:1019000018482322040018C01397370163580700B2
:10191000FD576314F5009C4091E368C84C5823A020
:1019200024018DCD930744046385F5002685EFF0EF
:101930004FF6232A04021DA00C5001468546268539
:101940000297FD572A86E310F5F89C40ADDF138718
:1019500037FE19C3A9179DEB23A02401014525A833
:1019600090496DDE94418D8B90C13389C64001470B
:1019700091E3D84918C4E35320FF1C540C50CA8685
:10198000268532C682973246634DA0005E2493E7D7
:1019900007045EA47D55F2406244D2444249056189
:1019A00082802A963309A940F9B79C4985CB011159
:1019B00022CC06CE2A8411C51C5181E72EC6192AD5
:1019C000B2458397C50091C722856244F240056104
:1019D00075BDF24062440145056182800145828007
:1019E000411122C406C62A844EA572A523200500F3
:1019F00023220500232405002322050623280500B1
:101A0000232A0500232C0500214681451305C50521
:101A1000EFE08FFF8967938727C15CD08967938741
:101A2000C7C31CD48967938727C85CD48967938709
:101A300027CBB24000D01CD8224441018280370617
:101A400000208965370500201306C6449385A59AB2
:101A50001305054059A84C414111B707002022C485
:101A600006C6938787502A846383F5003D3F0C4464
:101A7000B7070020938707576384F5002285353721
:101A80004C44938781906387F50022852244B240BD
:101A9000410121BFB240224441018280896737055C
:101AA000002041119387E7A3014691451305855016
:101AB00006C623A8F1822D37370500200546A54527
:101AC00013050557313FB2400946C945138581903A
:101AD000410139B71C5189EB8967938767A51CD1F0
:101AE00083A7018391E35DBF8280797122D44AD0BC
:101AF0004ECE52CC56CA06D626D22A8AAE8A014487
:101B00000549FD590C464442FD1463DE04001042B1
:101B100075FAB2502285225492540259F249624A0F
:101B2000D24A45618280DE25637DF9008397E50016
:101B300063893701528532C62EC4829A3246A24545
:101B4000498C93858506C9B71971A2DC2E848395CB
:101B5000E500A6DA86DEB28463D005025E2493F740
:101B600007088DEB13070040F65066549CC298C0DE
:101B70000145D65409618280300836C6BD2AB24676
:101B8000E34E05FCF2473D67F98F7977BA9793B733
:101B90001700C9BF814713070004F9B7DE25797123
:101BA00022D406D626D2898B2E8481CF9307740443
:101BB0001CC01CC885475CC8B25022549254456171
:101BC000828074083008AA844137E24526852EC6F3
:101BD000EFF06FDB8317C400B24509E913F7072064
:101BE00061FFF19B93E727005EA4C9B793E707085D
:101BF0005EA4F24708C008C84CC8DDDF8315E400C6
:101C00002685152255D95E24F19B93E717005EA423
:101C100065B7411122C42E848395E50006C685224E
:101C2000634905007C48AA977CC8B2402244410120
:101C300082805E249397C7485EA4C5BFDE2501114C
:101C400022CC26CA4AC84EC606CE93F70710AA84ED
:101C50002E843289B68991C78395E500894601466D
:101C6000C5285E248315E400F2409397C7485EA41C
:101C70006244CE864A86B24942492685D2440561ED
:101C8000A1AA411122C42E848395E50006C6C9206D
:101C90007D578317C4006319E5009397C7485EA476
:101CA000B2402244410182809397C7285EA468C84D
:101CB000C5BF8395E50029A893F5F50F2A9663140F
:101CC000C500014582801C21E38EB7FE0505C5BF16
:101CD000411122C426C2AA842E8506C623AA0182E7
:101CE0002522FD576316F50083A7418391C39CC04D
:101CF000B2402244924441018280411122C426C252
:101D0000AA842E85B28506C623AA01822122FD5708
:101D10006316F50083A7418391C39CC0B24022445F
:101D2000924441018280411122C426C2AA842E8598
:101D300006C623AA0182ED20FD576316F50083A78E
:101D4000418391C39CC0B2402244924441018280AD
:101D5000411122C426C2AA842E85B285368606C6C3
:101D600023AA0182E120FD576316F50083A7418372
:101D700091C39CC0B24022449244410182804111EF
:101D800022C426C2AA842E85B285368606C623AA18
:101D900001825D20FD576316F50083A7418391C33F
:101DA0009CC0B2402244924441018280411122C42D
:101DB00026C2AA842E8506C623AA0182EFE0DFDAB6
:101DC000FD576316F50083A7418391C39CC0B240C1
:101DD0002244924441018280411122C426C2AA8435
:101DE0002E85B285368606C623AA0182EFE0FFD390
:101DF000FD576316F50083A7418391C39CC0B24091
:101E000022449244410182801307800523AAE18283
:101E10007D5582801307800523AAE1827D5582804B
:101E20001307800523AAE1820145828013078005FC
:101E300023AAE1827D5582801307800523AAE182CF
:101E40007D55828053797374656D436C6B3A25645C
:101E50000D0A00004368697049443A253038780D0E
:101E60000A0000004361727420696E697420646F17
:101E70006E650D00232D302B20000000686C4C0097
:101E800065666745464700003031323334353637B2
:101E90003839414243444546000000003031323376
:101EA0003435363738396162636465660000000096
:101EB00008090A0B0C190D1B0E1D0F1F10211123F1
:101EC00012251327141516181A1C1E202224262842
:101ED00000000000000000000102030406070809DA
:101EE00008090A0B0C190D1B0E1D0F1F10211123C1
:101EF00012251327141516181A1C1E202224262812
:101F000000000000000000000102030406070809A9
:101F10000001020203030303040404040404040490
:101F20000505050505050505050505050505050561
:101F30000606060606060606060606060606060641
:101F40000606060606060606060606060606060631
:101F50000707070707070707070707070707070711
:101F60000707070707070707070707070707070701
:101F700007070707070707070707070707070707F1
:101F800007070707070707070707070707070707E1
:101F900008080808080808080808080808080808C1
:101FA00008080808080808080808080808080808B1
:101FB00008080808080808080808080808080808A1
:101FC0000808080808080808080808080808080891
:101FD0000808080808080808080808080808080881
:101FE0000808080808080808080808080808080871
:101FF0000808080808080808080808080808080861
:102000000808080808080808080808080808080850
:102010009E160000B41600007C1600007C1600001E
:102020007C1600007C160000B41600007C16000030
:102030007C1600007C1600007C160000F4170000DF
:10204000F0160000981700007C1600007C160000B7
:10205000221800007C160000F01600007C1600001C
:082060007C160000A01700002F
:102068004142104000000000000000000000000095
:10207800CD6840F376C9FFFFFFFFFFFFFFFFFFFFBB
:10208800DDE5FDE5087DFD21C0FCDD215F00CD1CFF
:102098000008FDE1DDE1C9DDE5FDE5087DFD21C0C4
:1020A800FCDD21A200CD1C0008FDE1DDE1C9FD2118
:1020B800C0FCDD219F00CD1C006FC9EB1AB7C86FAB
:1020C80013D5CD3740D118F42E01CD2040218B40B7
:1020D800CD5B40219C40CD5B4021B940CD5B40CDDC
:1020E8004E402E00CD2040110000C948454C4C4FB1
:1020F80020574F524C44210D0A0D0A0046524F4DAD
:10210800205249534B594D5358322043415254524F
:10211800494447450D0A0D0A005052455353204182
:102128004E59204B455920544F20455849542E2E7E
:102138002E00FFFFFFFFFFFFFFFFFFFFFFFFFFFF77
:10214800FFFFFFFFFFFFFFFFFFFFFFFFFFFFFFFF97
:10215800FFFFFFFFFFFFFFFFFFFFFFFFFFFFFFFF87
:10216800FFFFFFFFFFFFFFFFFFFFFFFFFFFFFFFF77
:10217800FFFFFFFFFFFFFFFFFFFFFFFFFFFFFFFF67
:10218800FFFFFFFFFFFFFFFFFFFFFFFFFFFFFFFF57
:10219800FFFFFFFFFFFFFFFFFFFFFFFFFFFFFFFF47
:1021A800FFFFFFFFFFFFFFFFFFFFFFFFFFFFFFFF37
:1021B800FFFFFFFFFFFFFFFFFFFFFFFFFFFFFFFF27
:1021C800FFFFFFFFFFFFFFFFFFFFFFFFFFFFFFFF17
:1021D800FFFFFFFFFFFFFFFFFFFFFFFFFFFFFFFF07
:1021E800FFFFFFFFFFFFFFFFFFFFFFFFFFFFFFFFF7
:1021F800FFFFFFFFFFFFFFFFFFFFFFFFFFFFFFFFE7
:10220800FFFFFFFFFFFFFFFFFFFFFFFFFFFFFFFFD6
:10221800FFFFFFFFFFFFFFFFFFFFFFFFFFFFFFFFC6
:10222800FFFFFFFFFFFFFFFFFFFFFFFFFFFFFFFFB6
:10223800FFFFFFFFFFFFFFFFFFFFFFFFFFFFFFFFA6
:10224800FFFFFFFFFFFFFFFFFFFFFFFFFFFFFFFF96
:10225800FFFFFFFFFFFFFFFFFFFFFFFFFFFFFFFF86
:10226800FFFFFFFFFFFFFFFFFFFFFFFFFFFFFFFF76
:10227800FFFFFFFFFFFFFFFFFFFFFFFFFFFFFFFF66
:10228800FFFFFFFFFFFFFFFFFFFFFFFFFFFFFFFF56
:10229800FFFFFFFFFFFFFFFFFFFFFFFFFFFFFFFF46
:1022A800FFFFFFFFFFFFFFFFFFFFFFFFFFFFFFFF36
:1022B800FFFFFFFFFFFFFFFFFFFFFFFFFFFFFFFF26
:1022C800FFFFFFFFFFFFFFFFFFFFFFFFFFFFFFFF16
:1022D800FFFFFFFFFFFFFFFFFFFFFFFFFFFFFFFF06
:1022E800FFFFFFFFFFFFFFFFFFFFFFFFFFFFFFFFF6
:1022F800FFFFFFFFFFFFFFFFFFFFFFFFFFFFFFFFE6
:10230800FFFFFFFFFFFFFFFFFFFFFFFFFFFFFFFFD5
:10231800FFFFFFFFFFFFFFFFFFFFFFFFFFFFFFFFC5
:10232800FFFFFFFFFFFFFFFFFFFFFFFFFFFFFFFFB5
:10233800FFFFFFFFFFFFFFFFFFFFFFFFFFFFFFFFA5
:10234800FFFFFFFFFFFFFFFFFFFFFFFFFFFFFFFF95
:10235800FFFFFFFFFFFFFFFFFFFFFFFFFFFFFFFF85
:10236800FFFFFFFFFFFFFFFFFFFFFFFFFFFFFFFF75
:10237800FFFFFFFFFFFFFFFFFFFFFFFFFFFFFFFF65
:10238800FFFFFFFFFFFFFFFFFFFFFFFFFFFFFFFF55
:10239800FFFFFFFFFFFFFFFFFFFFFFFFFFFFFFFF45
:1023A800FFFFFFFFFFFFFFFFFFFFFFFFFFFFFFFF35
:1023B800FFFFFFFFFFFFFFFFFFFFFFFFFFFFFFFF25
:1023C800FFFFFFFFFFFFFFFFFFFFFFFFFFFFFFFF15
:1023D800FFFFFFFFFFFFFFFFFFFFFFFFFFFFFFFF05
:1023E800FFFFFFFFFFFFFFFFFFFFFFFFFFFFFFFFF5
:1023F800FFFFFFFFFFFFFFFFFFFFFFFFFFFFFFFFE5
:10240800FFFFFFFFFFFFFFFFFFFFFFFFFFFFFFFFD4
:10241800FFFFFFFFFFFFFFFFFFFFFFFFFFFFFFFFC4
:10242800FFFFFFFFFFFFFFFFFFFFFFFFFFFFFFFFB4
:10243800FFFFFFFFFFFFFFFFFFFFFFFFFFFFFFFFA4
:10244800FFFFFFFFFFFFFFFFFFFFFFFFFFFFFFFF94
:10245800FFFFFFFFFFFFFFFFFFFFFFFFFFFFFFFF84
:10246800FFFFFFFFFFFFFFFFFFFFFFFFFFFFFFFF74
:10247800FFFFFFFFFFFFFFFFFFFFFFFFFFFFFFFF64
:10248800FFFFFFFFFFFFFFFFFFFFFFFFFFFFFFFF54
:10249800FFFFFFFFFFFFFFFFFFFFFFFFFFFFFFFF44
:1024A800FFFFFFFFFFFFFFFFFFFFFFFFFFFFFFFF34
:1024B800FFFFFFFFFFFFFFFFFFFFFFFFFFFFFFFF24
:1024C800FFFFFFFFFFFFFFFFFFFFFFFFFFFFFFFF14
:1024D800FFFFFFFFFFFFFFFFFFFFFFFFFFFFFFFF04
:1024E800FFFFFFFFFFFFFFFFFFFFFFFFFFFFFFFFF4
:1024F800FFFFFFFFFFFFFFFFFFFFFFFFFFFFFFFFE4
:10250800FFFFFFFFFFFFFFFFFFFFFFFFFFFFFFFFD3
:10251800FFFFFFFFFFFFFFFFFFFFFFFFFFFFFFFFC3
:10252800FFFFFFFFFFFFFFFFFFFFFFFFFFFFFFFFB3
:10253800FFFFFFFFFFFFFFFFFFFFFFFFFFFFFFFFA3
:10254800FFFFFFFFFFFFFFFFFFFFFFFFFFFFFFFF93
:10255800FFFFFFFFFFFFFFFFFFFFFFFFFFFFFFFF83
:10256800FFFFFFFFFFFFFFFFFFFFFFFFFFFFFFFF73
:10257800FFFFFFFFFFFFFFFFFFFFFFFFFFFFFFFF63
:10258800FFFFFFFFFFFFFFFFFFFFFFFFFFFFFFFF53
:10259800FFFFFFFFFFFFFFFFFFFFFFFFFFFFFFFF43
:1025A800FFFFFFFFFFFFFFFFFFFFFFFFFFFFFFFF33
:1025B800FFFFFFFFFFFFFFFFFFFFFFFFFFFFFFFF23
:1025C800FFFFFFFFFFFFFFFFFFFFFFFFFFFFFFFF13
:1025D800FFFFFFFFFFFFFFFFFFFFFFFFFFFFFFFF03
:1025E800FFFFFFFFFFFFFFFFFFFFFFFFFFFFFFFFF3
:1025F800FFFFFFFFFFFFFFFFFFFFFFFFFFFFFFFFE3
:10260800FFFFFFFFFFFFFFFFFFFFFFFFFFFFFFFFD2
:10261800FFFFFFFFFFFFFFFFFFFFFFFFFFFFFFFFC2
:10262800FFFFFFFFFFFFFFFFFFFFFFFFFFFFFFFFB2
:10263800FFFFFFFFFFFFFFFFFFFFFFFFFFFFFFFFA2
:10264800FFFFFFFFFFFFFFFFFFFFFFFFFFFFFFFF92
:10265800FFFFFFFFFFFFFFFFFFFFFFFFFFFFFFFF82
:10266800FFFFFFFFFFFFFFFFFFFFFFFFFFFFFFFF72
:10267800FFFFFFFFFFFFFFFFFFFFFFFFFFFFFFFF62
:10268800FFFFFFFFFFFFFFFFFFFFFFFFFFFFFFFF52
:10269800FFFFFFFFFFFFFFFFFFFFFFFFFFFFFFFF42
:1026A800FFFFFFFFFFFFFFFFFFFFFFFFFFFFFFFF32
:1026B800FFFFFFFFFFFFFFFFFFFFFFFFFFFFFFFF22
:1026C800FFFFFFFFFFFFFFFFFFFFFFFFFFFFFFFF12
:1026D800FFFFFFFFFFFFFFFFFFFFFFFFFFFFFFFF02
:1026E800FFFFFFFFFFFFFFFFFFFFFFFFFFFFFFFFF2
:1026F800FFFFFFFFFFFFFFFFFFFFFFFFFFFFFFFFE2
:10270800FFFFFFFFFFFFFFFFFFFFFFFFFFFFFFFFD1
:10271800FFFFFFFFFFFFFFFFFFFFFFFFFFFFFFFFC1
:10272800FFFFFFFFFFFFFFFFFFFFFFFFFFFFFFFFB1
:10273800FFFFFFFFFFFFFFFFFFFFFFFFFFFFFFFFA1
:10274800FFFFFFFFFFFFFFFFFFFFFFFFFFFFFFFF91
:10275800FFFFFFFFFFFFFFFFFFFFFFFFFFFFFFFF81
:10276800FFFFFFFFFFFFFFFFFFFFFFFFFFFFFFFF71
:10277800FFFFFFFFFFFFFFFFFFFFFFFFFFFFFFFF61
:10278800FFFFFFFFFFFFFFFFFFFFFFFFFFFFFFFF51
:10279800FFFFFFFFFFFFFFFFFFFFFFFFFFFFFFFF41
:1027A800FFFFFFFFFFFFFFFFFFFFFFFFFFFFFFFF31
:1027B800FFFFFFFFFFFFFFFFFFFFFFFFFFFFFFFF21
:1027C800FFFFFFFFFFFFFFFFFFFFFFFFFFFFFFFF11
:1027D800FFFFFFFFFFFFFFFFFFFFFFFFFFFFFFFF01
:1027E800FFFFFFFFFFFFFFFFFFFFFFFFFFFFFFFFF1
:1027F800FFFFFFFFFFFFFFFFFFFFFFFFFFFFFFFFE1
:10280800FFFFFFFFFFFFFFFFFFFFFFFFFFFFFFFFD0
:10281800FFFFFFFFFFFFFFFFFFFFFFFFFFFFFFFFC0
:10282800FFFFFFFFFFFFFFFFFFFFFFFFFFFFFFFFB0
:10283800FFFFFFFFFFFFFFFFFFFFFFFFFFFFFFFFA0
:10284800FFFFFFFFFFFFFFFFFFFFFFFFFFFFFFFF90
:10285800FFFFFFFFFFFFFFFFFFFFFFFFFFFFFFFF80
:10286800FFFFFFFFFFFFFFFFFFFFFFFFFFFFFFFF70
:10287800FFFFFFFFFFFFFFFFFFFFFFFFFFFFFFFF60
:10288800FFFFFFFFFFFFFFFFFFFFFFFFFFFFFFFF50
:10289800FFFFFFFFFFFFFFFFFFFFFFFFFFFFFFFF40
:1028A800FFFFFFFFFFFFFFFFFFFFFFFFFFFFFFFF30
:1028B800FFFFFFFFFFFFFFFFFFFFFFFFFFFFFFFF20
:1028C800FFFFFFFFFFFFFFFFFFFFFFFFFFFFFFFF10
:1028D800FFFFFFFFFFFFFFFFFFFFFFFFFFFFFFFF00
:1028E800FFFFFFFFFFFFFFFFFFFFFFFFFFFFFFFFF0
:1028F800FFFFFFFFFFFFFFFFFFFFFFFFFFFFFFFFE0
:10290800FFFFFFFFFFFFFFFFFFFFFFFFFFFFFFFFCF
:10291800FFFFFFFFFFFFFFFFFFFFFFFFFFFFFFFFBF
:10292800FFFFFFFFFFFFFFFFFFFFFFFFFFFFFFFFAF
:10293800FFFFFFFFFFFFFFFFFFFFFFFFFFFFFFFF9F
:10294800FFFFFFFFFFFFFFFFFFFFFFFFFFFFFFFF8F
:10295800FFFFFFFFFFFFFFFFFFFFFFFFFFFFFFFF7F
:10296800FFFFFFFFFFFFFFFFFFFFFFFFFFFFFFFF6F
:10297800FFFFFFFFFFFFFFFFFFFFFFFFFFFFFFFF5F
:10298800FFFFFFFFFFFFFFFFFFFFFFFFFFFFFFFF4F
:10299800FFFFFFFFFFFFFFFFFFFFFFFFFFFFFFFF3F
:1029A800FFFFFFFFFFFFFFFFFFFFFFFFFFFFFFFF2F
:1029B800FFFFFFFFFFFFFFFFFFFFFFFFFFFFFFFF1F
:1029C800FFFFFFFFFFFFFFFFFFFFFFFFFFFFFFFF0F
:1029D800FFFFFFFFFFFFFFFFFFFFFFFFFFFFFFFFFF
:1029E800FFFFFFFFFFFFFFFFFFFFFFFFFFFFFFFFEF
:1029F800FFFFFFFFFFFFFFFFFFFFFFFFFFFFFFFFDF
:102A0800FFFFFFFFFFFFFFFFFFFFFFFFFFFFFFFFCE
:102A1800FFFFFFFFFFFFFFFFFFFFFFFFFFFFFFFFBE
:102A2800FFFFFFFFFFFFFFFFFFFFFFFFFFFFFFFFAE
:102A3800FFFFFFFFFFFFFFFFFFFFFFFFFFFFFFFF9E
:102A4800FFFFFFFFFFFFFFFFFFFFFFFFFFFFFFFF8E
:102A5800FFFFFFFFFFFFFFFFFFFFFFFFFFFFFFFF7E
:102A6800FFFFFFFFFFFFFFFFFFFFFFFFFFFFFFFF6E
:102A7800FFFFFFFFFFFFFFFFFFFFFFFFFFFFFFFF5E
:102A8800FFFFFFFFFFFFFFFFFFFFFFFFFFFFFFFF4E
:102A9800FFFFFFFFFFFFFFFFFFFFFFFFFFFFFFFF3E
:102AA800FFFFFFFFFFFFFFFFFFFFFFFFFFFFFFFF2E
:102AB800FFFFFFFFFFFFFFFFFFFFFFFFFFFFFFFF1E
:102AC800FFFFFFFFFFFFFFFFFFFFFFFFFFFFFFFF0E
:102AD800FFFFFFFFFFFFFFFFFFFFFFFFFFFFFFFFFE
:102AE800FFFFFFFFFFFFFFFFFFFFFFFFFFFFFFFFEE
:102AF800FFFFFFFFFFFFFFFFFFFFFFFFFFFFFFFFDE
:102B0800FFFFFFFFFFFFFFFFFFFFFFFFFFFFFFFFCD
:102B1800FFFFFFFFFFFFFFFFFFFFFFFFFFFFFFFFBD
:102B2800FFFFFFFFFFFFFFFFFFFFFFFFFFFFFFFFAD
:102B3800FFFFFFFFFFFFFFFFFFFFFFFFFFFFFFFF9D
:102B4800FFFFFFFFFFFFFFFFFFFFFFFFFFFFFFFF8D
:102B5800FFFFFFFFFFFFFFFFFFFFFFFFFFFFFFFF7D
:102B6800FFFFFFFFFFFFFFFFFFFFFFFFFFFFFFFF6D
:102B7800FFFFFFFFFFFFFFFFFFFFFFFFFFFFFFFF5D
:102B8800FFFFFFFFFFFFFFFFFFFFFFFFFFFFFFFF4D
:102B9800FFFFFFFFFFFFFFFFFFFFFFFFFFFFFFFF3D
:102BA800FFFFFFFFFFFFFFFFFFFFFFFFFFFFFFFF2D
:102BB800FFFFFFFFFFFFFFFFFFFFFFFFFFFFFFFF1D
:102BC800FFFFFFFFFFFFFFFFFFFFFFFFFFFFFFFF0D
:102BD800FFFFFFFFFFFFFFFFFFFFFFFFFFFFFFFFFD
:102BE800FFFFFFFFFFFFFFFFFFFFFFFFFFFFFFFFED
:102BF800FFFFFFFFFFFFFFFFFFFFFFFFFFFFFFFFDD
:102C0800FFFFFFFFFFFFFFFFFFFFFFFFFFFFFFFFCC
:102C1800FFFFFFFFFFFFFFFFFFFFFFFFFFFFFFFFBC
:102C2800FFFFFFFFFFFFFFFFFFFFFFFFFFFFFFFFAC
:102C3800FFFFFFFFFFFFFFFFFFFFFFFFFFFFFFFF9C
:102C4800FFFFFFFFFFFFFFFFFFFFFFFFFFFFFFFF8C
:102C5800FFFFFFFFFFFFFFFFFFFFFFFFFFFFFFFF7C
:102C6800FFFFFFFFFFFFFFFFFFFFFFFFFFFFFFFF6C
:102C7800FFFFFFFFFFFFFFFFFFFFFFFFFFFFFFFF5C
:102C8800FFFFFFFFFFFFFFFFFFFFFFFFFFFFFFFF4C
:102C9800FFFFFFFFFFFFFFFFFFFFFFFFFFFFFFFF3C
:102CA800FFFFFFFFFFFFFFFFFFFFFFFFFFFFFFFF2C
:102CB800FFFFFFFFFFFFFFFFFFFFFFFFFFFFFFFF1C
:102CC800FFFFFFFFFFFFFFFFFFFFFFFFFFFFFFFF0C
:102CD800FFFFFFFFFFFFFFFFFFFFFFFFFFFFFFFFFC
:102CE800FFFFFFFFFFFFFFFFFFFFFFFFFFFFFFFFEC
:102CF800FFFFFFFFFFFFFFFFFFFFFFFFFFFFFFFFDC
:102D0800FFFFFFFFFFFFFFFFFFFFFFFFFFFFFFFFCB
:102D1800FFFFFFFFFFFFFFFFFFFFFFFFFFFFFFFFBB
:102D2800FFFFFFFFFFFFFFFFFFFFFFFFFFFFFFFFAB
:102D3800FFFFFFFFFFFFFFFFFFFFFFFFFFFFFFFF9B
:102D4800FFFFFFFFFFFFFFFFFFFFFFFFFFFFFFFF8B
:102D5800FFFFFFFFFFFFFFFFFFFFFFFFFFFFFFFF7B
:102D6800FFFFFFFFFFFFFFFFFFFFFFFFFFFFFFFF6B
:102D7800FFFFFFFFFFFFFFFFFFFFFFFFFFFFFFFF5B
:102D8800FFFFFFFFFFFFFFFFFFFFFFFFFFFFFFFF4B
:102D9800FFFFFFFFFFFFFFFFFFFFFFFFFFFFFFFF3B
:102DA800FFFFFFFFFFFFFFFFFFFFFFFFFFFFFFFF2B
:102DB800FFFFFFFFFFFFFFFFFFFFFFFFFFFFFFFF1B
:102DC800FFFFFFFFFFFFFFFFFFFFFFFFFFFFFFFF0B
:102DD800FFFFFFFFFFFFFFFFFFFFFFFFFFFFFFFFFB
:102DE800FFFFFFFFFFFFFFFFFFFFFFFFFFFFFFFFEB
:102DF800FFFFFFFFFFFFFFFFFFFFFFFFFFFFFFFFDB
:102E0800FFFFFFFFFFFFFFFFFFFFFFFFFFFFFFFFCA
:102E1800FFFFFFFFFFFFFFFFFFFFFFFFFFFFFFFFBA
:102E2800FFFFFFFFFFFFFFFFFFFFFFFFFFFFFFFFAA
:102E3800FFFFFFFFFFFFFFFFFFFFFFFFFFFFFFFF9A
:102E4800FFFFFFFFFFFFFFFFFFFFFFFFFFFFFFFF8A
:102E5800FFFFFFFFFFFFFFFFFFFFFFFFFFFFFFFF7A
:102E6800FFFFFFFFFFFFFFFFFFFFFFFFFFFFFFFF6A
:102E7800FFFFFFFFFFFFFFFFFFFFFFFFFFFFFFFF5A
:102E8800FFFFFFFFFFFFFFFFFFFFFFFFFFFFFFFF4A
:102E9800FFFFFFFFFFFFFFFFFFFFFFFFFFFFFFFF3A
:102EA800FFFFFFFFFFFFFFFFFFFFFFFFFFFFFFFF2A
:102EB800FFFFFFFFFFFFFFFFFFFFFFFFFFFFFFFF1A
:102EC800FFFFFFFFFFFFFFFFFFFFFFFFFFFFFFFF0A
:102ED800FFFFFFFFFFFFFFFFFFFFFFFFFFFFFFFFFA
:102EE800FFFFFFFFFFFFFFFFFFFFFFFFFFFFFFFFEA
:102EF800FFFFFFFFFFFFFFFFFFFFFFFFFFFFFFFFDA
:102F0800FFFFFFFFFFFFFFFFFFFFFFFFFFFFFFFFC9
:102F1800FFFFFFFFFFFFFFFFFFFFFFFFFFFFFFFFB9
:102F2800FFFFFFFFFFFFFFFFFFFFFFFFFFFFFFFFA9
:102F3800FFFFFFFFFFFFFFFFFFFFFFFFFFFFFFFF99
:102F4800FFFFFFFFFFFFFFFFFFFFFFFFFFFFFFFF89
:102F5800FFFFFFFFFFFFFFFFFFFFFFFFFFFFFFFF79
:102F6800FFFFFFFFFFFFFFFFFFFFFFFFFFFFFFFF69
:102F7800FFFFFFFFFFFFFFFFFFFFFFFFFFFFFFFF59
:102F8800FFFFFFFFFFFFFFFFFFFFFFFFFFFFFFFF49
:102F9800FFFFFFFFFFFFFFFFFFFFFFFFFFFFFFFF39
:102FA800FFFFFFFFFFFFFFFFFFFFFFFFFFFFFFFF29
:102FB800FFFFFFFFFFFFFFFFFFFFFFFFFFFFFFFF19
:102FC800FFFFFFFFFFFFFFFFFFFFFFFFFFFFFFFF09
:102FD800FFFFFFFFFFFFFFFFFFFFFFFFFFFFFFFFF9
:102FE800FFFFFFFFFFFFFFFFFFFFFFFFFFFFFFFFE9
:102FF800FFFFFFFFFFFFFFFFFFFFFFFFFFFFFFFFD9
:10300800FFFFFFFFFFFFFFFFFFFFFFFFFFFFFFFFC8
:10301800FFFFFFFFFFFFFFFFFFFFFFFFFFFFFFFFB8
:10302800FFFFFFFFFFFFFFFFFFFFFFFFFFFFFFFFA8
:10303800FFFFFFFFFFFFFFFFFFFFFFFFFFFFFFFF98
:10304800FFFFFFFFFFFFFFFFFFFFFFFFFFFFFFFF88
:10305800FFFFFFFFFFFFFFFFFFFFFFFFFFFFFFFF78
:10306800FFFFFFFFFFFFFFFFFFFFFFFFFFFFFFFF68
:10307800FFFFFFFFFFFFFFFFFFFFFFFFFFFFFFFF58
:10308800FFFFFFFFFFFFFFFFFFFFFFFFFFFFFFFF48
:10309800FFFFFFFFFFFFFFFFFFFFFFFFFFFFFFFF38
:1030A800FFFFFFFFFFFFFFFFFFFFFFFFFFFFFFFF28
:1030B800FFFFFFFFFFFFFFFFFFFFFFFFFFFFFFFF18
:1030C800FFFFFFFFFFFFFFFFFFFFFFFFFFFFFFFF08
:1030D800FFFFFFFFFFFFFFFFFFFFFFFFFFFFFFFFF8
:1030E800FFFFFFFFFFFFFFFFFFFFFFFFFFFFFFFFE8
:1030F800FFFFFFFFFFFFFFFFFFFFFFFFFFFFFFFFD8
:10310800FFFFFFFFFFFFFFFFFFFFFFFFFFFFFFFFC7
:10311800FFFFFFFFFFFFFFFFFFFFFFFFFFFFFFFFB7
:10312800FFFFFFFFFFFFFFFFFFFFFFFFFFFFFFFFA7
:10313800FFFFFFFFFFFFFFFFFFFFFFFFFFFFFFFF97
:10314800FFFFFFFFFFFFFFFFFFFFFFFFFFFFFFFF87
:10315800FFFFFFFFFFFFFFFFFFFFFFFFFFFFFFFF77
:10316800FFFFFFFFFFFFFFFFFFFFFFFFFFFFFFFF67
:10317800FFFFFFFFFFFFFFFFFFFFFFFFFFFFFFFF57
:10318800FFFFFFFFFFFFFFFFFFFFFFFFFFFFFFFF47
:10319800FFFFFFFFFFFFFFFFFFFFFFFFFFFFFFFF37
:1031A800FFFFFFFFFFFFFFFFFFFFFFFFFFFFFFFF27
:1031B800FFFFFFFFFFFFFFFFFFFFFFFFFFFFFFFF17
:1031C800FFFFFFFFFFFFFFFFFFFFFFFFFFFFFFFF07
:1031D800FFFFFFFFFFFFFFFFFFFFFFFFFFFFFFFFF7
:1031E800FFFFFFFFFFFFFFFFFFFFFFFFFFFFFFFFE7
:1031F800FFFFFFFFFFFFFFFFFFFFFFFFFFFFFFFFD7
:10320800FFFFFFFFFFFFFFFFFFFFFFFFFFFFFFFFC6
:10321800FFFFFFFFFFFFFFFFFFFFFFFFFFFFFFFFB6
:10322800FFFFFFFFFFFFFFFFFFFFFFFFFFFFFFFFA6
:10323800FFFFFFFFFFFFFFFFFFFFFFFFFFFFFFFF96
:10324800FFFFFFFFFFFFFFFFFFFFFFFFFFFFFFFF86
:10325800FFFFFFFFFFFFFFFFFFFFFFFFFFFFFFFF76
:10326800FFFFFFFFFFFFFFFFFFFFFFFFFFFFFFFF66
:10327800FFFFFFFFFFFFFFFFFFFFFFFFFFFFFFFF56
:10328800FFFFFFFFFFFFFFFFFFFFFFFFFFFFFFFF46
:10329800FFFFFFFFFFFFFFFFFFFFFFFFFFFFFFFF36
:1032A800FFFFFFFFFFFFFFFFFFFFFFFFFFFFFFFF26
:1032B800FFFFFFFFFFFFFFFFFFFFFFFFFFFFFFFF16
:1032C800FFFFFFFFFFFFFFFFFFFFFFFFFFFFFFFF06
:1032D800FFFFFFFFFFFFFFFFFFFFFFFFFFFFFFFFF6
:1032E800FFFFFFFFFFFFFFFFFFFFFFFFFFFFFFFFE6
:1032F800FFFFFFFFFFFFFFFFFFFFFFFFFFFFFFFFD6
:10330800FFFFFFFFFFFFFFFFFFFFFFFFFFFFFFFFC5
:10331800FFFFFFFFFFFFFFFFFFFFFFFFFFFFFFFFB5
:10332800FFFFFFFFFFFFFFFFFFFFFFFFFFFFFFFFA5
:10333800FFFFFFFFFFFFFFFFFFFFFFFFFFFFFFFF95
:10334800FFFFFFFFFFFFFFFFFFFFFFFFFFFFFFFF85
:10335800FFFFFFFFFFFFFFFFFFFFFFFFFFFFFFFF75
:10336800FFFFFFFFFFFFFFFFFFFFFFFFFFFFFFFF65
:10337800FFFFFFFFFFFFFFFFFFFFFFFFFFFFFFFF55
:10338800FFFFFFFFFFFFFFFFFFFFFFFFFFFFFFFF45
:10339800FFFFFFFFFFFFFFFFFFFFFFFFFFFFFFFF35
:1033A800FFFFFFFFFFFFFFFFFFFFFFFFFFFFFFFF25
:1033B800FFFFFFFFFFFFFFFFFFFFFFFFFFFFFFFF15
:1033C800FFFFFFFFFFFFFFFFFFFFFFFFFFFFFFFF05
:1033D800FFFFFFFFFFFFFFFFFFFFFFFFFFFFFFFFF5
:1033E800FFFFFFFFFFFFFFFFFFFFFFFFFFFFFFFFE5
:1033F800FFFFFFFFFFFFFFFFFFFFFFFFFFFFFFFFD5
:10340800FFFFFFFFFFFFFFFFFFFFFFFFFFFFFFFFC4
:10341800FFFFFFFFFFFFFFFFFFFFFFFFFFFFFFFFB4
:10342800FFFFFFFFFFFFFFFFFFFFFFFFFFFFFFFFA4
:10343800FFFFFFFFFFFFFFFFFFFFFFFFFFFFFFFF94
:10344800FFFFFFFFFFFFFFFFFFFFFFFFFFFFFFFF84
:10345800FFFFFFFFFFFFFFFFFFFFFFFFFFFFFFFF74
:10346800FFFFFFFFFFFFFFFFFFFFFFFFFFFFFFFF64
:10347800FFFFFFFFFFFFFFFFFFFFFFFFFFFFFFFF54
:10348800FFFFFFFFFFFFFFFFFFFFFFFFFFFFFFFF44
:10349800FFFFFFFFFFFFFFFFFFFFFFFFFFFFFFFF34
:1034A800FFFFFFFFFFFFFFFFFFFFFFFFFFFFFFFF24
:1034B800FFFFFFFFFFFFFFFFFFFFFFFFFFFFFFFF14
:1034C800FFFFFFFFFFFFFFFFFFFFFFFFFFFFFFFF04
:1034D800FFFFFFFFFFFFFFFFFFFFFFFFFFFFFFFFF4
:1034E800FFFFFFFFFFFFFFFFFFFFFFFFFFFFFFFFE4
:1034F800FFFFFFFFFFFFFFFFFFFFFFFFFFFFFFFFD4
:10350800FFFFFFFFFFFFFFFFFFFFFFFFFFFFFFFFC3
:10351800FFFFFFFFFFFFFFFFFFFFFFFFFFFFFFFFB3
:10352800FFFFFFFFFFFFFFFFFFFFFFFFFFFFFFFFA3
:10353800FFFFFFFFFFFFFFFFFFFFFFFFFFFFFFFF93
:10354800FFFFFFFFFFFFFFFFFFFFFFFFFFFFFFFF83
:10355800FFFFFFFFFFFFFFFFFFFFFFFFFFFFFFFF73
:10356800FFFFFFFFFFFFFFFFFFFFFFFFFFFFFFFF63
:10357800FFFFFFFFFFFFFFFFFFFFFFFFFFFFFFFF53
:10358800FFFFFFFFFFFFFFFFFFFFFFFFFFFFFFFF43
:10359800FFFFFFFFFFFFFFFFFFFFFFFFFFFFFFFF33
:1035A800FFFFFFFFFFFFFFFFFFFFFFFFFFFFFFFF23
:1035B800FFFFFFFFFFFFFFFFFFFFFFFFFFFFFFFF13
:1035C800FFFFFFFFFFFFFFFFFFFFFFFFFFFFFFFF03
:1035D800FFFFFFFFFFFFFFFFFFFFFFFFFFFFFFFFF3
:1035E800FFFFFFFFFFFFFFFFFFFFFFFFFFFFFFFFE3
:1035F800FFFFFFFFFFFFFFFFFFFFFFFFFFFFFFFFD3
:10360800FFFFFFFFFFFFFFFFFFFFFFFFFFFFFFFFC2
:10361800FFFFFFFFFFFFFFFFFFFFFFFFFFFFFFFFB2
:10362800FFFFFFFFFFFFFFFFFFFFFFFFFFFFFFFFA2
:10363800FFFFFFFFFFFFFFFFFFFFFFFFFFFFFFFF92
:10364800FFFFFFFFFFFFFFFFFFFFFFFFFFFFFFFF82
:10365800FFFFFFFFFFFFFFFFFFFFFFFFFFFFFFFF72
:10366800FFFFFFFFFFFFFFFFFFFFFFFFFFFFFFFF62
:10367800FFFFFFFFFFFFFFFFFFFFFFFFFFFFFFFF52
:10368800FFFFFFFFFFFFFFFFFFFFFFFFFFFFFFFF42
:10369800FFFFFFFFFFFFFFFFFFFFFFFFFFFFFFFF32
:1036A800FFFFFFFFFFFFFFFFFFFFFFFFFFFFFFFF22
:1036B800FFFFFFFFFFFFFFFFFFFFFFFFFFFFFFFF12
:1036C800FFFFFFFFFFFFFFFFFFFFFFFFFFFFFFFF02
:1036D800FFFFFFFFFFFFFFFFFFFFFFFFFFFFFFFFF2
:1036E800FFFFFFFFFFFFFFFFFFFFFFFFFFFFFFFFE2
:1036F800FFFFFFFFFFFFFFFFFFFFFFFFFFFFFFFFD2
:10370800FFFFFFFFFFFFFFFFFFFFFFFFFFFFFFFFC1
:10371800FFFFFFFFFFFFFFFFFFFFFFFFFFFFFFFFB1
:10372800FFFFFFFFFFFFFFFFFFFFFFFFFFFFFFFFA1
:10373800FFFFFFFFFFFFFFFFFFFFFFFFFFFFFFFF91
:10374800FFFFFFFFFFFFFFFFFFFFFFFFFFFFFFFF81
:10375800FFFFFFFFFFFFFFFFFFFFFFFFFFFFFFFF71
:10376800FFFFFFFFFFFFFFFFFFFFFFFFFFFFFFFF61
:10377800FFFFFFFFFFFFFFFFFFFFFFFFFFFFFFFF51
:10378800FFFFFFFFFFFFFFFFFFFFFFFFFFFFFFFF41
:10379800FFFFFFFFFFFFFFFFFFFFFFFFFFFFFFFF31
:1037A800FFFFFFFFFFFFFFFFFFFFFFFFFFFFFFFF21
:1037B800FFFFFFFFFFFFFFFFFFFFFFFFFFFFFFFF11
:1037C800FFFFFFFFFFFFFFFFFFFFFFFFFFFFFFFF01
:1037D800FFFFFFFFFFFFFFFFFFFFFFFFFFFFFFFFF1
:1037E800FFFFFFFFFFFFFFFFFFFFFFFFFFFFFFFFE1
:1037F800FFFFFFFFFFFFFFFFFFFFFFFFFFFFFFFFD1
:10380800FFFFFFFFFFFFFFFFFFFFFFFFFFFFFFFFC0
:10381800FFFFFFFFFFFFFFFFFFFFFFFFFFFFFFFFB0
:10382800FFFFFFFFFFFFFFFFFFFFFFFFFFFFFFFFA0
:10383800FFFFFFFFFFFFFFFFFFFFFFFFFFFFFFFF90
:10384800FFFFFFFFFFFFFFFFFFFFFFFFFFFFFFFF80
:10385800FFFFFFFFFFFFFFFFFFFFFFFFFFFFFFFF70
:10386800FFFFFFFFFFFFFFFFFFFFFFFFFFFFFFFF60
:10387800FFFFFFFFFFFFFFFFFFFFFFFFFFFFFFFF50
:10388800FFFFFFFFFFFFFFFFFFFFFFFFFFFFFFFF40
:10389800FFFFFFFFFFFFFFFFFFFFFFFFFFFFFFFF30
:1038A800FFFFFFFFFFFFFFFFFFFFFFFFFFFFFFFF20
:1038B800FFFFFFFFFFFFFFFFFFFFFFFFFFFFFFFF10
:1038C800FFFFFFFFFFFFFFFFFFFFFFFFFFFFFFFF00
:1038D800FFFFFFFFFFFFFFFFFFFFFFFFFFFFFFFFF0
:1038E800FFFFFFFFFFFFFFFFFFFFFFFFFFFFFFFFE0
:1038F800FFFFFFFFFFFFFFFFFFFFFFFFFFFFFFFFD0
:10390800FFFFFFFFFFFFFFFFFFFFFFFFFFFFFFFFBF
:10391800FFFFFFFFFFFFFFFFFFFFFFFFFFFFFFFFAF
:10392800FFFFFFFFFFFFFFFFFFFFFFFFFFFFFFFF9F
:10393800FFFFFFFFFFFFFFFFFFFFFFFFFFFFFFFF8F
:10394800FFFFFFFFFFFFFFFFFFFFFFFFFFFFFFFF7F
:10395800FFFFFFFFFFFFFFFFFFFFFFFFFFFFFFFF6F
:10396800FFFFFFFFFFFFFFFFFFFFFFFFFFFFFFFF5F
:10397800FFFFFFFFFFFFFFFFFFFFFFFFFFFFFFFF4F
:10398800FFFFFFFFFFFFFFFFFFFFFFFFFFFFFFFF3F
:10399800FFFFFFFFFFFFFFFFFFFFFFFFFFFFFFFF2F
:1039A800FFFFFFFFFFFFFFFFFFFFFFFFFFFFFFFF1F
:1039B800FFFFFFFFFFFFFFFFFFFFFFFFFFFFFFFF0F
:1039C800FFFFFFFFFFFFFFFFFFFFFFFFFFFFFFFFFF
:1039D800FFFFFFFFFFFFFFFFFFFFFFFFFFFFFFFFEF
:1039E800FFFFFFFFFFFFFFFFFFFFFFFFFFFFFFFFDF
:1039F800FFFFFFFFFFFFFFFFFFFFFFFFFFFFFFFFCF
:103A0800FFFFFFFFFFFFFFFFFFFFFFFFFFFFFFFFBE
:103A1800FFFFFFFFFFFFFFFFFFFFFFFFFFFFFFFFAE
:103A2800FFFFFFFFFFFFFFFFFFFFFFFFFFFFFFFF9E
:103A3800FFFFFFFFFFFFFFFFFFFFFFFFFFFFFFFF8E
:103A4800FFFFFFFFFFFFFFFFFFFFFFFFFFFFFFFF7E
:103A5800FFFFFFFFFFFFFFFFFFFFFFFFFFFFFFFF6E
:103A6800FFFFFFFFFFFFFFFFFFFFFFFFFFFFFFFF5E
:103A7800FFFFFFFFFFFFFFFFFFFFFFFFFFFFFFFF4E
:103A8800FFFFFFFFFFFFFFFFFFFFFFFFFFFFFFFF3E
:103A9800FFFFFFFFFFFFFFFFFFFFFFFFFFFFFFFF2E
:103AA800FFFFFFFFFFFFFFFFFFFFFFFFFFFFFFFF1E
:103AB800FFFFFFFFFFFFFFFFFFFFFFFFFFFFFFFF0E
:103AC800FFFFFFFFFFFFFFFFFFFFFFFFFFFFFFFFFE
:103AD800FFFFFFFFFFFFFFFFFFFFFFFFFFFFFFFFEE
:103AE800FFFFFFFFFFFFFFFFFFFFFFFFFFFFFFFFDE
:103AF800FFFFFFFFFFFFFFFFFFFFFFFFFFFFFFFFCE
:103B0800FFFFFFFFFFFFFFFFFFFFFFFFFFFFFFFFBD
:103B1800FFFFFFFFFFFFFFFFFFFFFFFFFFFFFFFFAD
:103B2800FFFFFFFFFFFFFFFFFFFFFFFFFFFFFFFF9D
:103B3800FFFFFFFFFFFFFFFFFFFFFFFFFFFFFFFF8D
:103B4800FFFFFFFFFFFFFFFFFFFFFFFFFFFFFFFF7D
:103B5800FFFFFFFFFFFFFFFFFFFFFFFFFFFFFFFF6D
:103B6800FFFFFFFFFFFFFFFFFFFFFFFFFFFFFFFF5D
:103B7800FFFFFFFFFFFFFFFFFFFFFFFFFFFFFFFF4D
:103B8800FFFFFFFFFFFFFFFFFFFFFFFFFFFFFFFF3D
:103B9800FFFFFFFFFFFFFFFFFFFFFFFFFFFFFFFF2D
:103BA800FFFFFFFFFFFFFFFFFFFFFFFFFFFFFFFF1D
:103BB800FFFFFFFFFFFFFFFFFFFFFFFFFFFFFFFF0D
:103BC800FFFFFFFFFFFFFFFFFFFFFFFFFFFFFFFFFD
:103BD800FFFFFFFFFFFFFFFFFFFFFFFFFFFFFFFFED
:103BE800FFFFFFFFFFFFFFFFFFFFFFFFFFFFFFFFDD
:103BF800FFFFFFFFFFFFFFFFFFFFFFFFFFFFFFFFCD
:103C0800FFFFFFFFFFFFFFFFFFFFFFFFFFFFFFFFBC
:103C1800FFFFFFFFFFFFFFFFFFFFFFFFFFFFFFFFAC
:103C2800FFFFFFFFFFFFFFFFFFFFFFFFFFFFFFFF9C
:103C3800FFFFFFFFFFFFFFFFFFFFFFFFFFFFFFFF8C
:103C4800FFFFFFFFFFFFFFFFFFFFFFFFFFFFFFFF7C
:103C5800FFFFFFFFFFFFFFFFFFFFFFFFFFFFFFFF6C
:103C6800FFFFFFFFFFFFFFFFFFFFFFFFFFFFFFFF5C
:103C7800FFFFFFFFFFFFFFFFFFFFFFFFFFFFFFFF4C
:103C8800FFFFFFFFFFFFFFFFFFFFFFFFFFFFFFFF3C
:103C9800FFFFFFFFFFFFFFFFFFFFFFFFFFFFFFFF2C
:103CA800FFFFFFFFFFFFFFFFFFFFFFFFFFFFFFFF1C
:103CB800FFFFFFFFFFFFFFFFFFFFFFFFFFFFFFFF0C
:103CC800FFFFFFFFFFFFFFFFFFFFFFFFFFFFFFFFFC
:103CD800FFFFFFFFFFFFFFFFFFFFFFFFFFFFFFFFEC
:103CE800FFFFFFFFFFFFFFFFFFFFFFFFFFFFFFFFDC
:103CF800FFFFFFFFFFFFFFFFFFFFFFFFFFFFFFFFCC
:103D0800FFFFFFFFFFFFFFFFFFFFFFFFFFFFFFFFBB
:103D1800FFFFFFFFFFFFFFFFFFFFFFFFFFFFFFFFAB
:103D2800FFFFFFFFFFFFFFFFFFFFFFFFFFFFFFFF9B
:103D3800FFFFFFFFFFFFFFFFFFFFFFFFFFFFFFFF8B
:103D4800FFFFFFFFFFFFFFFFFFFFFFFFFFFFFFFF7B
:103D5800FFFFFFFFFFFFFFFFFFFFFFFFFFFFFFFF6B
:103D6800FFFFFFFFFFFFFFFFFFFFFFFFFFFFFFFF5B
:103D7800FFFFFFFFFFFFFFFFFFFFFFFFFFFFFFFF4B
:103D8800FFFFFFFFFFFFFFFFFFFFFFFFFFFFFFFF3B
:103D9800FFFFFFFFFFFFFFFFFFFFFFFFFFFFFFFF2B
:103DA800FFFFFFFFFFFFFFFFFFFFFFFFFFFFFFFF1B
:103DB800FFFFFFFFFFFFFFFFFFFFFFFFFFFFFFFF0B
:103DC800FFFFFFFFFFFFFFFFFFFFFFFFFFFFFFFFFB
:103DD800FFFFFFFFFFFFFFFFFFFFFFFFFFFFFFFFEB
:103DE800FFFFFFFFFFFFFFFFFFFFFFFFFFFFFFFFDB
:103DF800FFFFFFFFFFFFFFFFFFFFFFFFFFFFFFFFCB
:103E0800FFFFFFFFFFFFFFFFFFFFFFFFFFFFFFFFBA
:103E1800FFFFFFFFFFFFFFFFFFFFFFFFFFFFFFFFAA
:103E2800FFFFFFFFFFFFFFFFFFFFFFFFFFFFFFFF9A
:103E3800FFFFFFFFFFFFFFFFFFFFFFFFFFFFFFFF8A
:103E4800FFFFFFFFFFFFFFFFFFFFFFFFFFFFFFFF7A
:103E5800FFFFFFFFFFFFFFFFFFFFFFFFFFFFFFFF6A
:103E6800FFFFFFFFFFFFFFFFFFFFFFFFFFFFFFFF5A
:103E7800FFFFFFFFFFFFFFFFFFFFFFFFFFFFFFFF4A
:103E8800FFFFFFFFFFFFFFFFFFFFFFFFFFFFFFFF3A
:103E9800FFFFFFFFFFFFFFFFFFFFFFFFFFFFFFFF2A
:103EA800FFFFFFFFFFFFFFFFFFFFFFFFFFFFFFFF1A
:103EB800FFFFFFFFFFFFFFFFFFFFFFFFFFFFFFFF0A
:103EC800FFFFFFFFFFFFFFFFFFFFFFFFFFFFFFFFFA
:103ED800FFFFFFFFFFFFFFFFFFFFFFFFFFFFFFFFEA
:103EE800FFFFFFFFFFFFFFFFFFFFFFFFFFFFFFFFDA
:103EF800FFFFFFFFFFFFFFFFFFFFFFFFFFFFFFFFCA
:103F0800FFFFFFFFFFFFFFFFFFFFFFFFFFFFFFFFB9
:103F1800FFFFFFFFFFFFFFFFFFFFFFFFFFFFFFFFA9
:103F2800FFFFFFFFFFFFFFFFFFFFFFFFFFFFFFFF99
:103F3800FFFFFFFFFFFFFFFFFFFFFFFFFFFFFFFF89
:103F4800FFFFFFFFFFFFFFFFFFFFFFFFFFFFFFFF79
:103F5800FFFFFFFFFFFFFFFFFFFFFFFFFFFFFFFF69
:103F6800FFFFFFFFFFFFFFFFFFFFFFFFFFFFFFFF59
:103F7800FFFFFFFFFFFFFFFFFFFFFFFFFFFFFFFF49
:103F8800FFFFFFFFFFFFFFFFFFFFFFFFFFFFFFFF39
:103F9800FFFFFFFFFFFFFFFFFFFFFFFFFFFFFFFF29
:103FA800FFFFFFFFFFFFFFFFFFFFFFFFFFFFFFFF19
:103FB800FFFFFFFFFFFFFFFFFFFFFFFFFFFFFFFF09
:103FC800FFFFFFFFFFFFFFFFFFFFFFFFFFFFFFFFF9
:103FD800FFFFFFFFFFFFFFFFFFFFFFFFFFFFFFFFE9
:103FE800FFFFFFFFFFFFFFFFFFFFFFFFFFFFFFFFD9
:103FF800FFFFFFFFFFFFFFFFFFFFFFFFFFFFFFFFC9
:10400800FFFFFFFFFFFFFFFFFFFFFFFFFFFFFFFFB8
:10401800FFFFFFFFFFFFFFFFFFFFFFFFFFFFFFFFA8
:10402800FFFFFFFFFFFFFFFFFFFFFFFFFFFFFFFF98
:10403800FFFFFFFFFFFFFFFFFFFFFFFFFFFFFFFF88
:10404800FFFFFFFFFFFFFFFFFFFFFFFFFFFFFFFF78
:10405800FFFFFFFFFFFFFFFFFFFFFFFFFFFFFFFF68
:10406800FFFFFFFFFFFFFFFFFFFFFFFFFFFFFFFF58
:10407800FFFFFFFFFFFFFFFFFFFFFFFFFFFFFFFF48
:10408800FFFFFFFFFFFFFFFFFFFFFFFFFFFFFFFF38
:10409800FFFFFFFFFFFFFFFFFFFFFFFFFFFFFFFF28
:1040A800FFFFFFFFFFFFFFFFFFFFFFFFFFFFFFFF18
:1040B800FFFFFFFFFFFFFFFFFFFFFFFFFFFFFFFF08
:1040C800FFFFFFFFFFFFFFFFFFFFFFFFFFFFFFFFF8
:1040D800FFFFFFFFFFFFFFFFFFFFFFFFFFFFFFFFE8
:1040E800FFFFFFFFFFFFFFFFFFFFFFFFFFFFFFFFD8
:1040F800FFFFFFFFFFFFFFFFFFFFFFFFFFFFFFFFC8
:10410800FFFFFFFFFFFFFFFFFFFFFFFFFFFFFFFFB7
:10411800FFFFFFFFFFFFFFFFFFFFFFFFFFFFFFFFA7
:10412800FFFFFFFFFFFFFFFFFFFFFFFFFFFFFFFF97
:10413800FFFFFFFFFFFFFFFFFFFFFFFFFFFFFFFF87
:10414800FFFFFFFFFFFFFFFFFFFFFFFFFFFFFFFF77
:10415800FFFFFFFFFFFFFFFFFFFFFFFFFFFFFFFF67
:10416800FFFFFFFFFFFFFFFFFFFFFFFFFFFFFFFF57
:10417800FFFFFFFFFFFFFFFFFFFFFFFFFFFFFFFF47
:10418800FFFFFFFFFFFFFFFFFFFFFFFFFFFFFFFF37
:10419800FFFFFFFFFFFFFFFFFFFFFFFFFFFFFFFF27
:1041A800FFFFFFFFFFFFFFFFFFFFFFFFFFFFFFFF17
:1041B800FFFFFFFFFFFFFFFFFFFFFFFFFFFFFFFF07
:1041C800FFFFFFFFFFFFFFFFFFFFFFFFFFFFFFFFF7
:1041D800FFFFFFFFFFFFFFFFFFFFFFFFFFFFFFFFE7
:1041E800FFFFFFFFFFFFFFFFFFFFFFFFFFFFFFFFD7
:1041F800FFFFFFFFFFFFFFFFFFFFFFFFFFFFFFFFC7
:10420800FFFFFFFFFFFFFFFFFFFFFFFFFFFFFFFFB6
:10421800FFFFFFFFFFFFFFFFFFFFFFFFFFFFFFFFA6
:10422800FFFFFFFFFFFFFFFFFFFFFFFFFFFFFFFF96
:10423800FFFFFFFFFFFFFFFFFFFFFFFFFFFFFFFF86
:10424800FFFFFFFFFFFFFFFFFFFFFFFFFFFFFFFF76
:10425800FFFFFFFFFFFFFFFFFFFFFFFFFFFFFFFF66
:10426800FFFFFFFFFFFFFFFFFFFFFFFFFFFFFFFF56
:10427800FFFFFFFFFFFFFFFFFFFFFFFFFFFFFFFF46
:10428800FFFFFFFFFFFFFFFFFFFFFFFFFFFFFFFF36
:10429800FFFFFFFFFFFFFFFFFFFFFFFFFFFFFFFF26
:1042A800FFFFFFFFFFFFFFFFFFFFFFFFFFFFFFFF16
:1042B800FFFFFFFFFFFFFFFFFFFFFFFFFFFFFFFF06
:1042C800FFFFFFFFFFFFFFFFFFFFFFFFFFFFFFFFF6
:1042D800FFFFFFFFFFFFFFFFFFFFFFFFFFFFFFFFE6
:1042E800FFFFFFFFFFFFFFFFFFFFFFFFFFFFFFFFD6
:1042F800FFFFFFFFFFFFFFFFFFFFFFFFFFFFFFFFC6
:10430800FFFFFFFFFFFFFFFFFFFFFFFFFFFFFFFFB5
:10431800FFFFFFFFFFFFFFFFFFFFFFFFFFFFFFFFA5
:10432800FFFFFFFFFFFFFFFFFFFFFFFFFFFFFFFF95
:10433800FFFFFFFFFFFFFFFFFFFFFFFFFFFFFFFF85
:10434800FFFFFFFFFFFFFFFFFFFFFFFFFFFFFFFF75
:10435800FFFFFFFFFFFFFFFFFFFFFFFFFFFFFFFF65
:10436800FFFFFFFFFFFFFFFFFFFFFFFFFFFFFFFF55
:10437800FFFFFFFFFFFFFFFFFFFFFFFFFFFFFFFF45
:10438800FFFFFFFFFFFFFFFFFFFFFFFFFFFFFFFF35
:10439800FFFFFFFFFFFFFFFFFFFFFFFFFFFFFFFF25
:1043A800FFFFFFFFFFFFFFFFFFFFFFFFFFFFFFFF15
:1043B800FFFFFFFFFFFFFFFFFFFFFFFFFFFFFFFF05
:1043C800FFFFFFFFFFFFFFFFFFFFFFFFFFFFFFFFF5
:1043D800FFFFFFFFFFFFFFFFFFFFFFFFFFFFFFFFE5
:1043E800FFFFFFFFFFFFFFFFFFFFFFFFFFFFFFFFD5
:1043F800FFFFFFFFFFFFFFFFFFFFFFFFFFFFFFFFC5
:10440800FFFFFFFFFFFFFFFFFFFFFFFFFFFFFFFFB4
:10441800FFFFFFFFFFFFFFFFFFFFFFFFFFFFFFFFA4
:10442800FFFFFFFFFFFFFFFFFFFFFFFFFFFFFFFF94
:10443800FFFFFFFFFFFFFFFFFFFFFFFFFFFFFFFF84
:10444800FFFFFFFFFFFFFFFFFFFFFFFFFFFFFFFF74
:10445800FFFFFFFFFFFFFFFFFFFFFFFFFFFFFFFF64
:10446800FFFFFFFFFFFFFFFFFFFFFFFFFFFFFFFF54
:10447800FFFFFFFFFFFFFFFFFFFFFFFFFFFFFFFF44
:10448800FFFFFFFFFFFFFFFFFFFFFFFFFFFFFFFF34
:10449800FFFFFFFFFFFFFFFFFFFFFFFFFFFFFFFF24
:1044A800FFFFFFFFFFFFFFFFFFFFFFFFFFFFFFFF14
:1044B800FFFFFFFFFFFFFFFFFFFFFFFFFFFFFFFF04
:1044C800FFFFFFFFFFFFFFFFFFFFFFFFFFFFFFFFF4
:1044D800FFFFFFFFFFFFFFFFFFFFFFFFFFFFFFFFE4
:1044E800FFFFFFFFFFFFFFFFFFFFFFFFFFFFFFFFD4
:1044F800FFFFFFFFFFFFFFFFFFFFFFFFFFFFFFFFC4
:10450800FFFFFFFFFFFFFFFFFFFFFFFFFFFFFFFFB3
:10451800FFFFFFFFFFFFFFFFFFFFFFFFFFFFFFFFA3
:10452800FFFFFFFFFFFFFFFFFFFFFFFFFFFFFFFF93
:10453800FFFFFFFFFFFFFFFFFFFFFFFFFFFFFFFF83
:10454800FFFFFFFFFFFFFFFFFFFFFFFFFFFFFFFF73
:10455800FFFFFFFFFFFFFFFFFFFFFFFFFFFFFFFF63
:10456800FFFFFFFFFFFFFFFFFFFFFFFFFFFFFFFF53
:10457800FFFFFFFFFFFFFFFFFFFFFFFFFFFFFFFF43
:10458800FFFFFFFFFFFFFFFFFFFFFFFFFFFFFFFF33
:10459800FFFFFFFFFFFFFFFFFFFFFFFFFFFFFFFF23
:1045A800FFFFFFFFFFFFFFFFFFFFFFFFFFFFFFFF13
:1045B800FFFFFFFFFFFFFFFFFFFFFFFFFFFFFFFF03
:1045C800FFFFFFFFFFFFFFFFFFFFFFFFFFFFFFFFF3
:1045D800FFFFFFFFFFFFFFFFFFFFFFFFFFFFFFFFE3
:1045E800FFFFFFFFFFFFFFFFFFFFFFFFFFFFFFFFD3
:1045F800FFFFFFFFFFFFFFFFFFFFFFFFFFFFFFFFC3
:10460800FFFFFFFFFFFFFFFFFFFFFFFFFFFFFFFFB2
:10461800FFFFFFFFFFFFFFFFFFFFFFFFFFFFFFFFA2
:10462800FFFFFFFFFFFFFFFFFFFFFFFFFFFFFFFF92
:10463800FFFFFFFFFFFFFFFFFFFFFFFFFFFFFFFF82
:10464800FFFFFFFFFFFFFFFFFFFFFFFFFFFFFFFF72
:10465800FFFFFFFFFFFFFFFFFFFFFFFFFFFFFFFF62
:10466800FFFFFFFFFFFFFFFFFFFFFFFFFFFFFFFF52
:10467800FFFFFFFFFFFFFFFFFFFFFFFFFFFFFFFF42
:10468800FFFFFFFFFFFFFFFFFFFFFFFFFFFFFFFF32
:10469800FFFFFFFFFFFFFFFFFFFFFFFFFFFFFFFF22
:1046A800FFFFFFFFFFFFFFFFFFFFFFFFFFFFFFFF12
:1046B800FFFFFFFFFFFFFFFFFFFFFFFFFFFFFFFF02
:1046C800FFFFFFFFFFFFFFFFFFFFFFFFFFFFFFFFF2
:1046D800FFFFFFFFFFFFFFFFFFFFFFFFFFFFFFFFE2
:1046E800FFFFFFFFFFFFFFFFFFFFFFFFFFFFFFFFD2
:1046F800FFFFFFFFFFFFFFFFFFFFFFFFFFFFFFFFC2
:10470800FFFFFFFFFFFFFFFFFFFFFFFFFFFFFFFFB1
:10471800FFFFFFFFFFFFFFFFFFFFFFFFFFFFFFFFA1
:10472800FFFFFFFFFFFFFFFFFFFFFFFFFFFFFFFF91
:10473800FFFFFFFFFFFFFFFFFFFFFFFFFFFFFFFF81
:10474800FFFFFFFFFFFFFFFFFFFFFFFFFFFFFFFF71
:10475800FFFFFFFFFFFFFFFFFFFFFFFFFFFFFFFF61
:10476800FFFFFFFFFFFFFFFFFFFFFFFFFFFFFFFF51
:10477800FFFFFFFFFFFFFFFFFFFFFFFFFFFFFFFF41
:10478800FFFFFFFFFFFFFFFFFFFFFFFFFFFFFFFF31
:10479800FFFFFFFFFFFFFFFFFFFFFFFFFFFFFFFF21
:1047A800FFFFFFFFFFFFFFFFFFFFFFFFFFFFFFFF11
:1047B800FFFFFFFFFFFFFFFFFFFFFFFFFFFFFFFF01
:1047C800FFFFFFFFFFFFFFFFFFFFFFFFFFFFFFFFF1
:1047D800FFFFFFFFFFFFFFFFFFFFFFFFFFFFFFFFE1
:1047E800FFFFFFFFFFFFFFFFFFFFFFFFFFFFFFFFD1
:1047F800FFFFFFFFFFFFFFFFFFFFFFFFFFFFFFFFC1
:10480800FFFFFFFFFFFFFFFFFFFFFFFFFFFFFFFFB0
:10481800FFFFFFFFFFFFFFFFFFFFFFFFFFFFFFFFA0
:10482800FFFFFFFFFFFFFFFFFFFFFFFFFFFFFFFF90
:10483800FFFFFFFFFFFFFFFFFFFFFFFFFFFFFFFF80
:10484800FFFFFFFFFFFFFFFFFFFFFFFFFFFFFFFF70
:10485800FFFFFFFFFFFFFFFFFFFFFFFFFFFFFFFF60
:10486800FFFFFFFFFFFFFFFFFFFFFFFFFFFFFFFF50
:10487800FFFFFFFFFFFFFFFFFFFFFFFFFFFFFFFF40
:10488800FFFFFFFFFFFFFFFFFFFFFFFFFFFFFFFF30
:10489800FFFFFFFFFFFFFFFFFFFFFFFFFFFFFFFF20
:1048A800FFFFFFFFFFFFFFFFFFFFFFFFFFFFFFFF10
:1048B800FFFFFFFFFFFFFFFFFFFFFFFFFFFFFFFF00
:1048C800FFFFFFFFFFFFFFFFFFFFFFFFFFFFFFFFF0
:1048D800FFFFFFFFFFFFFFFFFFFFFFFFFFFFFFFFE0
:1048E800FFFFFFFFFFFFFFFFFFFFFFFFFFFFFFFFD0
:1048F800FFFFFFFFFFFFFFFFFFFFFFFFFFFFFFFFC0
:10490800FFFFFFFFFFFFFFFFFFFFFFFFFFFFFFFFAF
:10491800FFFFFFFFFFFFFFFFFFFFFFFFFFFFFFFF9F
:10492800FFFFFFFFFFFFFFFFFFFFFFFFFFFFFFFF8F
:10493800FFFFFFFFFFFFFFFFFFFFFFFFFFFFFFFF7F
:10494800FFFFFFFFFFFFFFFFFFFFFFFFFFFFFFFF6F
:10495800FFFFFFFFFFFFFFFFFFFFFFFFFFFFFFFF5F
:10496800FFFFFFFFFFFFFFFFFFFFFFFFFFFFFFFF4F
:10497800FFFFFFFFFFFFFFFFFFFFFFFFFFFFFFFF3F
:10498800FFFFFFFFFFFFFFFFFFFFFFFFFFFFFFFF2F
:10499800FFFFFFFFFFFFFFFFFFFFFFFFFFFFFFFF1F
:1049A800FFFFFFFFFFFFFFFFFFFFFFFFFFFFFFFF0F
:1049B800FFFFFFFFFFFFFFFFFFFFFFFFFFFFFFFFFF
:1049C800FFFFFFFFFFFFFFFFFFFFFFFFFFFFFFFFEF
:1049D800FFFFFFFFFFFFFFFFFFFFFFFFFFFFFFFFDF
:1049E800FFFFFFFFFFFFFFFFFFFFFFFFFFFFFFFFCF
:1049F800FFFFFFFFFFFFFFFFFFFFFFFFFFFFFFFFBF
:104A0800FFFFFFFFFFFFFFFFFFFFFFFFFFFFFFFFAE
:104A1800FFFFFFFFFFFFFFFFFFFFFFFFFFFFFFFF9E
:104A2800FFFFFFFFFFFFFFFFFFFFFFFFFFFFFFFF8E
:104A3800FFFFFFFFFFFFFFFFFFFFFFFFFFFFFFFF7E
:104A4800FFFFFFFFFFFFFFFFFFFFFFFFFFFFFFFF6E
:104A5800FFFFFFFFFFFFFFFFFFFFFFFFFFFFFFFF5E
:104A6800FFFFFFFFFFFFFFFFFFFFFFFFFFFFFFFF4E
:104A7800FFFFFFFFFFFFFFFFFFFFFFFFFFFFFFFF3E
:104A8800FFFFFFFFFFFFFFFFFFFFFFFFFFFFFFFF2E
:104A9800FFFFFFFFFFFFFFFFFFFFFFFFFFFFFFFF1E
:104AA800FFFFFFFFFFFFFFFFFFFFFFFFFFFFFFFF0E
:104AB800FFFFFFFFFFFFFFFFFFFFFFFFFFFFFFFFFE
:104AC800FFFFFFFFFFFFFFFFFFFFFFFFFFFFFFFFEE
:104AD800FFFFFFFFFFFFFFFFFFFFFFFFFFFFFFFFDE
:104AE800FFFFFFFFFFFFFFFFFFFFFFFFFFFFFFFFCE
:104AF800FFFFFFFFFFFFFFFFFFFFFFFFFFFFFFFFBE
:104B0800FFFFFFFFFFFFFFFFFFFFFFFFFFFFFFFFAD
:104B1800FFFFFFFFFFFFFFFFFFFFFFFFFFFFFFFF9D
:104B2800FFFFFFFFFFFFFFFFFFFFFFFFFFFFFFFF8D
:104B3800FFFFFFFFFFFFFFFFFFFFFFFFFFFFFFFF7D
:104B4800FFFFFFFFFFFFFFFFFFFFFFFFFFFFFFFF6D
:104B5800FFFFFFFFFFFFFFFFFFFFFFFFFFFFFFFF5D
:104B6800FFFFFFFFFFFFFFFFFFFFFFFFFFFFFFFF4D
:104B7800FFFFFFFFFFFFFFFFFFFFFFFFFFFFFFFF3D
:104B8800FFFFFFFFFFFFFFFFFFFFFFFFFFFFFFFF2D
:104B9800FFFFFFFFFFFFFFFFFFFFFFFFFFFFFFFF1D
:104BA800FFFFFFFFFFFFFFFFFFFFFFFFFFFFFFFF0D
:104BB800FFFFFFFFFFFFFFFFFFFFFFFFFFFFFFFFFD
:104BC800FFFFFFFFFFFFFFFFFFFFFFFFFFFFFFFFED
:104BD800FFFFFFFFFFFFFFFFFFFFFFFFFFFFFFFFDD
:104BE800FFFFFFFFFFFFFFFFFFFFFFFFFFFFFFFFCD
:104BF800FFFFFFFFFFFFFFFFFFFFFFFFFFFFFFFFBD
:104C0800FFFFFFFFFFFFFFFFFFFFFFFFFFFFFFFFAC
:104C1800FFFFFFFFFFFFFFFFFFFFFFFFFFFFFFFF9C
:104C2800FFFFFFFFFFFFFFFFFFFFFFFFFFFFFFFF8C
:104C3800FFFFFFFFFFFFFFFFFFFFFFFFFFFFFFFF7C
:104C4800FFFFFFFFFFFFFFFFFFFFFFFFFFFFFFFF6C
:104C5800FFFFFFFFFFFFFFFFFFFFFFFFFFFFFFFF5C
:104C6800FFFFFFFFFFFFFFFFFFFFFFFFFFFFFFFF4C
:104C7800FFFFFFFFFFFFFFFFFFFFFFFFFFFFFFFF3C
:104C8800FFFFFFFFFFFFFFFFFFFFFFFFFFFFFFFF2C
:104C9800FFFFFFFFFFFFFFFFFFFFFFFFFFFFFFFF1C
:104CA800FFFFFFFFFFFFFFFFFFFFFFFFFFFFFFFF0C
:104CB800FFFFFFFFFFFFFFFFFFFFFFFFFFFFFFFFFC
:104CC800FFFFFFFFFFFFFFFFFFFFFFFFFFFFFFFFEC
:104CD800FFFFFFFFFFFFFFFFFFFFFFFFFFFFFFFFDC
:104CE800FFFFFFFFFFFFFFFFFFFFFFFFFFFFFFFFCC
:104CF800FFFFFFFFFFFFFFFFFFFFFFFFFFFFFFFFBC
:104D0800FFFFFFFFFFFFFFFFFFFFFFFFFFFFFFFFAB
:104D1800FFFFFFFFFFFFFFFFFFFFFFFFFFFFFFFF9B
:104D2800FFFFFFFFFFFFFFFFFFFFFFFFFFFFFFFF8B
:104D3800FFFFFFFFFFFFFFFFFFFFFFFFFFFFFFFF7B
:104D4800FFFFFFFFFFFFFFFFFFFFFFFFFFFFFFFF6B
:104D5800FFFFFFFFFFFFFFFFFFFFFFFFFFFFFFFF5B
:104D6800FFFFFFFFFFFFFFFFFFFFFFFFFFFFFFFF4B
:104D7800FFFFFFFFFFFFFFFFFFFFFFFFFFFFFFFF3B
:104D8800FFFFFFFFFFFFFFFFFFFFFFFFFFFFFFFF2B
:104D9800FFFFFFFFFFFFFFFFFFFFFFFFFFFFFFFF1B
:104DA800FFFFFFFFFFFFFFFFFFFFFFFFFFFFFFFF0B
:104DB800FFFFFFFFFFFFFFFFFFFFFFFFFFFFFFFFFB
:104DC800FFFFFFFFFFFFFFFFFFFFFFFFFFFFFFFFEB
:104DD800FFFFFFFFFFFFFFFFFFFFFFFFFFFFFFFFDB
:104DE800FFFFFFFFFFFFFFFFFFFFFFFFFFFFFFFFCB
:104DF800FFFFFFFFFFFFFFFFFFFFFFFFFFFFFFFFBB
:104E0800FFFFFFFFFFFFFFFFFFFFFFFFFFFFFFFFAA
:104E1800FFFFFFFFFFFFFFFFFFFFFFFFFFFFFFFF9A
:104E2800FFFFFFFFFFFFFFFFFFFFFFFFFFFFFFFF8A
:104E3800FFFFFFFFFFFFFFFFFFFFFFFFFFFFFFFF7A
:104E4800FFFFFFFFFFFFFFFFFFFFFFFFFFFFFFFF6A
:104E5800FFFFFFFFFFFFFFFFFFFFFFFFFFFFFFFF5A
:104E6800FFFFFFFFFFFFFFFFFFFFFFFFFFFFFFFF4A
:104E7800FFFFFFFFFFFFFFFFFFFFFFFFFFFFFFFF3A
:104E8800FFFFFFFFFFFFFFFFFFFFFFFFFFFFFFFF2A
:104E9800FFFFFFFFFFFFFFFFFFFFFFFFFFFFFFFF1A
:104EA800FFFFFFFFFFFFFFFFFFFFFFFFFFFFFFFF0A
:104EB800FFFFFFFFFFFFFFFFFFFFFFFFFFFFFFFFFA
:104EC800FFFFFFFFFFFFFFFFFFFFFFFFFFFFFFFFEA
:104ED800FFFFFFFFFFFFFFFFFFFFFFFFFFFFFFFFDA
:104EE800FFFFFFFFFFFFFFFFFFFFFFFFFFFFFFFFCA
:104EF800FFFFFFFFFFFFFFFFFFFFFFFFFFFFFFFFBA
:104F0800FFFFFFFFFFFFFFFFFFFFFFFFFFFFFFFFA9
:104F1800FFFFFFFFFFFFFFFFFFFFFFFFFFFFFFFF99
:104F2800FFFFFFFFFFFFFFFFFFFFFFFFFFFFFFFF89
:104F3800FFFFFFFFFFFFFFFFFFFFFFFFFFFFFFFF79
:104F4800FFFFFFFFFFFFFFFFFFFFFFFFFFFFFFFF69
:104F5800FFFFFFFFFFFFFFFFFFFFFFFFFFFFFFFF59
:104F6800FFFFFFFFFFFFFFFFFFFFFFFFFFFFFFFF49
:104F7800FFFFFFFFFFFFFFFFFFFFFFFFFFFFFFFF39
:104F8800FFFFFFFFFFFFFFFFFFFFFFFFFFFFFFFF29
:104F9800FFFFFFFFFFFFFFFFFFFFFFFFFFFFFFFF19
:104FA800FFFFFFFFFFFFFFFFFFFFFFFFFFFFFFFF09
:104FB800FFFFFFFFFFFFFFFFFFFFFFFFFFFFFFFFF9
:104FC800FFFFFFFFFFFFFFFFFFFFFFFFFFFFFFFFE9
:104FD800FFFFFFFFFFFFFFFFFFFFFFFFFFFFFFFFD9
:104FE800FFFFFFFFFFFFFFFFFFFFFFFFFFFFFFFFC9
:104FF800FFFFFFFFFFFFFFFFFFFFFFFFFFFFFFFFB9
:10500800FFFFFFFFFFFFFFFFFFFFFFFFFFFFFFFFA8
:10501800FFFFFFFFFFFFFFFFFFFFFFFFFFFFFFFF98
:10502800FFFFFFFFFFFFFFFFFFFFFFFFFFFFFFFF88
:10503800FFFFFFFFFFFFFFFFFFFFFFFFFFFFFFFF78
:10504800FFFFFFFFFFFFFFFFFFFFFFFFFFFFFFFF68
:10505800FFFFFFFFFFFFFFFFFFFFFFFFFFFFFFFF58
:10506800FFFFFFFFFFFFFFFFFFFFFFFFFFFFFFFF48
:10507800FFFFFFFFFFFFFFFFFFFFFFFFFFFFFFFF38
:10508800FFFFFFFFFFFFFFFFFFFFFFFFFFFFFFFF28
:10509800FFFFFFFFFFFFFFFFFFFFFFFFFFFFFFFF18
:1050A800FFFFFFFFFFFFFFFFFFFFFFFFFFFFFFFF08
:1050B800FFFFFFFFFFFFFFFFFFFFFFFFFFFFFFFFF8
:1050C800FFFFFFFFFFFFFFFFFFFFFFFFFFFFFFFFE8
:1050D800FFFFFFFFFFFFFFFFFFFFFFFFFFFFFFFFD8
:1050E800FFFFFFFFFFFFFFFFFFFFFFFFFFFFFFFFC8
:1050F800FFFFFFFFFFFFFFFFFFFFFFFFFFFFFFFFB8
:10510800FFFFFFFFFFFFFFFFFFFFFFFFFFFFFFFFA7
:10511800FFFFFFFFFFFFFFFFFFFFFFFFFFFFFFFF97
:10512800FFFFFFFFFFFFFFFFFFFFFFFFFFFFFFFF87
:10513800FFFFFFFFFFFFFFFFFFFFFFFFFFFFFFFF77
:10514800FFFFFFFFFFFFFFFFFFFFFFFFFFFFFFFF67
:10515800FFFFFFFFFFFFFFFFFFFFFFFFFFFFFFFF57
:10516800FFFFFFFFFFFFFFFFFFFFFFFFFFFFFFFF47
:10517800FFFFFFFFFFFFFFFFFFFFFFFFFFFFFFFF37
:10518800FFFFFFFFFFFFFFFFFFFFFFFFFFFFFFFF27
:10519800FFFFFFFFFFFFFFFFFFFFFFFFFFFFFFFF17
:1051A800FFFFFFFFFFFFFFFFFFFFFFFFFFFFFFFF07
:1051B800FFFFFFFFFFFFFFFFFFFFFFFFFFFFFFFFF7
:1051C800FFFFFFFFFFFFFFFFFFFFFFFFFFFFFFFFE7
:1051D800FFFFFFFFFFFFFFFFFFFFFFFFFFFFFFFFD7
:1051E800FFFFFFFFFFFFFFFFFFFFFFFFFFFFFFFFC7
:1051F800FFFFFFFFFFFFFFFFFFFFFFFFFFFFFFFFB7
:10520800FFFFFFFFFFFFFFFFFFFFFFFFFFFFFFFFA6
:10521800FFFFFFFFFFFFFFFFFFFFFFFFFFFFFFFF96
:10522800FFFFFFFFFFFFFFFFFFFFFFFFFFFFFFFF86
:10523800FFFFFFFFFFFFFFFFFFFFFFFFFFFFFFFF76
:10524800FFFFFFFFFFFFFFFFFFFFFFFFFFFFFFFF66
:10525800FFFFFFFFFFFFFFFFFFFFFFFFFFFFFFFF56
:10526800FFFFFFFFFFFFFFFFFFFFFFFFFFFFFFFF46
:10527800FFFFFFFFFFFFFFFFFFFFFFFFFFFFFFFF36
:10528800FFFFFFFFFFFFFFFFFFFFFFFFFFFFFFFF26
:10529800FFFFFFFFFFFFFFFFFFFFFFFFFFFFFFFF16
:1052A800FFFFFFFFFFFFFFFFFFFFFFFFFFFFFFFF06
:1052B800FFFFFFFFFFFFFFFFFFFFFFFFFFFFFFFFF6
:1052C800FFFFFFFFFFFFFFFFFFFFFFFFFFFFFFFFE6
:1052D800FFFFFFFFFFFFFFFFFFFFFFFFFFFFFFFFD6
:1052E800FFFFFFFFFFFFFFFFFFFFFFFFFFFFFFFFC6
:1052F800FFFFFFFFFFFFFFFFFFFFFFFFFFFFFFFFB6
:10530800FFFFFFFFFFFFFFFFFFFFFFFFFFFFFFFFA5
:10531800FFFFFFFFFFFFFFFFFFFFFFFFFFFFFFFF95
:10532800FFFFFFFFFFFFFFFFFFFFFFFFFFFFFFFF85
:10533800FFFFFFFFFFFFFFFFFFFFFFFFFFFFFFFF75
:10534800FFFFFFFFFFFFFFFFFFFFFFFFFFFFFFFF65
:10535800FFFFFFFFFFFFFFFFFFFFFFFFFFFFFFFF55
:10536800FFFFFFFFFFFFFFFFFFFFFFFFFFFFFFFF45
:10537800FFFFFFFFFFFFFFFFFFFFFFFFFFFFFFFF35
:10538800FFFFFFFFFFFFFFFFFFFFFFFFFFFFFFFF25
:10539800FFFFFFFFFFFFFFFFFFFFFFFFFFFFFFFF15
:1053A800FFFFFFFFFFFFFFFFFFFFFFFFFFFFFFFF05
:1053B800FFFFFFFFFFFFFFFFFFFFFFFFFFFFFFFFF5
:1053C800FFFFFFFFFFFFFFFFFFFFFFFFFFFFFFFFE5
:1053D800FFFFFFFFFFFFFFFFFFFFFFFFFFFFFFFFD5
:1053E800FFFFFFFFFFFFFFFFFFFFFFFFFFFFFFFFC5
:1053F800FFFFFFFFFFFFFFFFFFFFFFFFFFFFFFFFB5
:10540800FFFFFFFFFFFFFFFFFFFFFFFFFFFFFFFFA4
:10541800FFFFFFFFFFFFFFFFFFFFFFFFFFFFFFFF94
:10542800FFFFFFFFFFFFFFFFFFFFFFFFFFFFFFFF84
:10543800FFFFFFFFFFFFFFFFFFFFFFFFFFFFFFFF74
:10544800FFFFFFFFFFFFFFFFFFFFFFFFFFFFFFFF64
:10545800FFFFFFFFFFFFFFFFFFFFFFFFFFFFFFFF54
:10546800FFFFFFFFFFFFFFFFFFFFFFFFFFFFFFFF44
:10547800FFFFFFFFFFFFFFFFFFFFFFFFFFFFFFFF34
:10548800FFFFFFFFFFFFFFFFFFFFFFFFFFFFFFFF24
:10549800FFFFFFFFFFFFFFFFFFFFFFFFFFFFFFFF14
:1054A800FFFFFFFFFFFFFFFFFFFFFFFFFFFFFFFF04
:1054B800FFFFFFFFFFFFFFFFFFFFFFFFFFFFFFFFF4
:1054C800FFFFFFFFFFFFFFFFFFFFFFFFFFFFFFFFE4
:1054D800FFFFFFFFFFFFFFFFFFFFFFFFFFFFFFFFD4
:1054E800FFFFFFFFFFFFFFFFFFFFFFFFFFFFFFFFC4
:1054F800FFFFFFFFFFFFFFFFFFFFFFFFFFFFFFFFB4
:10550800FFFFFFFFFFFFFFFFFFFFFFFFFFFFFFFFA3
:10551800FFFFFFFFFFFFFFFFFFFFFFFFFFFFFFFF93
:10552800FFFFFFFFFFFFFFFFFFFFFFFFFFFFFFFF83
:10553800FFFFFFFFFFFFFFFFFFFFFFFFFFFFFFFF73
:10554800FFFFFFFFFFFFFFFFFFFFFFFFFFFFFFFF63
:10555800FFFFFFFFFFFFFFFFFFFFFFFFFFFFFFFF53
:10556800FFFFFFFFFFFFFFFFFFFFFFFFFFFFFFFF43
:10557800FFFFFFFFFFFFFFFFFFFFFFFFFFFFFFFF33
:10558800FFFFFFFFFFFFFFFFFFFFFFFFFFFFFFFF23
:10559800FFFFFFFFFFFFFFFFFFFFFFFFFFFFFFFF13
:1055A800FFFFFFFFFFFFFFFFFFFFFFFFFFFFFFFF03
:1055B800FFFFFFFFFFFFFFFFFFFFFFFFFFFFFFFFF3
:1055C800FFFFFFFFFFFFFFFFFFFFFFFFFFFFFFFFE3
:1055D800FFFFFFFFFFFFFFFFFFFFFFFFFFFFFFFFD3
:1055E800FFFFFFFFFFFFFFFFFFFFFFFFFFFFFFFFC3
:1055F800FFFFFFFFFFFFFFFFFFFFFFFFFFFFFFFFB3
:10560800FFFFFFFFFFFFFFFFFFFFFFFFFFFFFFFFA2
:10561800FFFFFFFFFFFFFFFFFFFFFFFFFFFFFFFF92
:10562800FFFFFFFFFFFFFFFFFFFFFFFFFFFFFFFF82
:10563800FFFFFFFFFFFFFFFFFFFFFFFFFFFFFFFF72
:10564800FFFFFFFFFFFFFFFFFFFFFFFFFFFFFFFF62
:10565800FFFFFFFFFFFFFFFFFFFFFFFFFFFFFFFF52
:10566800FFFFFFFFFFFFFFFFFFFFFFFFFFFFFFFF42
:10567800FFFFFFFFFFFFFFFFFFFFFFFFFFFFFFFF32
:10568800FFFFFFFFFFFFFFFFFFFFFFFFFFFFFFFF22
:10569800FFFFFFFFFFFFFFFFFFFFFFFFFFFFFFFF12
:1056A800FFFFFFFFFFFFFFFFFFFFFFFFFFFFFFFF02
:1056B800FFFFFFFFFFFFFFFFFFFFFFFFFFFFFFFFF2
:1056C800FFFFFFFFFFFFFFFFFFFFFFFFFFFFFFFFE2
:1056D800FFFFFFFFFFFFFFFFFFFFFFFFFFFFFFFFD2
:1056E800FFFFFFFFFFFFFFFFFFFFFFFFFFFFFFFFC2
:1056F800FFFFFFFFFFFFFFFFFFFFFFFFFFFFFFFFB2
:10570800FFFFFFFFFFFFFFFFFFFFFFFFFFFFFFFFA1
:10571800FFFFFFFFFFFFFFFFFFFFFFFFFFFFFFFF91
:10572800FFFFFFFFFFFFFFFFFFFFFFFFFFFFFFFF81
:10573800FFFFFFFFFFFFFFFFFFFFFFFFFFFFFFFF71
:10574800FFFFFFFFFFFFFFFFFFFFFFFFFFFFFFFF61
:10575800FFFFFFFFFFFFFFFFFFFFFFFFFFFFFFFF51
:10576800FFFFFFFFFFFFFFFFFFFFFFFFFFFFFFFF41
:10577800FFFFFFFFFFFFFFFFFFFFFFFFFFFFFFFF31
:10578800FFFFFFFFFFFFFFFFFFFFFFFFFFFFFFFF21
:10579800FFFFFFFFFFFFFFFFFFFFFFFFFFFFFFFF11
:1057A800FFFFFFFFFFFFFFFFFFFFFFFFFFFFFFFF01
:1057B800FFFFFFFFFFFFFFFFFFFFFFFFFFFFFFFFF1
:1057C800FFFFFFFFFFFFFFFFFFFFFFFFFFFFFFFFE1
:1057D800FFFFFFFFFFFFFFFFFFFFFFFFFFFFFFFFD1
:1057E800FFFFFFFFFFFFFFFFFFFFFFFFFFFFFFFFC1
:1057F800FFFFFFFFFFFFFFFFFFFFFFFFFFFFFFFFB1
:10580800FFFFFFFFFFFFFFFFFFFFFFFFFFFFFFFFA0
:10581800FFFFFFFFFFFFFFFFFFFFFFFFFFFFFFFF90
:10582800FFFFFFFFFFFFFFFFFFFFFFFFFFFFFFFF80
:10583800FFFFFFFFFFFFFFFFFFFFFFFFFFFFFFFF70
:10584800FFFFFFFFFFFFFFFFFFFFFFFFFFFFFFFF60
:10585800FFFFFFFFFFFFFFFFFFFFFFFFFFFFFFFF50
:10586800FFFFFFFFFFFFFFFFFFFFFFFFFFFFFFFF40
:10587800FFFFFFFFFFFFFFFFFFFFFFFFFFFFFFFF30
:10588800FFFFFFFFFFFFFFFFFFFFFFFFFFFFFFFF20
:10589800FFFFFFFFFFFFFFFFFFFFFFFFFFFFFFFF10
:1058A800FFFFFFFFFFFFFFFFFFFFFFFFFFFFFFFF00
:1058B800FFFFFFFFFFFFFFFFFFFFFFFFFFFFFFFFF0
:1058C800FFFFFFFFFFFFFFFFFFFFFFFFFFFFFFFFE0
:1058D800FFFFFFFFFFFFFFFFFFFFFFFFFFFFFFFFD0
:1058E800FFFFFFFFFFFFFFFFFFFFFFFFFFFFFFFFC0
:1058F800FFFFFFFFFFFFFFFFFFFFFFFFFFFFFFFFB0
:10590800FFFFFFFFFFFFFFFFFFFFFFFFFFFFFFFF9F
:10591800FFFFFFFFFFFFFFFFFFFFFFFFFFFFFFFF8F
:10592800FFFFFFFFFFFFFFFFFFFFFFFFFFFFFFFF7F
:10593800FFFFFFFFFFFFFFFFFFFFFFFFFFFFFFFF6F
:10594800FFFFFFFFFFFFFFFFFFFFFFFFFFFFFFFF5F
:10595800FFFFFFFFFFFFFFFFFFFFFFFFFFFFFFFF4F
:10596800FFFFFFFFFFFFFFFFFFFFFFFFFFFFFFFF3F
:10597800FFFFFFFFFFFFFFFFFFFFFFFFFFFFFFFF2F
:10598800FFFFFFFFFFFFFFFFFFFFFFFFFFFFFFFF1F
:10599800FFFFFFFFFFFFFFFFFFFFFFFFFFFFFFFF0F
:1059A800FFFFFFFFFFFFFFFFFFFFFFFFFFFFFFFFFF
:1059B800FFFFFFFFFFFFFFFFFFFFFFFFFFFFFFFFEF
:1059C800FFFFFFFFFFFFFFFFFFFFFFFFFFFFFFFFDF
:1059D800FFFFFFFFFFFFFFFFFFFFFFFFFFFFFFFFCF
:1059E800FFFFFFFFFFFFFFFFFFFFFFFFFFFFFFFFBF
:1059F800FFFFFFFFFFFFFFFFFFFFFFFFFFFFFFFFAF
:105A0800FFFFFFFFFFFFFFFFFFFFFFFFFFFFFFFF9E
:105A1800FFFFFFFFFFFFFFFFFFFFFFFFFFFFFFFF8E
:105A2800FFFFFFFFFFFFFFFFFFFFFFFFFFFFFFFF7E
:105A3800FFFFFFFFFFFFFFFFFFFFFFFFFFFFFFFF6E
:105A4800FFFFFFFFFFFFFFFFFFFFFFFFFFFFFFFF5E
:105A5800FFFFFFFFFFFFFFFFFFFFFFFFFFFFFFFF4E
:105A6800FFFFFFFFFFFFFFFFFFFFFFFFFFFFFFFF3E
:105A7800FFFFFFFFFFFFFFFFFFFFFFFFFFFFFFFF2E
:105A8800FFFFFFFFFFFFFFFFFFFFFFFFFFFFFFFF1E
:105A9800FFFFFFFFFFFFFFFFFFFFFFFFFFFFFFFF0E
:105AA800FFFFFFFFFFFFFFFFFFFFFFFFFFFFFFFFFE
:105AB800FFFFFFFFFFFFFFFFFFFFFFFFFFFFFFFFEE
:105AC800FFFFFFFFFFFFFFFFFFFFFFFFFFFFFFFFDE
:105AD800FFFFFFFFFFFFFFFFFFFFFFFFFFFFFFFFCE
:105AE800FFFFFFFFFFFFFFFFFFFFFFFFFFFFFFFFBE
:105AF800FFFFFFFFFFFFFFFFFFFFFFFFFFFFFFFFAE
:105B0800FFFFFFFFFFFFFFFFFFFFFFFFFFFFFFFF9D
:105B1800FFFFFFFFFFFFFFFFFFFFFFFFFFFFFFFF8D
:105B2800FFFFFFFFFFFFFFFFFFFFFFFFFFFFFFFF7D
:105B3800FFFFFFFFFFFFFFFFFFFFFFFFFFFFFFFF6D
:105B4800FFFFFFFFFFFFFFFFFFFFFFFFFFFFFFFF5D
:105B5800FFFFFFFFFFFFFFFFFFFFFFFFFFFFFFFF4D
:105B6800FFFFFFFFFFFFFFFFFFFFFFFFFFFFFFFF3D
:105B7800FFFFFFFFFFFFFFFFFFFFFFFFFFFFFFFF2D
:105B8800FFFFFFFFFFFFFFFFFFFFFFFFFFFFFFFF1D
:105B9800FFFFFFFFFFFFFFFFFFFFFFFFFFFFFFFF0D
:105BA800FFFFFFFFFFFFFFFFFFFFFFFFFFFFFFFFFD
:105BB800FFFFFFFFFFFFFFFFFFFFFFFFFFFFFFFFED
:105BC800FFFFFFFFFFFFFFFFFFFFFFFFFFFFFFFFDD
:105BD800FFFFFFFFFFFFFFFFFFFFFFFFFFFFFFFFCD
:105BE800FFFFFFFFFFFFFFFFFFFFFFFFFFFFFFFFBD
:105BF800FFFFFFFFFFFFFFFFFFFFFFFFFFFFFFFFAD
:105C0800FFFFFFFFFFFFFFFFFFFFFFFFFFFFFFFF9C
:105C1800FFFFFFFFFFFFFFFFFFFFFFFFFFFFFFFF8C
:105C2800FFFFFFFFFFFFFFFFFFFFFFFFFFFFFFFF7C
:105C3800FFFFFFFFFFFFFFFFFFFFFFFFFFFFFFFF6C
:105C4800FFFFFFFFFFFFFFFFFFFFFFFFFFFFFFFF5C
:105C5800FFFFFFFFFFFFFFFFFFFFFFFFFFFFFFFF4C
:105C6800FFFFFFFFFFFFFFFFFFFFFFFFFFFFFFFF3C
:105C7800FFFFFFFFFFFFFFFFFFFFFFFFFFFFFFFF2C
:105C8800FFFFFFFFFFFFFFFFFFFFFFFFFFFFFFFF1C
:105C9800FFFFFFFFFFFFFFFFFFFFFFFFFFFFFFFF0C
:105CA800FFFFFFFFFFFFFFFFFFFFFFFFFFFFFFFFFC
:105CB800FFFFFFFFFFFFFFFFFFFFFFFFFFFFFFFFEC
:105CC800FFFFFFFFFFFFFFFFFFFFFFFFFFFFFFFFDC
:105CD800FFFFFFFFFFFFFFFFFFFFFFFFFFFFFFFFCC
:105CE800FFFFFFFFFFFFFFFFFFFFFFFFFFFFFFFFBC
:105CF800FFFFFFFFFFFFFFFFFFFFFFFFFFFFFFFFAC
:105D0800FFFFFFFFFFFFFFFFFFFFFFFFFFFFFFFF9B
:105D1800FFFFFFFFFFFFFFFFFFFFFFFFFFFFFFFF8B
:105D2800FFFFFFFFFFFFFFFFFFFFFFFFFFFFFFFF7B
:105D3800FFFFFFFFFFFFFFFFFFFFFFFFFFFFFFFF6B
:105D4800FFFFFFFFFFFFFFFFFFFFFFFFFFFFFFFF5B
:105D5800FFFFFFFFFFFFFFFFFFFFFFFFFFFFFFFF4B
:105D6800FFFFFFFFFFFFFFFFFFFFFFFFFFFFFFFF3B
:105D7800FFFFFFFFFFFFFFFFFFFFFFFFFFFFFFFF2B
:105D8800FFFFFFFFFFFFFFFFFFFFFFFFFFFFFFFF1B
:105D9800FFFFFFFFFFFFFFFFFFFFFFFFFFFFFFFF0B
:105DA800FFFFFFFFFFFFFFFFFFFFFFFFFFFFFFFFFB
:105DB800FFFFFFFFFFFFFFFFFFFFFFFFFFFFFFFFEB
:105DC800FFFFFFFFFFFFFFFFFFFFFFFFFFFFFFFFDB
:105DD800FFFFFFFFFFFFFFFFFFFFFFFFFFFFFFFFCB
:105DE800FFFFFFFFFFFFFFFFFFFFFFFFFFFFFFFFBB
:105DF800FFFFFFFFFFFFFFFFFFFFFFFFFFFFFFFFAB
:105E0800FFFFFFFFFFFFFFFFFFFFFFFFFFFFFFFF9A
:105E1800FFFFFFFFFFFFFFFFFFFFFFFFFFFFFFFF8A
:105E2800FFFFFFFFFFFFFFFFFFFFFFFFFFFFFFFF7A
:105E3800FFFFFFFFFFFFFFFFFFFFFFFFFFFFFFFF6A
:105E4800FFFFFFFFFFFFFFFFFFFFFFFFFFFFFFFF5A
:105E5800FFFFFFFFFFFFFFFFFFFFFFFFFFFFFFFF4A
:105E6800FFFFFFFFFFFFFFFFFFFFFFFFFFFFFFFF3A
:105E7800FFFFFFFFFFFFFFFFFFFFFFFFFFFFFFFF2A
:105E8800FFFFFFFFFFFFFFFFFFFFFFFFFFFFFFFF1A
:105E9800FFFFFFFFFFFFFFFFFFFFFFFFFFFFFFFF0A
:105EA800FFFFFFFFFFFFFFFFFFFFFFFFFFFFFFFFFA
:105EB800FFFFFFFFFFFFFFFFFFFFFFFFFFFFFFFFEA
:105EC800FFFFFFFFFFFFFFFFFFFFFFFFFFFFFFFFDA
:105ED800FFFFFFFFFFFFFFFFFFFFFFFFFFFFFFFFCA
:105EE800FFFFFFFFFFFFFFFFFFFFFFFFFFFFFFFFBA
:105EF800FFFFFFFFFFFFFFFFFFFFFFFFFFFFFFFFAA
:105F0800FFFFFFFFFFFFFFFFFFFFFFFFFFFFFFFF99
:105F1800FFFFFFFFFFFFFFFFFFFFFFFFFFFFFFFF89
:105F2800FFFFFFFFFFFFFFFFFFFFFFFFFFFFFFFF79
:105F3800FFFFFFFFFFFFFFFFFFFFFFFFFFFFFFFF69
:105F4800FFFFFFFFFFFFFFFFFFFFFFFFFFFFFFFF59
:105F5800FFFFFFFFFFFFFFFFFFFFFFFFFFFFFFFF49
:105F6800FFFFFFFFFFFFFFFFFFFFFFFFFFFFFFFF39
:105F7800FFFFFFFFFFFFFFFFFFFFFFFFFFFFFFFF29
:105F8800FFFFFFFFFFFFFFFFFFFFFFFFFFFFFFFF19
:105F9800FFFFFFFFFFFFFFFFFFFFFFFFFFFFFFFF09
:105FA800FFFFFFFFFFFFFFFFFFFFFFFFFFFFFFFFF9
:105FB800FFFFFFFFFFFFFFFFFFFFFFFFFFFFFFFFE9
:105FC800FFFFFFFFFFFFFFFFFFFFFFFFFFFFFFFFD9
:105FD800FFFFFFFFFFFFFFFFFFFFFFFFFFFFFFFFC9
:105FE800FFFFFFFFFFFFFFFFFFFFFFFFFFFFFFFFB9
:105FF800FFFFFFFFFFFFFFFFFFFFFFFFFFFFFFFFA9
:10600800FFFFFFFFFFFFFFFFFFFFFFFFFFFFFFFF98
:10601800FFFFFFFFFFFFFFFFFFFFFFFFFFFFFFFF88
:10602800FFFFFFFFFFFFFFFFFFFFFFFFFFFFFFFF78
:10603800FFFFFFFFFFFFFFFFFFFFFFFFFFFFFFFF68
:10604800FFFFFFFFFFFFFFFFFFFFFFFFFFFFFFFF58
:10605800FFFFFFFFFFFFFFFFFFFFFFFFFFFFFFFF48
:10606800FFFFFFFFFFFFFFFFFFFFFFFFFFFFFFFF38
:10607800FFFFFFFFFFFFFFFFFFFFFFFFFFFFFFFF28
:10608800FFFFFFFFFFFFFFFFFFFFFFFFFFFFFFFF18
:10609800FFFFFFFFFFFFFFFFFFFFFFFFFFFFFFFF08
:1060A800FFFFFFFFFFFFFFFFFFFFFFFFFFFFFFFFF8
:1060B800FFFFFFFFFFFFFFFFFFFFFFFFFFFFFFFFE8
:1060C800FFFFFFFFFFFFFFFFFFFFFFFFFFFFFFFFD8
:1060D800FFFFFFFFFFFFFFFFFFFFFFFFFFFFFFFFC8
:1060E800FFFFFFFFFFFFFFFFFFFFFFFFFFFFFFFFB8
:1060F800FFFFFFFFFFFFFFFFFFFFFFFFFFFFFFFFA8
:10610800FFFFFFFFFFFFFFFFFFFFFFFFFFFFFFFF97
:10611800FFFFFFFFFFFFFFFFFFFFFFFFFFFFFFFF87
:10612800FFFFFFFFFFFFFFFFFFFFFFFFFFFFFFFF77
:10613800FFFFFFFFFFFFFFFFFFFFFFFFFFFFFFFF67
:10614800FFFFFFFFFFFFFFFFFFFFFFFFFFFFFFFF57
:10615800FFFFFFFFFFFFFFFFFFFFFFFFFFFFFFFF47
:10616800FFFFFFFFFFFFFFFFFFFFFFFFFFFFFFFF37
:10617800FFFFFFFFFFFFFFFFFFFFFFFFFFFFFFFF27
:10618800FFFFFFFFFFFFFFFFFFFFFFFFFFFFFFFF17
:10619800FFFFFFFFFFFFFFFFFFFFFFFFFFFFFFFF07
:1061A800FFFFFFFFFFFFFFFFFFFFFFFFFFFFFFFFF7
:1061B800FFFFFFFFFFFFFFFFFFFFFFFFFFFFFFFFE7
:1061C800FFFFFFFFFFFFFFFFFFFFFFFFFFFFFFFFD7
:1061D800FFFFFFFFFFFFFFFFFFFFFFFFFFFFFFFFC7
:1061E800FFFFFFFFFFFFFFFFFFFFFFFFFFFFFFFFB7
:1061F800FFFFFFFFFFFFFFFFFFFFFFFFFFFFFFFFA7
:10620800FFFFFFFFFFFFFFFFFFFFFFFFFFFFFFFF96
:10621800FFFFFFFFFFFFFFFFFFFFFFFFFFFFFFFF86
:10622800FFFFFFFFFFFFFFFFFFFFFFFFFFFFFFFF76
:10623800FFFFFFFFFFFFFFFFFFFFFFFFFFFFFFFF66
:10624800FFFFFFFFFFFFFFFFFFFFFFFFFFFFFFFF56
:10625800FFFFFFFFFFFFFFFFFFFFFFFFFFFFFFFF46
:10626800FFFFFFFFFFFFFFFFFFFFFFFFFFFFFFFF36
:10627800FFFFFFFFFFFFFFFFFFFFFFFFFFFFFFFF26
:10628800FFFFFFFFFFFFFFFFFFFFFFFFFFFFFFFF16
:10629800FFFFFFFFFFFFFFFFFFFFFFFFFFFFFFFF06
:1062A800FFFFFFFFFFFFFFFFFFFFFFFFFFFFFFFFF6
:1062B800FFFFFFFFFFFFFFFFFFFFFFFFFFFFFFFFE6
:1062C800FFFFFFFFFFFFFFFFFFFFFFFFFFFFFFFFD6
:1062D800FFFFFFFFFFFFFFFFFFFFFFFFFFFFFFFFC6
:1062E800FFFFFFFFFFFFFFFFFFFFFFFFFFFFFFFFB6
:1062F800FFFFFFFFFFFFFFFFFFFFFFFFFFFFFFFFA6
:10630800FFFFFFFFFFFFFFFFFFFFFFFFFFFFFFFF95
:10631800FFFFFFFFFFFFFFFFFFFFFFFFFFFFFFFF85
:10632800FFFFFFFFFFFFFFFFFFFFFFFFFFFFFFFF75
:10633800FFFFFFFFFFFFFFFFFFFFFFFFFFFFFFFF65
:10634800FFFFFFFFFFFFFFFFFFFFFFFFFFFFFFFF55
:10635800FFFFFFFFFFFFFFFFFFFFFFFFFFFFFFFF45
:10636800FFFFFFFFFFFFFFFFFFFFFFFFFFFFFFFF35
:10637800FFFFFFFFFFFFFFFFFFFFFFFFFFFFFFFF25
:10638800FFFFFFFFFFFFFFFFFFFFFFFFFFFFFFFF15
:10639800FFFFFFFFFFFFFFFFFFFFFFFFFFFFFFFF05
:1063A800FFFFFFFFFFFFFFFFFFFFFFFFFFFFFFFFF5
:1063B800FFFFFFFFFFFFFFFFFFFFFFFFFFFFFFFFE5
:1063C800FFFFFFFFFFFFFFFFFFFFFFFFFFFFFFFFD5
:1063D800FFFFFFFFFFFFFFFFFFFFFFFFFFFFFFFFC5
:1063E800FFFFFFFFFFFFFFFFFFFFFFFFFFFFFFFFB5
:1063F800FFFFFFFFFFFFFFFFFFFFFFFFFFFFFFFFA5
:10640800FFFFFFFFFFFFFFFFFFFFFFFFFFFFFFFF94
:10641800FFFFFFFFFFFFFFFFFFFFFFFFFFFFFFFF84
:10642800FFFFFFFFFFFFFFFFFFFFFFFFFFFFFFFF74
:10643800FFFFFFFFFFFFFFFFFFFFFFFFFFFFFFFF64
:10644800FFFFFFFFFFFFFFFFFFFFFFFFFFFFFFFF54
:10645800FFFFFFFFFFFFFFFFFFFFFFFFFFFFFFFF44
:10646800FFFFFFFFFFFFFFFFFFFFFFFFFFFFFFFF34
:10647800FFFFFFFFFFFFFFFFFFFFFFFFFFFFFFFF24
:10648800FFFFFFFFFFFFFFFFFFFFFFFFFFFFFFFF14
:10649800FFFFFFFFFFFFFFFFFFFFFFFFFFFFFFFF04
:1064A800FFFFFFFFFFFFFFFFFFFFFFFFFFFFFFFFF4
:1064B800FFFFFFFFFFFFFFFFFFFFFFFFFFFFFFFFE4
:1064C800FFFFFFFFFFFFFFFFFFFFFFFFFFFFFFFFD4
:1064D800FFFFFFFFFFFFFFFFFFFFFFFFFFFFFFFFC4
:1064E800FFFFFFFFFFFFFFFFFFFFFFFFFFFFFFFFB4
:1064F800FFFFFFFFFFFFFFFFFFFFFFFFFFFFFFFFA4
:10650800FFFFFFFFFFFFFFFFFFFFFFFFFFFFFFFF93
:10651800FFFFFFFFFFFFFFFFFFFFFFFFFFFFFFFF83
:10652800FFFFFFFFFFFFFFFFFFFFFFFFFFFFFFFF73
:10653800FFFFFFFFFFFFFFFFFFFFFFFFFFFFFFFF63
:10654800FFFFFFFFFFFFFFFFFFFFFFFFFFFFFFFF53
:10655800FFFFFFFFFFFFFFFFFFFFFFFFFFFFFFFF43
:10656800FFFFFFFFFFFFFFFFFFFFFFFFFFFFFFFF33
:10657800FFFFFFFFFFFFFFFFFFFFFFFFFFFFFFFF23
:10658800FFFFFFFFFFFFFFFFFFFFFFFFFFFFFFFF13
:10659800FFFFFFFFFFFFFFFFFFFFFFFFFFFFFFFF03
:1065A800FFFFFFFFFFFFFFFFFFFFFFFFFFFFFFFFF3
:1065B800FFFFFFFFFFFFFFFFFFFFFFFFFFFFFFFFE3
:1065C800FFFFFFFFFFFFFFFFFFFFFFFFFFFFFFFFD3
:1065D800FFFFFFFFFFFFFFFFFFFFFFFFFFFFFFFFC3
:1065E800FFFFFFFFFFFFFFFFFFFFFFFFFFFFFFFFB3
:1065F800FFFFFFFFFFFFFFFFFFFFFFFFFFFFFFFFA3
:10660800FFFFFFFFFFFFFFFFFFFFFFFFFFFFFFFF92
:10661800FFFFFFFFFFFFFFFFFFFFFFFFFFFFFFFF82
:10662800FFFFFFFFFFFFFFFFFFFFFFFFFFFFFFFF72
:10663800FFFFFFFFFFFFFFFFFFFFFFFFFFFFFFFF62
:10664800FFFFFFFFFFFFFFFFFFFFFFFFFFFFFFFF52
:10665800FFFFFFFFFFFFFFFFFFFFFFFFFFFFFFFF42
:10666800FFFFFFFFFFFFFFFFFFFFFFFFFFFFFFFF32
:10667800FFFFFFFFFFFFFFFFFFFFFFFFFFFFFFFF22
:10668800FFFFFFFFFFFFFFFFFFFFFFFFFFFFFFFF12
:10669800FFFFFFFFFFFFFFFFFFFFFFFFFFFFFFFF02
:1066A800FFFFFFFFFFFFFFFFFFFFFFFFFFFFFFFFF2
:1066B800FFFFFFFFFFFFFFFFFFFFFFFFFFFFFFFFE2
:1066C800FFFFFFFFFFFFFFFFFFFFFFFFFFFFFFFFD2
:1066D800FFFFFFFFFFFFFFFFFFFFFFFFFFFFFFFFC2
:1066E800FFFFFFFFFFFFFFFFFFFFFFFFFFFFFFFFB2
:1066F800FFFFFFFFFFFFFFFFFFFFFFFFFFFFFFFFA2
:10670800FFFFFFFFFFFFFFFFFFFFFFFFFFFFFFFF91
:10671800FFFFFFFFFFFFFFFFFFFFFFFFFFFFFFFF81
:10672800FFFFFFFFFFFFFFFFFFFFFFFFFFFFFFFF71
:10673800FFFFFFFFFFFFFFFFFFFFFFFFFFFFFFFF61
:10674800FFFFFFFFFFFFFFFFFFFFFFFFFFFFFFFF51
:10675800FFFFFFFFFFFFFFFFFFFFFFFFFFFFFFFF41
:10676800FFFFFFFFFFFFFFFFFFFFFFFFFFFFFFFF31
:10677800FFFFFFFFFFFFFFFFFFFFFFFFFFFFFFFF21
:10678800FFFFFFFFFFFFFFFFFFFFFFFFFFFFFFFF11
:10679800FFFFFFFFFFFFFFFFFFFFFFFFFFFFFFFF01
:1067A800FFFFFFFFFFFFFFFFFFFFFFFFFFFFFFFFF1
:1067B800FFFFFFFFFFFFFFFFFFFFFFFFFFFFFFFFE1
:1067C800FFFFFFFFFFFFFFFFFFFFFFFFFFFFFFFFD1
:1067D800FFFFFFFFFFFFFFFFFFFFFFFFFFFFFFFFC1
:1067E800FFFFFFFFFFFFFFFFFFFFFFFFFFFFFFFFB1
:1067F800FFFFFFFFFFFFFFFFFFFFFFFFFFFFFFFFA1
:10680800FFFFFFFFFFFFFFFFFFFFFFFFFFFFFFFF90
:10681800FFFFFFFFFFFFFFFFFFFFFFFFFFFFFFFF80
:10682800FFFFFFFFFFFFFFFFFFFFFFFFFFFFFFFF70
:10683800FFFFFFFFFFFFFFFFFFFFFFFFFFFFFFFF60
:10684800FFFFFFFFFFFFFFFFFFFFFFFFFFFFFFFF50
:10685800FFFFFFFFFFFFFFFFFFFFFFFFFFFFFFFF40
:10686800FFFFFFFFFFFFFFFFFFFFFFFFFFFFFFFF30
:10687800FFFFFFFFFFFFFFFFFFFFFFFFFFFFFFFF20
:10688800FFFFFFFFFFFFFFFFFFFFFFFFFFFFFFFF10
:10689800FFFFFFFFFFFFFFFFFFFFFFFFFFFFFFFF00
:1068A800FFFFFFFFFFFFFFFFFFFFFFFFFFFFFFFFF0
:1068B800FFFFFFFFFFFFFFFFFFFFFFFFFFFFFFFFE0
:1068C800FFFFFFFFFFFFFFFFFFFFFFFFFFFFFFFFD0
:1068D800FFFFFFFFFFFFFFFFFFFFFFFFFFFFFFFFC0
:1068E800FFFFFFFFFFFFFFFFFFFFFFFFFFFFFFFFB0
:1068F800FFFFFFFFFFFFFFFFFFFFFFFFFFFFFFFFA0
:10690800FFFFFFFFFFFFFFFFFFFFFFFFFFFFFFFF8F
:10691800FFFFFFFFFFFFFFFFFFFFFFFFFFFFFFFF7F
:10692800FFFFFFFFFFFFFFFFFFFFFFFFFFFFFFFF6F
:10693800FFFFFFFFFFFFFFFFFFFFFFFFFFFFFFFF5F
:10694800FFFFFFFFFFFFFFFFFFFFFFFFFFFFFFFF4F
:10695800FFFFFFFFFFFFFFFFFFFFFFFFFFFFFFFF3F
:10696800FFFFFFFFFFFFFFFFFFFFFFFFFFFFFFFF2F
:10697800FFFFFFFFFFFFFFFFFFFFFFFFFFFFFFFF1F
:10698800FFFFFFFFFFFFFFFFFFFFFFFFFFFFFFFF0F
:10699800FFFFFFFFFFFFFFFFFFFFFFFFFFFFFFFFFF
:1069A800FFFFFFFFFFFFFFFFFFFFFFFFFFFFFFFFEF
:1069B800FFFFFFFFFFFFFFFFFFFFFFFFFFFFFFFFDF
:1069C800FFFFFFFFFFFFFFFFFFFFFFFFFFFFFFFFCF
:1069D800FFFFFFFFFFFFFFFFFFFFFFFFFFFFFFFFBF
:1069E800FFFFFFFFFFFFFFFFFFFFFFFFFFFFFFFFAF
:1069F800FFFFFFFFFFFFFFFFFFFFFFFFFFFFFFFF9F
:106A0800FFFFFFFFFFFFFFFFFFFFFFFFFFFFFFFF8E
:106A1800FFFFFFFFFFFFFFFFFFFFFFFFFFFFFFFF7E
:106A2800FFFFFFFFFFFFFFFFFFFFFFFFFFFFFFFF6E
:106A3800FFFFFFFFFFFFFFFFFFFFFFFFFFFFFFFF5E
:106A4800FFFFFFFFFFFFFFFFFFFFFFFFFFFFFFFF4E
:106A5800FFFFFFFFFFFFFFFFFFFFFFFFFFFFFFFF3E
:106A6800FFFFFFFFFFFFFFFFFFFFFFFFFFFFFFFF2E
:106A7800FFFFFFFFFFFFFFFFFFFFFFFFFFFFFFFF1E
:106A8800FFFFFFFFFFFFFFFFFFFFFFFFFFFFFFFF0E
:106A9800FFFFFFFFFFFFFFFFFFFFFFFFFFFFFFFFFE
:106AA800FFFFFFFFFFFFFFFFFFFFFFFFFFFFFFFFEE
:106AB800FFFFFFFFFFFFFFFFFFFFFFFFFFFFFFFFDE
:106AC800FFFFFFFFFFFFFFFFFFFFFFFFFFFFFFFFCE
:106AD800FFFFFFFFFFFFFFFFFFFFFFFFFFFFFFFFBE
:106AE800FFFFFFFFFFFFFFFFFFFFFFFFFFFFFFFFAE
:106AF800FFFFFFFFFFFFFFFFFFFFFFFFFFFFFFFF9E
:106B0800FFFFFFFFFFFFFFFFFFFFFFFFFFFFFFFF8D
:106B1800FFFFFFFFFFFFFFFFFFFFFFFFFFFFFFFF7D
:106B2800FFFFFFFFFFFFFFFFFFFFFFFFFFFFFFFF6D
:106B3800FFFFFFFFFFFFFFFFFFFFFFFFFFFFFFFF5D
:106B4800FFFFFFFFFFFFFFFFFFFFFFFFFFFFFFFF4D
:106B5800FFFFFFFFFFFFFFFFFFFFFFFFFFFFFFFF3D
:106B6800FFFFFFFFFFFFFFFFFFFFFFFFFFFFFFFF2D
:106B7800FFFFFFFFFFFFFFFFFFFFFFFFFFFFFFFF1D
:106B8800FFFFFFFFFFFFFFFFFFFFFFFFFFFFFFFF0D
:106B9800FFFFFFFFFFFFFFFFFFFFFFFFFFFFFFFFFD
:106BA800FFFFFFFFFFFFFFFFFFFFFFFFFFFFFFFFED
:106BB800FFFFFFFFFFFFFFFFFFFFFFFFFFFFFFFFDD
:106BC800FFFFFFFFFFFFFFFFFFFFFFFFFFFFFFFFCD
:106BD800FFFFFFFFFFFFFFFFFFFFFFFFFFFFFFFFBD
:106BE800FFFFFFFFFFFFFFFFFFFFFFFFFFFFFFFFAD
:106BF800FFFFFFFFFFFFFFFFFFFFFFFFFFFFFFFF9D
:106C0800FFFFFFFFFFFFFFFFFFFFFFFFFFFFFFFF8C
:106C1800FFFFFFFFFFFFFFFFFFFFFFFFFFFFFFFF7C
:106C2800FFFFFFFFFFFFFFFFFFFFFFFFFFFFFFFF6C
:106C3800FFFFFFFFFFFFFFFFFFFFFFFFFFFFFFFF5C
:106C4800FFFFFFFFFFFFFFFFFFFFFFFFFFFFFFFF4C
:106C5800FFFFFFFFFFFFFFFFFFFFFFFFFFFFFFFF3C
:106C6800FFFFFFFFFFFFFFFFFFFFFFFFFFFFFFFF2C
:106C7800FFFFFFFFFFFFFFFFFFFFFFFFFFFFFFFF1C
:106C8800FFFFFFFFFFFFFFFFFFFFFFFFFFFFFFFF0C
:106C9800FFFFFFFFFFFFFFFFFFFFFFFFFFFFFFFFFC
:106CA800FFFFFFFFFFFFFFFFFFFFFFFFFFFFFFFFEC
:106CB800FFFFFFFFFFFFFFFFFFFFFFFFFFFFFFFFDC
:106CC800FFFFFFFFFFFFFFFFFFFFFFFFFFFFFFFFCC
:106CD800FFFFFFFFFFFFFFFFFFFFFFFFFFFFFFFFBC
:106CE800FFFFFFFFFFFFFFFFFFFFFFFFFFFFFFFFAC
:106CF800FFFFFFFFFFFFFFFFFFFFFFFFFFFFFFFF9C
:106D0800FFFFFFFFFFFFFFFFFFFFFFFFFFFFFFFF8B
:106D1800FFFFFFFFFFFFFFFFFFFFFFFFFFFFFFFF7B
:106D2800FFFFFFFFFFFFFFFFFFFFFFFFFFFFFFFF6B
:106D3800FFFFFFFFFFFFFFFFFFFFFFFFFFFFFFFF5B
:106D4800FFFFFFFFFFFFFFFFFFFFFFFFFFFFFFFF4B
:106D5800FFFFFFFFFFFFFFFFFFFFFFFFFFFFFFFF3B
:106D6800FFFFFFFFFFFFFFFFFFFFFFFFFFFFFFFF2B
:106D7800FFFFFFFFFFFFFFFFFFFFFFFFFFFFFFFF1B
:106D8800FFFFFFFFFFFFFFFFFFFFFFFFFFFFFFFF0B
:106D9800FFFFFFFFFFFFFFFFFFFFFFFFFFFFFFFFFB
:106DA800FFFFFFFFFFFFFFFFFFFFFFFFFFFFFFFFEB
:106DB800FFFFFFFFFFFFFFFFFFFFFFFFFFFFFFFFDB
:106DC800FFFFFFFFFFFFFFFFFFFFFFFFFFFFFFFFCB
:106DD800FFFFFFFFFFFFFFFFFFFFFFFFFFFFFFFFBB
:106DE800FFFFFFFFFFFFFFFFFFFFFFFFFFFFFFFFAB
:106DF800FFFFFFFFFFFFFFFFFFFFFFFFFFFFFFFF9B
:106E0800FFFFFFFFFFFFFFFFFFFFFFFFFFFFFFFF8A
:106E1800FFFFFFFFFFFFFFFFFFFFFFFFFFFFFFFF7A
:106E2800FFFFFFFFFFFFFFFFFFFFFFFFFFFFFFFF6A
:106E3800FFFFFFFFFFFFFFFFFFFFFFFFFFFFFFFF5A
:106E4800FFFFFFFFFFFFFFFFFFFFFFFFFFFFFFFF4A
:106E5800FFFFFFFFFFFFFFFFFFFFFFFFFFFFFFFF3A
:106E6800FFFFFFFFFFFFFFFFFFFFFFFFFFFFFFFF2A
:106E7800FFFFFFFFFFFFFFFFFFFFFFFFFFFFFFFF1A
:106E8800FFFFFFFFFFFFFFFFFFFFFFFFFFFFFFFF0A
:106E9800FFFFFFFFFFFFFFFFFFFFFFFFFFFFFFFFFA
:106EA800FFFFFFFFFFFFFFFFFFFFFFFFFFFFFFFFEA
:106EB800FFFFFFFFFFFFFFFFFFFFFFFFFFFFFFFFDA
:106EC800FFFFFFFFFFFFFFFFFFFFFFFFFFFFFFFFCA
:106ED800FFFFFFFFFFFFFFFFFFFFFFFFFFFFFFFFBA
:106EE800FFFFFFFFFFFFFFFFFFFFFFFFFFFFFFFFAA
:106EF800FFFFFFFFFFFFFFFFFFFFFFFFFFFFFFFF9A
:106F0800FFFFFFFFFFFFFFFFFFFFFFFFFFFFFFFF89
:106F1800FFFFFFFFFFFFFFFFFFFFFFFFFFFFFFFF79
:106F2800FFFFFFFFFFFFFFFFFFFFFFFFFFFFFFFF69
:106F3800FFFFFFFFFFFFFFFFFFFFFFFFFFFFFFFF59
:106F4800FFFFFFFFFFFFFFFFFFFFFFFFFFFFFFFF49
:106F5800FFFFFFFFFFFFFFFFFFFFFFFFFFFFFFFF39
:106F6800FFFFFFFFFFFFFFFFFFFFFFFFFFFFFFFF29
:106F7800FFFFFFFFFFFFFFFFFFFFFFFFFFFFFFFF19
:106F8800FFFFFFFFFFFFFFFFFFFFFFFFFFFFFFFF09
:106F9800FFFFFFFFFFFFFFFFFFFFFFFFFFFFFFFFF9
:106FA800FFFFFFFFFFFFFFFFFFFFFFFFFFFFFFFFE9
:106FB800FFFFFFFFFFFFFFFFFFFFFFFFFFFFFFFFD9
:106FC800FFFFFFFFFFFFFFFFFFFFFFFFFFFFFFFFC9
:106FD800FFFFFFFFFFFFFFFFFFFFFFFFFFFFFFFFB9
:106FE800FFFFFFFFFFFFFFFFFFFFFFFFFFFFFFFFA9
:106FF800FFFFFFFFFFFFFFFFFFFFFFFFFFFFFFFF99
:10700800FFFFFFFFFFFFFFFFFFFFFFFFFFFFFFFF88
:10701800FFFFFFFFFFFFFFFFFFFFFFFFFFFFFFFF78
:10702800FFFFFFFFFFFFFFFFFFFFFFFFFFFFFFFF68
:10703800FFFFFFFFFFFFFFFFFFFFFFFFFFFFFFFF58
:10704800FFFFFFFFFFFFFFFFFFFFFFFFFFFFFFFF48
:10705800FFFFFFFFFFFFFFFFFFFFFFFFFFFFFFFF38
:10706800FFFFFFFFFFFFFFFFFFFFFFFFFFFFFFFF28
:10707800FFFFFFFFFFFFFFFFFFFFFFFFFFFFFFFF18
:10708800FFFFFFFFFFFFFFFFFFFFFFFFFFFFFFFF08
:10709800FFFFFFFFFFFFFFFFFFFFFFFFFFFFFFFFF8
:1070A800FFFFFFFFFFFFFFFFFFFFFFFFFFFFFFFFE8
:1070B800FFFFFFFFFFFFFFFFFFFFFFFFFFFFFFFFD8
:1070C800FFFFFFFFFFFFFFFFFFFFFFFFFFFFFFFFC8
:1070D800FFFFFFFFFFFFFFFFFFFFFFFFFFFFFFFFB8
:1070E800FFFFFFFFFFFFFFFFFFFFFFFFFFFFFFFFA8
:1070F800FFFFFFFFFFFFFFFFFFFFFFFFFFFFFFFF98
:10710800FFFFFFFFFFFFFFFFFFFFFFFFFFFFFFFF87
:10711800FFFFFFFFFFFFFFFFFFFFFFFFFFFFFFFF77
:10712800FFFFFFFFFFFFFFFFFFFFFFFFFFFFFFFF67
:10713800FFFFFFFFFFFFFFFFFFFFFFFFFFFFFFFF57
:10714800FFFFFFFFFFFFFFFFFFFFFFFFFFFFFFFF47
:10715800FFFFFFFFFFFFFFFFFFFFFFFFFFFFFFFF37
:10716800FFFFFFFFFFFFFFFFFFFFFFFFFFFFFFFF27
:10717800FFFFFFFFFFFFFFFFFFFFFFFFFFFFFFFF17
:10718800FFFFFFFFFFFFFFFFFFFFFFFFFFFFFFFF07
:10719800FFFFFFFFFFFFFFFFFFFFFFFFFFFFFFFFF7
:1071A800FFFFFFFFFFFFFFFFFFFFFFFFFFFFFFFFE7
:1071B800FFFFFFFFFFFFFFFFFFFFFFFFFFFFFFFFD7
:1071C800FFFFFFFFFFFFFFFFFFFFFFFFFFFFFFFFC7
:1071D800FFFFFFFFFFFFFFFFFFFFFFFFFFFFFFFFB7
:1071E800FFFFFFFFFFFFFFFFFFFFFFFFFFFFFFFFA7
:1071F800FFFFFFFFFFFFFFFFFFFFFFFFFFFFFFFF97
:10720800FFFFFFFFFFFFFFFFFFFFFFFFFFFFFFFF86
:10721800FFFFFFFFFFFFFFFFFFFFFFFFFFFFFFFF76
:10722800FFFFFFFFFFFFFFFFFFFFFFFFFFFFFFFF66
:10723800FFFFFFFFFFFFFFFFFFFFFFFFFFFFFFFF56
:10724800FFFFFFFFFFFFFFFFFFFFFFFFFFFFFFFF46
:10725800FFFFFFFFFFFFFFFFFFFFFFFFFFFFFFFF36
:10726800FFFFFFFFFFFFFFFFFFFFFFFFFFFFFFFF26
:10727800FFFFFFFFFFFFFFFFFFFFFFFFFFFFFFFF16
:10728800FFFFFFFFFFFFFFFFFFFFFFFFFFFFFFFF06
:10729800FFFFFFFFFFFFFFFFFFFFFFFFFFFFFFFFF6
:1072A800FFFFFFFFFFFFFFFFFFFFFFFFFFFFFFFFE6
:1072B800FFFFFFFFFFFFFFFFFFFFFFFFFFFFFFFFD6
:1072C800FFFFFFFFFFFFFFFFFFFFFFFFFFFFFFFFC6
:1072D800FFFFFFFFFFFFFFFFFFFFFFFFFFFFFFFFB6
:1072E800FFFFFFFFFFFFFFFFFFFFFFFFFFFFFFFFA6
:1072F800FFFFFFFFFFFFFFFFFFFFFFFFFFFFFFFF96
:10730800FFFFFFFFFFFFFFFFFFFFFFFFFFFFFFFF85
:10731800FFFFFFFFFFFFFFFFFFFFFFFFFFFFFFFF75
:10732800FFFFFFFFFFFFFFFFFFFFFFFFFFFFFFFF65
:10733800FFFFFFFFFFFFFFFFFFFFFFFFFFFFFFFF55
:10734800FFFFFFFFFFFFFFFFFFFFFFFFFFFFFFFF45
:10735800FFFFFFFFFFFFFFFFFFFFFFFFFFFFFFFF35
:10736800FFFFFFFFFFFFFFFFFFFFFFFFFFFFFFFF25
:10737800FFFFFFFFFFFFFFFFFFFFFFFFFFFFFFFF15
:10738800FFFFFFFFFFFFFFFFFFFFFFFFFFFFFFFF05
:10739800FFFFFFFFFFFFFFFFFFFFFFFFFFFFFFFFF5
:1073A800FFFFFFFFFFFFFFFFFFFFFFFFFFFFFFFFE5
:1073B800FFFFFFFFFFFFFFFFFFFFFFFFFFFFFFFFD5
:1073C800FFFFFFFFFFFFFFFFFFFFFFFFFFFFFFFFC5
:1073D800FFFFFFFFFFFFFFFFFFFFFFFFFFFFFFFFB5
:1073E800FFFFFFFFFFFFFFFFFFFFFFFFFFFFFFFFA5
:1073F800FFFFFFFFFFFFFFFFFFFFFFFFFFFFFFFF95
:10740800FFFFFFFFFFFFFFFFFFFFFFFFFFFFFFFF84
:10741800FFFFFFFFFFFFFFFFFFFFFFFFFFFFFFFF74
:10742800FFFFFFFFFFFFFFFFFFFFFFFFFFFFFFFF64
:10743800FFFFFFFFFFFFFFFFFFFFFFFFFFFFFFFF54
:10744800FFFFFFFFFFFFFFFFFFFFFFFFFFFFFFFF44
:10745800FFFFFFFFFFFFFFFFFFFFFFFFFFFFFFFF34
:10746800FFFFFFFFFFFFFFFFFFFFFFFFFFFFFFFF24
:10747800FFFFFFFFFFFFFFFFFFFFFFFFFFFFFFFF14
:10748800FFFFFFFFFFFFFFFFFFFFFFFFFFFFFFFF04
:10749800FFFFFFFFFFFFFFFFFFFFFFFFFFFFFFFFF4
:1074A800FFFFFFFFFFFFFFFFFFFFFFFFFFFFFFFFE4
:1074B800FFFFFFFFFFFFFFFFFFFFFFFFFFFFFFFFD4
:1074C800FFFFFFFFFFFFFFFFFFFFFFFFFFFFFFFFC4
:1074D800FFFFFFFFFFFFFFFFFFFFFFFFFFFFFFFFB4
:1074E800FFFFFFFFFFFFFFFFFFFFFFFFFFFFFFFFA4
:1074F800FFFFFFFFFFFFFFFFFFFFFFFFFFFFFFFF94
:10750800FFFFFFFFFFFFFFFFFFFFFFFFFFFFFFFF83
:10751800FFFFFFFFFFFFFFFFFFFFFFFFFFFFFFFF73
:10752800FFFFFFFFFFFFFFFFFFFFFFFFFFFFFFFF63
:10753800FFFFFFFFFFFFFFFFFFFFFFFFFFFFFFFF53
:10754800FFFFFFFFFFFFFFFFFFFFFFFFFFFFFFFF43
:10755800FFFFFFFFFFFFFFFFFFFFFFFFFFFFFFFF33
:10756800FFFFFFFFFFFFFFFFFFFFFFFFFFFFFFFF23
:10757800FFFFFFFFFFFFFFFFFFFFFFFFFFFFFFFF13
:10758800FFFFFFFFFFFFFFFFFFFFFFFFFFFFFFFF03
:10759800FFFFFFFFFFFFFFFFFFFFFFFFFFFFFFFFF3
:1075A800FFFFFFFFFFFFFFFFFFFFFFFFFFFFFFFFE3
:1075B800FFFFFFFFFFFFFFFFFFFFFFFFFFFFFFFFD3
:1075C800FFFFFFFFFFFFFFFFFFFFFFFFFFFFFFFFC3
:1075D800FFFFFFFFFFFFFFFFFFFFFFFFFFFFFFFFB3
:1075E800FFFFFFFFFFFFFFFFFFFFFFFFFFFFFFFFA3
:1075F800FFFFFFFFFFFFFFFFFFFFFFFFFFFFFFFF93
:10760800FFFFFFFFFFFFFFFFFFFFFFFFFFFFFFFF82
:10761800FFFFFFFFFFFFFFFFFFFFFFFFFFFFFFFF72
:10762800FFFFFFFFFFFFFFFFFFFFFFFFFFFFFFFF62
:10763800FFFFFFFFFFFFFFFFFFFFFFFFFFFFFFFF52
:10764800FFFFFFFFFFFFFFFFFFFFFFFFFFFFFFFF42
:10765800FFFFFFFFFFFFFFFFFFFFFFFFFFFFFFFF32
:10766800FFFFFFFFFFFFFFFFFFFFFFFFFFFFFFFF22
:10767800FFFFFFFFFFFFFFFFFFFFFFFFFFFFFFFF12
:10768800FFFFFFFFFFFFFFFFFFFFFFFFFFFFFFFF02
:10769800FFFFFFFFFFFFFFFFFFFFFFFFFFFFFFFFF2
:1076A800FFFFFFFFFFFFFFFFFFFFFFFFFFFFFFFFE2
:1076B800FFFFFFFFFFFFFFFFFFFFFFFFFFFFFFFFD2
:1076C800FFFFFFFFFFFFFFFFFFFFFFFFFFFFFFFFC2
:1076D800FFFFFFFFFFFFFFFFFFFFFFFFFFFFFFFFB2
:1076E800FFFFFFFFFFFFFFFFFFFFFFFFFFFFFFFFA2
:1076F800FFFFFFFFFFFFFFFFFFFFFFFFFFFFFFFF92
:10770800FFFFFFFFFFFFFFFFFFFFFFFFFFFFFFFF81
:10771800FFFFFFFFFFFFFFFFFFFFFFFFFFFFFFFF71
:10772800FFFFFFFFFFFFFFFFFFFFFFFFFFFFFFFF61
:10773800FFFFFFFFFFFFFFFFFFFFFFFFFFFFFFFF51
:10774800FFFFFFFFFFFFFFFFFFFFFFFFFFFFFFFF41
:10775800FFFFFFFFFFFFFFFFFFFFFFFFFFFFFFFF31
:10776800FFFFFFFFFFFFFFFFFFFFFFFFFFFFFFFF21
:10777800FFFFFFFFFFFFFFFFFFFFFFFFFFFFFFFF11
:10778800FFFFFFFFFFFFFFFFFFFFFFFFFFFFFFFF01
:10779800FFFFFFFFFFFFFFFFFFFFFFFFFFFFFFFFF1
:1077A800FFFFFFFFFFFFFFFFFFFFFFFFFFFFFFFFE1
:1077B800FFFFFFFFFFFFFFFFFFFFFFFFFFFFFFFFD1
:1077C800FFFFFFFFFFFFFFFFFFFFFFFFFFFFFFFFC1
:1077D800FFFFFFFFFFFFFFFFFFFFFFFFFFFFFFFFB1
:1077E800FFFFFFFFFFFFFFFFFFFFFFFFFFFFFFFFA1
:1077F800FFFFFFFFFFFFFFFFFFFFFFFFFFFFFFFF91
:10780800FFFFFFFFFFFFFFFFFFFFFFFFFFFFFFFF80
:10781800FFFFFFFFFFFFFFFFFFFFFFFFFFFFFFFF70
:10782800FFFFFFFFFFFFFFFFFFFFFFFFFFFFFFFF60
:10783800FFFFFFFFFFFFFFFFFFFFFFFFFFFFFFFF50
:10784800FFFFFFFFFFFFFFFFFFFFFFFFFFFFFFFF40
:10785800FFFFFFFFFFFFFFFFFFFFFFFFFFFFFFFF30
:10786800FFFFFFFFFFFFFFFFFFFFFFFFFFFFFFFF20
:10787800FFFFFFFFFFFFFFFFFFFFFFFFFFFFFFFF10
:10788800FFFFFFFFFFFFFFFFFFFFFFFFFFFFFFFF00
:10789800FFFFFFFFFFFFFFFFFFFFFFFFFFFFFFFFF0
:1078A800FFFFFFFFFFFFFFFFFFFFFFFFFFFFFFFFE0
:1078B800FFFFFFFFFFFFFFFFFFFFFFFFFFFFFFFFD0
:1078C800FFFFFFFFFFFFFFFFFFFFFFFFFFFFFFFFC0
:1078D800FFFFFFFFFFFFFFFFFFFFFFFFFFFFFFFFB0
:1078E800FFFFFFFFFFFFFFFFFFFFFFFFFFFFFFFFA0
:1078F800FFFFFFFFFFFFFFFFFFFFFFFFFFFFFFFF90
:10790800FFFFFFFFFFFFFFFFFFFFFFFFFFFFFFFF7F
:10791800FFFFFFFFFFFFFFFFFFFFFFFFFFFFFFFF6F
:10792800FFFFFFFFFFFFFFFFFFFFFFFFFFFFFFFF5F
:10793800FFFFFFFFFFFFFFFFFFFFFFFFFFFFFFFF4F
:10794800FFFFFFFFFFFFFFFFFFFFFFFFFFFFFFFF3F
:10795800FFFFFFFFFFFFFFFFFFFFFFFFFFFFFFFF2F
:10796800FFFFFFFFFFFFFFFFFFFFFFFFFFFFFFFF1F
:10797800FFFFFFFFFFFFFFFFFFFFFFFFFFFFFFFF0F
:10798800FFFFFFFFFFFFFFFFFFFFFFFFFFFFFFFFFF
:10799800FFFFFFFFFFFFFFFFFFFFFFFFFFFFFFFFEF
:1079A800FFFFFFFFFFFFFFFFFFFFFFFFFFFFFFFFDF
:1079B800FFFFFFFFFFFFFFFFFFFFFFFFFFFFFFFFCF
:1079C800FFFFFFFFFFFFFFFFFFFFFFFFFFFFFFFFBF
:1079D800FFFFFFFFFFFFFFFFFFFFFFFFFFFFFFFFAF
:1079E800FFFFFFFFFFFFFFFFFFFFFFFFFFFFFFFF9F
:1079F800FFFFFFFFFFFFFFFFFFFFFFFFFFFFFFFF8F
:107A0800FFFFFFFFFFFFFFFFFFFFFFFFFFFFFFFF7E
:107A1800FFFFFFFFFFFFFFFFFFFFFFFFFFFFFFFF6E
:107A2800FFFFFFFFFFFFFFFFFFFFFFFFFFFFFFFF5E
:107A3800FFFFFFFFFFFFFFFFFFFFFFFFFFFFFFFF4E
:107A4800FFFFFFFFFFFFFFFFFFFFFFFFFFFFFFFF3E
:107A5800FFFFFFFFFFFFFFFFFFFFFFFFFFFFFFFF2E
:107A6800FFFFFFFFFFFFFFFFFFFFFFFFFFFFFFFF1E
:107A7800FFFFFFFFFFFFFFFFFFFFFFFFFFFFFFFF0E
:107A8800FFFFFFFFFFFFFFFFFFFFFFFFFFFFFFFFFE
:107A9800FFFFFFFFFFFFFFFFFFFFFFFFFFFFFFFFEE
:107AA800FFFFFFFFFFFFFFFFFFFFFFFFFFFFFFFFDE
:107AB800FFFFFFFFFFFFFFFFFFFFFFFFFFFFFFFFCE
:107AC800FFFFFFFFFFFFFFFFFFFFFFFFFFFFFFFFBE
:107AD800FFFFFFFFFFFFFFFFFFFFFFFFFFFFFFFFAE
:107AE800FFFFFFFFFFFFFFFFFFFFFFFFFFFFFFFF9E
:107AF800FFFFFFFFFFFFFFFFFFFFFFFFFFFFFFFF8E
:107B0800FFFFFFFFFFFFFFFFFFFFFFFFFFFFFFFF7D
:107B1800FFFFFFFFFFFFFFFFFFFFFFFFFFFFFFFF6D
:107B2800FFFFFFFFFFFFFFFFFFFFFFFFFFFFFFFF5D
:107B3800FFFFFFFFFFFFFFFFFFFFFFFFFFFFFFFF4D
:107B4800FFFFFFFFFFFFFFFFFFFFFFFFFFFFFFFF3D
:107B5800FFFFFFFFFFFFFFFFFFFFFFFFFFFFFFFF2D
:107B6800FFFFFFFFFFFFFFFFFFFFFFFFFFFFFFFF1D
:107B7800FFFFFFFFFFFFFFFFFFFFFFFFFFFFFFFF0D
:107B8800FFFFFFFFFFFFFFFFFFFFFFFFFFFFFFFFFD
:107B9800FFFFFFFFFFFFFFFFFFFFFFFFFFFFFFFFED
:107BA800FFFFFFFFFFFFFFFFFFFFFFFFFFFFFFFFDD
:107BB800FFFFFFFFFFFFFFFFFFFFFFFFFFFFFFFFCD
:107BC800FFFFFFFFFFFFFFFFFFFFFFFFFFFFFFFFBD
:107BD800FFFFFFFFFFFFFFFFFFFFFFFFFFFFFFFFAD
:107BE800FFFFFFFFFFFFFFFFFFFFFFFFFFFFFFFF9D
:107BF800FFFFFFFFFFFFFFFFFFFFFFFFFFFFFFFF8D
:107C0800FFFFFFFFFFFFFFFFFFFFFFFFFFFFFFFF7C
:107C1800FFFFFFFFFFFFFFFFFFFFFFFFFFFFFFFF6C
:107C2800FFFFFFFFFFFFFFFFFFFFFFFFFFFFFFFF5C
:107C3800FFFFFFFFFFFFFFFFFFFFFFFFFFFFFFFF4C
:107C4800FFFFFFFFFFFFFFFFFFFFFFFFFFFFFFFF3C
:107C5800FFFFFFFFFFFFFFFFFFFFFFFFFFFFFFFF2C
:107C6800FFFFFFFFFFFFFFFFFFFFFFFFFFFFFFFF1C
:107C7800FFFFFFFFFFFFFFFFFFFFFFFFFFFFFFFF0C
:107C8800FFFFFFFFFFFFFFFFFFFFFFFFFFFFFFFFFC
:107C9800FFFFFFFFFFFFFFFFFFFFFFFFFFFFFFFFEC
:107CA800FFFFFFFFFFFFFFFFFFFFFFFFFFFFFFFFDC
:107CB800FFFFFFFFFFFFFFFFFFFFFFFFFFFFFFFFCC
:107CC800FFFFFFFFFFFFFFFFFFFFFFFFFFFFFFFFBC
:107CD800FFFFFFFFFFFFFFFFFFFFFFFFFFFFFFFFAC
:107CE800FFFFFFFFFFFFFFFFFFFFFFFFFFFFFFFF9C
:107CF800FFFFFFFFFFFFFFFFFFFFFFFFFFFFFFFF8C
:107D0800FFFFFFFFFFFFFFFFFFFFFFFFFFFFFFFF7B
:107D1800FFFFFFFFFFFFFFFFFFFFFFFFFFFFFFFF6B
:107D2800FFFFFFFFFFFFFFFFFFFFFFFFFFFFFFFF5B
:107D3800FFFFFFFFFFFFFFFFFFFFFFFFFFFFFFFF4B
:107D4800FFFFFFFFFFFFFFFFFFFFFFFFFFFFFFFF3B
:107D5800FFFFFFFFFFFFFFFFFFFFFFFFFFFFFFFF2B
:107D6800FFFFFFFFFFFFFFFFFFFFFFFFFFFFFFFF1B
:107D7800FFFFFFFFFFFFFFFFFFFFFFFFFFFFFFFF0B
:107D8800FFFFFFFFFFFFFFFFFFFFFFFFFFFFFFFFFB
:107D9800FFFFFFFFFFFFFFFFFFFFFFFFFFFFFFFFEB
:107DA800FFFFFFFFFFFFFFFFFFFFFFFFFFFFFFFFDB
:107DB800FFFFFFFFFFFFFFFFFFFFFFFFFFFFFFFFCB
:107DC800FFFFFFFFFFFFFFFFFFFFFFFFFFFFFFFFBB
:107DD800FFFFFFFFFFFFFFFFFFFFFFFFFFFFFFFFAB
:107DE800FFFFFFFFFFFFFFFFFFFFFFFFFFFFFFFF9B
:107DF800FFFFFFFFFFFFFFFFFFFFFFFFFFFFFFFF8B
:107E0800FFFFFFFFFFFFFFFFFFFFFFFFFFFFFFFF7A
:107E1800FFFFFFFFFFFFFFFFFFFFFFFFFFFFFFFF6A
:107E2800FFFFFFFFFFFFFFFFFFFFFFFFFFFFFFFF5A
:107E3800FFFFFFFFFFFFFFFFFFFFFFFFFFFFFFFF4A
:107E4800FFFFFFFFFFFFFFFFFFFFFFFFFFFFFFFF3A
:107E5800FFFFFFFFFFFFFFFFFFFFFFFFFFFFFFFF2A
:107E6800FFFFFFFFFFFFFFFFFFFFFFFFFFFFFFFF1A
:107E7800FFFFFFFFFFFFFFFFFFFFFFFFFFFFFFFF0A
:107E8800FFFFFFFFFFFFFFFFFFFFFFFFFFFFFFFFFA
:107E9800FFFFFFFFFFFFFFFFFFFFFFFFFFFFFFFFEA
:107EA800FFFFFFFFFFFFFFFFFFFFFFFFFFFFFFFFDA
:107EB800FFFFFFFFFFFFFFFFFFFFFFFFFFFFFFFFCA
:107EC800FFFFFFFFFFFFFFFFFFFFFFFFFFFFFFFFBA
:107ED800FFFFFFFFFFFFFFFFFFFFFFFFFFFFFFFFAA
:107EE800FFFFFFFFFFFFFFFFFFFFFFFFFFFFFFFF9A
:107EF800FFFFFFFFFFFFFFFFFFFFFFFFFFFFFFFF8A
:107F0800FFFFFFFFFFFFFFFFFFFFFFFFFFFFFFFF79
:107F1800FFFFFFFFFFFFFFFFFFFFFFFFFFFFFFFF69
:107F2800FFFFFFFFFFFFFFFFFFFFFFFFFFFFFFFF59
:107F3800FFFFFFFFFFFFFFFFFFFFFFFFFFFFFFFF49
:107F4800FFFFFFFFFFFFFFFFFFFFFFFFFFFFFFFF39
:107F5800FFFFFFFFFFFFFFFFFFFFFFFFFFFFFFFF29
:107F6800FFFFFFFFFFFFFFFFFFFFFFFFFFFFFFFF19
:107F7800FFFFFFFFFFFFFFFFFFFFFFFFFFFFFFFF09
:107F8800FFFFFFFFFFFFFFFFFFFFFFFFFFFFFFFFF9
:107F9800FFFFFFFFFFFFFFFFFFFFFFFFFFFFFFFFE9
:107FA800FFFFFFFFFFFFFFFFFFFFFFFFFFFFFFFFD9
:107FB800FFFFFFFFFFFFFFFFFFFFFFFFFFFFFFFFC9
:107FC800FFFFFFFFFFFFFFFFFFFFFFFFFFFFFFFFB9
:107FD800FFFFFFFFFFFFFFFFFFFFFFFFFFFFFFFFA9
:107FE800FFFFFFFFFFFFFFFFFFFFFFFFFFFFFFFF99
:107FF800FFFFFFFFFFFFFFFFFFFFFFFFFFFFFFFF89
:10800800FFFFFFFFFFFFFFFFFFFFFFFFFFFFFFFF78
:10801800FFFFFFFFFFFFFFFFFFFFFFFFFFFFFFFF68
:10802800FFFFFFFFFFFFFFFFFFFFFFFFFFFFFFFF58
:10803800FFFFFFFFFFFFFFFFFFFFFFFFFFFFFFFF48
:10804800FFFFFFFFFFFFFFFFFFFFFFFFFFFFFFFF38
:10805800FFFFFFFFFFFFFFFFFFFFFFFFFFFFFFFF28
:10806800FFFFFFFFFFFFFFFFFFFFFFFFFFFFFFFF18
:10807800FFFFFFFFFFFFFFFFFFFFFFFFFFFFFFFF08
:10808800FFFFFFFFFFFFFFFFFFFFFFFFFFFFFFFFF8
:10809800FFFFFFFFFFFFFFFFFFFFFFFFFFFFFFFFE8
:1080A800FFFFFFFFFFFFFFFFFFFFFFFFFFFFFFFFD8
:1080B800FFFFFFFFFFFFFFFFFFFFFFFFFFFFFFFFC8
:1080C800FFFFFFFFFFFFFFFFFFFFFFFFFFFFFFFFB8
:1080D800FFFFFFFFFFFFFFFFFFFFFFFFFFFFFFFFA8
:1080E800FFFFFFFFFFFFFFFFFFFFFFFFFFFFFFFF98
:1080F800FFFFFFFFFFFFFFFFFFFFFFFFFFFFFFFF88
:10810800FFFFFFFFFFFFFFFFFFFFFFFFFFFFFFFF77
:10811800FFFFFFFFFFFFFFFFFFFFFFFFFFFFFFFF67
:10812800FFFFFFFFFFFFFFFFFFFFFFFFFFFFFFFF57
:10813800FFFFFFFFFFFFFFFFFFFFFFFFFFFFFFFF47
:10814800FFFFFFFFFFFFFFFFFFFFFFFFFFFFFFFF37
:10815800FFFFFFFFFFFFFFFFFFFFFFFFFFFFFFFF27
:10816800FFFFFFFFFFFFFFFFFFFFFFFFFFFFFFFF17
:10817800FFFFFFFFFFFFFFFFFFFFFFFFFFFFFFFF07
:10818800FFFFFFFFFFFFFFFFFFFFFFFFFFFFFFFFF7
:10819800FFFFFFFFFFFFFFFFFFFFFFFFFFFFFFFFE7
:1081A800FFFFFFFFFFFFFFFFFFFFFFFFFFFFFFFFD7
:1081B800FFFFFFFFFFFFFFFFFFFFFFFFFFFFFFFFC7
:1081C800FFFFFFFFFFFFFFFFFFFFFFFFFFFFFFFFB7
:1081D800FFFFFFFFFFFFFFFFFFFFFFFFFFFFFFFFA7
:1081E800FFFFFFFFFFFFFFFFFFFFFFFFFFFFFFFF97
:1081F800FFFFFFFFFFFFFFFFFFFFFFFFFFFFFFFF87
:10820800FFFFFFFFFFFFFFFFFFFFFFFFFFFFFFFF76
:10821800FFFFFFFFFFFFFFFFFFFFFFFFFFFFFFFF66
:10822800FFFFFFFFFFFFFFFFFFFFFFFFFFFFFFFF56
:10823800FFFFFFFFFFFFFFFFFFFFFFFFFFFFFFFF46
:10824800FFFFFFFFFFFFFFFFFFFFFFFFFFFFFFFF36
:10825800FFFFFFFFFFFFFFFFFFFFFFFFFFFFFFFF26
:10826800FFFFFFFFFFFFFFFFFFFFFFFFFFFFFFFF16
:10827800FFFFFFFFFFFFFFFFFFFFFFFFFFFFFFFF06
:10828800FFFFFFFFFFFFFFFFFFFFFFFFFFFFFFFFF6
:10829800FFFFFFFFFFFFFFFFFFFFFFFFFFFFFFFFE6
:1082A800FFFFFFFFFFFFFFFFFFFFFFFFFFFFFFFFD6
:1082B800FFFFFFFFFFFFFFFFFFFFFFFFFFFFFFFFC6
:1082C800FFFFFFFFFFFFFFFFFFFFFFFFFFFFFFFFB6
:1082D800FFFFFFFFFFFFFFFFFFFFFFFFFFFFFFFFA6
:1082E800FFFFFFFFFFFFFFFFFFFFFFFFFFFFFFFF96
:1082F800FFFFFFFFFFFFFFFFFFFFFFFFFFFFFFFF86
:10830800FFFFFFFFFFFFFFFFFFFFFFFFFFFFFFFF75
:10831800FFFFFFFFFFFFFFFFFFFFFFFFFFFFFFFF65
:10832800FFFFFFFFFFFFFFFFFFFFFFFFFFFFFFFF55
:10833800FFFFFFFFFFFFFFFFFFFFFFFFFFFFFFFF45
:10834800FFFFFFFFFFFFFFFFFFFFFFFFFFFFFFFF35
:10835800FFFFFFFFFFFFFFFFFFFFFFFFFFFFFFFF25
:10836800FFFFFFFFFFFFFFFFFFFFFFFFFFFFFFFF15
:10837800FFFFFFFFFFFFFFFFFFFFFFFFFFFFFFFF05
:10838800FFFFFFFFFFFFFFFFFFFFFFFFFFFFFFFFF5
:10839800FFFFFFFFFFFFFFFFFFFFFFFFFFFFFFFFE5
:1083A800FFFFFFFFFFFFFFFFFFFFFFFFFFFFFFFFD5
:1083B800FFFFFFFFFFFFFFFFFFFFFFFFFFFFFFFFC5
:1083C800FFFFFFFFFFFFFFFFFFFFFFFFFFFFFFFFB5
:1083D800FFFFFFFFFFFFFFFFFFFFFFFFFFFFFFFFA5
:1083E800FFFFFFFFFFFFFFFFFFFFFFFFFFFFFFFF95
:1083F800FFFFFFFFFFFFFFFFFFFFFFFFFFFFFFFF85
:10840800FFFFFFFFFFFFFFFFFFFFFFFFFFFFFFFF74
:10841800FFFFFFFFFFFFFFFFFFFFFFFFFFFFFFFF64
:10842800FFFFFFFFFFFFFFFFFFFFFFFFFFFFFFFF54
:10843800FFFFFFFFFFFFFFFFFFFFFFFFFFFFFFFF44
:10844800FFFFFFFFFFFFFFFFFFFFFFFFFFFFFFFF34
:10845800FFFFFFFFFFFFFFFFFFFFFFFFFFFFFFFF24
:10846800FFFFFFFFFFFFFFFFFFFFFFFFFFFFFFFF14
:10847800FFFFFFFFFFFFFFFFFFFFFFFFFFFFFFFF04
:10848800FFFFFFFFFFFFFFFFFFFFFFFFFFFFFFFFF4
:10849800FFFFFFFFFFFFFFFFFFFFFFFFFFFFFFFFE4
:1084A800FFFFFFFFFFFFFFFFFFFFFFFFFFFFFFFFD4
:1084B800FFFFFFFFFFFFFFFFFFFFFFFFFFFFFFFFC4
:1084C800FFFFFFFFFFFFFFFFFFFFFFFFFFFFFFFFB4
:1084D800FFFFFFFFFFFFFFFFFFFFFFFFFFFFFFFFA4
:1084E800FFFFFFFFFFFFFFFFFFFFFFFFFFFFFFFF94
:1084F800FFFFFFFFFFFFFFFFFFFFFFFFFFFFFFFF84
:10850800FFFFFFFFFFFFFFFFFFFFFFFFFFFFFFFF73
:10851800FFFFFFFFFFFFFFFFFFFFFFFFFFFFFFFF63
:10852800FFFFFFFFFFFFFFFFFFFFFFFFFFFFFFFF53
:10853800FFFFFFFFFFFFFFFFFFFFFFFFFFFFFFFF43
:10854800FFFFFFFFFFFFFFFFFFFFFFFFFFFFFFFF33
:10855800FFFFFFFFFFFFFFFFFFFFFFFFFFFFFFFF23
:10856800FFFFFFFFFFFFFFFFFFFFFFFFFFFFFFFF13
:10857800FFFFFFFFFFFFFFFFFFFFFFFFFFFFFFFF03
:10858800FFFFFFFFFFFFFFFFFFFFFFFFFFFFFFFFF3
:10859800FFFFFFFFFFFFFFFFFFFFFFFFFFFFFFFFE3
:1085A800FFFFFFFFFFFFFFFFFFFFFFFFFFFFFFFFD3
:1085B800FFFFFFFFFFFFFFFFFFFFFFFFFFFFFFFFC3
:1085C800FFFFFFFFFFFFFFFFFFFFFFFFFFFFFFFFB3
:1085D800FFFFFFFFFFFFFFFFFFFFFFFFFFFFFFFFA3
:1085E800FFFFFFFFFFFFFFFFFFFFFFFFFFFFFFFF93
:1085F800FFFFFFFFFFFFFFFFFFFFFFFFFFFFFFFF83
:10860800FFFFFFFFFFFFFFFFFFFFFFFFFFFFFFFF72
:10861800FFFFFFFFFFFFFFFFFFFFFFFFFFFFFFFF62
:10862800FFFFFFFFFFFFFFFFFFFFFFFFFFFFFFFF52
:10863800FFFFFFFFFFFFFFFFFFFFFFFFFFFFFFFF42
:10864800FFFFFFFFFFFFFFFFFFFFFFFFFFFFFFFF32
:10865800FFFFFFFFFFFFFFFFFFFFFFFFFFFFFFFF22
:10866800FFFFFFFFFFFFFFFFFFFFFFFFFFFFFFFF12
:10867800FFFFFFFFFFFFFFFFFFFFFFFFFFFFFFFF02
:10868800FFFFFFFFFFFFFFFFFFFFFFFFFFFFFFFFF2
:10869800FFFFFFFFFFFFFFFFFFFFFFFFFFFFFFFFE2
:1086A800FFFFFFFFFFFFFFFFFFFFFFFFFFFFFFFFD2
:1086B800FFFFFFFFFFFFFFFFFFFFFFFFFFFFFFFFC2
:1086C800FFFFFFFFFFFFFFFFFFFFFFFFFFFFFFFFB2
:1086D800FFFFFFFFFFFFFFFFFFFFFFFFFFFFFFFFA2
:1086E800FFFFFFFFFFFFFFFFFFFFFFFFFFFFFFFF92
:1086F800FFFFFFFFFFFFFFFFFFFFFFFFFFFFFFFF82
:10870800FFFFFFFFFFFFFFFFFFFFFFFFFFFFFFFF71
:10871800FFFFFFFFFFFFFFFFFFFFFFFFFFFFFFFF61
:10872800FFFFFFFFFFFFFFFFFFFFFFFFFFFFFFFF51
:10873800FFFFFFFFFFFFFFFFFFFFFFFFFFFFFFFF41
:10874800FFFFFFFFFFFFFFFFFFFFFFFFFFFFFFFF31
:10875800FFFFFFFFFFFFFFFFFFFFFFFFFFFFFFFF21
:10876800FFFFFFFFFFFFFFFFFFFFFFFFFFFFFFFF11
:10877800FFFFFFFFFFFFFFFFFFFFFFFFFFFFFFFF01
:10878800FFFFFFFFFFFFFFFFFFFFFFFFFFFFFFFFF1
:10879800FFFFFFFFFFFFFFFFFFFFFFFFFFFFFFFFE1
:1087A800FFFFFFFFFFFFFFFFFFFFFFFFFFFFFFFFD1
:1087B800FFFFFFFFFFFFFFFFFFFFFFFFFFFFFFFFC1
:1087C800FFFFFFFFFFFFFFFFFFFFFFFFFFFFFFFFB1
:1087D800FFFFFFFFFFFFFFFFFFFFFFFFFFFFFFFFA1
:1087E800FFFFFFFFFFFFFFFFFFFFFFFFFFFFFFFF91
:1087F800FFFFFFFFFFFFFFFFFFFFFFFFFFFFFFFF81
:10880800FFFFFFFFFFFFFFFFFFFFFFFFFFFFFFFF70
:10881800FFFFFFFFFFFFFFFFFFFFFFFFFFFFFFFF60
:10882800FFFFFFFFFFFFFFFFFFFFFFFFFFFFFFFF50
:10883800FFFFFFFFFFFFFFFFFFFFFFFFFFFFFFFF40
:10884800FFFFFFFFFFFFFFFFFFFFFFFFFFFFFFFF30
:10885800FFFFFFFFFFFFFFFFFFFFFFFFFFFFFFFF20
:10886800FFFFFFFFFFFFFFFFFFFFFFFFFFFFFFFF10
:10887800FFFFFFFFFFFFFFFFFFFFFFFFFFFFFFFF00
:10888800FFFFFFFFFFFFFFFFFFFFFFFFFFFFFFFFF0
:10889800FFFFFFFFFFFFFFFFFFFFFFFFFFFFFFFFE0
:1088A800FFFFFFFFFFFFFFFFFFFFFFFFFFFFFFFFD0
:1088B800FFFFFFFFFFFFFFFFFFFFFFFFFFFFFFFFC0
:1088C800FFFFFFFFFFFFFFFFFFFFFFFFFFFFFFFFB0
:1088D800FFFFFFFFFFFFFFFFFFFFFFFFFFFFFFFFA0
:1088E800FFFFFFFFFFFFFFFFFFFFFFFFFFFFFFFF90
:1088F800FFFFFFFFFFFFFFFFFFFFFFFFFFFFFFFF80
:10890800FFFFFFFFFFFFFFFFFFFFFFFFFFFFFFFF6F
:10891800FFFFFFFFFFFFFFFFFFFFFFFFFFFFFFFF5F
:10892800FFFFFFFFFFFFFFFFFFFFFFFFFFFFFFFF4F
:10893800FFFFFFFFFFFFFFFFFFFFFFFFFFFFFFFF3F
:10894800FFFFFFFFFFFFFFFFFFFFFFFFFFFFFFFF2F
:10895800FFFFFFFFFFFFFFFFFFFFFFFFFFFFFFFF1F
:10896800FFFFFFFFFFFFFFFFFFFFFFFFFFFFFFFF0F
:10897800FFFFFFFFFFFFFFFFFFFFFFFFFFFFFFFFFF
:10898800FFFFFFFFFFFFFFFFFFFFFFFFFFFFFFFFEF
:10899800FFFFFFFFFFFFFFFFFFFFFFFFFFFFFFFFDF
:1089A800FFFFFFFFFFFFFFFFFFFFFFFFFFFFFFFFCF
:1089B800FFFFFFFFFFFFFFFFFFFFFFFFFFFFFFFFBF
:1089C800FFFFFFFFFFFFFFFFFFFFFFFFFFFFFFFFAF
:1089D800FFFFFFFFFFFFFFFFFFFFFFFFFFFFFFFF9F
:1089E800FFFFFFFFFFFFFFFFFFFFFFFFFFFFFFFF8F
:1089F800FFFFFFFFFFFFFFFFFFFFFFFFFFFFFFFF7F
:108A0800FFFFFFFFFFFFFFFFFFFFFFFFFFFFFFFF6E
:108A1800FFFFFFFFFFFFFFFFFFFFFFFFFFFFFFFF5E
:108A2800FFFFFFFFFFFFFFFFFFFFFFFFFFFFFFFF4E
:108A3800FFFFFFFFFFFFFFFFFFFFFFFFFFFFFFFF3E
:108A4800FFFFFFFFFFFFFFFFFFFFFFFFFFFFFFFF2E
:108A5800FFFFFFFFFFFFFFFFFFFFFFFFFFFFFFFF1E
:108A6800FFFFFFFFFFFFFFFFFFFFFFFFFFFFFFFF0E
:108A7800FFFFFFFFFFFFFFFFFFFFFFFFFFFFFFFFFE
:108A8800FFFFFFFFFFFFFFFFFFFFFFFFFFFFFFFFEE
:108A9800FFFFFFFFFFFFFFFFFFFFFFFFFFFFFFFFDE
:108AA800FFFFFFFFFFFFFFFFFFFFFFFFFFFFFFFFCE
:108AB800FFFFFFFFFFFFFFFFFFFFFFFFFFFFFFFFBE
:108AC800FFFFFFFFFFFFFFFFFFFFFFFFFFFFFFFFAE
:108AD800FFFFFFFFFFFFFFFFFFFFFFFFFFFFFFFF9E
:108AE800FFFFFFFFFFFFFFFFFFFFFFFFFFFFFFFF8E
:108AF800FFFFFFFFFFFFFFFFFFFFFFFFFFFFFFFF7E
:108B0800FFFFFFFFFFFFFFFFFFFFFFFFFFFFFFFF6D
:108B1800FFFFFFFFFFFFFFFFFFFFFFFFFFFFFFFF5D
:108B2800FFFFFFFFFFFFFFFFFFFFFFFFFFFFFFFF4D
:108B3800FFFFFFFFFFFFFFFFFFFFFFFFFFFFFFFF3D
:108B4800FFFFFFFFFFFFFFFFFFFFFFFFFFFFFFFF2D
:108B5800FFFFFFFFFFFFFFFFFFFFFFFFFFFFFFFF1D
:108B6800FFFFFFFFFFFFFFFFFFFFFFFFFFFFFFFF0D
:108B7800FFFFFFFFFFFFFFFFFFFFFFFFFFFFFFFFFD
:108B8800FFFFFFFFFFFFFFFFFFFFFFFFFFFFFFFFED
:108B9800FFFFFFFFFFFFFFFFFFFFFFFFFFFFFFFFDD
:108BA800FFFFFFFFFFFFFFFFFFFFFFFFFFFFFFFFCD
:108BB800FFFFFFFFFFFFFFFFFFFFFFFFFFFFFFFFBD
:108BC800FFFFFFFFFFFFFFFFFFFFFFFFFFFFFFFFAD
:108BD800FFFFFFFFFFFFFFFFFFFFFFFFFFFFFFFF9D
:108BE800FFFFFFFFFFFFFFFFFFFFFFFFFFFFFFFF8D
:108BF800FFFFFFFFFFFFFFFFFFFFFFFFFFFFFFFF7D
:108C0800FFFFFFFFFFFFFFFFFFFFFFFFFFFFFFFF6C
:108C1800FFFFFFFFFFFFFFFFFFFFFFFFFFFFFFFF5C
:108C2800FFFFFFFFFFFFFFFFFFFFFFFFFFFFFFFF4C
:108C3800FFFFFFFFFFFFFFFFFFFFFFFFFFFFFFFF3C
:108C4800FFFFFFFFFFFFFFFFFFFFFFFFFFFFFFFF2C
:108C5800FFFFFFFFFFFFFFFFFFFFFFFFFFFFFFFF1C
:108C6800FFFFFFFFFFFFFFFFFFFFFFFFFFFFFFFF0C
:108C7800FFFFFFFFFFFFFFFFFFFFFFFFFFFFFFFFFC
:108C8800FFFFFFFFFFFFFFFFFFFFFFFFFFFFFFFFEC
:108C9800FFFFFFFFFFFFFFFFFFFFFFFFFFFFFFFFDC
:108CA800FFFFFFFFFFFFFFFFFFFFFFFFFFFFFFFFCC
:108CB800FFFFFFFFFFFFFFFFFFFFFFFFFFFFFFFFBC
:108CC800FFFFFFFFFFFFFFFFFFFFFFFFFFFFFFFFAC
:108CD800FFFFFFFFFFFFFFFFFFFFFFFFFFFFFFFF9C
:108CE800FFFFFFFFFFFFFFFFFFFFFFFFFFFFFFFF8C
:108CF800FFFFFFFFFFFFFFFFFFFFFFFFFFFFFFFF7C
:108D0800FFFFFFFFFFFFFFFFFFFFFFFFFFFFFFFF6B
:108D1800FFFFFFFFFFFFFFFFFFFFFFFFFFFFFFFF5B
:108D2800FFFFFFFFFFFFFFFFFFFFFFFFFFFFFFFF4B
:108D3800FFFFFFFFFFFFFFFFFFFFFFFFFFFFFFFF3B
:108D4800FFFFFFFFFFFFFFFFFFFFFFFFFFFFFFFF2B
:108D5800FFFFFFFFFFFFFFFFFFFFFFFFFFFFFFFF1B
:108D6800FFFFFFFFFFFFFFFFFFFFFFFFFFFFFFFF0B
:108D7800FFFFFFFFFFFFFFFFFFFFFFFFFFFFFFFFFB
:108D8800FFFFFFFFFFFFFFFFFFFFFFFFFFFFFFFFEB
:108D9800FFFFFFFFFFFFFFFFFFFFFFFFFFFFFFFFDB
:108DA800FFFFFFFFFFFFFFFFFFFFFFFFFFFFFFFFCB
:108DB800FFFFFFFFFFFFFFFFFFFFFFFFFFFFFFFFBB
:108DC800FFFFFFFFFFFFFFFFFFFFFFFFFFFFFFFFAB
:108DD800FFFFFFFFFFFFFFFFFFFFFFFFFFFFFFFF9B
:108DE800FFFFFFFFFFFFFFFFFFFFFFFFFFFFFFFF8B
:108DF800FFFFFFFFFFFFFFFFFFFFFFFFFFFFFFFF7B
:108E0800FFFFFFFFFFFFFFFFFFFFFFFFFFFFFFFF6A
:108E1800FFFFFFFFFFFFFFFFFFFFFFFFFFFFFFFF5A
:108E2800FFFFFFFFFFFFFFFFFFFFFFFFFFFFFFFF4A
:108E3800FFFFFFFFFFFFFFFFFFFFFFFFFFFFFFFF3A
:108E4800FFFFFFFFFFFFFFFFFFFFFFFFFFFFFFFF2A
:108E5800FFFFFFFFFFFFFFFFFFFFFFFFFFFFFFFF1A
:108E6800FFFFFFFFFFFFFFFFFFFFFFFFFFFFFFFF0A
:108E7800FFFFFFFFFFFFFFFFFFFFFFFFFFFFFFFFFA
:108E8800FFFFFFFFFFFFFFFFFFFFFFFFFFFFFFFFEA
:108E9800FFFFFFFFFFFFFFFFFFFFFFFFFFFFFFFFDA
:108EA800FFFFFFFFFFFFFFFFFFFFFFFFFFFFFFFFCA
:108EB800FFFFFFFFFFFFFFFFFFFFFFFFFFFFFFFFBA
:108EC800FFFFFFFFFFFFFFFFFFFFFFFFFFFFFFFFAA
:108ED800FFFFFFFFFFFFFFFFFFFFFFFFFFFFFFFF9A
:108EE800FFFFFFFFFFFFFFFFFFFFFFFFFFFFFFFF8A
:108EF800FFFFFFFFFFFFFFFFFFFFFFFFFFFFFFFF7A
:108F0800FFFFFFFFFFFFFFFFFFFFFFFFFFFFFFFF69
:108F1800FFFFFFFFFFFFFFFFFFFFFFFFFFFFFFFF59
:108F2800FFFFFFFFFFFFFFFFFFFFFFFFFFFFFFFF49
:108F3800FFFFFFFFFFFFFFFFFFFFFFFFFFFFFFFF39
:108F4800FFFFFFFFFFFFFFFFFFFFFFFFFFFFFFFF29
:108F5800FFFFFFFFFFFFFFFFFFFFFFFFFFFFFFFF19
:108F6800FFFFFFFFFFFFFFFFFFFFFFFFFFFFFFFF09
:108F7800FFFFFFFFFFFFFFFFFFFFFFFFFFFFFFFFF9
:108F8800FFFFFFFFFFFFFFFFFFFFFFFFFFFFFFFFE9
:108F9800FFFFFFFFFFFFFFFFFFFFFFFFFFFFFFFFD9
:108FA800FFFFFFFFFFFFFFFFFFFFFFFFFFFFFFFFC9
:108FB800FFFFFFFFFFFFFFFFFFFFFFFFFFFFFFFFB9
:108FC800FFFFFFFFFFFFFFFFFFFFFFFFFFFFFFFFA9
:108FD800FFFFFFFFFFFFFFFFFFFFFFFFFFFFFFFF99
:108FE800FFFFFFFFFFFFFFFFFFFFFFFFFFFFFFFF89
:108FF800FFFFFFFFFFFFFFFFFFFFFFFFFFFFFFFF79
:10900800FFFFFFFFFFFFFFFFFFFFFFFFFFFFFFFF68
:10901800FFFFFFFFFFFFFFFFFFFFFFFFFFFFFFFF58
:10902800FFFFFFFFFFFFFFFFFFFFFFFFFFFFFFFF48
:10903800FFFFFFFFFFFFFFFFFFFFFFFFFFFFFFFF38
:10904800FFFFFFFFFFFFFFFFFFFFFFFFFFFFFFFF28
:10905800FFFFFFFFFFFFFFFFFFFFFFFFFFFFFFFF18
:10906800FFFFFFFFFFFFFFFFFFFFFFFFFFFFFFFF08
:10907800FFFFFFFFFFFFFFFFFFFFFFFFFFFFFFFFF8
:10908800FFFFFFFFFFFFFFFFFFFFFFFFFFFFFFFFE8
:10909800FFFFFFFFFFFFFFFFFFFFFFFFFFFFFFFFD8
:1090A800FFFFFFFFFFFFFFFFFFFFFFFFFFFFFFFFC8
:1090B800FFFFFFFFFFFFFFFFFFFFFFFFFFFFFFFFB8
:1090C800FFFFFFFFFFFFFFFFFFFFFFFFFFFFFFFFA8
:1090D800FFFFFFFFFFFFFFFFFFFFFFFFFFFFFFFF98
:1090E800FFFFFFFFFFFFFFFFFFFFFFFFFFFFFFFF88
:1090F800FFFFFFFFFFFFFFFFFFFFFFFFFFFFFFFF78
:10910800FFFFFFFFFFFFFFFFFFFFFFFFFFFFFFFF67
:10911800FFFFFFFFFFFFFFFFFFFFFFFFFFFFFFFF57
:10912800FFFFFFFFFFFFFFFFFFFFFFFFFFFFFFFF47
:10913800FFFFFFFFFFFFFFFFFFFFFFFFFFFFFFFF37
:10914800FFFFFFFFFFFFFFFFFFFFFFFFFFFFFFFF27
:10915800FFFFFFFFFFFFFFFFFFFFFFFFFFFFFFFF17
:10916800FFFFFFFFFFFFFFFFFFFFFFFFFFFFFFFF07
:10917800FFFFFFFFFFFFFFFFFFFFFFFFFFFFFFFFF7
:10918800FFFFFFFFFFFFFFFFFFFFFFFFFFFFFFFFE7
:10919800FFFFFFFFFFFFFFFFFFFFFFFFFFFFFFFFD7
:1091A800FFFFFFFFFFFFFFFFFFFFFFFFFFFFFFFFC7
:1091B800FFFFFFFFFFFFFFFFFFFFFFFFFFFFFFFFB7
:1091C800FFFFFFFFFFFFFFFFFFFFFFFFFFFFFFFFA7
:1091D800FFFFFFFFFFFFFFFFFFFFFFFFFFFFFFFF97
:1091E800FFFFFFFFFFFFFFFFFFFFFFFFFFFFFFFF87
:1091F800FFFFFFFFFFFFFFFFFFFFFFFFFFFFFFFF77
:10920800FFFFFFFFFFFFFFFFFFFFFFFFFFFFFFFF66
:10921800FFFFFFFFFFFFFFFFFFFFFFFFFFFFFFFF56
:10922800FFFFFFFFFFFFFFFFFFFFFFFFFFFFFFFF46
:10923800FFFFFFFFFFFFFFFFFFFFFFFFFFFFFFFF36
:10924800FFFFFFFFFFFFFFFFFFFFFFFFFFFFFFFF26
:10925800FFFFFFFFFFFFFFFFFFFFFFFFFFFFFFFF16
:10926800FFFFFFFFFFFFFFFFFFFFFFFFFFFFFFFF06
:10927800FFFFFFFFFFFFFFFFFFFFFFFFFFFFFFFFF6
:10928800FFFFFFFFFFFFFFFFFFFFFFFFFFFFFFFFE6
:10929800FFFFFFFFFFFFFFFFFFFFFFFFFFFFFFFFD6
:1092A800FFFFFFFFFFFFFFFFFFFFFFFFFFFFFFFFC6
:1092B800FFFFFFFFFFFFFFFFFFFFFFFFFFFFFFFFB6
:1092C800FFFFFFFFFFFFFFFFFFFFFFFFFFFFFFFFA6
:1092D800FFFFFFFFFFFFFFFFFFFFFFFFFFFFFFFF96
:1092E800FFFFFFFFFFFFFFFFFFFFFFFFFFFFFFFF86
:1092F800FFFFFFFFFFFFFFFFFFFFFFFFFFFFFFFF76
:10930800FFFFFFFFFFFFFFFFFFFFFFFFFFFFFFFF65
:10931800FFFFFFFFFFFFFFFFFFFFFFFFFFFFFFFF55
:10932800FFFFFFFFFFFFFFFFFFFFFFFFFFFFFFFF45
:10933800FFFFFFFFFFFFFFFFFFFFFFFFFFFFFFFF35
:10934800FFFFFFFFFFFFFFFFFFFFFFFFFFFFFFFF25
:10935800FFFFFFFFFFFFFFFFFFFFFFFFFFFFFFFF15
:10936800FFFFFFFFFFFFFFFFFFFFFFFFFFFFFFFF05
:10937800FFFFFFFFFFFFFFFFFFFFFFFFFFFFFFFFF5
:10938800FFFFFFFFFFFFFFFFFFFFFFFFFFFFFFFFE5
:10939800FFFFFFFFFFFFFFFFFFFFFFFFFFFFFFFFD5
:1093A800FFFFFFFFFFFFFFFFFFFFFFFFFFFFFFFFC5
:1093B800FFFFFFFFFFFFFFFFFFFFFFFFFFFFFFFFB5
:1093C800FFFFFFFFFFFFFFFFFFFFFFFFFFFFFFFFA5
:1093D800FFFFFFFFFFFFFFFFFFFFFFFFFFFFFFFF95
:1093E800FFFFFFFFFFFFFFFFFFFFFFFFFFFFFFFF85
:1093F800FFFFFFFFFFFFFFFFFFFFFFFFFFFFFFFF75
:10940800FFFFFFFFFFFFFFFFFFFFFFFFFFFFFFFF64
:10941800FFFFFFFFFFFFFFFFFFFFFFFFFFFFFFFF54
:10942800FFFFFFFFFFFFFFFFFFFFFFFFFFFFFFFF44
:10943800FFFFFFFFFFFFFFFFFFFFFFFFFFFFFFFF34
:10944800FFFFFFFFFFFFFFFFFFFFFFFFFFFFFFFF24
:10945800FFFFFFFFFFFFFFFFFFFFFFFFFFFFFFFF14
:10946800FFFFFFFFFFFFFFFFFFFFFFFFFFFFFFFF04
:10947800FFFFFFFFFFFFFFFFFFFFFFFFFFFFFFFFF4
:10948800FFFFFFFFFFFFFFFFFFFFFFFFFFFFFFFFE4
:10949800FFFFFFFFFFFFFFFFFFFFFFFFFFFFFFFFD4
:1094A800FFFFFFFFFFFFFFFFFFFFFFFFFFFFFFFFC4
:1094B800FFFFFFFFFFFFFFFFFFFFFFFFFFFFFFFFB4
:1094C800FFFFFFFFFFFFFFFFFFFFFFFFFFFFFFFFA4
:1094D800FFFFFFFFFFFFFFFFFFFFFFFFFFFFFFFF94
:1094E800FFFFFFFFFFFFFFFFFFFFFFFFFFFFFFFF84
:1094F800FFFFFFFFFFFFFFFFFFFFFFFFFFFFFFFF74
:10950800FFFFFFFFFFFFFFFFFFFFFFFFFFFFFFFF63
:10951800FFFFFFFFFFFFFFFFFFFFFFFFFFFFFFFF53
:10952800FFFFFFFFFFFFFFFFFFFFFFFFFFFFFFFF43
:10953800FFFFFFFFFFFFFFFFFFFFFFFFFFFFFFFF33
:10954800FFFFFFFFFFFFFFFFFFFFFFFFFFFFFFFF23
:10955800FFFFFFFFFFFFFFFFFFFFFFFFFFFFFFFF13
:10956800FFFFFFFFFFFFFFFFFFFFFFFFFFFFFFFF03
:10957800FFFFFFFFFFFFFFFFFFFFFFFFFFFFFFFFF3
:10958800FFFFFFFFFFFFFFFFFFFFFFFFFFFFFFFFE3
:10959800FFFFFFFFFFFFFFFFFFFFFFFFFFFFFFFFD3
:1095A800FFFFFFFFFFFFFFFFFFFFFFFFFFFFFFFFC3
:1095B800FFFFFFFFFFFFFFFFFFFFFFFFFFFFFFFFB3
:1095C800FFFFFFFFFFFFFFFFFFFFFFFFFFFFFFFFA3
:1095D800FFFFFFFFFFFFFFFFFFFFFFFFFFFFFFFF93
:1095E800FFFFFFFFFFFFFFFFFFFFFFFFFFFFFFFF83
:1095F800FFFFFFFFFFFFFFFFFFFFFFFFFFFFFFFF73
:10960800FFFFFFFFFFFFFFFFFFFFFFFFFFFFFFFF62
:10961800FFFFFFFFFFFFFFFFFFFFFFFFFFFFFFFF52
:10962800FFFFFFFFFFFFFFFFFFFFFFFFFFFFFFFF42
:10963800FFFFFFFFFFFFFFFFFFFFFFFFFFFFFFFF32
:10964800FFFFFFFFFFFFFFFFFFFFFFFFFFFFFFFF22
:10965800FFFFFFFFFFFFFFFFFFFFFFFFFFFFFFFF12
:10966800FFFFFFFFFFFFFFFFFFFFFFFFFFFFFFFF02
:10967800FFFFFFFFFFFFFFFFFFFFFFFFFFFFFFFFF2
:10968800FFFFFFFFFFFFFFFFFFFFFFFFFFFFFFFFE2
:10969800FFFFFFFFFFFFFFFFFFFFFFFFFFFFFFFFD2
:1096A800FFFFFFFFFFFFFFFFFFFFFFFFFFFFFFFFC2
:1096B800FFFFFFFFFFFFFFFFFFFFFFFFFFFFFFFFB2
:1096C800FFFFFFFFFFFFFFFFFFFFFFFFFFFFFFFFA2
:1096D800FFFFFFFFFFFFFFFFFFFFFFFFFFFFFFFF92
:1096E800FFFFFFFFFFFFFFFFFFFFFFFFFFFFFFFF82
:1096F800FFFFFFFFFFFFFFFFFFFFFFFFFFFFFFFF72
:10970800FFFFFFFFFFFFFFFFFFFFFFFFFFFFFFFF61
:10971800FFFFFFFFFFFFFFFFFFFFFFFFFFFFFFFF51
:10972800FFFFFFFFFFFFFFFFFFFFFFFFFFFFFFFF41
:10973800FFFFFFFFFFFFFFFFFFFFFFFFFFFFFFFF31
:10974800FFFFFFFFFFFFFFFFFFFFFFFFFFFFFFFF21
:10975800FFFFFFFFFFFFFFFFFFFFFFFFFFFFFFFF11
:10976800FFFFFFFFFFFFFFFFFFFFFFFFFFFFFFFF01
:10977800FFFFFFFFFFFFFFFFFFFFFFFFFFFFFFFFF1
:10978800FFFFFFFFFFFFFFFFFFFFFFFFFFFFFFFFE1
:10979800FFFFFFFFFFFFFFFFFFFFFFFFFFFFFFFFD1
:1097A800FFFFFFFFFFFFFFFFFFFFFFFFFFFFFFFFC1
:1097B800FFFFFFFFFFFFFFFFFFFFFFFFFFFFFFFFB1
:1097C800FFFFFFFFFFFFFFFFFFFFFFFFFFFFFFFFA1
:1097D800FFFFFFFFFFFFFFFFFFFFFFFFFFFFFFFF91
:1097E800FFFFFFFFFFFFFFFFFFFFFFFFFFFFFFFF81
:1097F800FFFFFFFFFFFFFFFFFFFFFFFFFFFFFFFF71
:10980800FFFFFFFFFFFFFFFFFFFFFFFFFFFFFFFF60
:10981800FFFFFFFFFFFFFFFFFFFFFFFFFFFFFFFF50
:10982800FFFFFFFFFFFFFFFFFFFFFFFFFFFFFFFF40
:10983800FFFFFFFFFFFFFFFFFFFFFFFFFFFFFFFF30
:10984800FFFFFFFFFFFFFFFFFFFFFFFFFFFFFFFF20
:10985800FFFFFFFFFFFFFFFFFFFFFFFFFFFFFFFF10
:10986800FFFFFFFFFFFFFFFFFFFFFFFFFFFFFFFF00
:10987800FFFFFFFFFFFFFFFFFFFFFFFFFFFFFFFFF0
:10988800FFFFFFFFFFFFFFFFFFFFFFFFFFFFFFFFE0
:10989800FFFFFFFFFFFFFFFFFFFFFFFFFFFFFFFFD0
:1098A800FFFFFFFFFFFFFFFFFFFFFFFFFFFFFFFFC0
:1098B800FFFFFFFFFFFFFFFFFFFFFFFFFFFFFFFFB0
:1098C800FFFFFFFFFFFFFFFFFFFFFFFFFFFFFFFFA0
:1098D800FFFFFFFFFFFFFFFFFFFFFFFFFFFFFFFF90
:1098E800FFFFFFFFFFFFFFFFFFFFFFFFFFFFFFFF80
:1098F800FFFFFFFFFFFFFFFFFFFFFFFFFFFFFFFF70
:10990800FFFFFFFFFFFFFFFFFFFFFFFFFFFFFFFF5F
:10991800FFFFFFFFFFFFFFFFFFFFFFFFFFFFFFFF4F
:10992800FFFFFFFFFFFFFFFFFFFFFFFFFFFFFFFF3F
:10993800FFFFFFFFFFFFFFFFFFFFFFFFFFFFFFFF2F
:10994800FFFFFFFFFFFFFFFFFFFFFFFFFFFFFFFF1F
:10995800FFFFFFFFFFFFFFFFFFFFFFFFFFFFFFFF0F
:10996800FFFFFFFFFFFFFFFFFFFFFFFFFFFFFFFFFF
:10997800FFFFFFFFFFFFFFFFFFFFFFFFFFFFFFFFEF
:10998800FFFFFFFFFFFFFFFFFFFFFFFFFFFFFFFFDF
:10999800FFFFFFFFFFFFFFFFFFFFFFFFFFFFFFFFCF
:1099A800FFFFFFFFFFFFFFFFFFFFFFFFFFFFFFFFBF
:1099B800FFFFFFFFFFFFFFFFFFFFFFFFFFFFFFFFAF
:1099C800FFFFFFFFFFFFFFFFFFFFFFFFFFFFFFFF9F
:1099D800FFFFFFFFFFFFFFFFFFFFFFFFFFFFFFFF8F
:1099E800FFFFFFFFFFFFFFFFFFFFFFFFFFFFFFFF7F
:1099F800FFFFFFFFFFFFFFFFFFFFFFFFFFFFFFFF6F
:109A0800FFFFFFFFFFFFFFFFFFFFFFFFFFFFFFFF5E
:109A1800FFFFFFFFFFFFFFFFFFFFFFFFFFFFFFFF4E
:109A2800FFFFFFFFFFFFFFFFFFFFFFFFFFFFFFFF3E
:109A3800FFFFFFFFFFFFFFFFFFFFFFFFFFFFFFFF2E
:109A4800FFFFFFFFFFFFFFFFFFFFFFFFFFFFFFFF1E
:109A5800FFFFFFFFFFFFFFFFFFFFFFFFFFFFFFFF0E
:109A6800FFFFFFFFFFFFFFFFFFFFFFFFFFFFFFFFFE
:109A7800FFFFFFFFFFFFFFFFFFFFFFFFFFFFFFFFEE
:109A8800FFFFFFFFFFFFFFFFFFFFFFFFFFFFFFFFDE
:109A9800FFFFFFFFFFFFFFFFFFFFFFFFFFFFFFFFCE
:109AA800FFFFFFFFFFFFFFFFFFFFFFFFFFFFFFFFBE
:109AB800FFFFFFFFFFFFFFFFFFFFFFFFFFFFFFFFAE
:109AC800FFFFFFFFFFFFFFFFFFFFFFFFFFFFFFFF9E
:109AD800FFFFFFFFFFFFFFFFFFFFFFFFFFFFFFFF8E
:109AE800FFFFFFFFFFFFFFFFFFFFFFFFFFFFFFFF7E
:109AF800FFFFFFFFFFFFFFFFFFFFFFFFFFFFFFFF6E
:109B0800FFFFFFFFFFFFFFFFFFFFFFFFFFFFFFFF5D
:109B1800FFFFFFFFFFFFFFFFFFFFFFFFFFFFFFFF4D
:109B2800FFFFFFFFFFFFFFFFFFFFFFFFFFFFFFFF3D
:109B3800FFFFFFFFFFFFFFFFFFFFFFFFFFFFFFFF2D
:109B4800FFFFFFFFFFFFFFFFFFFFFFFFFFFFFFFF1D
:109B5800FFFFFFFFFFFFFFFFFFFFFFFFFFFFFFFF0D
:109B6800FFFFFFFFFFFFFFFFFFFFFFFFFFFFFFFFFD
:109B7800FFFFFFFFFFFFFFFFFFFFFFFFFFFFFFFFED
:109B8800FFFFFFFFFFFFFFFFFFFFFFFFFFFFFFFFDD
:109B9800FFFFFFFFFFFFFFFFFFFFFFFFFFFFFFFFCD
:109BA800FFFFFFFFFFFFFFFFFFFFFFFFFFFFFFFFBD
:109BB800FFFFFFFFFFFFFFFFFFFFFFFFFFFFFFFFAD
:109BC800FFFFFFFFFFFFFFFFFFFFFFFFFFFFFFFF9D
:109BD800FFFFFFFFFFFFFFFFFFFFFFFFFFFFFFFF8D
:109BE800FFFFFFFFFFFFFFFFFFFFFFFFFFFFFFFF7D
:109BF800FFFFFFFFFFFFFFFFFFFFFFFFFFFFFFFF6D
:109C0800FFFFFFFFFFFFFFFFFFFFFFFFFFFFFFFF5C
:109C1800FFFFFFFFFFFFFFFFFFFFFFFFFFFFFFFF4C
:109C2800FFFFFFFFFFFFFFFFFFFFFFFFFFFFFFFF3C
:109C3800FFFFFFFFFFFFFFFFFFFFFFFFFFFFFFFF2C
:109C4800FFFFFFFFFFFFFFFFFFFFFFFFFFFFFFFF1C
:109C5800FFFFFFFFFFFFFFFFFFFFFFFFFFFFFFFF0C
:109C6800FFFFFFFFFFFFFFFFFFFFFFFFFFFFFFFFFC
:109C7800FFFFFFFFFFFFFFFFFFFFFFFFFFFFFFFFEC
:109C8800FFFFFFFFFFFFFFFFFFFFFFFFFFFFFFFFDC
:109C9800FFFFFFFFFFFFFFFFFFFFFFFFFFFFFFFFCC
:109CA800FFFFFFFFFFFFFFFFFFFFFFFFFFFFFFFFBC
:109CB800FFFFFFFFFFFFFFFFFFFFFFFFFFFFFFFFAC
:109CC800FFFFFFFFFFFFFFFFFFFFFFFFFFFFFFFF9C
:109CD800FFFFFFFFFFFFFFFFFFFFFFFFFFFFFFFF8C
:109CE800FFFFFFFFFFFFFFFFFFFFFFFFFFFFFFFF7C
:109CF800FFFFFFFFFFFFFFFFFFFFFFFFFFFFFFFF6C
:109D0800FFFFFFFFFFFFFFFFFFFFFFFFFFFFFFFF5B
:109D1800FFFFFFFFFFFFFFFFFFFFFFFFFFFFFFFF4B
:109D2800FFFFFFFFFFFFFFFFFFFFFFFFFFFFFFFF3B
:109D3800FFFFFFFFFFFFFFFFFFFFFFFFFFFFFFFF2B
:109D4800FFFFFFFFFFFFFFFFFFFFFFFFFFFFFFFF1B
:109D5800FFFFFFFFFFFFFFFFFFFFFFFFFFFFFFFF0B
:109D6800FFFFFFFFFFFFFFFFFFFFFFFFFFFFFFFFFB
:109D7800FFFFFFFFFFFFFFFFFFFFFFFFFFFFFFFFEB
:109D8800FFFFFFFFFFFFFFFFFFFFFFFFFFFFFFFFDB
:109D9800FFFFFFFFFFFFFFFFFFFFFFFFFFFFFFFFCB
:109DA800FFFFFFFFFFFFFFFFFFFFFFFFFFFFFFFFBB
:109DB800FFFFFFFFFFFFFFFFFFFFFFFFFFFFFFFFAB
:109DC800FFFFFFFFFFFFFFFFFFFFFFFFFFFFFFFF9B
:109DD800FFFFFFFFFFFFFFFFFFFFFFFFFFFFFFFF8B
:109DE800FFFFFFFFFFFFFFFFFFFFFFFFFFFFFFFF7B
:109DF800FFFFFFFFFFFFFFFFFFFFFFFFFFFFFFFF6B
:109E0800FFFFFFFFFFFFFFFFFFFFFFFFFFFFFFFF5A
:109E1800FFFFFFFFFFFFFFFFFFFFFFFFFFFFFFFF4A
:109E2800FFFFFFFFFFFFFFFFFFFFFFFFFFFFFFFF3A
:109E3800FFFFFFFFFFFFFFFFFFFFFFFFFFFFFFFF2A
:109E4800FFFFFFFFFFFFFFFFFFFFFFFFFFFFFFFF1A
:109E5800FFFFFFFFFFFFFFFFFFFFFFFFFFFFFFFF0A
:109E6800FFFFFFFFFFFFFFFFFFFFFFFFFFFFFFFFFA
:109E7800FFFFFFFFFFFFFFFFFFFFFFFFFFFFFFFFEA
:109E8800FFFFFFFFFFFFFFFFFFFFFFFFFFFFFFFFDA
:109E9800FFFFFFFFFFFFFFFFFFFFFFFFFFFFFFFFCA
:109EA800FFFFFFFFFFFFFFFFFFFFFFFFFFFFFFFFBA
:109EB800FFFFFFFFFFFFFFFFFFFFFFFFFFFFFFFFAA
:109EC800FFFFFFFFFFFFFFFFFFFFFFFFFFFFFFFF9A
:109ED800FFFFFFFFFFFFFFFFFFFFFFFFFFFFFFFF8A
:109EE800FFFFFFFFFFFFFFFFFFFFFFFFFFFFFFFF7A
:109EF800FFFFFFFFFFFFFFFFFFFFFFFFFFFFFFFF6A
:109F0800FFFFFFFFFFFFFFFFFFFFFFFFFFFFFFFF59
:109F1800FFFFFFFFFFFFFFFFFFFFFFFFFFFFFFFF49
:109F2800FFFFFFFFFFFFFFFFFFFFFFFFFFFFFFFF39
:109F3800FFFFFFFFFFFFFFFFFFFFFFFFFFFFFFFF29
:109F4800FFFFFFFFFFFFFFFFFFFFFFFFFFFFFFFF19
:109F5800FFFFFFFFFFFFFFFFFFFFFFFFFFFFFFFF09
:109F6800FFFFFFFFFFFFFFFFFFFFFFFFFFFFFFFFF9
:109F7800FFFFFFFFFFFFFFFFFFFFFFFFFFFFFFFFE9
:109F8800FFFFFFFFFFFFFFFFFFFFFFFFFFFFFFFFD9
:109F9800FFFFFFFFFFFFFFFFFFFFFFFFFFFFFFFFC9
:109FA800FFFFFFFFFFFFFFFFFFFFFFFFFFFFFFFFB9
:109FB800FFFFFFFFFFFFFFFFFFFFFFFFFFFFFFFFA9
:109FC800FFFFFFFFFFFFFFFFFFFFFFFFFFFFFFFF99
:109FD800FFFFFFFFFFFFFFFFFFFFFFFFFFFFFFFF89
:109FE800FFFFFFFFFFFFFFFFFFFFFFFFFFFFFFFF79
:109FF800FFFFFFFFFFFFFFFFFFFFFFFFFFFFFFFF69
:10A00800FFFFFFFFFFFFFFFFFFFFFFFFFFFFFFFF58
:10A01800FFFFFFFFFFFFFFFFFFFFFFFFFFFFFFFF48
:10A02800FFFFFFFFFFFFFFFFFFFFFFFFFFFFFFFF38
:10A03800FFFFFFFFFFFFFFFFFFFFFFFFFFFFFFFF28
:10A04800FFFFFFFFFFFFFFFFFFFFFFFFFFFFFFFF18
:10A05800FFFFFFFFFFFFFFFFFFFFFFFFFFFFFFFF08
:10A06800000000000805002070050020D805002029
:10A0780000000000000000000000000000000000D8
:10A0880000000000000000000000000000000000C8
:10A0980000000000000000000000000000000000B8
:10A0A80000000000000000000000000000000000A8
:10A0B8000300000008050020372701408327878018
:10A0C80013070780858B81CBB7070140054723AA73
:10A0D800E74073002030B7373333B7160140938712
:10A0E800373323A2F6C0938706409C4783A5C181D6
:10A0F800B3C70708096613068606AE97B29790237A
:10A10800B7070140220623A6C6C0854623AAD74022
:10A118001C47858BF5DF37474444B71701401307C1
:10A12800474423A2E7C0730020300000000000006D
:10A13800001C4E0E00389C1C400600200004002025
:0CA14800020406080000000001020304ED
:00000001FF
