/*
 * tiny_rom.c - embedded cart ROM image (AUTO-GENERATED - do not edit).
 *
 * Generated by tools/rom2c.py from /home/makaron/Repo/RISKYMSX2/tiny.ROM
 *   sha256: 10abee06c6616bf59646373cd6acaca0ec58c544f39b90325a771238068b8834

 *
 * This is the tiny.ROM sub-slot 0 image the MSX executes at boot.
 * The ROM runs directly from flash and talks to the firmware over the cart
 * mailbox window (see cart.c) to drive the terminal UI.
 *
 * Regenerate with:  python3 tools/rom2c.py /home/makaron/Repo/RISKYMSX2/tiny.ROM /home/makaron/Repo/RISKYMSX2/firmware/User/tiny_rom.c "tiny.ROM sub-slot 0 image"
 *
 * Section notes:
 *   - .cartrom keeps the image in FLASH (VMA==LMA, KEEP()'d)
 *     so the loader can boot like a normal ROM cartridge
 *     while the LOADER mapper is installed.
 */
#include <stdint.h>

__attribute__((section(".cartrom")))
const uint8_t tiny_rom[16384] = {
    0x41, 0x42, 0x10, 0x40, 0x00, 0x00, 0x00, 0x00,
    0x00, 0x00, 0x00, 0x00, 0x00, 0x00, 0x00, 0x00,
    0x3E, 0x06, 0xCD, 0x41, 0x01, 0xE6, 0x01, 0x28,
    0x26, 0xF3, 0x21, 0x0C, 0x4C, 0x22, 0x60, 0xF7,
    0x3E, 0x01, 0x32, 0x5D, 0xF7, 0x32, 0x64, 0xF7,
    0xCD, 0x53, 0x49, 0x21, 0xDA, 0xFE, 0x3E, 0xF7,
    0x77, 0x23, 0x3A, 0x6A, 0xF7, 0x77, 0x23, 0x11,
    0x3F, 0x40, 0x73, 0x23, 0x72, 0xFB, 0xC9, 0xF3,
    0xED, 0x7B, 0x4A, 0xFC, 0xCD, 0xDE, 0x51, 0x21,
    0x50, 0xF7, 0x11, 0x51, 0xF7, 0x01, 0x5F, 0x00,
    0x36, 0x00, 0xED, 0xB0, 0x21, 0x00, 0xC0, 0x22,
    0x5A, 0xF7, 0xCD, 0xB3, 0x4C, 0xCD, 0xBD, 0x4C,
    0x21, 0x41, 0x51, 0x11, 0x00, 0x1B, 0x01, 0x0C,
    0x00, 0xCD, 0x5C, 0x00, 0x21, 0x70, 0xF7, 0x36,
    0x00, 0x11, 0x71, 0xF7, 0x01, 0x3F, 0x00, 0xED,
    0xB0, 0x21, 0xBC, 0x4F, 0x11, 0x03, 0x18, 0x01,
    0x0B, 0x00, 0xCD, 0x5C, 0x00, 0x01, 0x01, 0xE2,
    0xCD, 0x47, 0x00, 0xAF, 0x32, 0x64, 0xF7, 0x3E,
    0x01, 0x32, 0x5D, 0xF7, 0xAF, 0x32, 0x5C, 0xF7,
    0x3A, 0x5C, 0xF7, 0x6F, 0x26, 0x00, 0x11, 0xC1,
    0xFC, 0x19, 0x7E, 0xE6, 0x80, 0x20, 0x1D, 0xCD,
    0x7C, 0x4C, 0xCD, 0x85, 0x4C, 0xFE, 0x41, 0x20,
    0x4C, 0x23, 0xCD, 0x85, 0x4C, 0xFE, 0x42, 0x20,
    0x44, 0x21, 0x18, 0x00, 0x22, 0x5E, 0xF7, 0xCD,
    0x72, 0x4D, 0x18, 0x39, 0x06, 0x04, 0x3A, 0x5C,
    0xF7, 0xF6, 0x80, 0x32, 0x5C, 0xF7, 0x05, 0xC5,
    0x3A, 0x5C, 0xF7, 0xE6, 0xF3, 0xCB, 0x20, 0xCB,
    0x20, 0x80, 0x32, 0x5C, 0xF7, 0xCD, 0x7C, 0x4C,
    0xCD, 0x85, 0x4C, 0xFE, 0x41, 0x20, 0x11, 0x23,
    0xCD, 0x85, 0x4C, 0xFE, 0x42, 0x20, 0x09, 0x21,
    0x18, 0x00, 0x22, 0x5E, 0xF7, 0xCD, 0x72, 0x4D,
    0xC1, 0x78, 0xB7, 0x20, 0xD1, 0x3A, 0x5C, 0xF7,
    0xE6, 0x03, 0xFE, 0x03, 0x28, 0x06, 0x3C, 0x32,
    0x5C, 0xF7, 0x18, 0x8C, 0x3A, 0x5D, 0xF7, 0x3C,
    0x32, 0x5D, 0xF7, 0xFE, 0x04, 0xDA, 0x94, 0x40,
    0x3A, 0xC1, 0xFC, 0x32, 0x5C, 0xF7, 0xAF, 0x32,
    0x5D, 0xF7, 0x3E, 0x04, 0x32, 0x5E, 0xF7, 0xCD,
    0x72, 0x4D, 0x3E, 0x01, 0x32, 0x5D, 0xF7, 0xCD,
    0x72, 0x4D, 0x3A, 0xF8, 0xFA, 0xB7, 0x28, 0x0F,
    0x32, 0x5C, 0xF7, 0xAF, 0x32, 0x5D, 0xF7, 0x3E,
    0x05, 0x32, 0x5E, 0xF7, 0xCD, 0x72, 0x4D, 0x3A,
    0x2D, 0x00, 0xFE, 0x03, 0x20, 0x33, 0x3A, 0x49,
    0x0C, 0xB7, 0x28, 0x04, 0x3E, 0x16, 0x18, 0x02,
    0x3E, 0x17, 0x32, 0x5E, 0xF7, 0x3E, 0x8F, 0x32,
    0x5C, 0xF7, 0xAF, 0x32, 0x5D, 0xF7, 0xCD, 0x72,
    0x4D, 0x3E, 0x01, 0x32, 0x5D, 0xF7, 0xCD, 0x72,
    0x4D, 0x3E, 0x02, 0x32, 0x5D, 0xF7, 0xCD, 0x72,
    0x4D, 0x3E, 0x03, 0x32, 0x5D, 0xF7, 0xCD, 0x72,
    0x4D, 0x21, 0x10, 0x00, 0x22, 0x50, 0xF7, 0x21,
    0x20, 0x00, 0x22, 0x52, 0xF7, 0xAF, 0x32, 0x5D,
    0xF7, 0xAF, 0x32, 0x5C, 0xF7, 0x3A, 0x5C, 0xF7,
    0xE6, 0x03, 0x6F, 0x26, 0x00, 0x11, 0xC1, 0xFC,
    0x19, 0x7E, 0xE6, 0x80, 0x20, 0x1A, 0x2A, 0x50,
    0xF7, 0xCD, 0xA0, 0x4C, 0x20, 0x49, 0x2A, 0x52,
    0xF7, 0xCD, 0xA0, 0x4C, 0x20, 0x41, 0x3E, 0x03,
    0x32, 0x5E, 0xF7, 0xCD, 0x72, 0x4D, 0x18, 0x37,
    0x3A, 0x5C, 0xF7, 0xF6, 0x80, 0x32, 0x5C, 0xF7,
    0x2A, 0x50, 0xF7, 0xCD, 0xA0, 0x4C, 0x20, 0x10,
    0x2A, 0x52, 0xF7, 0xCD, 0xA0, 0x4C, 0x20, 0x08,
    0x3E, 0x03, 0x32, 0x5E, 0xF7, 0xCD, 0x72, 0x4D,
    0x3A, 0x5C, 0xF7, 0x47, 0xE6, 0x0C, 0xFE, 0x0C,
    0x28, 0x08, 0x78, 0xC6, 0x04, 0x32, 0x5C, 0xF7,
    0x18, 0xD6, 0x78, 0xE6, 0x03, 0x18, 0x03, 0x3A,
    0x5C, 0xF7, 0x47, 0xE6, 0x03, 0xFE, 0x03, 0x28,
    0x07, 0x78, 0x3C, 0x32, 0x5C, 0xF7, 0x18, 0x8D,
    0x3A, 0x51, 0xF7, 0xC6, 0x40, 0x32, 0x51, 0xF7,
    0x3A, 0x53, 0xF7, 0xC6, 0x40, 0x32, 0x53, 0xF7,
    0x3A, 0x5D, 0xF7, 0x3C, 0x32, 0x5D, 0xF7, 0xFE,
    0x04, 0xDA, 0x91, 0x41, 0x21, 0x0C, 0x4C, 0x22,
    0x60, 0xF7, 0x3E, 0x02, 0x32, 0x5E, 0xF7, 0x3E,
    0x01, 0x32, 0x5D, 0xF7, 0xCD, 0x53, 0x49, 0x21,
    0xB3, 0x4B, 0x22, 0x60, 0xF7, 0x3E, 0x01, 0x32,
    0x5D, 0xF7, 0xCD, 0x53, 0x49, 0x21, 0x2D, 0x4C,
    0x22, 0x60, 0xF7, 0x3E, 0x15, 0x32, 0x5E, 0xF7,
    0xCD, 0x53, 0x49, 0x06, 0x09, 0x21, 0xC7, 0x49,
    0x5E, 0x23, 0x56, 0xED, 0x53, 0x60, 0xF7, 0x23,
    0x7E, 0x32, 0x5E, 0xF7, 0x23, 0x3E, 0x01, 0x32,
    0x5D, 0xF7, 0xE5, 0xC5, 0xCD, 0x53, 0x49, 0xC1,
    0xE1, 0x10, 0xE5, 0x3E, 0x00, 0x32, 0x5D, 0xF7,
    0xCD, 0x53, 0x49, 0x3E, 0x01, 0x32, 0x5D, 0xF7,
    0xCD, 0x53, 0x49, 0x3E, 0x02, 0x32, 0x5D, 0xF7,
    0xCD, 0x53, 0x49, 0x3E, 0x03, 0x32, 0x5D, 0xF7,
    0xCD, 0x53, 0x49, 0x3A, 0xB0, 0xF7, 0x32, 0x5C,
    0xF7, 0x3A, 0xB1, 0xF7, 0x32, 0x5D, 0xF7, 0xF3,
    0x3A, 0x5C, 0xF7, 0x32, 0xB0, 0xF7, 0x47, 0xE6,
    0x03, 0x87, 0x87, 0x87, 0x4F, 0x87, 0x87, 0x81,
    0x4F, 0x78, 0x0F, 0x0F, 0xE6, 0x03, 0x87, 0x87,
    0x87, 0x81, 0xC6, 0x16, 0x32, 0x66, 0xF7, 0x21,
    0x00, 0x1B, 0xF5, 0xCD, 0x4D, 0x00, 0xF1, 0xF5,
    0x21, 0x04, 0x1B, 0xCD, 0x4D, 0x00, 0xF1, 0x21,
    0x08, 0x1B, 0xCD, 0x4D, 0x00, 0x3A, 0x5D, 0xF7,
    0x32, 0xB1, 0xF7, 0x87, 0x87, 0x87, 0x4F, 0x87,
    0x87, 0x81, 0xC6, 0x47, 0x32, 0x67, 0xF7, 0x21,
    0x01, 0x1B, 0xF5, 0xCD, 0x4D, 0x00, 0xF1, 0xC6,
    0x10, 0xF5, 0x21, 0x05, 0x1B, 0xCD, 0x4D, 0x00,
    0xF1, 0xC6, 0x10, 0x21, 0x09, 0x1B, 0xCD, 0x4D,
    0x00, 0xCD, 0x56, 0x01, 0xCD, 0x3D, 0x45, 0xCD,
    0x08, 0x45, 0xFE, 0x1C, 0x28, 0x52, 0xFE, 0x1D,
    0x28, 0x54, 0xFE, 0x1E, 0x28, 0x0F, 0xFE, 0x1F,
    0x28, 0x25, 0xFE, 0x0D, 0x28, 0x53, 0xFE, 0x1B,
    0xCA, 0x5A, 0x40, 0x18, 0xDF, 0x3A, 0x5C, 0xF7,
    0x47, 0xE6, 0x0C, 0x28, 0x05, 0x78, 0xD6, 0x04,
    0x18, 0x1F, 0x78, 0xE6, 0x03, 0x78, 0x20, 0x02,
    0xC6, 0x04, 0x3D, 0xF6, 0x0C, 0x18, 0x12, 0x3A,
    0x5C, 0xF7, 0x47, 0xE6, 0x0C, 0xFE, 0x0C, 0x78,
    0x28, 0x04, 0xC6, 0x04, 0x18, 0x03, 0x3C, 0xE6,
    0x83, 0x32, 0x5C, 0xF7, 0xCD, 0x52, 0x4D, 0xB7,
    0x3A, 0x6E, 0xF7, 0x28, 0xAD, 0xC3, 0xA0, 0x42,
    0x3A, 0x5D, 0xF7, 0x3C, 0x18, 0x04, 0x3A, 0x5D,
    0xF7, 0x3D, 0xE6, 0x03, 0x32, 0x5D, 0xF7, 0x18,
    0xE3, 0xCD, 0x22, 0x4E, 0x3A, 0xB3, 0xF7, 0xB7,
    0xCA, 0x04, 0x43, 0xCD, 0x67, 0x45, 0x3A, 0x67,
    0xF7, 0xCB, 0x3F, 0xCB, 0x3F, 0xCB, 0x3F, 0xFE,
    0x10, 0x38, 0x07, 0xD6, 0x04, 0x32, 0x50, 0xF7,
    0x18, 0x05, 0xC6, 0x01, 0x32, 0x50, 0xF7, 0x3A,
    0x66, 0xF7, 0xCB, 0x3F, 0xCB, 0x3F, 0xCB, 0x3F,
    0xFE, 0x0C, 0x38, 0x07, 0xD6, 0x06, 0x32, 0x51,
    0xF7, 0x18, 0x05, 0xC6, 0x02, 0x32, 0x51, 0xF7,
    0x2A, 0x51, 0xF7, 0x26, 0x00, 0x29, 0x29, 0x29,
    0x29, 0x29, 0xED, 0x5B, 0x50, 0xF7, 0x16, 0x00,
    0x19, 0x11, 0x00, 0x18, 0x19, 0x22, 0x52, 0xF7,
    0xEB, 0x21, 0xCB, 0x50, 0x01, 0x0A, 0x07, 0xCD,
    0xA6, 0x4E, 0x3A, 0xB2, 0xF7, 0xB7, 0x20, 0x0E,
    0x2A, 0x52, 0xF7, 0x11, 0x41, 0x00, 0x19, 0x01,
    0x07, 0x00, 0xAF, 0xCD, 0x56, 0x00, 0xCD, 0x3D,
    0x45, 0xCD, 0x08, 0x45, 0xFE, 0x1B, 0xCA, 0xE4,
    0x44, 0xFE, 0x44, 0x28, 0x07, 0xFE, 0x54, 0xCA,
    0x8C, 0x44, 0x18, 0xEA, 0x3A, 0xB2, 0xF7, 0xB7,
    0x28, 0xE4, 0x11, 0x61, 0x00, 0xCD, 0x32, 0x45,
    0x11, 0x81, 0x00, 0xCD, 0x32, 0x45, 0x21, 0x31,
    0x51, 0xCD, 0x1B, 0x45, 0xCD, 0x3D, 0x45, 0xCD,
    0x08, 0x45, 0xFE, 0x1B, 0xCA, 0xE4, 0x44, 0xFE,
    0x41, 0x38, 0xF1, 0xFE, 0x45, 0x30, 0xED, 0xD6,
    0x40, 0x32, 0x65, 0xF7, 0x11, 0x48, 0x00, 0xC6,
    0xCF, 0xCD, 0x2B, 0x45, 0xCD, 0x54, 0x44, 0x21,
    0x11, 0x51, 0xCD, 0xEA, 0x44, 0xC2, 0xE4, 0x44,
    0x21, 0x19, 0x51, 0xCD, 0x1B, 0x45, 0xCD, 0xCB,
    0x51, 0x3E, 0x01, 0x32, 0x6B, 0xF7, 0xCD, 0xFD,
    0x45, 0xC3, 0x5A, 0x40, 0x21, 0x39, 0x51, 0xCD,
    0x1B, 0x45, 0xCD, 0x3D, 0x45, 0xCD, 0x08, 0x45,
    0xFE, 0x1B, 0xCA, 0x88, 0x44, 0xFE, 0x42, 0x28,
    0x0E, 0xFE, 0x52, 0x20, 0xED, 0x21, 0x3D, 0x51,
    0x01, 0x02, 0x00, 0x3E, 0x01, 0x18, 0x07, 0x21,
    0x39, 0x51, 0x01, 0x03, 0x00, 0xAF, 0x32, 0x69,
    0xF7, 0x11, 0x65, 0x00, 0xCD, 0x21, 0x45, 0xC9,
    0xE1, 0xC3, 0xE4, 0x44, 0x11, 0x61, 0x00, 0xCD,
    0x32, 0x45, 0x11, 0x81, 0x00, 0xCD, 0x32, 0x45,
    0x21, 0xEA, 0x50, 0x11, 0x41, 0x00, 0x01, 0x08,
    0x00, 0xCD, 0x21, 0x45, 0xCD, 0x54, 0x44, 0x21,
    0xFC, 0xF3, 0x11, 0x06, 0xF4, 0x01, 0x05, 0x00,
    0xED, 0xB0, 0x21, 0x29, 0x51, 0xCD, 0xEA, 0x44,
    0xDA, 0xE4, 0x44, 0x20, 0x0B, 0x21, 0x01, 0xF4,
    0x11, 0x06, 0xF4, 0x01, 0x05, 0x00, 0xED, 0xB0,
    0x21, 0x11, 0x51, 0xCD, 0xEA, 0x44, 0xC2, 0xE4,
    0x44, 0x21, 0x19, 0x51, 0xCD, 0x1B, 0x45, 0xCD,
    0xCB, 0x51, 0xAF, 0x32, 0x6B, 0xF7, 0xCD, 0xFD,
    0x45, 0xC3, 0x5A, 0x40, 0xCD, 0xB2, 0x45, 0xC3,
    0xA0, 0x42, 0xCD, 0x1B, 0x45, 0xCD, 0x3D, 0x45,
    0xCD, 0x08, 0x45, 0xFE, 0x1B, 0xCA, 0x04, 0x45,
    0xFE, 0x4E, 0x28, 0x05, 0xFE, 0x59, 0x20, 0xED,
    0xC9, 0xF6, 0x01, 0xC9, 0xF6, 0x01, 0x37, 0xC9,
    0xCD, 0x9C, 0x00, 0xC8, 0xCD, 0x9F, 0x00, 0x32,
    0x6E, 0xF7, 0xFE, 0x61, 0xD8, 0xFE, 0x7B, 0xD0,
    0xD6, 0x20, 0xC9, 0x11, 0xA1, 0x00, 0x01, 0x08,
    0x00, 0xE5, 0x2A, 0x52, 0xF7, 0x19, 0xEB, 0xE1,
    0xC3, 0x5C, 0x00, 0x2A, 0x52, 0xF7, 0x19, 0xC3,
    0x4D, 0x00, 0x2A, 0x52, 0xF7, 0x19, 0xAF, 0x01,
    0x08, 0x00, 0xC3, 0x56, 0x00, 0x2A, 0x62, 0xF7,
    0x23, 0x22, 0x62, 0xF7, 0x7C, 0x0F, 0x0F, 0xE6,
    0x0F, 0x47, 0x21, 0x03, 0x1B, 0xCD, 0x4D, 0x00,
    0x78, 0x21, 0x07, 0x1B, 0xCD, 0x4D, 0x00, 0x78,
    0x21, 0x0B, 0x1B, 0xC3, 0x4D, 0x00, 0x3A, 0x63,
    0xF7, 0x3C, 0x32, 0x63, 0xF7, 0x18, 0xE0, 0x21,
    0x00, 0x18, 0xED, 0x5B, 0x5A, 0xF7, 0x01, 0x00,
    0x01, 0xCD, 0x59, 0x00, 0x2A, 0x5A, 0xF7, 0x11,
    0x00, 0x3D, 0x01, 0x00, 0x01, 0xCD, 0x5C, 0x00,
    0x21, 0x00, 0x19, 0xED, 0x5B, 0x5A, 0xF7, 0x01,
    0x00, 0x01, 0xCD, 0x59, 0x00, 0x2A, 0x5A, 0xF7,
    0x11, 0x00, 0x3E, 0x01, 0x00, 0x01, 0xCD, 0x5C,
    0x00, 0x21, 0x00, 0x1A, 0xED, 0x5B, 0x5A, 0xF7,
    0x01, 0x00, 0x01, 0xCD, 0x59, 0x00, 0x2A, 0x5A,
    0xF7, 0x11, 0x00, 0x3F, 0x01, 0x00, 0x01, 0xC3,
    0x5C, 0x00, 0x21, 0x00, 0x3D, 0xED, 0x5B, 0x5A,
    0xF7, 0x01, 0x00, 0x01, 0xCD, 0x59, 0x00, 0x2A,
    0x5A, 0xF7, 0x11, 0x00, 0x18, 0x01, 0x00, 0x01,
    0xCD, 0x5C, 0x00, 0x21, 0x00, 0x3E, 0xED, 0x5B,
    0x5A, 0xF7, 0x01, 0x00, 0x01, 0xCD, 0x59, 0x00,
    0x2A, 0x5A, 0xF7, 0x11, 0x00, 0x19, 0x01, 0x00,
    0x01, 0xCD, 0x5C, 0x00, 0x21, 0x00, 0x3F, 0xED,
    0x5B, 0x5A, 0xF7, 0x01, 0x00, 0x01, 0xCD, 0x59,
    0x00, 0x2A, 0x5A, 0xF7, 0x11, 0x00, 0x1A, 0x01,
    0x00, 0x01, 0xC3, 0x5C, 0x00, 0xAF, 0x32, 0x6C,
    0xF7, 0x32, 0x68, 0xF7, 0xCD, 0x52, 0x4D, 0xFE,
    0x10, 0x28, 0x52, 0xFE, 0x0F, 0x28, 0x58, 0xFE,
    0x11, 0x28, 0x5E, 0xFE, 0x12, 0xCA, 0xB2, 0x46,
    0xFE, 0x13, 0xCA, 0xBC, 0x46, 0xFE, 0x19, 0xCA,
    0xC6, 0x46, 0xC3, 0xCA, 0x46, 0x32, 0x5D, 0xF7,
    0x3A, 0x68, 0xF7, 0x5F, 0xCB, 0x23, 0x3A, 0x58,
    0xF7, 0x67, 0x2E, 0x00, 0x3A, 0x5C, 0xF7, 0xCD,
    0x8D, 0x51, 0x1C, 0x3A, 0x59, 0xF7, 0x67, 0x2E,
    0x00, 0x3A, 0x5C, 0xF7, 0xCD, 0x8D, 0x51, 0xCD,
    0xFC, 0x46, 0xCA, 0xA6, 0x47, 0x3A, 0x69, 0xF7,
    0xB7, 0xCC, 0xA6, 0x47, 0x3A, 0x68, 0xF7, 0x3C,
    0x32, 0x68, 0xF7, 0x18, 0xCB, 0x3E, 0x02, 0x21,
    0x80, 0xA0, 0x22, 0x58, 0xF7, 0x18, 0xBE, 0x3E,
    0x01, 0x21, 0x50, 0x70, 0x22, 0x58, 0xF7, 0x18,
    0xB4, 0x3E, 0x01, 0x21, 0x60, 0x68, 0x22, 0x58,
    0xF7, 0x18, 0xAA, 0x32, 0x5D, 0xF7, 0x3A, 0x68,
    0xF7, 0x5F, 0x2A, 0x58, 0xF7, 0x3A, 0x5C, 0xF7,
    0xCD, 0x8D, 0x51, 0xCD, 0xFC, 0x46, 0xCA, 0xA6,
    0x47, 0x3A, 0x69, 0xF7, 0xB7, 0xCC, 0xA6, 0x47,
    0x3A, 0x68, 0xF7, 0x3C, 0x32, 0x68, 0xF7, 0xCD,
    0x52, 0x4D, 0xFE, 0x19, 0x20, 0xD8, 0x3A, 0x68,
    0xF7, 0xFE, 0x04, 0xCA, 0xA6, 0x47, 0x3E, 0x02,
    0x18, 0xC9, 0x3E, 0x01, 0x21, 0x00, 0x60, 0x22,
    0x58, 0xF7, 0x18, 0xBF, 0x3E, 0x02, 0x21, 0x00,
    0x70, 0x22, 0x58, 0xF7, 0x18, 0xB5, 0x3E, 0x01,
    0x18, 0xB1, 0x3E, 0xFF, 0x32, 0x68, 0xF7, 0xCD,
    0xFC, 0x46, 0xCA, 0xA6, 0x47, 0xCD, 0x52, 0x4D,
    0xFE, 0x01, 0xCA, 0xA6, 0x47, 0x47, 0x3A, 0x5D,
    0xF7, 0xFE, 0x03, 0xCA, 0xA6, 0x47, 0x3C, 0x32,
    0x5D, 0xF7, 0xC5, 0xCD, 0x52, 0x4D, 0xC1, 0xB8,
    0xC2, 0xA6, 0x47, 0x3A, 0x69, 0xF7, 0xB7, 0xCC,
    0xA6, 0x47, 0x18, 0xD3, 0xCD, 0x5E, 0x45, 0xCD,
    0x41, 0x48, 0xCD, 0x64, 0x48, 0xC8, 0xCD, 0x5E,
    0x45, 0x3A, 0x6B, 0xF7, 0xB7, 0xCA, 0xD0, 0x47,
    0x3A, 0x6C, 0xF7, 0xB7, 0x20, 0x7D, 0x3C, 0x32,
    0x6C, 0xF7, 0x21, 0x00, 0xC8, 0x11, 0x01, 0xC8,
    0x01, 0x24, 0x00, 0x36, 0x00, 0xED, 0xB0, 0x21,
    0xAE, 0x48, 0x11, 0x00, 0xC8, 0x01, 0x0C, 0x00,
    0xED, 0xB0, 0x3A, 0x65, 0xF7, 0x21, 0x00, 0xC8,
    0x77, 0x23, 0xCD, 0xC0, 0x48, 0x0E, 0x1A, 0xED,
    0x5B, 0x5A, 0xF7, 0xCD, 0x7D, 0xF3, 0x0E, 0x11,
    0x11, 0x00, 0xC8, 0xCD, 0x7D, 0xF3, 0xB7, 0x20,
    0x0C, 0x0E, 0x13, 0x11, 0x00, 0xC8, 0xCD, 0x7D,
    0xF3, 0xB7, 0xC2, 0xBA, 0x47, 0x0E, 0x16, 0x11,
    0x00, 0xC8, 0xCD, 0x7D, 0xF3, 0xB7, 0x20, 0x52,
    0x21, 0x00, 0xC8, 0x11, 0x0E, 0x00, 0x19, 0x36,
    0x01, 0x23, 0x36, 0x00, 0x3A, 0x69, 0xF7, 0xB7,
    0x20, 0x11, 0x2A, 0x5A, 0xF7, 0xCD, 0x22, 0x49,
    0x0E, 0x26, 0x11, 0x00, 0xC8, 0x21, 0x07, 0x00,
    0xCD, 0x7D, 0xF3, 0x0E, 0x1A, 0x11, 0x00, 0x80,
    0xCD, 0x7D, 0xF3, 0x0E, 0x26, 0x11, 0x00, 0xC8,
    0x21, 0x00, 0x40, 0xCD, 0x7D, 0xF3, 0x18, 0x17,
    0x3A, 0x69, 0xF7, 0xB7, 0x20, 0x11, 0xAF, 0x32,
    0x6C, 0xF7, 0x3A, 0x6B, 0xF7, 0xB7, 0xC8, 0x0E,
    0x10, 0x11, 0x00, 0xC8, 0xCD, 0x7D, 0xF3, 0xF6,
    0x01, 0xC9, 0x21, 0x21, 0x51, 0x11, 0xA1, 0x00,
    0x01, 0x08, 0x00, 0xCD, 0x21, 0x45, 0xCD, 0x08,
    0x45, 0xFE, 0x1B, 0x20, 0xF9, 0xC3, 0x5A, 0x40,
    0x21, 0xBA, 0x48, 0xED, 0x5B, 0x5A, 0xF7, 0x01,
    0x06, 0x00, 0xED, 0xB0, 0x2A, 0x5A, 0xF7, 0xCD,
    0xC0, 0x48, 0x3E, 0x01, 0xCD, 0xEA, 0x00, 0x3A,
    0x69, 0xF7, 0xB7, 0x20, 0x3A, 0x06, 0x0A, 0x3E,
    0xD0, 0xF5, 0xC5, 0xCD, 0xED, 0x00, 0xC1, 0xF1,
    0x10, 0xF7, 0x2A, 0x5A, 0xF7, 0x06, 0x06, 0x7E,
    0x23, 0xE5, 0xC5, 0xCD, 0xED, 0x00, 0xC1, 0xE1,
    0x10, 0xF5, 0xCD, 0xF0, 0x00, 0xAF, 0xCD, 0xEA,
    0x00, 0x2A, 0x5A, 0xF7, 0xE5, 0xCD, 0x22, 0x49,
    0xE1, 0x23, 0x06, 0x06, 0x7E, 0xE5, 0xC5, 0xCD,
    0xED, 0x00, 0xC1, 0xE1, 0x23, 0x10, 0xF5, 0x21,
    0x00, 0x80, 0x01, 0x00, 0x40, 0x7E, 0x23, 0xE5,
    0xC5, 0xCD, 0xED, 0x00, 0xC1, 0xE1, 0x0B, 0x78,
    0xB1, 0x20, 0xF2, 0xCD, 0xF0, 0x00, 0xF6, 0x01,
    0xC9, 0x01, 0x00, 0x40, 0x3A, 0x5D, 0xF7, 0x0F,
    0x0F, 0x67, 0x2E, 0x00, 0x11, 0x00, 0x80, 0xC5,
    0xD5, 0xE5, 0x3A, 0x5C, 0xF7, 0xCD, 0x4D, 0x51,
    0xE1, 0xD1, 0xC1, 0x12, 0x13, 0x23, 0x0B, 0x78,
    0xB1, 0x20, 0xEC, 0xC9, 0x2A, 0x54, 0xF7, 0x7E,
    0xFE, 0x13, 0x28, 0x35, 0x01, 0x00, 0x04, 0x11,
    0x00, 0xC4, 0x21, 0x00, 0x80, 0x3A, 0x68, 0xF7,
    0xFE, 0xFF, 0x28, 0x05, 0xB7, 0x20, 0x05, 0xED,
    0xB0, 0xF6, 0x01, 0xC9, 0x1A, 0xBE, 0x20, 0x08,
    0x13, 0x23, 0x0B, 0x78, 0xB1, 0x20, 0xF5, 0xC9,
    0x21, 0x00, 0x80, 0x01, 0x00, 0x40, 0x3E, 0xFF,
    0xBE, 0xC0, 0x23, 0x0B, 0x78, 0xB1, 0x20, 0xF6,
    0xC9, 0x3A, 0x68, 0xF7, 0xFE, 0x18, 0xC9, 0xFE,
    0x00, 0x80, 0xFF, 0xBF, 0x00, 0x80, 0x00, 0x53,
    0x4C, 0x30, 0x30, 0x50, 0x30, 0x20, 0x20, 0x52,
    0x4F, 0x4D, 0x53, 0x30, 0x30, 0x50, 0x30, 0x20,
    0x3A, 0x6B, 0xF7, 0xB7, 0x20, 0x01, 0x2B, 0x3A,
    0x5C, 0xF7, 0x47, 0xE6, 0x03, 0xC6, 0x30, 0x23,
    0x23, 0x77, 0x78, 0x0F, 0x0F, 0xE6, 0x03, 0xC6,
    0x30, 0x23, 0x77, 0x3A, 0x5D, 0xF7, 0xE6, 0x03,
    0xC6, 0x30, 0x23, 0x23, 0x77, 0x3A, 0x68, 0xF7,
    0xFE, 0xFF, 0xC8, 0x47, 0x3A, 0x6B, 0xF7, 0xB7,
    0x78, 0x28, 0x0B, 0x23, 0x3A, 0x69, 0xF7, 0xB7,
    0x20, 0x1F, 0x23, 0x23, 0x23, 0x78, 0x23, 0x06,
    0x00, 0xD6, 0x0A, 0x38, 0x03, 0x04, 0x18, 0xF9,
    0xC6, 0x3A, 0x77, 0x2B, 0x78, 0xC6, 0x30, 0x77,
    0x3A, 0x6B, 0xF7, 0xB7, 0x28, 0x08, 0x2B, 0x2B,
    0x2B, 0x36, 0x47, 0x2B, 0x36, 0x45, 0x2B, 0x36,
    0x4D, 0xC9, 0xE5, 0xEB, 0x21, 0xA7, 0x48, 0x01,
    0x07, 0x00, 0xED, 0xB0, 0x3A, 0x68, 0xF7, 0xFE,
    0xFF, 0x3E, 0x01, 0x20, 0x03, 0x3A, 0x5D, 0xF7,
    0x0F, 0x0F, 0x57, 0x1E, 0x00, 0xE1, 0x23, 0x73,
    0x23, 0x72, 0x23, 0xD5, 0xEB, 0x01, 0xFF, 0x3F,
    0x09, 0xEB, 0x73, 0x23, 0x72, 0x23, 0xD1, 0x73,
    0x23, 0x72, 0xC9, 0xAF, 0x32, 0x5C, 0xF7, 0x3D,
    0x32, 0x6A, 0xF7, 0x3A, 0x5C, 0xF7, 0xE6, 0x03,
    0x6F, 0x26, 0x00, 0x11, 0xC1, 0xFC, 0x19, 0x7E,
    0xE6, 0x80, 0x20, 0x0F, 0x21, 0x74, 0x49, 0xE5,
    0x2A, 0x60, 0xF7, 0xE9, 0x20, 0x2F, 0xCD, 0x72,
    0x4D, 0x18, 0x2A, 0x3A, 0x5C, 0xF7, 0xF6, 0x80,
    0x32, 0x5C, 0xF7, 0x21, 0x8B, 0x49, 0xE5, 0x2A,
    0x60, 0xF7, 0xE9, 0x20, 0x03, 0xCD, 0x72, 0x4D,
    0x3A, 0x5C, 0xF7, 0x47, 0xE6, 0x0C, 0xFE, 0x0C,
    0x28, 0x08, 0x78, 0xC6, 0x04, 0x32, 0x5C, 0xF7,
    0x18, 0xE1, 0x78, 0x18, 0x03, 0x3A, 0x5C, 0xF7,
    0xE6, 0x03, 0xFE, 0x03, 0x28, 0x07, 0x3C, 0x32,
    0x5C, 0xF7, 0xC3, 0x5B, 0x49, 0xC9, 0x5E, 0x23,
    0x56, 0xEB, 0x13, 0xCD, 0x85, 0x4C, 0x23, 0x47,
    0x1A, 0xB7, 0xC8, 0xB8, 0xC0, 0x18, 0xF3, 0xE2,
    0x49, 0x0A, 0xEE, 0x49, 0x0D, 0xFA, 0x49, 0x0C,
    0x18, 0x4A, 0x0B, 0x90, 0x4B, 0x08, 0x9F, 0x4B,
    0x09, 0x7C, 0x4A, 0x18, 0x45, 0x4A, 0x0E, 0x3B,
    0x4C, 0x01, 0x21, 0xE7, 0x49, 0x18, 0xCF, 0x1C,
    0x40, 0x4F, 0x50, 0x4C, 0x4C, 0x00, 0x21, 0xF3,
    0x49, 0x18, 0xC3, 0x1C, 0x40, 0x4D, 0x49, 0x44,
    0x49, 0x00, 0x21, 0x0F, 0x4A, 0xCD, 0xB6, 0x49,
    0xC0, 0xAF, 0x32, 0x5D, 0xF7, 0xCD, 0x72, 0x4D,
    0x3E, 0x01, 0x32, 0x5D, 0xF7, 0xAF, 0xC9, 0x80,
    0x00, 0x4D, 0x43, 0x48, 0x46, 0x4D, 0x30, 0x00,
    0x21, 0x3D, 0x4A, 0xCD, 0xB6, 0x49, 0xC0, 0xAF,
    0x32, 0x5D, 0xF7, 0xCD, 0x72, 0x4D, 0x3E, 0x01,
    0x32, 0x5D, 0xF7, 0xCD, 0x72, 0x4D, 0x3E, 0x02,
    0x32, 0x5D, 0xF7, 0xCD, 0x72, 0x4D, 0x3E, 0x03,
    0x32, 0x5D, 0xF7, 0xAF, 0xC9, 0x80, 0x00, 0x41,
    0x55, 0x44, 0x49, 0x4F, 0x00, 0xCD, 0x52, 0x4D,
    0xB7, 0xC0, 0x21, 0xFE, 0xBF, 0xCD, 0x92, 0x4C,
    0xAF, 0x21, 0x00, 0x90, 0xCD, 0x92, 0x4C, 0x21,
    0x00, 0x98, 0xCD, 0xA0, 0x4C, 0x28, 0x1A, 0x3E,
    0x3F, 0x21, 0x00, 0x90, 0xCD, 0x92, 0x4C, 0x21,
    0x00, 0x98, 0xCD, 0xA0, 0x4C, 0x20, 0x0A, 0xCD,
    0x72, 0x4D, 0x3E, 0x02, 0x32, 0x5D, 0xF7, 0xAF,
    0xC9, 0xF6, 0x01, 0xC9, 0xCD, 0x52, 0x4D, 0xFE,
    0x18, 0xC0, 0x21, 0xFF, 0x7F, 0x11, 0x00, 0x60,
    0xCD, 0x67, 0x4B, 0x28, 0x1B, 0x21, 0xFF, 0x9F,
    0x11, 0x00, 0x80, 0xCD, 0x67, 0x4B, 0x28, 0x10,
    0x21, 0xFF, 0xBF, 0x11, 0x00, 0xA0, 0xCD, 0x67,
    0x4B, 0x28, 0x05, 0x3E, 0x10, 0xC3, 0x55, 0x4B,
    0x21, 0xFF, 0x57, 0x11, 0x00, 0x40, 0xCD, 0x67,
    0x4B, 0x28, 0x25, 0x21, 0xFF, 0x77, 0x11, 0x00,
    0x60, 0xCD, 0x67, 0x4B, 0x28, 0x1A, 0x21, 0xFF,
    0x97, 0x11, 0x00, 0x80, 0xCD, 0x67, 0x4B, 0x28,
    0x0F, 0x21, 0xFF, 0xB7, 0x11, 0x00, 0xA0, 0xCD,
    0x67, 0x4B, 0x28, 0x04, 0x3E, 0x0F, 0x18, 0x7D,
    0x21, 0xFF, 0x67, 0x11, 0x00, 0x40, 0xCD, 0x67,
    0x4B, 0x28, 0x25, 0x21, 0xFF, 0x6F, 0x11, 0x00,
    0x60, 0xCD, 0x67, 0x4B, 0x28, 0x1A, 0x21, 0xFF,
    0x77, 0x11, 0x00, 0x80, 0xCD, 0x67, 0x4B, 0x28,
    0x0F, 0x21, 0xFF, 0x7F, 0x11, 0x00, 0xA0, 0xCD,
    0x67, 0x4B, 0x28, 0x04, 0x3E, 0x11, 0x18, 0x4D,
    0x21, 0xFF, 0x67, 0x11, 0x00, 0x40, 0xCD, 0x67,
    0x4B, 0x28, 0x0F, 0x21, 0xFF, 0x77, 0x11, 0x00,
    0x80, 0xCD, 0x67, 0x4B, 0x28, 0x04, 0x3E, 0x12,
    0x18, 0x33, 0x21, 0xFF, 0x77, 0x11, 0x00, 0x80,
    0xCD, 0x67, 0x4B, 0x28, 0x04, 0x3E, 0x13, 0x18,
    0x24, 0x3E, 0x03, 0x32, 0x6D, 0xF7, 0x21, 0x00,
    0x00, 0x11, 0x00, 0x80, 0xCD, 0x69, 0x4B, 0x28,
    0x04, 0x3E, 0x19, 0x18, 0x10, 0x21, 0xFF, 0x7F,
    0x11, 0x00, 0x80, 0xCD, 0x67, 0x4B, 0x20, 0x03,
    0xF6, 0x01, 0xC9, 0x3E, 0x14, 0x32, 0x5E, 0xF7,
    0x3E, 0x02, 0x32, 0x5D, 0xF7, 0xCD, 0x72, 0x4D,
    0x3E, 0x01, 0x32, 0x5D, 0xF7, 0xAF, 0xC9, 0x3E,
    0x01, 0x32, 0x6D, 0xF7, 0x06, 0x08, 0xAF, 0xCD,
    0x92, 0x4C, 0xEB, 0xCD, 0x85, 0x4C, 0x4F, 0x3A,
    0x6D, 0xF7, 0xEB, 0xCD, 0x92, 0x4C, 0xEB, 0xCD,
    0x85, 0x4C, 0xF5, 0xEB, 0xAF, 0xCD, 0x92, 0x4C,
    0xF1, 0xB9, 0xC0, 0x14, 0x10, 0xE0, 0xAF, 0xC9,
    0x21, 0x96, 0x4B, 0xC3, 0xB6, 0x49, 0x20, 0x40,
    0x54, 0x41, 0x4E, 0x4B, 0x41, 0x4E, 0x00, 0x21,
    0xA5, 0x4B, 0xC3, 0xB6, 0x49, 0x10, 0x40, 0x4D,
    0x53, 0x58, 0x56, 0x69, 0x65, 0x77, 0x4B, 0x52,
    0x4F, 0x4D, 0x00, 0xCD, 0x52, 0x4D, 0xFE, 0x18,
    0xC0, 0x3E, 0x06, 0x32, 0x5E, 0xF7, 0x11, 0x00,
    0x02, 0x21, 0x00, 0x40, 0x19, 0xD5, 0x06, 0x07,
    0x11, 0x04, 0x4C, 0xCD, 0x85, 0x4C, 0x4F, 0x1A,
    0xB9, 0x20, 0x07, 0x23, 0x1B, 0x10, 0xF4, 0xD1,
    0x18, 0x0A, 0xD1, 0x1B, 0x7A, 0xB3, 0xC2, 0xC1,
    0x4B, 0xF6, 0x01, 0xC9, 0x23, 0x11, 0x05, 0x4C,
    0xCD, 0x85, 0x4C, 0x47, 0x1A, 0xB7, 0x28, 0x07,
    0x13, 0x23, 0xB8, 0x20, 0x07, 0x18, 0xF1, 0x3E,
    0x07, 0x32, 0x5E, 0xF7, 0xAF, 0xC9, 0x53, 0x4F,
    0x44, 0x2D, 0x58, 0x53, 0x4D, 0x6B, 0x65, 0x72,
    0x6E, 0x65, 0x6C, 0x00, 0x21, 0x12, 0x4C, 0xC3,
    0xB6, 0x49, 0x14, 0x4C, 0x54, 0x4E, 0x53, 0x4C,
    0x43, 0x4B, 0x28, 0x43, 0x29, 0x54, 0x49, 0x4E,
    0x59, 0x2D, 0x59, 0x41, 0x52, 0x4F, 0x55, 0x20,
    0x32, 0x30, 0x31, 0x37, 0x00, 0x21, 0x33, 0x4C,
    0xC3, 0xB6, 0x49, 0x10, 0x40, 0x4D, 0x46, 0x52,
    0x53, 0x44, 0x00, 0xCD, 0x52, 0x4D, 0xB7, 0x28,
    0x03, 0xFE, 0x18, 0xC0, 0x16, 0xFF, 0x06, 0xFF,
    0x0E, 0x00, 0x3A, 0x5D, 0xF7, 0x0F, 0x0F, 0x67,
    0x2E, 0x00, 0xCD, 0x85, 0x4C, 0xBA, 0x20, 0x01,
    0x0C, 0xD5, 0x11, 0x40, 0x00, 0x19, 0xD1, 0x10,
    0xF1, 0x79, 0xFE, 0xC8, 0x30, 0x0F, 0x14, 0x7A,
    0xFE, 0x01, 0x20, 0xDA, 0xCD, 0x66, 0x4E, 0x28,
    0x04, 0x3E, 0x18, 0x18, 0x02, 0x3E, 0x01, 0x32,
    0x5E, 0xF7, 0xAF, 0xC9, 0x3A, 0x5D, 0xF7, 0x0F,
    0x0F, 0x67, 0x2E, 0x00, 0xC9, 0xE5, 0xD5, 0xC5,
    0x3A, 0x5C, 0xF7, 0xCD, 0x4D, 0x51, 0xC1, 0xD1,
    0xE1, 0xC9, 0xE5, 0xD5, 0xC5, 0x5F, 0x3A, 0x5C,
    0xF7, 0xCD, 0x8D, 0x51, 0xC1, 0xD1, 0xE1, 0xC9,
    0xCD, 0x85, 0x4C, 0x2F, 0x47, 0xCD, 0x92, 0x4C,
    0xCD, 0x85, 0x4C, 0xB8, 0xC0, 0x2F, 0xCD, 0x92,
    0x4C, 0xAF, 0xC9, 0x21, 0x00, 0x18, 0x01, 0x00,
    0x03, 0xAF, 0xC3, 0x56, 0x00, 0x21, 0xBF, 0x4E,
    0x11, 0x49, 0x18, 0x01, 0x14, 0x00, 0xCD, 0x5C,
    0x00, 0xAF, 0x32, 0x5C, 0xF7, 0x3E, 0xFF, 0x32,
    0x5D, 0xF7, 0xCD, 0xE3, 0x4D, 0xED, 0x5B, 0x56,
    0xF7, 0x1B, 0x3A, 0x5C, 0xF7, 0x6F, 0x26, 0x00,
    0x29, 0x29, 0x29, 0x29, 0x29, 0x01, 0xD3, 0x4E,
    0x09, 0x22, 0x50, 0xF7, 0xED, 0x53, 0x52, 0xF7,
    0x01, 0x04, 0x00, 0xCD, 0x5C, 0x00, 0x2A, 0x52,
    0xF7, 0x11, 0x06, 0x00, 0x19, 0xEB, 0xCD, 0xA0,
    0x4E, 0x3A, 0x5C, 0xF7, 0x6F, 0x26, 0x00, 0x11,
    0xC1, 0xFC, 0x19, 0x7E, 0xE6, 0x80, 0x28, 0x36,
    0x06, 0x04, 0xC5, 0x01, 0x06, 0x00, 0x2A, 0x50,
    0xF7, 0xED, 0x5B, 0x52, 0xF7, 0xD5, 0xC5, 0xCD,
    0x5C, 0x00, 0xC1, 0xE1, 0x09, 0xEB, 0x21, 0x53,
    0x4F, 0x01, 0x15, 0x00, 0xCD, 0x5C, 0x00, 0x2A,
    0x52, 0xF7, 0x01, 0x20, 0x00, 0x09, 0x22, 0x52,
    0xF7, 0x2A, 0x50, 0xF7, 0x01, 0x08, 0x00, 0x09,
    0x22, 0x50, 0xF7, 0xC1, 0x10, 0xCC, 0x3A, 0x5C,
    0xF7, 0x3C, 0x32, 0x5C, 0xF7, 0xFE, 0x04, 0x38,
    0x81, 0xC9, 0x3A, 0x5C, 0xF7, 0x47, 0xE6, 0x03,
    0x07, 0x07, 0x07, 0x07, 0x4F, 0x78, 0xE6, 0x0C,
    0xB1, 0x47, 0x3A, 0x5D, 0xF7, 0xB0, 0x6F, 0x26,
    0x00, 0x11, 0x70, 0xF7, 0x19, 0x22, 0x54, 0xF7,
    0x7E, 0xC9, 0x3A, 0x5C, 0xF7, 0x32, 0x6A, 0xF7,
    0x3A, 0x64, 0xF7, 0xB7, 0xC0, 0xCD, 0x52, 0x4D,
    0x3A, 0x5E, 0xF7, 0x77, 0x3A, 0x5C, 0xF7, 0xE6,
    0x80, 0x78, 0x28, 0x14, 0xCD, 0xE3, 0x4D, 0xED,
    0x5B, 0x56, 0xF7, 0xCD, 0xCD, 0x4D, 0x2A, 0x56,
    0xF7, 0x01, 0x05, 0x00, 0xCD, 0x5C, 0x00, 0xC9,
    0xCD, 0xE3, 0x4D, 0xED, 0x5B, 0x56, 0xF7, 0xCD,
    0xCD, 0x4D, 0x2A, 0x56, 0xF7, 0xE5, 0x01, 0x05,
    0x00, 0x09, 0x22, 0x56, 0xF7, 0xE1, 0x06, 0x04,
    0xC5, 0xD5, 0x01, 0x05, 0x00, 0xCD, 0x5C, 0x00,
    0xD1, 0x21, 0x20, 0x00, 0x19, 0xEB, 0xC1, 0x2A,
    0x56, 0xF7, 0x10, 0xEC, 0xC9, 0xE5, 0xD5, 0x2A,
    0x5E, 0xF7, 0x29, 0x5D, 0x54, 0x19, 0x19, 0x19,
    0x19, 0x11, 0xC7, 0x4F, 0x19, 0x22, 0x56, 0xF7,
    0xD1, 0xE1, 0xC9, 0xE5, 0xD5, 0x3A, 0x5C, 0xF7,
    0xE6, 0x03, 0x6F, 0x26, 0x00, 0x29, 0x29, 0x29,
    0x29, 0x29, 0xE5, 0x29, 0x29, 0xD1, 0x19, 0x3A,
    0x5C, 0xF7, 0x0F, 0x0F, 0xE6, 0x03, 0x28, 0x07,
    0x11, 0x20, 0x00, 0x19, 0x3D, 0x20, 0xFC, 0x3A,
    0x5D, 0xF7, 0x5F, 0x16, 0x00, 0xFE, 0xFF, 0x20,
    0x02, 0x16, 0xFF, 0x19, 0x19, 0x19, 0x19, 0x19,
    0x11, 0x69, 0x18, 0x19, 0x22, 0x56, 0xF7, 0xD1,
    0xE1, 0xC9, 0x21, 0x72, 0xF7, 0x3E, 0x03, 0x06,
    0x10, 0xBE, 0x28, 0x0E, 0x23, 0x23, 0x23, 0x23,
    0x10, 0xF7, 0xAF, 0x32, 0xB3, 0xF7, 0x32, 0xB2,
    0xF7, 0xC9, 0x11, 0x72, 0xF7, 0xED, 0x52, 0x7D,
    0x0F, 0x0F, 0x0F, 0x0F, 0xE6, 0x03, 0x47, 0x11,
    0xC1, 0xFC, 0x83, 0x5F, 0x1A, 0xE6, 0x80, 0xB0,
    0x47, 0x7D, 0xE6, 0x0C, 0xB0, 0x26, 0x80, 0xCD,
    0x24, 0x00, 0x3E, 0x01, 0x32, 0xB3, 0xF7, 0x3A,
    0x21, 0xFB, 0x32, 0xB2, 0xF7, 0xC9, 0x3A, 0x5D,
    0xF7, 0xFE, 0x01, 0x28, 0x15, 0x21, 0x00, 0x40,
    0xCD, 0x85, 0x4E, 0xC8, 0x3A, 0x5D, 0xF7, 0xFE,
    0x02, 0x28, 0x07, 0x21, 0x00, 0x80, 0xCD, 0x85,
    0x4E, 0xC9, 0xF6, 0x01, 0xC9, 0x0F, 0x0F, 0x57,
    0x1E, 0x00, 0x43, 0xC5, 0xCD, 0x85, 0x4C, 0x4F,
    0xEB, 0xCD, 0x85, 0x4C, 0xB9, 0x01, 0x40, 0x00,
    0x09, 0xEB, 0x09, 0xC1, 0xC0, 0x10, 0xEC, 0xC9,
    0x21, 0x53, 0x4F, 0x01, 0x15, 0x05, 0xD5, 0xC5,
    0xE5, 0x06, 0x00, 0xCD, 0x5C, 0x00, 0xE1, 0xC1,
    0x59, 0x16, 0x00, 0x19, 0xD1, 0xE5, 0x21, 0x20,
    0x00, 0x19, 0xEB, 0xE1, 0x10, 0xE8, 0xC9, 0x01,
    0x02, 0x03, 0x04, 0x05, 0x01, 0x02, 0x03, 0x06,
    0x07, 0x01, 0x02, 0x03, 0x08, 0x09, 0x01, 0x02,
    0x03, 0x0A, 0x0B, 0x0C, 0x0D, 0x0E, 0x0F, 0x10,
    0x05, 0x00, 0x00, 0x0C, 0x0D, 0x0E, 0x0F, 0x14,
    0x07, 0x00, 0x00, 0x0C, 0x0D, 0x0E, 0x0F, 0x15,
    0x09, 0x00, 0x00, 0x0C, 0x0D, 0x0E, 0x0F, 0x16,
    0x0B, 0x00, 0x00, 0x0C, 0x0D, 0x0E, 0x18, 0x10,
    0x05, 0x00, 0x00, 0x0C, 0x0D, 0x0E, 0x18, 0x14,
    0x07, 0x00, 0x00, 0x0C, 0x0D, 0x0E, 0x18, 0x15,
    0x09, 0x00, 0x00, 0x0C, 0x0D, 0x0E, 0x18, 0x16,
    0x0B, 0x00, 0x00, 0x0C, 0x0D, 0x0E, 0x19, 0x10,
    0x05, 0x00, 0x00, 0x0C, 0x0D, 0x0E, 0x19, 0x14,
    0x07, 0x00, 0x00, 0x0C, 0x0D, 0x0E, 0x19, 0x15,
    0x09, 0x00, 0x00, 0x0C, 0x0D, 0x0E, 0x19, 0x16,
    0x0B, 0x00, 0x00, 0x0C, 0x0D, 0x0E, 0x1A, 0x10,
    0x05, 0x00, 0x00, 0x0C, 0x0D, 0x0E, 0x1A, 0x14,
    0x07, 0x00, 0x00, 0x0C, 0x0D, 0x0E, 0x1A, 0x15,
    0x09, 0x00, 0x00, 0x0C, 0x0D, 0x0E, 0x1A, 0x16,
    0x0B, 0x00, 0x00, 0x11, 0x12, 0x12, 0x12, 0x12,
    0x11, 0x12, 0x12, 0x12, 0x12, 0x11, 0x12, 0x12,
    0x12, 0x12, 0x11, 0x12, 0x12, 0x12, 0x12, 0x13,
    0x13, 0x00, 0x00, 0x00, 0x00, 0x13, 0x00, 0x00,
    0x00, 0x00, 0x13, 0x00, 0x00, 0x00, 0x00, 0x13,
    0x00, 0x00, 0x00, 0x00, 0x13, 0x13, 0x00, 0x00,
    0x00, 0x00, 0x13, 0x00, 0x00, 0x00, 0x00, 0x13,
    0x00, 0x00, 0x00, 0x00, 0x13, 0x00, 0x00, 0x00,
    0x00, 0x13, 0x13, 0x00, 0x00, 0x00, 0x00, 0x13,
    0x00, 0x00, 0x00, 0x00, 0x13, 0x00, 0x00, 0x00,
    0x00, 0x13, 0x00, 0x00, 0x00, 0x00, 0x13, 0x12,
    0x12, 0x12, 0x12, 0x12, 0x12, 0x12, 0x12, 0x12,
    0x12, 0x12, 0x12, 0x12, 0x12, 0x12, 0x12, 0x12,
    0x12, 0x12, 0x12, 0x17, 0x1B, 0x1C, 0x1D, 0x1E,
    0x1F, 0x20, 0x21, 0x22, 0x23, 0x24, 0x25, 0x11,
    0x12, 0x12, 0x12, 0x12, 0x17, 0x00, 0x00, 0x00,
    0x00, 0x2C, 0x2D, 0x2E, 0x2F, 0x30, 0x31, 0x32,
    0x32, 0x32, 0x32, 0x26, 0x27, 0x28, 0x29, 0x2A,
    0x2B, 0x2B, 0x2B, 0x2B, 0x2B, 0x33, 0x34, 0x35,
    0x36, 0x37, 0x38, 0x39, 0x39, 0x39, 0x39, 0x3A,
    0x3B, 0x3C, 0x3D, 0x3E, 0x3F, 0x40, 0x40, 0x40,
    0x40, 0x41, 0x42, 0x43, 0x44, 0x45, 0x46, 0x47,
    0x47, 0x47, 0x47, 0x48, 0x49, 0x4A, 0x4B, 0x4C,
    0x4D, 0x4E, 0x4E, 0x4E, 0x4E, 0x48, 0x4F, 0x50,
    0x51, 0x4C, 0x4D, 0x4E, 0x4E, 0x4E, 0x4E, 0x52,
    0x53, 0x54, 0x55, 0x56, 0x57, 0x58, 0x58, 0x58,
    0x58, 0x59, 0x5A, 0x5B, 0x5C, 0x5D, 0x57, 0x58,
    0x58, 0x58, 0x58, 0x5E, 0x5F, 0x60, 0x61, 0x62,
    0x63, 0x64, 0x64, 0x64, 0x64, 0x65, 0x66, 0x67,
    0x68, 0x69, 0x6A, 0x6B, 0x6B, 0x6B, 0x6B, 0x6C,
    0x6D, 0x6E, 0x6F, 0x70, 0x71, 0x72, 0x72, 0x72,
    0x72, 0x6C, 0x73, 0x74, 0x75, 0x70, 0x71, 0x72,
    0x72, 0x72, 0x72, 0x76, 0x77, 0x78, 0x79, 0x7A,
    0x7B, 0x7C, 0x7C, 0x7C, 0x7C, 0x7D, 0x7E, 0x7F,
    0x80, 0x81, 0x7B, 0x7C, 0x7C, 0x7C, 0x7C, 0x82,
    0x83, 0x84, 0x85, 0x86, 0x87, 0x88, 0x88, 0x88,
    0x88, 0x82, 0x83, 0x89, 0x8A, 0x8B, 0x87, 0x88,
    0x88, 0x88, 0x88, 0x82, 0x83, 0x89, 0x8A, 0x8C,
    0x87, 0x88, 0x88, 0x88, 0x88, 0x82, 0x83, 0x8D,
    0x8E, 0x8F, 0x87, 0x88, 0x88, 0x88, 0x88, 0x82,
    0x83, 0x90, 0x91, 0x91, 0x87, 0x88, 0x88, 0x88,
    0x88, 0x92, 0x93, 0x94, 0x95, 0x96, 0x87, 0x88,
    0x88, 0x88, 0x88, 0x97, 0x98, 0x99, 0x9A, 0x91,
    0x87, 0x88, 0x88, 0x88, 0x88, 0x97, 0x98, 0x9B,
    0x9C, 0x91, 0x87, 0x88, 0x88, 0x88, 0x88, 0x97,
    0x91, 0x90, 0x91, 0x91, 0x87, 0x88, 0x88, 0x88,
    0x88, 0x9D, 0x9E, 0x9F, 0xA0, 0xA1, 0x87, 0x88,
    0x88, 0x88, 0x88, 0xC1, 0xC2, 0xC3, 0xC4, 0xC5,
    0xC6, 0xC7, 0xC8, 0xC9, 0xCA, 0xCB, 0xC0, 0xC0,
    0xC0, 0xC0, 0xC0, 0xC0, 0xC0, 0xC0, 0xCC, 0xCB,
    0xC0, 0xD3, 0xDA, 0xDB, 0xDC, 0xDD, 0xDE, 0xC0,
    0xCC, 0xCB, 0xC0, 0xD6, 0xDA, 0xDB, 0xDF, 0xE0,
    0xE1, 0xC0, 0xCC, 0xCB, 0xD8, 0xD9, 0xDA, 0xDB,
    0xE2, 0xE3, 0xE4, 0xC0, 0xCC, 0xCB, 0xC0, 0xC0,
    0xC0, 0xC0, 0xC0, 0xC0, 0xC0, 0xC0, 0xCC, 0xCD,
    0xCE, 0xCE, 0xCE, 0xCE, 0xCE, 0xCE, 0xCE, 0xCE,
    0xCF, 0x00, 0xE5, 0xE6, 0xE7, 0xE8, 0xE9, 0xD7,
    0xD4, 0x00, 0xE5, 0xE6, 0xEA, 0xEB, 0xEC, 0x00,
    0x00, 0x00, 0xED, 0xEE, 0xEF, 0xF0, 0x00, 0xD8,
    0xD9, 0xF1, 0xF2, 0xF3, 0xF4, 0xF5, 0xE9, 0xD7,
    0xD4, 0xF6, 0xF7, 0xF8, 0xF9, 0xD0, 0xD1, 0xD2,
    0xD3, 0xFA, 0xFB, 0xFC, 0xFD, 0xFE, 0xFF, 0xD1,
    0xD5, 0xD1, 0x00, 0x00, 0x0F, 0xD1, 0x00, 0x04,
    0x0F, 0xD1, 0x00, 0x08, 0x0F, 0xF3, 0x57, 0x7C,
    0xFE, 0xC0, 0x38, 0x35, 0x7A, 0x0F, 0x0F, 0xE6,
    0xC0, 0x47, 0xDB, 0xA8, 0x4F, 0xE6, 0x3F, 0xB0,
    0xD3, 0xA8, 0xCB, 0x7A, 0x20, 0x06, 0x5E, 0x79,
    0xD3, 0xA8, 0x7B, 0xC9, 0x7A, 0x07, 0x07, 0x07,
    0x07, 0xE6, 0xC0, 0x57, 0x3A, 0xFF, 0xFF, 0x2F,
    0x47, 0xE6, 0x3F, 0xB2, 0x32, 0xFF, 0xFF, 0x5E,
    0x78, 0x32, 0xFF, 0xFF, 0x79, 0xD3, 0xA8, 0x7B,
    0xC9, 0x7A, 0xC3, 0x0C, 0x00, 0xF3, 0x57, 0x7C,
    0xFE, 0xC0, 0x38, 0x33, 0x7A, 0x0F, 0x0F, 0xE6,
    0xC0, 0x47, 0xDB, 0xA8, 0x4F, 0xE6, 0x3F, 0xB0,
    0xD3, 0xA8, 0xCB, 0x7A, 0x20, 0x05, 0x73, 0x79,
    0xD3, 0xA8, 0xC9, 0x7A, 0x07, 0x07, 0x07, 0x07,
    0xE6, 0xC0, 0x57, 0x3A, 0xFF, 0xFF, 0x2F, 0x47,
    0xE6, 0x3F, 0xB2, 0x32, 0xFF, 0xFF, 0x73, 0x78,
    0x32, 0xFF, 0xFF, 0x79, 0xD3, 0xA8, 0xC9, 0x7A,
    0xC3, 0x14, 0x00, 0x3A, 0x5C, 0xF7, 0xF6, 0x04,
    0xCD, 0x55, 0x4D, 0xB7, 0xC8, 0x3A, 0x5C, 0xF7,
    0xF6, 0x80, 0x32, 0x5C, 0xF7, 0xC9, 0xAF, 0x32,
    0xB0, 0xF7, 0x32, 0xB1, 0xF7, 0x21, 0xDC, 0xFE,
    0x11, 0xBA, 0x47, 0x73, 0x23, 0x72, 0x21, 0x00,
    0x00, 0x22, 0xEA, 0xF3, 0xCD, 0x6F, 0x00, 0xCD,
    0x7E, 0x00, 0xCD, 0xCC, 0x00, 0xCD, 0xB3, 0x4C,
    0x11, 0x00, 0x00, 0xCD, 0x39, 0x52, 0x11, 0x00,
    0x08, 0xCD, 0x39, 0x52, 0x11, 0x00, 0x10, 0xCD,
    0x39, 0x52, 0x21, 0x67, 0x52, 0x11, 0x00, 0x38,
    0x4E, 0x23, 0x7E, 0xB9, 0x28, 0x09, 0xEB, 0xCD,
    0x4D, 0x00, 0xEB, 0x23, 0x13, 0x18, 0xF3, 0x23,
    0x7E, 0xB7, 0xC8, 0x47, 0x23, 0x7E, 0xEB, 0xCD,
    0x4D, 0x00, 0xEB, 0x13, 0x10, 0xF8, 0x23, 0x18,
    0xE1, 0xD5, 0xEB, 0xCB, 0xEC, 0x01, 0x00, 0x08,
    0x3E, 0xF0, 0xCD, 0x56, 0x00, 0xD1, 0xD5, 0x21,
    0xA7, 0x52, 0xCD, 0x18, 0x52, 0xD1, 0xD5, 0x21,
    0x00, 0x06, 0x19, 0xEB, 0x21, 0xFD, 0x56, 0xCD,
    0x18, 0x52, 0xD1, 0xCB, 0xEA, 0x21, 0x60, 0x01,
    0x19, 0xEB, 0x21, 0xD5, 0x56, 0x18, 0xB1, 0x01,
    0xFF, 0xFF, 0x01, 0x07, 0xC0, 0xFF, 0xFF, 0x01,
    0x05, 0x00, 0xFF, 0xFF, 0x01, 0x07, 0x00, 0xFF,
    0xFF, 0x01, 0x05, 0x00, 0xFF, 0xFF, 0x01, 0x07,
    0x00, 0xFF, 0xFF, 0x01, 0x05, 0x00, 0xFF, 0xFF,
    0x01, 0x07, 0x00, 0xFF, 0xFF, 0x01, 0x05, 0x00,
    0xFF, 0xFF, 0x01, 0x07, 0x00, 0xFF, 0xFF, 0x01,
    0x05, 0x00, 0xE0, 0xE0, 0x01, 0x07, 0x60, 0xE0,
    0xE0, 0x01, 0x05, 0x00, 0x01, 0x00, 0x00, 0x10,
    0x10, 0x0A, 0x00, 0x10, 0x05, 0x01, 0x10, 0x03,
    0x00, 0xC6, 0x29, 0xCF, 0x09, 0x09, 0x10, 0x03,
    0x00, 0x3B, 0x42, 0x5B, 0x4A, 0x3B, 0x00, 0x03,
    0x04, 0xC4, 0x05, 0x86, 0x04, 0xC3, 0x00, 0xC0,
    0x60, 0xA0, 0x10, 0x03, 0x20, 0xC0, 0x00, 0x01,
    0x07, 0xC1, 0x01, 0x81, 0x01, 0xC7, 0x10, 0x07,
    0x00, 0xC0, 0x00, 0x03, 0x04, 0xC0, 0x01, 0x82,
    0x04, 0xC7, 0x00, 0xC0, 0x20, 0x20, 0xC0, 0x00,
    0x00, 0xE0, 0x00, 0x03, 0x04, 0xC0, 0x01, 0x80,
    0x04, 0xC3, 0x00, 0xC0, 0x20, 0x20, 0xC0, 0x20,
    0x20, 0xC0, 0x10, 0x03, 0x00, 0x74, 0x84, 0x64,
    0x14, 0xE7, 0x10, 0x03, 0x00, 0x19, 0x10, 0x03,
    0x24, 0x98, 0x10, 0x03, 0x00, 0xF0, 0x10, 0x04,
    0x40, 0x00, 0x78, 0x8C, 0x94, 0xA4, 0xC4, 0x84,
    0x78, 0x00, 0x03, 0x04, 0x04, 0xE5, 0x06, 0x04,
    0x03, 0x00, 0xFF, 0x10, 0x07, 0x80, 0xFF, 0x10,
    0x07, 0x00, 0x10, 0x08, 0x80, 0x01, 0x07, 0x01,
    0xE1, 0x01, 0x01, 0x07, 0x00, 0x03, 0x04, 0x00,
    0xE1, 0x02, 0x04, 0x07, 0x00, 0x03, 0x04, 0x00,
    0xE1, 0x00, 0x04, 0x03, 0x00, 0x80, 0x10, 0x07,
    0x00, 0x20, 0xE0, 0x10, 0x04, 0x20, 0xF8, 0x00,
    0x78, 0x84, 0x04, 0x38, 0x40, 0x80, 0xFC, 0x00,
    0x78, 0x84, 0x04, 0x38, 0x04, 0x84, 0x78, 0x00,
    0x00, 0x7D, 0x10, 0x05, 0x10, 0x11, 0x00, 0xD1,
    0x91, 0x99, 0x95, 0x93, 0x91, 0xD1, 0x00, 0x10,
    0x03, 0x44, 0x28, 0x10, 0x03, 0x10, 0x00, 0x74,
    0x84, 0x84, 0x64, 0x14, 0x14, 0xE7, 0x00, 0x19,
    0x10, 0x05, 0x24, 0x98, 0x00, 0xF1, 0x10, 0x05,
    0x42, 0x41, 0x00, 0xD2, 0x12, 0x12, 0x1E, 0x12,
    0x12, 0xD2, 0x00, 0xE7, 0x88, 0x88, 0xE8, 0x88,
    0x88, 0xE7, 0x00, 0x4B, 0x4A, 0x52, 0x63, 0x52,
    0x4A, 0x4B, 0x00, 0xB8, 0x24, 0x24, 0xB8, 0x24,
    0x24, 0xA4, 0x10, 0x03, 0x00, 0x0C, 0x02, 0xA4,
    0xA8, 0x4E, 0xFF, 0xFF, 0xF1, 0x10, 0x04, 0xFB,
    0x10, 0x03, 0xFF, 0x51, 0x5B, 0x1B, 0x5B, 0x51,
    0x10, 0x03, 0xFF, 0x1C, 0x7E, 0x1E, 0xDE, 0x1E,
    0x10, 0x03, 0xFF, 0x44, 0x10, 0x03, 0xD5, 0xC4,
    0x10, 0x03, 0xFF, 0x10, 0x04, 0x5F, 0x47, 0x10,
    0x0A, 0xFF, 0x80, 0x83, 0x82, 0x83, 0x82, 0x83,
    0x80, 0xFF, 0x00, 0xE8, 0x0D, 0xCA, 0x08, 0xE8,
    0x00, 0xFF, 0x00, 0xBC, 0xA2, 0xBC, 0xA0, 0xA0,
    0x00, 0xFF, 0x00, 0xFA, 0x22, 0x21, 0x20, 0x20,
    0x00, 0xFF, 0x00, 0x20, 0x20, 0xC0, 0x80, 0x80,
    0x00, 0x10, 0x08, 0x80, 0x10, 0x08, 0x00, 0xFF,
    0x10, 0x07, 0x80, 0xFF, 0x00, 0x0F, 0x08, 0x0F,
    0x08, 0x08, 0x00, 0xFF, 0x00, 0x1C, 0xA2, 0x3E,
    0xA2, 0xA2, 0x00, 0xFF, 0x00, 0x88, 0xD8, 0xA8,
    0x88, 0x88, 0x00, 0xFF, 0x10, 0x07, 0x00, 0x10,
    0x08, 0x80, 0x10, 0x08, 0x00, 0xFF, 0x10, 0x07,
    0x80, 0xFF, 0x00, 0x22, 0x36, 0x2A, 0x22, 0x22,
    0x00, 0xFF, 0x00, 0x73, 0x89, 0xF9, 0x89, 0x8B,
    0x00, 0xFF, 0x00, 0xA2, 0x32, 0x2A, 0x26, 0xA2,
    0x00, 0xFF, 0x10, 0x07, 0x00, 0x10, 0x08, 0x80,
    0x10, 0x08, 0x00, 0xFF, 0x10, 0x07, 0x80, 0xFF,
    0x00, 0x07, 0x08, 0x07, 0x00, 0x0F, 0x00, 0xFF,
    0x00, 0xA2, 0x22, 0x22, 0xA2, 0x1C, 0x00, 0xFF,
    0x00, 0xF0, 0x88, 0xF0, 0x88, 0xF0, 0x00, 0xFF,
    0x10, 0x07, 0x00, 0x10, 0x08, 0x80, 0x10, 0x08,
    0x00, 0xFF, 0x10, 0x07, 0x80, 0xFF, 0x00, 0x0F,
    0x10, 0x03, 0x08, 0x0F, 0x00, 0xFF, 0x00, 0x1C,
    0x10, 0x03, 0xA2, 0x1C, 0x00, 0xFF, 0x00, 0x78,
    0x80, 0x70, 0x08, 0xF0, 0x00, 0xFF, 0x10, 0x07,
    0x00, 0x10, 0x08, 0x80, 0x10, 0x08, 0x00, 0xFF,
    0x00, 0xF1, 0x10, 0x03, 0x8A, 0xF1, 0x00, 0xFF,
    0x00, 0xC7, 0x28, 0x27, 0x20, 0xCF, 0x00, 0xFF,
    0x00, 0x8E, 0x11, 0x06, 0x88, 0x1F, 0x00, 0xFF,
    0x80, 0x10, 0x05, 0x81, 0x80, 0xFF, 0x00, 0x13,
    0x24, 0xC7, 0x24, 0x14, 0x00, 0xFF, 0x00, 0x91,
    0x59, 0xD5, 0x53, 0x51, 0x00, 0xFF, 0x00, 0x05,
    0x04, 0x04, 0x44, 0x39, 0x00, 0xFF, 0x00, 0xC0,
    0x10, 0x03, 0x80, 0xC0, 0x00, 0x10, 0x08, 0x80,
    0x10, 0x08, 0x00, 0xFF, 0x10, 0x07, 0x80, 0xFF,
    0x00, 0x10, 0x03, 0x22, 0x14, 0x08, 0x00, 0xFF,
    0x00, 0xEF, 0x48, 0x4F, 0x48, 0xEF, 0x00, 0xFF,
    0x00, 0xA2, 0x10, 0x03, 0x2A, 0x94, 0x00, 0xFF,
    0x10, 0x07, 0x00, 0xFF, 0x10, 0x07, 0x80, 0xFF,
    0x00, 0x10, 0x05, 0x01, 0x00, 0xFF, 0x00, 0xF4,
    0x06, 0xE5, 0x04, 0x04, 0x00, 0xFF, 0x00, 0x40,
    0xC0, 0x10, 0x03, 0x40, 0x00, 0xFF, 0x10, 0x07,
    0x00, 0x10, 0x08, 0x80, 0x10, 0x08, 0x00, 0xFF,
    0x80, 0x80, 0x10, 0x04, 0x81, 0x80, 0xFF, 0x00,
    0xE4, 0x14, 0xF4, 0x14, 0x13, 0x00, 0xFF, 0x00,
    0x5E, 0x10, 0x03, 0x51, 0x9E, 0x00, 0xFF, 0x00,
    0x73, 0x10, 0x03, 0x24, 0x73, 0x00, 0xFF, 0x00,
    0x80, 0x10, 0x03, 0x40, 0x80, 0x00, 0x10, 0x08,
    0x80, 0x10, 0x08, 0x00, 0xFF, 0x10, 0x07, 0x80,
    0xFF, 0x00, 0x07, 0x08, 0x07, 0x00, 0x0F, 0x00,
    0xFF, 0x00, 0xBE, 0x20, 0x3C, 0xA0, 0x20, 0x00,
    0xFF, 0x00, 0x78, 0x80, 0xB8, 0x88, 0x70, 0x00,
    0xFF, 0x10, 0x07, 0x00, 0x10, 0x08, 0x80, 0x10,
    0x08, 0x00, 0xFF, 0x00, 0x11, 0x1B, 0x15, 0x11,
    0x11, 0x00, 0xFF, 0x00, 0x77, 0x10, 0x03, 0x24,
    0x77, 0x00, 0xFF, 0x00, 0x9C, 0x10, 0x03, 0x48,
    0x9C, 0x00, 0xFF, 0x10, 0x07, 0x80, 0xFF, 0x00,
    0x07, 0x08, 0x07, 0x00, 0x0F, 0x00, 0xFF, 0x00,
    0x9E, 0x20, 0x20, 0xA0, 0x1E, 0x00, 0xFF, 0x00,
    0x78, 0x10, 0x03, 0x80, 0x78, 0x00, 0xFF, 0x10,
    0x07, 0x00, 0x10, 0x08, 0x80, 0x10, 0x08, 0x00,
    0xFF, 0x80, 0x8F, 0x8C, 0x88, 0x89, 0x8F, 0x80,
    0xFF, 0x00, 0xFE, 0x92, 0x02, 0x26, 0xFE, 0x00,
    0xFF, 0x00, 0x01, 0x22, 0x71, 0x20, 0x03, 0x00,
    0xFF, 0x00, 0xCE, 0x10, 0x01, 0x10, 0x90, 0x50,
    0x8E, 0x00, 0xFF, 0x00, 0x70, 0x10, 0x03, 0x80,
    0x70, 0x00, 0xFF, 0x80, 0x8F, 0x8C, 0x88, 0x89,
    0x8F, 0x80, 0xFF, 0x00, 0xFE, 0x92, 0x02, 0x26,
    0xFE, 0x00, 0xFF, 0x00, 0xAE, 0xAA, 0xCA, 0xAA,
    0xAE, 0x00, 0xFF, 0x00, 0xAE, 0xEA, 0xEE, 0xEA,
    0xAA, 0x00, 0xFF, 0x00, 0xA8, 0xE8, 0x10, 0x03,
    0xA8, 0x00, 0x10, 0x08, 0x80, 0x10, 0x08, 0x00,
    0xFF, 0x00, 0x3B, 0x2A, 0x3B, 0x28, 0x2B, 0x00,
    0xFF, 0x00, 0xB9, 0x21, 0xA1, 0xA1, 0xB9, 0x00,
    0xFF, 0x00, 0xC0, 0x40, 0xC0, 0x40, 0xC0, 0x00,
    0xFF, 0x00, 0x70, 0x40, 0x70, 0x50, 0x70, 0x00,
    0xFF, 0x00, 0xE1, 0xA0, 0xCC, 0xA0, 0xA0, 0x00,
    0xFF, 0x00, 0xD5, 0x95, 0x9D, 0x89, 0x89, 0x00,
    0xFF, 0x00, 0xD8, 0x50, 0xD8, 0x10, 0x01, 0x10,
    0x18, 0x00, 0xFF, 0x00, 0x1C, 0x22, 0x0C, 0x00,
    0x08, 0x00, 0xFF, 0x10, 0x07, 0x00, 0xFF, 0x80,
    0x95, 0x9D, 0x10, 0x03, 0x95, 0x80, 0xFF, 0x00,
    0xDD, 0x11, 0xD5, 0x15, 0xDD, 0x00, 0xFF, 0x00,
    0xDD, 0x51, 0xDD, 0x51, 0x51, 0x00, 0xFF, 0x00,
    0x1D, 0x15, 0x1D, 0x14, 0xD5, 0x00, 0xFF, 0x00,
    0xD4, 0x14, 0xDC, 0x54, 0xD4, 0x00, 0xFF, 0x10,
    0x07, 0x80, 0xFF, 0x00, 0x03, 0x05, 0x0F, 0x11,
    0x20, 0x00, 0xFF, 0x00, 0x47, 0x4C, 0x4F, 0x43,
    0x3E, 0x00, 0xFF, 0x00, 0xFE, 0x30, 0x30, 0x60,
    0x60, 0x00, 0xFF, 0x00, 0x4F, 0x58, 0x5B, 0x59,
    0x1F, 0x00, 0xFF, 0x00, 0xFE, 0x18, 0x10, 0x03,
    0x98, 0x00, 0xFF, 0x80, 0xBB, 0xA2, 0xA3, 0xA2,
    0xBA, 0x80, 0xFF, 0x00, 0xBB, 0xAA, 0x2B, 0xA8,
    0xBB, 0x00, 0xFF, 0x00, 0xBB, 0x22, 0xBB, 0x8A,
    0xBB, 0x00, 0xFF, 0x00, 0xA3, 0xA2, 0x23, 0xA2,
    0xBA, 0x00, 0xFF, 0x00, 0xAA, 0xAE, 0xAE, 0xAA,
    0xAA, 0x00, 0x10, 0x00, 0x00, 0x01, 0x01, 0x38,
    0xFE, 0x01, 0x38, 0xF4, 0x01, 0x38, 0xF8, 0x01,
    0x38, 0xFD, 0x01, 0x50, 0xF5, 0x01, 0x60, 0xFA,
    0x01, 0x38, 0xFC, 0x01, 0x38, 0xF2, 0x01, 0x50,
    0xF3, 0x01, 0x60, 0xF7, 0x01, 0xFF, 0xF6, 0x01,
    0x01, 0xF6, 0x01, 0x00, 0x00, 0x0B, 0x0B, 0x08,
    0x00, 0xFF, 0xFF, 0xC0, 0xCF, 0xD0, 0xCE, 0xC1,
    0xDE, 0xFF, 0xFF, 0x00, 0x41, 0x0B, 0x03, 0x42,
    0x79, 0xFF, 0xFF, 0x00, 0xCF, 0x0B, 0x03, 0x22,
    0xC2, 0xFF, 0xFF, 0x00, 0x8F, 0x0B, 0x03, 0x08,
    0x0F, 0xFF, 0xFF, 0x00, 0x1C, 0xA2, 0xBE, 0xA2,
    0x22, 0xFF, 0xFF, 0x00, 0xF9, 0x22, 0x23, 0x22,
    0x22, 0xFF, 0xFF, 0x00, 0xC1, 0x22, 0xE1, 0x20,
    0x23, 0xFF, 0xFF, 0x00, 0xE7, 0x08, 0xCF, 0x28,
    0xC8, 0xFF, 0xFF, 0x00, 0x22, 0xA2, 0xA2, 0x94,
    0x88, 0xFF, 0xFF, 0x03, 0xFB, 0x83, 0xF3, 0x83,
    0xFB, 0x0B, 0x08, 0xC0, 0x0B, 0x08, 0x03, 0x0B,
    0x06, 0xC0, 0xFF, 0xFF, 0x0B, 0x06, 0x00, 0xFF,
    0xFF, 0x0B, 0x06, 0x03, 0xFF, 0xFF, 0xFE, 0xC6,
    0xBA, 0x82, 0xBA, 0xBA, 0xFE, 0x00, 0xFE, 0x86,
    0xBA, 0x86, 0xBA, 0x86, 0xFE, 0x00, 0xFE, 0xC2,
    0x0B, 0x03, 0xBE, 0xC2, 0xFE, 0x00, 0xFE, 0x86,
    0x0B, 0x03, 0xBA, 0x86, 0xFE, 0x00, 0xFE, 0xBA,
    0x9A, 0xAA, 0xB2, 0xBA, 0xFE, 0x00, 0xFE, 0x86,
    0xBA, 0x86, 0xBA, 0xBA, 0xFE, 0x00, 0xFE, 0x82,
    0x0B, 0x04, 0xEE, 0xFE, 0x00, 0xFE, 0xBA, 0xBA,
    0xC6, 0xEE, 0xEE, 0xFE, 0x00, 0x3F, 0x22, 0x2E,
    0x26, 0x2F, 0x22, 0x3F, 0x00, 0xFE, 0x22, 0xEE,
    0x2E, 0xAE, 0x22, 0xFE, 0x0B, 0x04, 0x00, 0x05,
    0x0B, 0x07, 0x00, 0x40, 0x0B, 0x05, 0x00, 0xF3,
    0x0B, 0x03, 0x89, 0xF3, 0x0B, 0x03, 0x00, 0x9E,
    0x20, 0x1C, 0x02, 0xBC, 0x0B, 0x03, 0x00, 0x88,
    0x90, 0xE0, 0x90, 0x88, 0x0B, 0x03, 0x00, 0xF9,
    0x22, 0x23, 0x22, 0x22, 0x0B, 0x03, 0x00, 0xCF,
    0x28, 0xEF, 0x28, 0x28, 0x0B, 0x03, 0x00, 0x3E,
    0xA0, 0x3C, 0x20, 0x3E, 0x0B, 0x03, 0x00, 0x6E,
    0x8A, 0x8E, 0x8A, 0x6A, 0x0B, 0x03, 0x00, 0x93,
    0xD4, 0xB4, 0x94, 0x93, 0x0B, 0x03, 0x00, 0x74,
    0x44, 0x64, 0x44, 0x77, 0x0B, 0x03, 0x00, 0x73,
    0x84, 0x67, 0x14, 0xE4, 0x0B, 0x03, 0x00, 0x22,
    0xA2, 0xA2, 0x94, 0x88, 0x0B, 0x03, 0x00, 0xF1,
    0x82, 0xE2, 0x82, 0xF1, 0x0B, 0x03, 0x00, 0x92,
    0x54, 0x58, 0x54, 0x92, 0x0B, 0x03, 0x00, 0x70,
    0x88, 0x30, 0x00, 0x20, 0x0B, 0x03, 0x00, 0xE8,
    0x4C, 0x4A, 0x49, 0xE8, 0x0B, 0x03, 0x00, 0x9E,
    0xA0, 0xAE, 0xA2, 0x9C, 0x0B, 0x07, 0x00, 0xA8,
    0x0B, 0x03, 0x00, 0xFB, 0x82, 0xF3, 0x82, 0xFA,
    0x0B, 0x03, 0x00, 0xCF, 0x28, 0xCF, 0x28, 0x28,
    0x0B, 0x03, 0x00, 0x1C, 0xA2, 0x22, 0xA2, 0x9C,
    0x0B, 0x03, 0x00, 0xF1, 0x89, 0xF1, 0x88, 0x89,
    0x0B, 0x03, 0x00, 0x97, 0x92, 0xF2, 0x92, 0x97,
    0x0B, 0x03, 0x00, 0x7A, 0x42, 0x5B, 0x4A, 0x7A,
    0x0B, 0x03, 0x00, 0x4E, 0x48, 0xCE, 0x42, 0x4E,
    0x0B, 0x03, 0x00, 0xEE, 0xA8, 0xEC, 0x88, 0x8E,
    0x0B, 0x03, 0x00, 0xEC, 0x8A, 0xCA, 0x8A, 0xEC,
    0x0B, 0x03, 0x00, 0xE7, 0x94, 0x97, 0x94, 0xE4,
    0x0B, 0x03, 0x00, 0x3A, 0x92, 0x12, 0x91, 0xB8,
    0x0B, 0x03, 0x00, 0x2F, 0x28, 0x2E, 0x48, 0x8F,
    0x0B, 0x03, 0x00, 0x38, 0x44, 0x18, 0x00, 0x10,
    0x0B, 0x03, 0x00, 0xE3, 0x94, 0xE3, 0x90, 0xE7,
    0x0B, 0x03, 0x00, 0x99, 0x25, 0x3D, 0xA4, 0x24,
    0x0B, 0x03, 0x00, 0x17, 0x14, 0x17, 0xA4, 0x47,
    0x0B, 0x03, 0x00, 0x02, 0x04, 0x08, 0x10, 0x20,
    0x0B, 0x03, 0x00, 0xE3, 0x94, 0xE7, 0x94, 0x94,
    0x0B, 0x03, 0x00, 0x22, 0x0B, 0x03, 0xAA, 0x94,
    0x00, 0x00, 0x0B, 0x00, 0x00, 0x00, 0x00, 0x00,
    0x00, 0x00, 0x00, 0x00, 0x00, 0x00, 0x00, 0x00,
    0x00, 0x00, 0x00, 0x00, 0x00, 0x00, 0x00, 0x00,
    0x00, 0x00, 0x00, 0x00, 0x00, 0x00, 0x00, 0x00,
    0x00, 0x00, 0x00, 0x00, 0x00, 0x00, 0x00, 0x00,
    0x00, 0x00, 0x00, 0x00, 0x00, 0x00, 0x00, 0x00,
    0x00, 0x00, 0x00, 0x00, 0x00, 0x00, 0x00, 0x00,
    0x00, 0x00, 0x00, 0x00, 0x00, 0x00, 0x00, 0x00,
    0x00, 0x00, 0x00, 0x00, 0x00, 0x00, 0x00, 0x00,
    0x00, 0x00, 0x00, 0x00, 0x00, 0x00, 0x00, 0x00,
    0x00, 0x00, 0x00, 0x00, 0x00, 0x00, 0x00, 0x00,
    0x00, 0x00, 0x00, 0x00, 0x00, 0x00, 0x00, 0x00,
    0x00, 0x00, 0x00, 0x00, 0x00, 0x00, 0x00, 0x00,
    0x00, 0x00, 0x00, 0x00, 0x00, 0x00, 0x00, 0x00,
    0x00, 0x00, 0x00, 0x00, 0x00, 0x00, 0x00, 0x00,
    0x00, 0x00, 0x00, 0x00, 0x00, 0x00, 0x00, 0x00,
    0x00, 0x00, 0x00, 0x00, 0x00, 0x00, 0x00, 0x00,
    0x00, 0x00, 0x00, 0x00, 0x00, 0x00, 0x00, 0x00,
    0x00, 0x00, 0x00, 0x00, 0x00, 0x00, 0x00, 0x00,
    0x00, 0x00, 0x00, 0x00, 0x00, 0x00, 0x00, 0x00,
    0x00, 0x00, 0x00, 0x00, 0x00, 0x00, 0x00, 0x00,
    0x00, 0x00, 0x00, 0x00, 0x00, 0x00, 0x00, 0x00,
    0x00, 0x00, 0x00, 0x00, 0x00, 0x00, 0x00, 0x00,
    0x00, 0x00, 0x00, 0x00, 0x00, 0x00, 0x00, 0x00,
    0x00, 0x00, 0x00, 0x00, 0x00, 0x00, 0x00, 0x00,
    0x00, 0x00, 0x00, 0x00, 0x00, 0x00, 0x00, 0x00,
    0x00, 0x00, 0x00, 0x00, 0x00, 0x00, 0x00, 0x00,
    0x00, 0x00, 0x00, 0x00, 0x00, 0x00, 0x00, 0x00,
    0x00, 0x00, 0x00, 0x00, 0x00, 0x00, 0x00, 0x00,
    0x00, 0x00, 0x00, 0x00, 0x00, 0x00, 0x00, 0x00,
    0x00, 0x00, 0x00, 0x00, 0x00, 0x00, 0x00, 0x00,
    0x00, 0x00, 0x00, 0x00, 0x00, 0x00, 0x00, 0x00,
    0x00, 0x00, 0x00, 0x00, 0x00, 0x00, 0x00, 0x00,
    0x00, 0x00, 0x00, 0x00, 0x00, 0x00, 0x00, 0x00,
    0x00, 0x00, 0x00, 0x00, 0x00, 0x00, 0x00, 0x00,
    0x00, 0x00, 0x00, 0x00, 0x00, 0x00, 0x00, 0x00,
    0x00, 0x00, 0x00, 0x00, 0x00, 0x00, 0x00, 0x00,
    0x00, 0x00, 0x00, 0x00, 0x00, 0x00, 0x00, 0x00,
    0x00, 0x00, 0x00, 0x00, 0x00, 0x00, 0x00, 0x00,
    0x00, 0x00, 0x00, 0x00, 0x00, 0x00, 0x00, 0x00,
    0x00, 0x00, 0x00, 0x00, 0x00, 0x00, 0x00, 0x00,
    0x00, 0x00, 0x00, 0x00, 0x00, 0x00, 0x00, 0x00,
    0x00, 0x00, 0x00, 0x00, 0x00, 0x00, 0x00, 0x00,
    0x00, 0x00, 0x00, 0x00, 0x00, 0x00, 0x00, 0x00,
    0x00, 0x00, 0x00, 0x00, 0x00, 0x00, 0x00, 0x00,
    0x00, 0x00, 0x00, 0x00, 0x00, 0x00, 0x00, 0x00,
    0x00, 0x00, 0x00, 0x00, 0x00, 0x00, 0x00, 0x00,
    0x00, 0x00, 0x00, 0x00, 0x00, 0x00, 0x00, 0x00,
    0x00, 0x00, 0x00, 0x00, 0x00, 0x00, 0x00, 0x00,
    0x00, 0x00, 0x00, 0x00, 0x00, 0x00, 0x00, 0x00,
    0x00, 0x00, 0x00, 0x00, 0x00, 0x00, 0x00, 0x00,
    0x00, 0x00, 0x00, 0x00, 0x00, 0x00, 0x00, 0x00,
    0x00, 0x00, 0x00, 0x00, 0x00, 0x00, 0x00, 0x00,
    0x00, 0x00, 0x00, 0x00, 0x00, 0x00, 0x00, 0x00,
    0x00, 0x00, 0x00, 0x00, 0x00, 0x00, 0x00, 0x00,
    0x00, 0x00, 0x00, 0x00, 0x00, 0x00, 0x00, 0x00,
    0x00, 0x00, 0x00, 0x00, 0x00, 0x00, 0x00, 0x00,
    0x00, 0x00, 0x00, 0x00, 0x00, 0x00, 0x00, 0x00,
    0x00, 0x00, 0x00, 0x00, 0x00, 0x00, 0x00, 0x00,
    0x00, 0x00, 0x00, 0x00, 0x00, 0x00, 0x00, 0x00,
    0x00, 0x00, 0x00, 0x00, 0x00, 0x00, 0x00, 0x00,
    0x00, 0x00, 0x00, 0x00, 0x00, 0x00, 0x00, 0x00,
    0x00, 0x00, 0x00, 0x00, 0x00, 0x00, 0x00, 0x00,
    0x00, 0x00, 0x00, 0x00, 0x00, 0x00, 0x00, 0x00,
    0x00, 0x00, 0x00, 0x00, 0x00, 0x00, 0x00, 0x00,
    0x00, 0x00, 0x00, 0x00, 0x00, 0x00, 0x00, 0x00,
    0x00, 0x00, 0x00, 0x00, 0x00, 0x00, 0x00, 0x00,
    0x00, 0x00, 0x00, 0x00, 0x00, 0x00, 0x00, 0x00,
    0x00, 0x00, 0x00, 0x00, 0x00, 0x00, 0x00, 0x00,
    0x00, 0x00, 0x00, 0x00, 0x00, 0x00, 0x00, 0x00,
    0x00, 0x00, 0x00, 0x00, 0x00, 0x00, 0x00, 0x00,
    0x00, 0x00, 0x00, 0x00, 0x00, 0x00, 0x00, 0x00,
    0x00, 0x00, 0x00, 0x00, 0x00, 0x00, 0x00, 0x00,
    0x00, 0x00, 0x00, 0x00, 0x00, 0x00, 0x00, 0x00,
    0x00, 0x00, 0x00, 0x00, 0x00, 0x00, 0x00, 0x00,
    0x00, 0x00, 0x00, 0x00, 0x00, 0x00, 0x00, 0x00,
    0x00, 0x00, 0x00, 0x00, 0x00, 0x00, 0x00, 0x00,
    0x00, 0x00, 0x00, 0x00, 0x00, 0x00, 0x00, 0x00,
    0x00, 0x00, 0x00, 0x00, 0x00, 0x00, 0x00, 0x00,
    0x00, 0x00, 0x00, 0x00, 0x00, 0x00, 0x00, 0x00,
    0x00, 0x00, 0x00, 0x00, 0x00, 0x00, 0x00, 0x00,
    0x00, 0x00, 0x00, 0x00, 0x00, 0x00, 0x00, 0x00,
    0x00, 0x00, 0x00, 0x00, 0x00, 0x00, 0x00, 0x00,
    0x00, 0x00, 0x00, 0x00, 0x00, 0x00, 0x00, 0x00,
    0x00, 0x00, 0x00, 0x00, 0x00, 0x00, 0x00, 0x00,
    0x00, 0x00, 0x00, 0x00, 0x00, 0x00, 0x00, 0x00,
    0x00, 0x00, 0x00, 0x00, 0x00, 0x00, 0x00, 0x00,
    0x00, 0x00, 0x00, 0x00, 0x00, 0x00, 0x00, 0x00,
    0x00, 0x00, 0x00, 0x00, 0x00, 0x00, 0x00, 0x00,
    0x00, 0x00, 0x00, 0x00, 0x00, 0x00, 0x00, 0x00,
    0x00, 0x00, 0x00, 0x00, 0x00, 0x00, 0x00, 0x00,
    0x00, 0x00, 0x00, 0x00, 0x00, 0x00, 0x00, 0x00,
    0x00, 0x00, 0x00, 0x00, 0x00, 0x00, 0x00, 0x00,
    0x00, 0x00, 0x00, 0x00, 0x00, 0x00, 0x00, 0x00,
    0x00, 0x00, 0x00, 0x00, 0x00, 0x00, 0x00, 0x00,
    0x00, 0x00, 0x00, 0x00, 0x00, 0x00, 0x00, 0x00,
    0x00, 0x00, 0x00, 0x00, 0x00, 0x00, 0x00, 0x00,
    0x00, 0x00, 0x00, 0x00, 0x00, 0x00, 0x00, 0x00,
    0x00, 0x00, 0x00, 0x00, 0x00, 0x00, 0x00, 0x00,
    0x00, 0x00, 0x00, 0x00, 0x00, 0x00, 0x00, 0x00,
    0x00, 0x00, 0x00, 0x00, 0x00, 0x00, 0x00, 0x00,
    0x00, 0x00, 0x00, 0x00, 0x00, 0x00, 0x00, 0x00,
    0x00, 0x00, 0x00, 0x00, 0x00, 0x00, 0x00, 0x00,
    0x00, 0x00, 0x00, 0x00, 0x00, 0x00, 0x00, 0x00,
    0x00, 0x00, 0x00, 0x00, 0x00, 0x00, 0x00, 0x00,
    0x00, 0x00, 0x00, 0x00, 0x00, 0x00, 0x00, 0x00,
    0x00, 0x00, 0x00, 0x00, 0x00, 0x00, 0x00, 0x00,
    0x00, 0x00, 0x00, 0x00, 0x00, 0x00, 0x00, 0x00,
    0x00, 0x00, 0x00, 0x00, 0x00, 0x00, 0x00, 0x00,
    0x00, 0x00, 0x00, 0x00, 0x00, 0x00, 0x00, 0x00,
    0x00, 0x00, 0x00, 0x00, 0x00, 0x00, 0x00, 0x00,
    0x00, 0x00, 0x00, 0x00, 0x00, 0x00, 0x00, 0x00,
    0x00, 0x00, 0x00, 0x00, 0x00, 0x00, 0x00, 0x00,
    0x00, 0x00, 0x00, 0x00, 0x00, 0x00, 0x00, 0x00,
    0x00, 0x00, 0x00, 0x00, 0x00, 0x00, 0x00, 0x00,
    0x00, 0x00, 0x00, 0x00, 0x00, 0x00, 0x00, 0x00,
    0x00, 0x00, 0x00, 0x00, 0x00, 0x00, 0x00, 0x00,
    0x00, 0x00, 0x00, 0x00, 0x00, 0x00, 0x00, 0x00,
    0x00, 0x00, 0x00, 0x00, 0x00, 0x00, 0x00, 0x00,
    0x00, 0x00, 0x00, 0x00, 0x00, 0x00, 0x00, 0x00,
    0x00, 0x00, 0x00, 0x00, 0x00, 0x00, 0x00, 0x00,
    0x00, 0x00, 0x00, 0x00, 0x00, 0x00, 0x00, 0x00,
    0x00, 0x00, 0x00, 0x00, 0x00, 0x00, 0x00, 0x00,
    0x00, 0x00, 0x00, 0x00, 0x00, 0x00, 0x00, 0x00,
    0x00, 0x00, 0x00, 0x00, 0x00, 0x00, 0x00, 0x00,
    0x00, 0x00, 0x00, 0x00, 0x00, 0x00, 0x00, 0x00,
    0x00, 0x00, 0x00, 0x00, 0x00, 0x00, 0x00, 0x00,
    0x00, 0x00, 0x00, 0x00, 0x00, 0x00, 0x00, 0x00,
    0x00, 0x00, 0x00, 0x00, 0x00, 0x00, 0x00, 0x00,
    0x00, 0x00, 0x00, 0x00, 0x00, 0x00, 0x00, 0x00,
    0x00, 0x00, 0x00, 0x00, 0x00, 0x00, 0x00, 0x00,
    0x00, 0x00, 0x00, 0x00, 0x00, 0x00, 0x00, 0x00,
    0x00, 0x00, 0x00, 0x00, 0x00, 0x00, 0x00, 0x00,
    0x00, 0x00, 0x00, 0x00, 0x00, 0x00, 0x00, 0x00,
    0x00, 0x00, 0x00, 0x00, 0x00, 0x00, 0x00, 0x00,
    0x00, 0x00, 0x00, 0x00, 0x00, 0x00, 0x00, 0x00,
    0x00, 0x00, 0x00, 0x00, 0x00, 0x00, 0x00, 0x00,
    0x00, 0x00, 0x00, 0x00, 0x00, 0x00, 0x00, 0x00,
    0x00, 0x00, 0x00, 0x00, 0x00, 0x00, 0x00, 0x00,
    0x00, 0x00, 0x00, 0x00, 0x00, 0x00, 0x00, 0x00,
    0x00, 0x00, 0x00, 0x00, 0x00, 0x00, 0x00, 0x00,
    0x00, 0x00, 0x00, 0x00, 0x00, 0x00, 0x00, 0x00,
    0x00, 0x00, 0x00, 0x00, 0x00, 0x00, 0x00, 0x00,
    0x00, 0x00, 0x00, 0x00, 0x00, 0x00, 0x00, 0x00,
    0x00, 0x00, 0x00, 0x00, 0x00, 0x00, 0x00, 0x00,
    0x00, 0x00, 0x00, 0x00, 0x00, 0x00, 0x00, 0x00,
    0x00, 0x00, 0x00, 0x00, 0x00, 0x00, 0x00, 0x00,
    0x00, 0x00, 0x00, 0x00, 0x00, 0x00, 0x00, 0x00,
    0x00, 0x00, 0x00, 0x00, 0x00, 0x00, 0x00, 0x00,
    0x00, 0x00, 0x00, 0x00, 0x00, 0x00, 0x00, 0x00,
    0x00, 0x00, 0x00, 0x00, 0x00, 0x00, 0x00, 0x00,
    0x00, 0x00, 0x00, 0x00, 0x00, 0x00, 0x00, 0x00,
    0x00, 0x00, 0x00, 0x00, 0x00, 0x00, 0x00, 0x00,
    0x00, 0x00, 0x00, 0x00, 0x00, 0x00, 0x00, 0x00,
    0x00, 0x00, 0x00, 0x00, 0x00, 0x00, 0x00, 0x00,
    0x00, 0x00, 0x00, 0x00, 0x00, 0x00, 0x00, 0x00,
    0x00, 0x00, 0x00, 0x00, 0x00, 0x00, 0x00, 0x00,
    0x00, 0x00, 0x00, 0x00, 0x00, 0x00, 0x00, 0x00,
    0x00, 0x00, 0x00, 0x00, 0x00, 0x00, 0x00, 0x00,
    0x00, 0x00, 0x00, 0x00, 0x00, 0x00, 0x00, 0x00,
    0x00, 0x00, 0x00, 0x00, 0x00, 0x00, 0x00, 0x00,
    0x00, 0x00, 0x00, 0x00, 0x00, 0x00, 0x00, 0x00,
    0x00, 0x00, 0x00, 0x00, 0x00, 0x00, 0x00, 0x00,
    0x00, 0x00, 0x00, 0x00, 0x00, 0x00, 0x00, 0x00,
    0x00, 0x00, 0x00, 0x00, 0x00, 0x00, 0x00, 0x00,
    0x00, 0x00, 0x00, 0x00, 0x00, 0x00, 0x00, 0x00,
    0x00, 0x00, 0x00, 0x00, 0x00, 0x00, 0x00, 0x00,
    0x00, 0x00, 0x00, 0x00, 0x00, 0x00, 0x00, 0x00,
    0x00, 0x00, 0x00, 0x00, 0x00, 0x00, 0x00, 0x00,
    0x00, 0x00, 0x00, 0x00, 0x00, 0x00, 0x00, 0x00,
    0x00, 0x00, 0x00, 0x00, 0x00, 0x00, 0x00, 0x00,
    0x00, 0x00, 0x00, 0x00, 0x00, 0x00, 0x00, 0x00,
    0x00, 0x00, 0x00, 0x00, 0x00, 0x00, 0x00, 0x00,
    0x00, 0x00, 0x00, 0x00, 0x00, 0x00, 0x00, 0x00,
    0x00, 0x00, 0x00, 0x00, 0x00, 0x00, 0x00, 0x00,
    0x00, 0x00, 0x00, 0x00, 0x00, 0x00, 0x00, 0x00,
    0x00, 0x00, 0x00, 0x00, 0x00, 0x00, 0x00, 0x00,
    0x00, 0x00, 0x00, 0x00, 0x00, 0x00, 0x00, 0x00,
    0x00, 0x00, 0x00, 0x00, 0x00, 0x00, 0x00, 0x00,
    0x00, 0x00, 0x00, 0x00, 0x00, 0x00, 0x00, 0x00,
    0x00, 0x00, 0x00, 0x00, 0x00, 0x00, 0x00, 0x00,
    0x00, 0x00, 0x00, 0x00, 0x00, 0x00, 0x00, 0x00,
    0x00, 0x00, 0x00, 0x00, 0x00, 0x00, 0x00, 0x00,
    0x00, 0x00, 0x00, 0x00, 0x00, 0x00, 0x00, 0x00,
    0x00, 0x00, 0x00, 0x00, 0x00, 0x00, 0x00, 0x00,
    0x00, 0x00, 0x00, 0x00, 0x00, 0x00, 0x00, 0x00,
    0x00, 0x00, 0x00, 0x00, 0x00, 0x00, 0x00, 0x00,
    0x00, 0x00, 0x00, 0x00, 0x00, 0x00, 0x00, 0x00,
    0x00, 0x00, 0x00, 0x00, 0x00, 0x00, 0x00, 0x00,
    0x00, 0x00, 0x00, 0x00, 0x00, 0x00, 0x00, 0x00,
    0x00, 0x00, 0x00, 0x00, 0x00, 0x00, 0x00, 0x00,
    0x00, 0x00, 0x00, 0x00, 0x00, 0x00, 0x00, 0x00,
    0x00, 0x00, 0x00, 0x00, 0x00, 0x00, 0x00, 0x00,
    0x00, 0x00, 0x00, 0x00, 0x00, 0x00, 0x00, 0x00,
    0x00, 0x00, 0x00, 0x00, 0x00, 0x00, 0x00, 0x00,
    0x00, 0x00, 0x00, 0x00, 0x00, 0x00, 0x00, 0x00,
    0x00, 0x00, 0x00, 0x00, 0x00, 0x00, 0x00, 0x00,
    0x00, 0x00, 0x00, 0x00, 0x00, 0x00, 0x00, 0x00,
    0x00, 0x00, 0x00, 0x00, 0x00, 0x00, 0x00, 0x00,
    0x00, 0x00, 0x00, 0x00, 0x00, 0x00, 0x00, 0x00,
    0x00, 0x00, 0x00, 0x00, 0x00, 0x00, 0x00, 0x00,
    0x00, 0x00, 0x00, 0x00, 0x00, 0x00, 0x00, 0x00,
    0x00, 0x00, 0x00, 0x00, 0x00, 0x00, 0x00, 0x00,
    0x00, 0x00, 0x00, 0x00, 0x00, 0x00, 0x00, 0x00,
    0x00, 0x00, 0x00, 0x00, 0x00, 0x00, 0x00, 0x00,
    0x00, 0x00, 0x00, 0x00, 0x00, 0x00, 0x00, 0x00,
    0x00, 0x00, 0x00, 0x00, 0x00, 0x00, 0x00, 0x00,
    0x00, 0x00, 0x00, 0x00, 0x00, 0x00, 0x00, 0x00,
    0x00, 0x00, 0x00, 0x00, 0x00, 0x00, 0x00, 0x00,
    0x00, 0x00, 0x00, 0x00, 0x00, 0x00, 0x00, 0x00,
    0x00, 0x00, 0x00, 0x00, 0x00, 0x00, 0x00, 0x00,
    0x00, 0x00, 0x00, 0x00, 0x00, 0x00, 0x00, 0x00,
    0x00, 0x00, 0x00, 0x00, 0x00, 0x00, 0x00, 0x00,
    0x00, 0x00, 0x00, 0x00, 0x00, 0x00, 0x00, 0x00,
    0x00, 0x00, 0x00, 0x00, 0x00, 0x00, 0x00, 0x00,
    0x00, 0x00, 0x00, 0x00, 0x00, 0x00, 0x00, 0x00,
    0x00, 0x00, 0x00, 0x00, 0x00, 0x00, 0x00, 0x00,
    0x00, 0x00, 0x00, 0x00, 0x00, 0x00, 0x00, 0x00,
    0x00, 0x00, 0x00, 0x00, 0x00, 0x00, 0x00, 0x00,
    0x00, 0x00, 0x00, 0x00, 0x00, 0x00, 0x00, 0x00,
    0x00, 0x00, 0x00, 0x00, 0x00, 0x00, 0x00, 0x00,
    0x00, 0x00, 0x00, 0x00, 0x00, 0x00, 0x00, 0x00,
    0x00, 0x00, 0x00, 0x00, 0x00, 0x00, 0x00, 0x00,
    0x00, 0x00, 0x00, 0x00, 0x00, 0x00, 0x00, 0x00,
    0x00, 0x00, 0x00, 0x00, 0x00, 0x00, 0x00, 0x00,
    0x00, 0x00, 0x00, 0x00, 0x00, 0x00, 0x00, 0x00,
    0x00, 0x00, 0x00, 0x00, 0x00, 0x00, 0x00, 0x00,
    0x00, 0x00, 0x00, 0x00, 0x00, 0x00, 0x00, 0x00,
    0x00, 0x00, 0x00, 0x00, 0x00, 0x00, 0x00, 0x00,
    0x00, 0x00, 0x00, 0x00, 0x00, 0x00, 0x00, 0x00,
    0x00, 0x00, 0x00, 0x00, 0x00, 0x00, 0x00, 0x00,
    0x00, 0x00, 0x00, 0x00, 0x00, 0x00, 0x00, 0x00,
    0x00, 0x00, 0x00, 0x00, 0x00, 0x00, 0x00, 0x00,
    0x00, 0x00, 0x00, 0x00, 0x00, 0x00, 0x00, 0x00,
    0x00, 0x00, 0x00, 0x00, 0x00, 0x00, 0x00, 0x00,
    0x00, 0x00, 0x00, 0x00, 0x00, 0x00, 0x00, 0x00,
    0x00, 0x00, 0x00, 0x00, 0x00, 0x00, 0x00, 0x00,
    0x00, 0x00, 0x00, 0x00, 0x00, 0x00, 0x00, 0x00,
    0x00, 0x00, 0x00, 0x00, 0x00, 0x00, 0x00, 0x00,
    0x00, 0x00, 0x00, 0x00, 0x00, 0x00, 0x00, 0x00,
    0x00, 0x00, 0x00, 0x00, 0x00, 0x00, 0x00, 0x00,
    0x00, 0x00, 0x00, 0x00, 0x00, 0x00, 0x00, 0x00,
    0x00, 0x00, 0x00, 0x00, 0x00, 0x00, 0x00, 0x00,
    0x00, 0x00, 0x00, 0x00, 0x00, 0x00, 0x00, 0x00,
    0x00, 0x00, 0x00, 0x00, 0x00, 0x00, 0x00, 0x00,
    0x00, 0x00, 0x00, 0x00, 0x00, 0x00, 0x00, 0x00,
    0x00, 0x00, 0x00, 0x00, 0x00, 0x00, 0x00, 0x00,
    0x00, 0x00, 0x00, 0x00, 0x00, 0x00, 0x00, 0x00,
    0x00, 0x00, 0x00, 0x00, 0x00, 0x00, 0x00, 0x00,
    0x00, 0x00, 0x00, 0x00, 0x00, 0x00, 0x00, 0x00,
    0x00, 0x00, 0x00, 0x00, 0x00, 0x00, 0x00, 0x00,
    0x00, 0x00, 0x00, 0x00, 0x00, 0x00, 0x00, 0x00,
    0x00, 0x00, 0x00, 0x00, 0x00, 0x00, 0x00, 0x00,
    0x00, 0x00, 0x00, 0x00, 0x00, 0x00, 0x00, 0x00,
    0x00, 0x00, 0x00, 0x00, 0x00, 0x00, 0x00, 0x00,
    0x00, 0x00, 0x00, 0x00, 0x00, 0x00, 0x00, 0x00,
    0x00, 0x00, 0x00, 0x00, 0x00, 0x00, 0x00, 0x00,
    0x00, 0x00, 0x00, 0x00, 0x00, 0x00, 0x00, 0x00,
    0x00, 0x00, 0x00, 0x00, 0x00, 0x00, 0x00, 0x00,
    0x00, 0x00, 0x00, 0x00, 0x00, 0x00, 0x00, 0x00,
    0x00, 0x00, 0x00, 0x00, 0x00, 0x00, 0x00, 0x00,
    0x00, 0x00, 0x00, 0x00, 0x00, 0x00, 0x00, 0x00,
    0x00, 0x00, 0x00, 0x00, 0x00, 0x00, 0x00, 0x00,
    0x00, 0x00, 0x00, 0x00, 0x00, 0x00, 0x00, 0x00,
    0x00, 0x00, 0x00, 0x00, 0x00, 0x00, 0x00, 0x00,
    0x00, 0x00, 0x00, 0x00, 0x00, 0x00, 0x00, 0x00,
    0x00, 0x00, 0x00, 0x00, 0x00, 0x00, 0x00, 0x00,
    0x00, 0x00, 0x00, 0x00, 0x00, 0x00, 0x00, 0x00,
    0x00, 0x00, 0x00, 0x00, 0x00, 0x00, 0x00, 0x00,
    0x00, 0x00, 0x00, 0x00, 0x00, 0x00, 0x00, 0x00,
    0x00, 0x00, 0x00, 0x00, 0x00, 0x00, 0x00, 0x00,
    0x00, 0x00, 0x00, 0x00, 0x00, 0x00, 0x00, 0x00,
    0x00, 0x00, 0x00, 0x00, 0x00, 0x00, 0x00, 0x00,
    0x00, 0x00, 0x00, 0x00, 0x00, 0x00, 0x00, 0x00,
    0x00, 0x00, 0x00, 0x00, 0x00, 0x00, 0x00, 0x00,
    0x00, 0x00, 0x00, 0x00, 0x00, 0x00, 0x00, 0x00,
    0x00, 0x00, 0x00, 0x00, 0x00, 0x00, 0x00, 0x00,
    0x00, 0x00, 0x00, 0x00, 0x00, 0x00, 0x00, 0x00,
    0x00, 0x00, 0x00, 0x00, 0x00, 0x00, 0x00, 0x00,
    0x00, 0x00, 0x00, 0x00, 0x00, 0x00, 0x00, 0x00,
    0x00, 0x00, 0x00, 0x00, 0x00, 0x00, 0x00, 0x00,
    0x00, 0x00, 0x00, 0x00, 0x00, 0x00, 0x00, 0x00,
    0x00, 0x00, 0x00, 0x00, 0x00, 0x00, 0x00, 0x00,
    0x00, 0x00, 0x00, 0x00, 0x00, 0x00, 0x00, 0x00,
    0x00, 0x00, 0x00, 0x00, 0x00, 0x00, 0x00, 0x00,
    0x00, 0x00, 0x00, 0x00, 0x00, 0x00, 0x00, 0x00,
    0x00, 0x00, 0x00, 0x00, 0x00, 0x00, 0x00, 0x00,
    0x00, 0x00, 0x00, 0x00, 0x00, 0x00, 0x00, 0x00,
    0x00, 0x00, 0x00, 0x00, 0x00, 0x00, 0x00, 0x00,
    0x00, 0x00, 0x00, 0x00, 0x00, 0x00, 0x00, 0x00,
    0x00, 0x00, 0x00, 0x00, 0x00, 0x00, 0x00, 0x00,
    0x00, 0x00, 0x00, 0x00, 0x00, 0x00, 0x00, 0x00,
    0x00, 0x00, 0x00, 0x00, 0x00, 0x00, 0x00, 0x00,
    0x00, 0x00, 0x00, 0x00, 0x00, 0x00, 0x00, 0x00,
    0x00, 0x00, 0x00, 0x00, 0x00, 0x00, 0x00, 0x00,
    0x00, 0x00, 0x00, 0x00, 0x00, 0x00, 0x00, 0x00,
    0x00, 0x00, 0x00, 0x00, 0x00, 0x00, 0x00, 0x00,
    0x00, 0x00, 0x00, 0x00, 0x00, 0x00, 0x00, 0x00,
    0x00, 0x00, 0x00, 0x00, 0x00, 0x00, 0x00, 0x00,
    0x00, 0x00, 0x00, 0x00, 0x00, 0x00, 0x00, 0x00,
    0x00, 0x00, 0x00, 0x00, 0x00, 0x00, 0x00, 0x00,
    0x00, 0x00, 0x00, 0x00, 0x00, 0x00, 0x00, 0x00,
    0x00, 0x00, 0x00, 0x00, 0x00, 0x00, 0x00, 0x00,
    0x00, 0x00, 0x00, 0x00, 0x00, 0x00, 0x00, 0x00,
    0x00, 0x00, 0x00, 0x00, 0x00, 0x00, 0x00, 0x00,
    0x00, 0x00, 0x00, 0x00, 0x00, 0x00, 0x00, 0x00,
    0x00, 0x00, 0x00, 0x00, 0x00, 0x00, 0x00, 0x00,
    0x00, 0x00, 0x00, 0x00, 0x00, 0x00, 0x00, 0x00,
    0x00, 0x00, 0x00, 0x00, 0x00, 0x00, 0x00, 0x00,
    0x00, 0x00, 0x00, 0x00, 0x00, 0x00, 0x00, 0x00,
    0x00, 0x00, 0x00, 0x00, 0x00, 0x00, 0x00, 0x00,
    0x00, 0x00, 0x00, 0x00, 0x00, 0x00, 0x00, 0x00,
    0x00, 0x00, 0x00, 0x00, 0x00, 0x00, 0x00, 0x00,
    0x00, 0x00, 0x00, 0x00, 0x00, 0x00, 0x00, 0x00,
    0x00, 0x00, 0x00, 0x00, 0x00, 0x00, 0x00, 0x00,
    0x00, 0x00, 0x00, 0x00, 0x00, 0x00, 0x00, 0x00,
    0x00, 0x00, 0x00, 0x00, 0x00, 0x00, 0x00, 0x00,
    0x00, 0x00, 0x00, 0x00, 0x00, 0x00, 0x00, 0x00,
    0x00, 0x00, 0x00, 0x00, 0x00, 0x00, 0x00, 0x00,
    0x00, 0x00, 0x00, 0x00, 0x00, 0x00, 0x00, 0x00,
    0x00, 0x00, 0x00, 0x00, 0x00, 0x00, 0x00, 0x00,
    0x00, 0x00, 0x00, 0x00, 0x00, 0x00, 0x00, 0x00,
    0x00, 0x00, 0x00, 0x00, 0x00, 0x00, 0x00, 0x00,
    0x00, 0x00, 0x00, 0x00, 0x00, 0x00, 0x00, 0x00,
    0x00, 0x00, 0x00, 0x00, 0x00, 0x00, 0x00, 0x00,
    0x00, 0x00, 0x00, 0x00, 0x00, 0x00, 0x00, 0x00,
    0x00, 0x00, 0x00, 0x00, 0x00, 0x00, 0x00, 0x00,
    0x00, 0x00, 0x00, 0x00, 0x00, 0x00, 0x00, 0x00,
    0x00, 0x00, 0x00, 0x00, 0x00, 0x00, 0x00, 0x00,
    0x00, 0x00, 0x00, 0x00, 0x00, 0x00, 0x00, 0x00,
    0x00, 0x00, 0x00, 0x00, 0x00, 0x00, 0x00, 0x00,
    0x00, 0x00, 0x00, 0x00, 0x00, 0x00, 0x00, 0x00,
    0x00, 0x00, 0x00, 0x00, 0x00, 0x00, 0x00, 0x00,
    0x00, 0x00, 0x00, 0x00, 0x00, 0x00, 0x00, 0x00,
    0x00, 0x00, 0x00, 0x00, 0x00, 0x00, 0x00, 0x00,
    0x00, 0x00, 0x00, 0x00, 0x00, 0x00, 0x00, 0x00,
    0x00, 0x00, 0x00, 0x00, 0x00, 0x00, 0x00, 0x00,
    0x00, 0x00, 0x00, 0x00, 0x00, 0x00, 0x00, 0x00,
    0x00, 0x00, 0x00, 0x00, 0x00, 0x00, 0x00, 0x00,
    0x00, 0x00, 0x00, 0x00, 0x00, 0x00, 0x00, 0x00,
    0x00, 0x00, 0x00, 0x00, 0x00, 0x00, 0x00, 0x00,
    0x00, 0x00, 0x00, 0x00, 0x00, 0x00, 0x00, 0x00,
    0x00, 0x00, 0x00, 0x00, 0x00, 0x00, 0x00, 0x00,
    0x00, 0x00, 0x00, 0x00, 0x00, 0x00, 0x00, 0x00,
    0x00, 0x00, 0x00, 0x00, 0x00, 0x00, 0x00, 0x00,
    0x00, 0x00, 0x00, 0x00, 0x00, 0x00, 0x00, 0x00,
    0x00, 0x00, 0x00, 0x00, 0x00, 0x00, 0x00, 0x00,
    0x00, 0x00, 0x00, 0x00, 0x00, 0x00, 0x00, 0x00,
    0x00, 0x00, 0x00, 0x00, 0x00, 0x00, 0x00, 0x00,
    0x00, 0x00, 0x00, 0x00, 0x00, 0x00, 0x00, 0x00,
    0x00, 0x00, 0x00, 0x00, 0x00, 0x00, 0x00, 0x00,
    0x00, 0x00, 0x00, 0x00, 0x00, 0x00, 0x00, 0x00,
    0x00, 0x00, 0x00, 0x00, 0x00, 0x00, 0x00, 0x00,
    0x00, 0x00, 0x00, 0x00, 0x00, 0x00, 0x00, 0x00,
    0x00, 0x00, 0x00, 0x00, 0x00, 0x00, 0x00, 0x00,
    0x00, 0x00, 0x00, 0x00, 0x00, 0x00, 0x00, 0x00,
    0x00, 0x00, 0x00, 0x00, 0x00, 0x00, 0x00, 0x00,
    0x00, 0x00, 0x00, 0x00, 0x00, 0x00, 0x00, 0x00,
    0x00, 0x00, 0x00, 0x00, 0x00, 0x00, 0x00, 0x00,
    0x00, 0x00, 0x00, 0x00, 0x00, 0x00, 0x00, 0x00,
    0x00, 0x00, 0x00, 0x00, 0x00, 0x00, 0x00, 0x00,
    0x00, 0x00, 0x00, 0x00, 0x00, 0x00, 0x00, 0x00,
    0x00, 0x00, 0x00, 0x00, 0x00, 0x00, 0x00, 0x00,
    0x00, 0x00, 0x00, 0x00, 0x00, 0x00, 0x00, 0x00,
    0x00, 0x00, 0x00, 0x00, 0x00, 0x00, 0x00, 0x00,
    0x00, 0x00, 0x00, 0x00, 0x00, 0x00, 0x00, 0x00,
    0x00, 0x00, 0x00, 0x00, 0x00, 0x00, 0x00, 0x00,
    0x00, 0x00, 0x00, 0x00, 0x00, 0x00, 0x00, 0x00,
    0x00, 0x00, 0x00, 0x00, 0x00, 0x00, 0x00, 0x00,
    0x00, 0x00, 0x00, 0x00, 0x00, 0x00, 0x00, 0x00,
    0x00, 0x00, 0x00, 0x00, 0x00, 0x00, 0x00, 0x00,
    0x00, 0x00, 0x00, 0x00, 0x00, 0x00, 0x00, 0x00,
    0x00, 0x00, 0x00, 0x00, 0x00, 0x00, 0x00, 0x00,
    0x00, 0x00, 0x00, 0x00, 0x00, 0x00, 0x00, 0x00,
    0x00, 0x00, 0x00, 0x00, 0x00, 0x00, 0x00, 0x00,
    0x00, 0x00, 0x00, 0x00, 0x00, 0x00, 0x00, 0x00,
    0x00, 0x00, 0x00, 0x00, 0x00, 0x00, 0x00, 0x00,
    0x00, 0x00, 0x00, 0x00, 0x00, 0x00, 0x00, 0x00,
    0x00, 0x00, 0x00, 0x00, 0x00, 0x00, 0x00, 0x00,
    0x00, 0x00, 0x00, 0x00, 0x00, 0x00, 0x00, 0x00,
    0x00, 0x00, 0x00, 0x00, 0x00, 0x00, 0x00, 0x00,
    0x00, 0x00, 0x00, 0x00, 0x00, 0x00, 0x00, 0x00,
    0x00, 0x00, 0x00, 0x00, 0x00, 0x00, 0x00, 0x00,
    0x00, 0x00, 0x00, 0x00, 0x00, 0x00, 0x00, 0x00,
    0x00, 0x00, 0x00, 0x00, 0x00, 0x00, 0x00, 0x00,
    0x00, 0x00, 0x00, 0x00, 0x00, 0x00, 0x00, 0x00,
    0x00, 0x00, 0x00, 0x00, 0x00, 0x00, 0x00, 0x00,
    0x00, 0x00, 0x00, 0x00, 0x00, 0x00, 0x00, 0x00,
    0x00, 0x00, 0x00, 0x00, 0x00, 0x00, 0x00, 0x00,
    0x00, 0x00, 0x00, 0x00, 0x00, 0x00, 0x00, 0x00,
    0x00, 0x00, 0x00, 0x00, 0x00, 0x00, 0x00, 0x00,
    0x00, 0x00, 0x00, 0x00, 0x00, 0x00, 0x00, 0x00,
    0x00, 0x00, 0x00, 0x00, 0x00, 0x00, 0x00, 0x00,
    0x00, 0x00, 0x00, 0x00, 0x00, 0x00, 0x00, 0x00,
    0x00, 0x00, 0x00, 0x00, 0x00, 0x00, 0x00, 0x00,
    0x00, 0x00, 0x00, 0x00, 0x00, 0x00, 0x00, 0x00,
    0x00, 0x00, 0x00, 0x00, 0x00, 0x00, 0x00, 0x00,
    0x00, 0x00, 0x00, 0x00, 0x00, 0x00, 0x00, 0x00,
    0x00, 0x00, 0x00, 0x00, 0x00, 0x00, 0x00, 0x00,
    0x00, 0x00, 0x00, 0x00, 0x00, 0x00, 0x00, 0x00,
    0x00, 0x00, 0x00, 0x00, 0x00, 0x00, 0x00, 0x00,
    0x00, 0x00, 0x00, 0x00, 0x00, 0x00, 0x00, 0x00,
    0x00, 0x00, 0x00, 0x00, 0x00, 0x00, 0x00, 0x00,
    0x00, 0x00, 0x00, 0x00, 0x00, 0x00, 0x00, 0x00,
    0x00, 0x00, 0x00, 0x00, 0x00, 0x00, 0x00, 0x00,
    0x00, 0x00, 0x00, 0x00, 0x00, 0x00, 0x00, 0x00,
    0x00, 0x00, 0x00, 0x00, 0x00, 0x00, 0x00, 0x00,
    0x00, 0x00, 0x00, 0x00, 0x00, 0x00, 0x00, 0x00,
    0x00, 0x00, 0x00, 0x00, 0x00, 0x00, 0x00, 0x00,
    0x00, 0x00, 0x00, 0x00, 0x00, 0x00, 0x00, 0x00,
    0x00, 0x00, 0x00, 0x00, 0x00, 0x00, 0x00, 0x00,
    0x00, 0x00, 0x00, 0x00, 0x00, 0x00, 0x00, 0x00,
    0x00, 0x00, 0x00, 0x00, 0x00, 0x00, 0x00, 0x00,
    0x00, 0x00, 0x00, 0x00, 0x00, 0x00, 0x00, 0x00,
    0x00, 0x00, 0x00, 0x00, 0x00, 0x00, 0x00, 0x00,
    0x00, 0x00, 0x00, 0x00, 0x00, 0x00, 0x00, 0x00,
    0x00, 0x00, 0x00, 0x00, 0x00, 0x00, 0x00, 0x00,
    0x00, 0x00, 0x00, 0x00, 0x00, 0x00, 0x00, 0x00,
    0x00, 0x00, 0x00, 0x00, 0x00, 0x00, 0x00, 0x00,
    0x00, 0x00, 0x00, 0x00, 0x00, 0x00, 0x00, 0x00,
    0x00, 0x00, 0x00, 0x00, 0x00, 0x00, 0x00, 0x00,
    0x00, 0x00, 0x00, 0x00, 0x00, 0x00, 0x00, 0x00,
    0x00, 0x00, 0x00, 0x00, 0x00, 0x00, 0x00, 0x00,
    0x00, 0x00, 0x00, 0x00, 0x00, 0x00, 0x00, 0x00,
    0x00, 0x00, 0x00, 0x00, 0x00, 0x00, 0x00, 0x00,
    0x00, 0x00, 0x00, 0x00, 0x00, 0x00, 0x00, 0x00,
    0x00, 0x00, 0x00, 0x00, 0x00, 0x00, 0x00, 0x00,
    0x00, 0x00, 0x00, 0x00, 0x00, 0x00, 0x00, 0x00,
    0x00, 0x00, 0x00, 0x00, 0x00, 0x00, 0x00, 0x00,
    0x00, 0x00, 0x00, 0x00, 0x00, 0x00, 0x00, 0x00,
    0x00, 0x00, 0x00, 0x00, 0x00, 0x00, 0x00, 0x00,
    0x00, 0x00, 0x00, 0x00, 0x00, 0x00, 0x00, 0x00,
    0x00, 0x00, 0x00, 0x00, 0x00, 0x00, 0x00, 0x00,
    0x00, 0x00, 0x00, 0x00, 0x00, 0x00, 0x00, 0x00,
    0x00, 0x00, 0x00, 0x00, 0x00, 0x00, 0x00, 0x00,
    0x00, 0x00, 0x00, 0x00, 0x00, 0x00, 0x00, 0x00,
    0x00, 0x00, 0x00, 0x00, 0x00, 0x00, 0x00, 0x00,
    0x00, 0x00, 0x00, 0x00, 0x00, 0x00, 0x00, 0x00,
    0x00, 0x00, 0x00, 0x00, 0x00, 0x00, 0x00, 0x00,
    0x00, 0x00, 0x00, 0x00, 0x00, 0x00, 0x00, 0x00,
    0x00, 0x00, 0x00, 0x00, 0x00, 0x00, 0x00, 0x00,
    0x00, 0x00, 0x00, 0x00, 0x00, 0x00, 0x00, 0x00,
    0x00, 0x00, 0x00, 0x00, 0x00, 0x00, 0x00, 0x00,
    0x00, 0x00, 0x00, 0x00, 0x00, 0x00, 0x00, 0x00,
    0x00, 0x00, 0x00, 0x00, 0x00, 0x00, 0x00, 0x00,
    0x00, 0x00, 0x00, 0x00, 0x00, 0x00, 0x00, 0x00,
    0x00, 0x00, 0x00, 0x00, 0x00, 0x00, 0x00, 0x00,
    0x00, 0x00, 0x00, 0x00, 0x00, 0x00, 0x00, 0x00,
    0x00, 0x00, 0x00, 0x00, 0x00, 0x00, 0x00, 0x00,
    0x00, 0x00, 0x00, 0x00, 0x00, 0x00, 0x00, 0x00,
    0x00, 0x00, 0x00, 0x00, 0x00, 0x00, 0x00, 0x00,
    0x00, 0x00, 0x00, 0x00, 0x00, 0x00, 0x00, 0x00,
    0x00, 0x00, 0x00, 0x00, 0x00, 0x00, 0x00, 0x00,
    0x00, 0x00, 0x00, 0x00, 0x00, 0x00, 0x00, 0x00,
    0x00, 0x00, 0x00, 0x00, 0x00, 0x00, 0x00, 0x00,
    0x00, 0x00, 0x00, 0x00, 0x00, 0x00, 0x00, 0x00,
    0x00, 0x00, 0x00, 0x00, 0x00, 0x00, 0x00, 0x00,
    0x00, 0x00, 0x00, 0x00, 0x00, 0x00, 0x00, 0x00,
    0x00, 0x00, 0x00, 0x00, 0x00, 0x00, 0x00, 0x00,
    0x00, 0x00, 0x00, 0x00, 0x00, 0x00, 0x00, 0x00,
    0x00, 0x00, 0x00, 0x00, 0x00, 0x00, 0x00, 0x00,
    0x00, 0x00, 0x00, 0x00, 0x00, 0x00, 0x00, 0x00,
    0x00, 0x00, 0x00, 0x00, 0x00, 0x00, 0x00, 0x00,
    0x00, 0x00, 0x00, 0x00, 0x00, 0x00, 0x00, 0x00,
    0x00, 0x00, 0x00, 0x00, 0x00, 0x00, 0x00, 0x00,
    0x00, 0x00, 0x00, 0x00, 0x00, 0x00, 0x00, 0x00,
    0x00, 0x00, 0x00, 0x00, 0x00, 0x00, 0x00, 0x00,
    0x00, 0x00, 0x00, 0x00, 0x00, 0x00, 0x00, 0x00,
    0x00, 0x00, 0x00, 0x00, 0x00, 0x00, 0x00, 0x00,
    0x00, 0x00, 0x00, 0x00, 0x00, 0x00, 0x00, 0x00,
    0x00, 0x00, 0x00, 0x00, 0x00, 0x00, 0x00, 0x00,
    0x00, 0x00, 0x00, 0x00, 0x00, 0x00, 0x00, 0x00,
    0x00, 0x00, 0x00, 0x00, 0x00, 0x00, 0x00, 0x00,
    0x00, 0x00, 0x00, 0x00, 0x00, 0x00, 0x00, 0x00,
    0x00, 0x00, 0x00, 0x00, 0x00, 0x00, 0x00, 0x00,
    0x00, 0x00, 0x00, 0x00, 0x00, 0x00, 0x00, 0x00,
    0x00, 0x00, 0x00, 0x00, 0x00, 0x00, 0x00, 0x00,
    0x00, 0x00, 0x00, 0x00, 0x00, 0x00, 0x00, 0x00,
    0x00, 0x00, 0x00, 0x00, 0x00, 0x00, 0x00, 0x00,
    0x00, 0x00, 0x00, 0x00, 0x00, 0x00, 0x00, 0x00,
    0x00, 0x00, 0x00, 0x00, 0x00, 0x00, 0x00, 0x00,
    0x00, 0x00, 0x00, 0x00, 0x00, 0x00, 0x00, 0x00,
    0x00, 0x00, 0x00, 0x00, 0x00, 0x00, 0x00, 0x00,
    0x00, 0x00, 0x00, 0x00, 0x00, 0x00, 0x00, 0x00,
    0x00, 0x00, 0x00, 0x00, 0x00, 0x00, 0x00, 0x00,
    0x00, 0x00, 0x00, 0x00, 0x00, 0x00, 0x00, 0x00,
    0x00, 0x00, 0x00, 0x00, 0x00, 0x00, 0x00, 0x00,
    0x00, 0x00, 0x00, 0x00, 0x00, 0x00, 0x00, 0x00,
    0x00, 0x00, 0x00, 0x00, 0x00, 0x00, 0x00, 0x00,
    0x00, 0x00, 0x00, 0x00, 0x00, 0x00, 0x00, 0x00,
    0x00, 0x00, 0x00, 0x00, 0x00, 0x00, 0x00, 0x00,
    0x00, 0x00, 0x00, 0x00, 0x00, 0x00, 0x00, 0x00,
    0x00, 0x00, 0x00, 0x00, 0x00, 0x00, 0x00, 0x00,
    0x00, 0x00, 0x00, 0x00, 0x00, 0x00, 0x00, 0x00,
    0x00, 0x00, 0x00, 0x00, 0x00, 0x00, 0x00, 0x00,
    0x00, 0x00, 0x00, 0x00, 0x00, 0x00, 0x00, 0x00,
    0x00, 0x00, 0x00, 0x00, 0x00, 0x00, 0x00, 0x00,
    0x00, 0x00, 0x00, 0x00, 0x00, 0x00, 0x00, 0x00,
    0x00, 0x00, 0x00, 0x00, 0x00, 0x00, 0x00, 0x00,
    0x00, 0x00, 0x00, 0x00, 0x00, 0x00, 0x00, 0x00,
    0x00, 0x00, 0x00, 0x00, 0x00, 0x00, 0x00, 0x00,
    0x00, 0x00, 0x00, 0x00, 0x00, 0x00, 0x00, 0x00,
    0x00, 0x00, 0x00, 0x00, 0x00, 0x00, 0x00, 0x00,
    0x00, 0x00, 0x00, 0x00, 0x00, 0x00, 0x00, 0x00,
    0x00, 0x00, 0x00, 0x00, 0x00, 0x00, 0x00, 0x00,
    0x00, 0x00, 0x00, 0x00, 0x00, 0x00, 0x00, 0x00,
    0x00, 0x00, 0x00, 0x00, 0x00, 0x00, 0x00, 0x00,
    0x00, 0x00, 0x00, 0x00, 0x00, 0x00, 0x00, 0x00,
    0x00, 0x00, 0x00, 0x00, 0x00, 0x00, 0x00, 0x00,
    0x00, 0x00, 0x00, 0x00, 0x00, 0x00, 0x00, 0x00,
    0x00, 0x00, 0x00, 0x00, 0x00, 0x00, 0x00, 0x00,
    0x00, 0x00, 0x00, 0x00, 0x00, 0x00, 0x00, 0x00,
    0x00, 0x00, 0x00, 0x00, 0x00, 0x00, 0x00, 0x00,
    0x00, 0x00, 0x00, 0x00, 0x00, 0x00, 0x00, 0x00,
    0x00, 0x00, 0x00, 0x00, 0x00, 0x00, 0x00, 0x00,
    0x00, 0x00, 0x00, 0x00, 0x00, 0x00, 0x00, 0x00,
    0x00, 0x00, 0x00, 0x00, 0x00, 0x00, 0x00, 0x00,
    0x00, 0x00, 0x00, 0x00, 0x00, 0x00, 0x00, 0x00,
    0x00, 0x00, 0x00, 0x00, 0x00, 0x00, 0x00, 0x00,
    0x00, 0x00, 0x00, 0x00, 0x00, 0x00, 0x00, 0x00,
    0x00, 0x00, 0x00, 0x00, 0x00, 0x00, 0x00, 0x00,
    0x00, 0x00, 0x00, 0x00, 0x00, 0x00, 0x00, 0x00,
    0x00, 0x00, 0x00, 0x00, 0x00, 0x00, 0x00, 0x00,
    0x00, 0x00, 0x00, 0x00, 0x00, 0x00, 0x00, 0x00,
    0x00, 0x00, 0x00, 0x00, 0x00, 0x00, 0x00, 0x00,
    0x00, 0x00, 0x00, 0x00, 0x00, 0x00, 0x00, 0x00,
    0x00, 0x00, 0x00, 0x00, 0x00, 0x00, 0x00, 0x00,
    0x00, 0x00, 0x00, 0x00, 0x00, 0x00, 0x00, 0x00,
    0x00, 0x00, 0x00, 0x00, 0x00, 0x00, 0x00, 0x00,
    0x00, 0x00, 0x00, 0x00, 0x00, 0x00, 0x00, 0x00,
    0x00, 0x00, 0x00, 0x00, 0x00, 0x00, 0x00, 0x00,
    0x00, 0x00, 0x00, 0x00, 0x00, 0x00, 0x00, 0x00,
    0x00, 0x00, 0x00, 0x00, 0x00, 0x00, 0x00, 0x00,
    0x00, 0x00, 0x00, 0x00, 0x00, 0x00, 0x00, 0x00,
    0x00, 0x00, 0x00, 0x00, 0x00, 0x00, 0x00, 0x00,
    0x00, 0x00, 0x00, 0x00, 0x00, 0x00, 0x00, 0x00,
    0x00, 0x00, 0x00, 0x00, 0x00, 0x00, 0x00, 0x00,
    0x00, 0x00, 0x00, 0x00, 0x00, 0x00, 0x00, 0x00,
    0x00, 0x00, 0x00, 0x00, 0x00, 0x00, 0x00, 0x00,
    0x00, 0x00, 0x00, 0x00, 0x00, 0x00, 0x00, 0x00,
    0x00, 0x00, 0x00, 0x00, 0x00, 0x00, 0x00, 0x00,
    0x00, 0x00, 0x00, 0x00, 0x00, 0x00, 0x00, 0x00,
    0x00, 0x00, 0x00, 0x00, 0x00, 0x00, 0x00, 0x00,
    0x00, 0x00, 0x00, 0x00, 0x00, 0x00, 0x00, 0x00,
    0x00, 0x00, 0x00, 0x00, 0x00, 0x00, 0x00, 0x00,
    0x00, 0x00, 0x00, 0x00, 0x00, 0x00, 0x00, 0x00,
    0x00, 0x00, 0x00, 0x00, 0x00, 0x00, 0x00, 0x00,
    0x00, 0x00, 0x00, 0x00, 0x00, 0x00, 0x00, 0x00,
    0x00, 0x00, 0x00, 0x00, 0x00, 0x00, 0x00, 0x00,
    0x00, 0x00, 0x00, 0x00, 0x00, 0x00, 0x00, 0x00,
    0x00, 0x00, 0x00, 0x00, 0x00, 0x00, 0x00, 0x00,
    0x00, 0x00, 0x00, 0x00, 0x00, 0x00, 0x00, 0x00,
    0x00, 0x00, 0x00, 0x00, 0x00, 0x00, 0x00, 0x00,
    0x00, 0x00, 0x00, 0x00, 0x00, 0x00, 0x00, 0x00,
    0x00, 0x00, 0x00, 0x00, 0x00, 0x00, 0x00, 0x00,
    0x00, 0x00, 0x00, 0x00, 0x00, 0x00, 0x00, 0x00,
    0x00, 0x00, 0x00, 0x00, 0x00, 0x00, 0x00, 0x00,
    0x00, 0x00, 0x00, 0x00, 0x00, 0x00, 0x00, 0x00,
    0x00, 0x00, 0x00, 0x00, 0x00, 0x00, 0x00, 0x00,
    0x00, 0x00, 0x00, 0x00, 0x00, 0x00, 0x00, 0x00,
    0x00, 0x00, 0x00, 0x00, 0x00, 0x00, 0x00, 0x00,
    0x00, 0x00, 0x00, 0x00, 0x00, 0x00, 0x00, 0x00,
    0x00, 0x00, 0x00, 0x00, 0x00, 0x00, 0x00, 0x00,
    0x00, 0x00, 0x00, 0x00, 0x00, 0x00, 0x00, 0x00,
    0x00, 0x00, 0x00, 0x00, 0x00, 0x00, 0x00, 0x00,
    0x00, 0x00, 0x00, 0x00, 0x00, 0x00, 0x00, 0x00,
    0x00, 0x00, 0x00, 0x00, 0x00, 0x00, 0x00, 0x00,
    0x00, 0x00, 0x00, 0x00, 0x00, 0x00, 0x00, 0x00,
    0x00, 0x00, 0x00, 0x00, 0x00, 0x00, 0x00, 0x00,
    0x00, 0x00, 0x00, 0x00, 0x00, 0x00, 0x00, 0x00,
    0x00, 0x00, 0x00, 0x00, 0x00, 0x00, 0x00, 0x00,
    0x00, 0x00, 0x00, 0x00, 0x00, 0x00, 0x00, 0x00,
    0x00, 0x00, 0x00, 0x00, 0x00, 0x00, 0x00, 0x00,
    0x00, 0x00, 0x00, 0x00, 0x00, 0x00, 0x00, 0x00,
    0x00, 0x00, 0x00, 0x00, 0x00, 0x00, 0x00, 0x00,
    0x00, 0x00, 0x00, 0x00, 0x00, 0x00, 0x00, 0x00,
    0x00, 0x00, 0x00, 0x00, 0x00, 0x00, 0x00, 0x00,
    0x00, 0x00, 0x00, 0x00, 0x00, 0x00, 0x00, 0x00,
    0x00, 0x00, 0x00, 0x00, 0x00, 0x00, 0x00, 0x00,
    0x00, 0x00, 0x00, 0x00, 0x00, 0x00, 0x00, 0x00,
    0x00, 0x00, 0x00, 0x00, 0x00, 0x00, 0x00, 0x00,
    0x00, 0x00, 0x00, 0x00, 0x00, 0x00, 0x00, 0x00,
    0x00, 0x00, 0x00, 0x00, 0x00, 0x00, 0x00, 0x00,
    0x00, 0x00, 0x00, 0x00, 0x00, 0x00, 0x00, 0x00,
    0x00, 0x00, 0x00, 0x00, 0x00, 0x00, 0x00, 0x00,
    0x00, 0x00, 0x00, 0x00, 0x00, 0x00, 0x00, 0x00,
    0x00, 0x00, 0x00, 0x00, 0x00, 0x00, 0x00, 0x00,
    0x00, 0x00, 0x00, 0x00, 0x00, 0x00, 0x00, 0x00,
    0x00, 0x00, 0x00, 0x00, 0x00, 0x00, 0x00, 0x00,
    0x00, 0x00, 0x00, 0x00, 0x00, 0x00, 0x00, 0x00,
    0x00, 0x00, 0x00, 0x00, 0x00, 0x00, 0x00, 0x00,
    0x00, 0x00, 0x00, 0x00, 0x00, 0x00, 0x00, 0x00,
    0x00, 0x00, 0x00, 0x00, 0x00, 0x00, 0x00, 0x00,
    0x00, 0x00, 0x00, 0x00, 0x00, 0x00, 0x00, 0x00,
    0x00, 0x00, 0x00, 0x00, 0x00, 0x00, 0x00, 0x00,
    0x00, 0x00, 0x00, 0x00, 0x00, 0x00, 0x00, 0x00,
    0x00, 0x00, 0x00, 0x00, 0x00, 0x00, 0x00, 0x00,
    0x00, 0x00, 0x00, 0x00, 0x00, 0x00, 0x00, 0x00,
    0x00, 0x00, 0x00, 0x00, 0x00, 0x00, 0x00, 0x00,
    0x00, 0x00, 0x00, 0x00, 0x00, 0x00, 0x00, 0x00,
    0x00, 0x00, 0x00, 0x00, 0x00, 0x00, 0x00, 0x00,
    0x00, 0x00, 0x00, 0x00, 0x00, 0x00, 0x00, 0x00,
    0x00, 0x00, 0x00, 0x00, 0x00, 0x00, 0x00, 0x00,
    0x00, 0x00, 0x00, 0x00, 0x00, 0x00, 0x00, 0x00,
    0x00, 0x00, 0x00, 0x00, 0x00, 0x00, 0x00, 0x00,
    0x00, 0x00, 0x00, 0x00, 0x00, 0x00, 0x00, 0x00,
    0x00, 0x00, 0x00, 0x00, 0x00, 0x00, 0x00, 0x00,
    0x00, 0x00, 0x00, 0x00, 0x00, 0x00, 0x00, 0x00,
    0x00, 0x00, 0x00, 0x00, 0x00, 0x00, 0x00, 0x00,
    0x00, 0x00, 0x00, 0x00, 0x00, 0x00, 0x00, 0x00,
    0x00, 0x00, 0x00, 0x00, 0x00, 0x00, 0x00, 0x00,
    0x00, 0x00, 0x00, 0x00, 0x00, 0x00, 0x00, 0x00,
    0x00, 0x00, 0x00, 0x00, 0x00, 0x00, 0x00, 0x00,
    0x00, 0x00, 0x00, 0x00, 0x00, 0x00, 0x00, 0x00,
    0x00, 0x00, 0x00, 0x00, 0x00, 0x00, 0x00, 0x00,
    0x00, 0x00, 0x00, 0x00, 0x00, 0x00, 0x00, 0x00,
    0x00, 0x00, 0x00, 0x00, 0x00, 0x00, 0x00, 0x00,
    0x00, 0x00, 0x00, 0x00, 0x00, 0x00, 0x00, 0x00,
    0x00, 0x00, 0x00, 0x00, 0x00, 0x00, 0x00, 0x00,
    0x00, 0x00, 0x00, 0x00, 0x00, 0x00, 0x00, 0x00,
    0x00, 0x00, 0x00, 0x00, 0x00, 0x00, 0x00, 0x00,
    0x00, 0x00, 0x00, 0x00, 0x00, 0x00, 0x00, 0x00,
    0x00, 0x00, 0x00, 0x00, 0x00, 0x00, 0x00, 0x00,
    0x00, 0x00, 0x00, 0x00, 0x00, 0x00, 0x00, 0x00,
    0x00, 0x00, 0x00, 0x00, 0x00, 0x00, 0x00, 0x00,
    0x00, 0x00, 0x00, 0x00, 0x00, 0x00, 0x00, 0x00,
    0x00, 0x00, 0x00, 0x00, 0x00, 0x00, 0x00, 0x00,
    0x00, 0x00, 0x00, 0x00, 0x00, 0x00, 0x00, 0x00,
    0x00, 0x00, 0x00, 0x00, 0x00, 0x00, 0x00, 0x00,
    0x00, 0x00, 0x00, 0x00, 0x00, 0x00, 0x00, 0x00,
    0x00, 0x00, 0x00, 0x00, 0x00, 0x00, 0x00, 0x00,
    0x00, 0x00, 0x00, 0x00, 0x00, 0x00, 0x00, 0x00,
    0x00, 0x00, 0x00, 0x00, 0x00, 0x00, 0x00, 0x00,
    0x00, 0x00, 0x00, 0x00, 0x00, 0x00, 0x00, 0x00,
    0x00, 0x00, 0x00, 0x00, 0x00, 0x00, 0x00, 0x00,
    0x00, 0x00, 0x00, 0x00, 0x00, 0x00, 0x00, 0x00,
    0x00, 0x00, 0x00, 0x00, 0x00, 0x00, 0x00, 0x00,
    0x00, 0x00, 0x00, 0x00, 0x00, 0x00, 0x00, 0x00,
    0x00, 0x00, 0x00, 0x00, 0x00, 0x00, 0x00, 0x00,
    0x00, 0x00, 0x00, 0x00, 0x00, 0x00, 0x00, 0x00,
    0x00, 0x00, 0x00, 0x00, 0x00, 0x00, 0x00, 0x00,
    0x00, 0x00, 0x00, 0x00, 0x00, 0x00, 0x00, 0x00,
    0x00, 0x00, 0x00, 0x00, 0x00, 0x00, 0x00, 0x00,
    0x00, 0x00, 0x00, 0x00, 0x00, 0x00, 0x00, 0x00,
    0x00, 0x00, 0x00, 0x00, 0x00, 0x00, 0x00, 0x00,
    0x00, 0x00, 0x00, 0x00, 0x00, 0x00, 0x00, 0x00,
    0x00, 0x00, 0x00, 0x00, 0x00, 0x00, 0x00, 0x00,
    0x00, 0x00, 0x00, 0x00, 0x00, 0x00, 0x00, 0x00,
    0x00, 0x00, 0x00, 0x00, 0x00, 0x00, 0x00, 0x00,
    0x00, 0x00, 0x00, 0x00, 0x00, 0x00, 0x00, 0x00,
    0x00, 0x00, 0x00, 0x00, 0x00, 0x00, 0x00, 0x00,
    0x00, 0x00, 0x00, 0x00, 0x00, 0x00, 0x00, 0x00,
    0x00, 0x00, 0x00, 0x00, 0x00, 0x00, 0x00, 0x00,
    0x00, 0x00, 0x00, 0x00, 0x00, 0x00, 0x00, 0x00,
    0x00, 0x00, 0x00, 0x00, 0x00, 0x00, 0x00, 0x00,
    0x00, 0x00, 0x00, 0x00, 0x00, 0x00, 0x00, 0x00,
    0x00, 0x00, 0x00, 0x00, 0x00, 0x00, 0x00, 0x00,
    0x00, 0x00, 0x00, 0x00, 0x00, 0x00, 0x00, 0x00,
    0x00, 0x00, 0x00, 0x00, 0x00, 0x00, 0x00, 0x00,
    0x00, 0x00, 0x00, 0x00, 0x00, 0x00, 0x00, 0x00,
    0x00, 0x00, 0x00, 0x00, 0x00, 0x00, 0x00, 0x00,
    0x00, 0x00, 0x00, 0x00, 0x00, 0x00, 0x00, 0x00,
    0x00, 0x00, 0x00, 0x00, 0x00, 0x00, 0x00, 0x00,
    0x00, 0x00, 0x00, 0x00, 0x00, 0x00, 0x00, 0x00,
    0x00, 0x00, 0x00, 0x00, 0x00, 0x00, 0x00, 0x00,
    0x00, 0x00, 0x00, 0x00, 0x00, 0x00, 0x00, 0x00,
    0x00, 0x00, 0x00, 0x00, 0x00, 0x00, 0x00, 0x00,
    0x00, 0x00, 0x00, 0x00, 0x00, 0x00, 0x00, 0x00,
    0x00, 0x00, 0x00, 0x00, 0x00, 0x00, 0x00, 0x00,
    0x00, 0x00, 0x00, 0x00, 0x00, 0x00, 0x00, 0x00,
    0x00, 0x00, 0x00, 0x00, 0x00, 0x00, 0x00, 0x00,
    0x00, 0x00, 0x00, 0x00, 0x00, 0x00, 0x00, 0x00,
    0x00, 0x00, 0x00, 0x00, 0x00, 0x00, 0x00, 0x00,
    0x00, 0x00, 0x00, 0x00, 0x00, 0x00, 0x00, 0x00,
    0x00, 0x00, 0x00, 0x00, 0x00, 0x00, 0x00, 0x00,
    0x00, 0x00, 0x00, 0x00, 0x00, 0x00, 0x00, 0x00,
    0x00, 0x00, 0x00, 0x00, 0x00, 0x00, 0x00, 0x00,
    0x00, 0x00, 0x00, 0x00, 0x00, 0x00, 0x00, 0x00,
    0x00, 0x00, 0x00, 0x00, 0x00, 0x00, 0x00, 0x00,
    0x00, 0x00, 0x00, 0x00, 0x00, 0x00, 0x00, 0x00,
    0x00, 0x00, 0x00, 0x00, 0x00, 0x00, 0x00, 0x00,
    0x00, 0x00, 0x00, 0x00, 0x00, 0x00, 0x00, 0x00,
    0x00, 0x00, 0x00, 0x00, 0x00, 0x00, 0x00, 0x00,
    0x00, 0x00, 0x00, 0x00, 0x00, 0x00, 0x00, 0x00,
    0x00, 0x00, 0x00, 0x00, 0x00, 0x00, 0x00, 0x00,
    0x00, 0x00, 0x00, 0x00, 0x00, 0x00, 0x00, 0x00,
    0x00, 0x00, 0x00, 0x00, 0x00, 0x00, 0x00, 0x00,
    0x00, 0x00, 0x00, 0x00, 0x00, 0x00, 0x00, 0x00,
    0x00, 0x00, 0x00, 0x00, 0x00, 0x00, 0x00, 0x00,
    0x00, 0x00, 0x00, 0x00, 0x00, 0x00, 0x00, 0x00,
    0x00, 0x00, 0x00, 0x00, 0x00, 0x00, 0x00, 0x00,
    0x00, 0x00, 0x00, 0x00, 0x00, 0x00, 0x00, 0x00,
    0x00, 0x00, 0x00, 0x00, 0x00, 0x00, 0x00, 0x00,
    0x00, 0x00, 0x00, 0x00, 0x00, 0x00, 0x00, 0x00,
    0x00, 0x00, 0x00, 0x00, 0x00, 0x00, 0x00, 0x00,
    0x00, 0x00, 0x00, 0x00, 0x00, 0x00, 0x00, 0x00,
    0x00, 0x00, 0x00, 0x00, 0x00, 0x00, 0x00, 0x00,
    0x00, 0x00, 0x00, 0x00, 0x00, 0x00, 0x00, 0x00,
    0x00, 0x00, 0x00, 0x00, 0x00, 0x00, 0x00, 0x00,
    0x00, 0x00, 0x00, 0x00, 0x00, 0x00, 0x00, 0x00,
    0x00, 0x00, 0x00, 0x00, 0x00, 0x00, 0x00, 0x00,
    0x00, 0x00, 0x00, 0x00, 0x00, 0x00, 0x00, 0x00,
    0x00, 0x00, 0x00, 0x00, 0x00, 0x00, 0x00, 0x00,
    0x00, 0x00, 0x00, 0x00, 0x00, 0x00, 0x00, 0x00,
    0x00, 0x00, 0x00, 0x00, 0x00, 0x00, 0x00, 0x00,
    0x00, 0x00, 0x00, 0x00, 0x00, 0x00, 0x00, 0x00,
    0x00, 0x00, 0x00, 0x00, 0x00, 0x00, 0x00, 0x00,
    0x00, 0x00, 0x00, 0x00, 0x00, 0x00, 0x00, 0x00,
    0x00, 0x00, 0x00, 0x00, 0x00, 0x00, 0x00, 0x00,
    0x00, 0x00, 0x00, 0x00, 0x00, 0x00, 0x00, 0x00,
    0x00, 0x00, 0x00, 0x00, 0x00, 0x00, 0x00, 0x00,
    0x00, 0x00, 0x00, 0x00, 0x00, 0x00, 0x00, 0x00,
    0x00, 0x00, 0x00, 0x00, 0x00, 0x00, 0x00, 0x00,
    0x00, 0x00, 0x00, 0x00, 0x00, 0x00, 0x00, 0x00,
    0x00, 0x00, 0x00, 0x00, 0x00, 0x00, 0x00, 0x00,
    0x00, 0x00, 0x00, 0x00, 0x00, 0x00, 0x00, 0x00,
    0x00, 0x00, 0x00, 0x00, 0x00, 0x00, 0x00, 0x00,
    0x00, 0x00, 0x00, 0x00, 0x00, 0x00, 0x00, 0x00,
    0x00, 0x00, 0x00, 0x00, 0x00, 0x00, 0x00, 0x00,
    0x00, 0x00, 0x00, 0x00, 0x00, 0x00, 0x00, 0x00,
    0x00, 0x00, 0x00, 0x00, 0x00, 0x00, 0x00, 0x00,
    0x00, 0x00, 0x00, 0x00, 0x00, 0x00, 0x00, 0x00,
    0x00, 0x00, 0x00, 0x00, 0x00, 0x00, 0x00, 0x00,
    0x00, 0x00, 0x00, 0x00, 0x00, 0x00, 0x00, 0x00,
    0x00, 0x00, 0x00, 0x00, 0x00, 0x00, 0x00, 0x00,
    0x00, 0x00, 0x00, 0x00, 0x00, 0x00, 0x00, 0x00,
    0x00, 0x00, 0x00, 0x00, 0x00, 0x00, 0x00, 0x00,
    0x00, 0x00, 0x00, 0x00, 0x00, 0x00, 0x00, 0x00,
    0x00, 0x00, 0x00, 0x00, 0x00, 0x00, 0x00, 0x00,
    0x00, 0x00, 0x00, 0x00, 0x00, 0x00, 0x00, 0x00,
    0x00, 0x00, 0x00, 0x00, 0x00, 0x00, 0x00, 0x00,
    0x00, 0x00, 0x00, 0x00, 0x00, 0x00, 0x00, 0x00,
    0x00, 0x00, 0x00, 0x00, 0x00, 0x00, 0x00, 0x00,
    0x00, 0x00, 0x00, 0x00, 0x00, 0x00, 0x00, 0x00,
    0x00, 0x00, 0x00, 0x00, 0x00, 0x00, 0x00, 0x00,
    0x00, 0x00, 0x00, 0x00, 0x00, 0x00, 0x00, 0x00,
    0x00, 0x00, 0x00, 0x00, 0x00, 0x00, 0x00, 0x00,
    0x00, 0x00, 0x00, 0x00, 0x00, 0x00, 0x00, 0x00,
    0x00, 0x00, 0x00, 0x00, 0x00, 0x00, 0x00, 0x00,
    0x00, 0x00, 0x00, 0x00, 0x00, 0x00, 0x00, 0x00,
    0x00, 0x00, 0x00, 0x00, 0x00, 0x00, 0x00, 0x00,
    0x00, 0x00, 0x00, 0x00, 0x00, 0x00, 0x00, 0x00,
    0x00, 0x00, 0x00, 0x00, 0x00, 0x00, 0x00, 0x00,
    0x00, 0x00, 0x00, 0x00, 0x00, 0x00, 0x00, 0x00,
    0x00, 0x00, 0x00, 0x00, 0x00, 0x00, 0x00, 0x00,
    0x00, 0x00, 0x00, 0x00, 0x00, 0x00, 0x00, 0x00,
    0x00, 0x00, 0x00, 0x00, 0x00, 0x00, 0x00, 0x00,
    0x00, 0x00, 0x00, 0x00, 0x00, 0x00, 0x00, 0x00,
    0x00, 0x00, 0x00, 0x00, 0x00, 0x00, 0x00, 0x00,
    0x00, 0x00, 0x00, 0x00, 0x00, 0x00, 0x00, 0x00,
    0x00, 0x00, 0x00, 0x00, 0x00, 0x00, 0x00, 0x00,
    0x00, 0x00, 0x00, 0x00, 0x00, 0x00, 0x00, 0x00,
    0x00, 0x00, 0x00, 0x00, 0x00, 0x00, 0x00, 0x00,
    0x00, 0x00, 0x00, 0x00, 0x00, 0x00, 0x00, 0x00,
    0x00, 0x00, 0x00, 0x00, 0x00, 0x00, 0x00, 0x00,
    0x00, 0x00, 0x00, 0x00, 0x00, 0x00, 0x00, 0x00,
    0x00, 0x00, 0x00, 0x00, 0x00, 0x00, 0x00, 0x00,
    0x00, 0x00, 0x00, 0x00, 0x00, 0x00, 0x00, 0x00,
    0x00, 0x00, 0x00, 0x00, 0x00, 0x00, 0x00, 0x00,
    0x00, 0x00, 0x00, 0x00, 0x00, 0x00, 0x00, 0x00,
    0x00, 0x00, 0x00, 0x00, 0x00, 0x00, 0x00, 0x00,
    0x00, 0x00, 0x00, 0x00, 0x00, 0x00, 0x00, 0x00,
    0x00, 0x00, 0x00, 0x00, 0x00, 0x00, 0x00, 0x00,
    0x00, 0x00, 0x00, 0x00, 0x00, 0x00, 0x00, 0x00,
    0x00, 0x00, 0x00, 0x00, 0x00, 0x00, 0x00, 0x00,
    0x00, 0x00, 0x00, 0x00, 0x00, 0x00, 0x00, 0x00,
    0x00, 0x00, 0x00, 0x00, 0x00, 0x00, 0x00, 0x00,
    0x00, 0x00, 0x00, 0x00, 0x00, 0x00, 0x00, 0x00,
    0x00, 0x00, 0x00, 0x00, 0x00, 0x00, 0x00, 0x00,
    0x00, 0x00, 0x00, 0x00, 0x00, 0x00, 0x00, 0x00,
    0x00, 0x00, 0x00, 0x00, 0x00, 0x00, 0x00, 0x00,
    0x00, 0x00, 0x00, 0x00, 0x00, 0x00, 0x00, 0x00,
    0x00, 0x00, 0x00, 0x00, 0x00, 0x00, 0x00, 0x00,
    0x00, 0x00, 0x00, 0x00, 0x00, 0x00, 0x00, 0x00,
    0x00, 0x00, 0x00, 0x00, 0x00, 0x00, 0x00, 0x00,
    0x00, 0x00, 0x00, 0x00, 0x00, 0x00, 0x00, 0x00,
    0x00, 0x00, 0x00, 0x00, 0x00, 0x00, 0x00, 0x00,
    0x00, 0x00, 0x00, 0x00, 0x00, 0x00, 0x00, 0x00,
    0x00, 0x00, 0x00, 0x00, 0x00, 0x00, 0x00, 0x00,
    0x00, 0x00, 0x00, 0x00, 0x00, 0x00, 0x00, 0x00,
    0x00, 0x00, 0x00, 0x00, 0x00, 0x00, 0x00, 0x00,
    0x00, 0x00, 0x00, 0x00, 0x00, 0x00, 0x00, 0x00,
    0x00, 0x00, 0x00, 0x00, 0x00, 0x00, 0x00, 0x00,
    0x00, 0x00, 0x00, 0x00, 0x00, 0x00, 0x00, 0x00,
    0x00, 0x00, 0x00, 0x00, 0x00, 0x00, 0x00, 0x00,
    0x00, 0x00, 0x00, 0x00, 0x00, 0x00, 0x00, 0x00,
    0x00, 0x00, 0x00, 0x00, 0x00, 0x00, 0x00, 0x00,
    0x00, 0x00, 0x00, 0x00, 0x00, 0x00, 0x00, 0x00,
    0x00, 0x00, 0x00, 0x00, 0x00, 0x00, 0x00, 0x00,
    0x00, 0x00, 0x00, 0x00, 0x00, 0x00, 0x00, 0x00,
    0x00, 0x00, 0x00, 0x00, 0x00, 0x00, 0x00, 0x00,
    0x00, 0x00, 0x00, 0x00, 0x00, 0x00, 0x00, 0x00,
    0x00, 0x00, 0x00, 0x00, 0x00, 0x00, 0x00, 0x00,
    0x00, 0x00, 0x00, 0x00, 0x00, 0x00, 0x00, 0x00,
    0x00, 0x00, 0x00, 0x00, 0x00, 0x00, 0x00, 0x00,
    0x00, 0x00, 0x00, 0x00, 0x00, 0x00, 0x00, 0x00,
    0x00, 0x00, 0x00, 0x00, 0x00, 0x00, 0x00, 0x00,
    0x00, 0x00, 0x00, 0x00, 0x00, 0x00, 0x00, 0x00,
    0x00, 0x00, 0x00, 0x00, 0x00, 0x00, 0x00, 0x00,
    0x00, 0x00, 0x00, 0x00, 0x00, 0x00, 0x00, 0x00,
    0x00, 0x00, 0x00, 0x00, 0x00, 0x00, 0x00, 0x00,
    0x00, 0x00, 0x00, 0x00, 0x00, 0x00, 0x00, 0x00,
    0x00, 0x00, 0x00, 0x00, 0x00, 0x00, 0x00, 0x00,
    0x00, 0x00, 0x00, 0x00, 0x00, 0x00, 0x00, 0x00,
    0x00, 0x00, 0x00, 0x00, 0x00, 0x00, 0x00, 0x00,
    0x00, 0x00, 0x00, 0x00, 0x00, 0x00, 0x00, 0x00,
    0x00, 0x00, 0x00, 0x00, 0x00, 0x00, 0x00, 0x00,
    0x00, 0x00, 0x00, 0x00, 0x00, 0x00, 0x00, 0x00,
    0x00, 0x00, 0x00, 0x00, 0x00, 0x00, 0x00, 0x00,
    0x00, 0x00, 0x00, 0x00, 0x00, 0x00, 0x00, 0x00,
    0x00, 0x00, 0x00, 0x00, 0x00, 0x00, 0x00, 0x00,
    0x00, 0x00, 0x00, 0x00, 0x00, 0x00, 0x00, 0x00,
    0x00, 0x00, 0x00, 0x00, 0x00, 0x00, 0x00, 0x00,
    0x00, 0x00, 0x00, 0x00, 0x00, 0x00, 0x00, 0x00,
    0x00, 0x00, 0x00, 0x00, 0x00, 0x00, 0x00, 0x00,
    0x00, 0x00, 0x00, 0x00, 0x00, 0x00, 0x00, 0x00,
    0x00, 0x00, 0x00, 0x00, 0x00, 0x00, 0x00, 0x00,
    0x00, 0x00, 0x00, 0x00, 0x00, 0x00, 0x00, 0x00,
    0x00, 0x00, 0x00, 0x00, 0x00, 0x00, 0x00, 0x00,
    0x00, 0x00, 0x00, 0x00, 0x00, 0x00, 0x00, 0x00,
    0x00, 0x00, 0x00, 0x00, 0x00, 0x00, 0x00, 0x00,
    0x00, 0x00, 0x00, 0x00, 0x00, 0x00, 0x00, 0x00,
    0x00, 0x00, 0x00, 0x00, 0x00, 0x00, 0x00, 0x00,
    0x00, 0x00, 0x00, 0x00, 0x00, 0x00, 0x00, 0x00,
    0x00, 0x00, 0x00, 0x00, 0x00, 0x00, 0x00, 0x00,
    0x00, 0x00, 0x00, 0x00, 0x00, 0x00, 0x00, 0x00,
    0x00, 0x00, 0x00, 0x00, 0x00, 0x00, 0x00, 0x00,
    0x00, 0x00, 0x00, 0x00, 0x00, 0x00, 0x00, 0x00,
    0x00, 0x00, 0x00, 0x00, 0x00, 0x00, 0x00, 0x00,
    0x00, 0x00, 0x00, 0x00, 0x00, 0x00, 0x00, 0x00,
    0x00, 0x00, 0x00, 0x00, 0x00, 0x00, 0x00, 0x00,
    0x00, 0x00, 0x00, 0x00, 0x00, 0x00, 0x00, 0x00,
    0x00, 0x00, 0x00, 0x00, 0x00, 0x00, 0x00, 0x00,
    0x00, 0x00, 0x00, 0x00, 0x00, 0x00, 0x00, 0x00,
    0x00, 0x00, 0x00, 0x00, 0x00, 0x00, 0x00, 0x00,
    0x00, 0x00, 0x00, 0x00, 0x00, 0x00, 0x00, 0x00,
    0x00, 0x00, 0x00, 0x00, 0x00, 0x00, 0x00, 0x00,
    0x00, 0x00, 0x00, 0x00, 0x00, 0x00, 0x00, 0x00,
    0x00, 0x00, 0x00, 0x00, 0x00, 0x00, 0x00, 0x00,
    0x00, 0x00, 0x00, 0x00, 0x00, 0x00, 0x00, 0x00,
    0x00, 0x00, 0x00, 0x00, 0x00, 0x00, 0x00, 0x00,
    0x00, 0x00, 0x00, 0x00, 0x00, 0x00, 0x00, 0x00,
    0x00, 0x00, 0x00, 0x00, 0x00, 0x00, 0x00, 0x00,
    0x00, 0x00, 0x00, 0x00, 0x00, 0x00, 0x00, 0x00,
    0x00, 0x00, 0x00, 0x00, 0x00, 0x00, 0x00, 0x00,
    0x00, 0x00, 0x00, 0x00, 0x00, 0x00, 0x00, 0x00,
    0x00, 0x00, 0x00, 0x00, 0x00, 0x00, 0x00, 0x00,
    0x00, 0x00, 0x00, 0x00, 0x00, 0x00, 0x00, 0x00,
    0x00, 0x00, 0x00, 0x00, 0x00, 0x00, 0x00, 0x00,
    0x00, 0x00, 0x00, 0x00, 0x00, 0x00, 0x00, 0x00,
    0x00, 0x00, 0x00, 0x00, 0x00, 0x00, 0x00, 0x00,
    0x00, 0x00, 0x00, 0x00, 0x00, 0x00, 0x00, 0x00,
    0x00, 0x00, 0x00, 0x00, 0x00, 0x00, 0x00, 0x00,
    0x00, 0x00, 0x00, 0x00, 0x00, 0x00, 0x00, 0x00,
    0x00, 0x00, 0x00, 0x00, 0x00, 0x00, 0x00, 0x00,
    0x00, 0x00, 0x00, 0x00, 0x00, 0x00, 0x00, 0x00,
    0x00, 0x00, 0x00, 0x00, 0x00, 0x00, 0x00, 0x00,
    0x00, 0x00, 0x00, 0x00, 0x00, 0x00, 0x00, 0x00,
    0x00, 0x00, 0x00, 0x00, 0x00, 0x00, 0x00, 0x00,
    0x00, 0x00, 0x00, 0x00, 0x00, 0x00, 0x00, 0x00,
    0x00, 0x00, 0x00, 0x00, 0x00, 0x00, 0x00, 0x00,
    0x00, 0x00, 0x00, 0x00, 0x00, 0x00, 0x00, 0x00,
    0x00, 0x00, 0x00, 0x00, 0x00, 0x00, 0x00, 0x00,
    0x00, 0x00, 0x00, 0x00, 0x00, 0x00, 0x00, 0x00,
    0x00, 0x00, 0x00, 0x00, 0x00, 0x00, 0x00, 0x00,
    0x00, 0x00, 0x00, 0x00, 0x00, 0x00, 0x00, 0x00,
    0x00, 0x00, 0x00, 0x00, 0x00, 0x00, 0x00, 0x00,
    0x00, 0x00, 0x00, 0x00, 0x00, 0x00, 0x00, 0x00,
    0x00, 0x00, 0x00, 0x00, 0x00, 0x00, 0x00, 0x00,
    0x00, 0x00, 0x00, 0x00, 0x00, 0x00, 0x00, 0x00,
    0x00, 0x00, 0x00, 0x00, 0x00, 0x00, 0x00, 0x00,
    0x00, 0x00, 0x00, 0x00, 0x00, 0x00, 0x00, 0x00,
    0x00, 0x00, 0x00, 0x00, 0x00, 0x00, 0x00, 0x00,
    0x00, 0x00, 0x00, 0x00, 0x00, 0x00, 0x00, 0x00,
    0x00, 0x00, 0x00, 0x00, 0x00, 0x00, 0x00, 0x00,
    0x00, 0x00, 0x00, 0x00, 0x00, 0x00, 0x00, 0x00,
    0x00, 0x00, 0x00, 0x00, 0x00, 0x00, 0x00, 0x00,
    0x00, 0x00, 0x00, 0x00, 0x00, 0x00, 0x00, 0x00,
    0x00, 0x00, 0x00, 0x00, 0x00, 0x00, 0x00, 0x00,
    0x00, 0x00, 0x00, 0x00, 0x00, 0x00, 0x00, 0x00,
    0x00, 0x00, 0x00, 0x00, 0x00, 0x00, 0x00, 0x00,
    0x00, 0x00, 0x00, 0x00, 0x00, 0x00, 0x00, 0x00,
    0x00, 0x00, 0x00, 0x00, 0x00, 0x00, 0x00, 0x00,
    0x00, 0x00, 0x00, 0x00, 0x00, 0x00, 0x00, 0x00,
    0x00, 0x00, 0x00, 0x00, 0x00, 0x00, 0x00, 0x00,
    0x00, 0x00, 0x00, 0x00, 0x00, 0x00, 0x00, 0x00,
    0x00, 0x00, 0x00, 0x00, 0x00, 0x00, 0x00, 0x00,
    0x00, 0x00, 0x00, 0x00, 0x00, 0x00, 0x00, 0x00,
    0x00, 0x00, 0x00, 0x00, 0x00, 0x00, 0x00, 0x00,
    0x00, 0x00, 0x00, 0x00, 0x00, 0x00, 0x00, 0x00,
    0x00, 0x00, 0x00, 0x00, 0x00, 0x00, 0x00, 0x00,
    0x00, 0x00, 0x00, 0x00, 0x00, 0x00, 0x00, 0x00,
    0x00, 0x00, 0x00, 0x00, 0x00, 0x00, 0x00, 0x00,
    0x00, 0x00, 0x00, 0x00, 0x00, 0x00, 0x00, 0x00,
    0x00, 0x00, 0x00, 0x00, 0x00, 0x00, 0x00, 0x00,
    0x00, 0x00, 0x00, 0x00, 0x00, 0x00, 0x00, 0x00,
    0x00, 0x00, 0x00, 0x00, 0x00, 0x00, 0x00, 0x00,
    0x00, 0x00, 0x00, 0x00, 0x00, 0x00, 0x00, 0x00,
    0x00, 0x00, 0x00, 0x00, 0x00, 0x00, 0x00, 0x00,
    0x00, 0x00, 0x00, 0x00, 0x00, 0x00, 0x00, 0x00,
    0x00, 0x00, 0x00, 0x00, 0x00, 0x00, 0x00, 0x00,
    0x00, 0x00, 0x00, 0x00, 0x00, 0x00, 0x00, 0x00,
    0x00, 0x00, 0x00, 0x00, 0x00, 0x00, 0x00, 0x00,
    0x00, 0x00, 0x00, 0x00, 0x00, 0x00, 0x00, 0x00,
    0x00, 0x00, 0x00, 0x00, 0x00, 0x00, 0x00, 0x00,
    0x00, 0x00, 0x00, 0x00, 0x00, 0x00, 0x00, 0x00,
    0x00, 0x00, 0x00, 0x00, 0x00, 0x00, 0x00, 0x00,
    0x00, 0x00, 0x00, 0x00, 0x00, 0x00, 0x00, 0x00,
    0x00, 0x00, 0x00, 0x00, 0x00, 0x00, 0x00, 0x00,
    0x00, 0x00, 0x00, 0x00, 0x00, 0x00, 0x00, 0x00,
    0x00, 0x00, 0x00, 0x00, 0x00, 0x00, 0x00, 0x00,
    0x00, 0x00, 0x00, 0x00, 0x00, 0x00, 0x00, 0x00,
    0x00, 0x00, 0x00, 0x00, 0x00, 0x00, 0x00, 0x00,
    0x00, 0x00, 0x00, 0x00, 0x00, 0x00, 0x00, 0x00,
    0x00, 0x00, 0x00, 0x00, 0x00, 0x00, 0x00, 0x00,
    0x00, 0x00, 0x00, 0x00, 0x00, 0x00, 0x00, 0x00,
    0x00, 0x00, 0x00, 0x00, 0x00, 0x00, 0x00, 0x00,
    0x00, 0x00, 0x00, 0x00, 0x00, 0x00, 0x00, 0x00,
    0x00, 0x00, 0x00, 0x00, 0x00, 0x00, 0x00, 0x00,
    0x00, 0x00, 0x00, 0x00, 0x00, 0x00, 0x00, 0x00,
    0x00, 0x00, 0x00, 0x00, 0x00, 0x00, 0x00, 0x00,
    0x00, 0x00, 0x00, 0x00, 0x00, 0x00, 0x00, 0x00,
    0x00, 0x00, 0x00, 0x00, 0x00, 0x00, 0x00, 0x00,
    0x00, 0x00, 0x00, 0x00, 0x00, 0x00, 0x00, 0x00,
    0x00, 0x00, 0x00, 0x00, 0x00, 0x00, 0x00, 0x00,
    0x00, 0x00, 0x00, 0x00, 0x00, 0x00, 0x00, 0x00,
    0x00, 0x00, 0x00, 0x00, 0x00, 0x00, 0x00, 0x00,
    0x00, 0x00, 0x00, 0x00, 0x00, 0x00, 0x00, 0x00,
    0x00, 0x00, 0x00, 0x00, 0x00, 0x00, 0x00, 0x00,
    0x00, 0x00, 0x00, 0x00, 0x00, 0x00, 0x00, 0x00,
    0x00, 0x00, 0x00, 0x00, 0x00, 0x00, 0x00, 0x00,
    0x00, 0x00, 0x00, 0x00, 0x00, 0x00, 0x00, 0x00,
    0x00, 0x00, 0x00, 0x00, 0x00, 0x00, 0x00, 0x00,
    0x00, 0x00, 0x00, 0x00, 0x00, 0x00, 0x00, 0x00,
    0x00, 0x00, 0x00, 0x00, 0x00, 0x00, 0x00, 0x00,
    0x00, 0x00, 0x00, 0x00, 0x00, 0x00, 0x00, 0x00,
    0x00, 0x00, 0x00, 0x00, 0x00, 0x00, 0x00, 0x00,
    0x00, 0x00, 0x00, 0x00, 0x00, 0x00, 0x00, 0x00,
    0x00, 0x00, 0x00, 0x00, 0x00, 0x00, 0x00, 0x00,
    0x00, 0x00, 0x00, 0x00, 0x00, 0x00, 0x00, 0x00,
    0x00, 0x00, 0x00, 0x00, 0x00, 0x00, 0x00, 0x00,
    0x00, 0x00, 0x00, 0x00, 0x00, 0x00, 0x00, 0x00,
    0x00, 0x00, 0x00, 0x00, 0x00, 0x00, 0x00, 0x00,
    0x00, 0x00, 0x00, 0x00, 0x00, 0x00, 0x00, 0x00,
    0x00, 0x00, 0x00, 0x00, 0x00, 0x00, 0x00, 0x00,
    0x00, 0x00, 0x00, 0x00, 0x00, 0x00, 0x00, 0x00,
    0x00, 0x00, 0x00, 0x00, 0x00, 0x00, 0x00, 0x00,
    0x00, 0x00, 0x00, 0x00, 0x00, 0x00, 0x00, 0x00,
    0x00, 0x00, 0x00, 0x00, 0x00, 0x00, 0x00, 0x00,
    0x00, 0x00, 0x00, 0x00, 0x00, 0x00, 0x00, 0x00,
    0x00, 0x00, 0x00, 0x00, 0x00, 0x00, 0x00, 0x00,
    0x00, 0x00, 0x00, 0x00, 0x00, 0x00, 0x00, 0x00,
    0x00, 0x00, 0x00, 0x00, 0x00, 0x00, 0x00, 0x00,
    0x00, 0x00, 0x00, 0x00, 0x00, 0x00, 0x00, 0x00,
    0x00, 0x00, 0x00, 0x00, 0x00, 0x00, 0x00, 0x00,
    0x00, 0x00, 0x00, 0x00, 0x00, 0x00, 0x00, 0x00,
    0x00, 0x00, 0x00, 0x00, 0x00, 0x00, 0x00, 0x00,
    0x00, 0x00, 0x00, 0x00, 0x00, 0x00, 0x00, 0x00,
    0x00, 0x00, 0x00, 0x00, 0x00, 0x00, 0x00, 0x00,
    0x00, 0x00, 0x00, 0x00, 0x00, 0x00, 0x00, 0x00,
    0x00, 0x00, 0x00, 0x00, 0x00, 0x00, 0x00, 0x00,
    0x00, 0x00, 0x00, 0x00, 0x00, 0x00, 0x00, 0x00,
    0x00, 0x00, 0x00, 0x00, 0x00, 0x00, 0x00, 0x00,
    0x00, 0x00, 0x00, 0x00, 0x00, 0x00, 0x00, 0x00,
    0x00, 0x00, 0x00, 0x00, 0x00, 0x00, 0x00, 0x00,
    0x00, 0x00, 0x00, 0x00, 0x00, 0x00, 0x00, 0x00,
    0x00, 0x00, 0x00, 0x00, 0x00, 0x00, 0x00, 0x00,
    0x00, 0x00, 0x00, 0x00, 0x00, 0x00, 0x00, 0x00,
    0x00, 0x00, 0x00, 0x00, 0x00, 0x00, 0x00, 0x00,
    0x00, 0x00, 0x00, 0x00, 0x00, 0x00, 0x00, 0x00,
    0x00, 0x00, 0x00, 0x00, 0x00, 0x00, 0x00, 0x00,
    0x00, 0x00, 0x00, 0x00, 0x00, 0x00, 0x00, 0x00,
    0x00, 0x00, 0x00, 0x00, 0x00, 0x00, 0x00, 0x00,
    0x00, 0x00, 0x00, 0x00, 0x00, 0x00, 0x00, 0x00,
    0x00, 0x00, 0x00, 0x00, 0x00, 0x00, 0x00, 0x00,
    0x00, 0x00, 0x00, 0x00, 0x00, 0x00, 0x00, 0x00,
    0x00, 0x00, 0x00, 0x00, 0x00, 0x00, 0x00, 0x00,
    0x00, 0x00, 0x00, 0x00, 0x00, 0x00, 0x00, 0x00,
    0x00, 0x00, 0x00, 0x00, 0x00, 0x00, 0x00, 0x00,
    0x00, 0x00, 0x00, 0x00, 0x00, 0x00, 0x00, 0x00,
    0x00, 0x00, 0x00, 0x00, 0x00, 0x00, 0x00, 0x00,
    0x00, 0x00, 0x00, 0x00, 0x00, 0x00, 0x00, 0x00,
    0x00, 0x00, 0x00, 0x00, 0x00, 0x00, 0x00, 0x00,
    0x00, 0x00, 0x00, 0x00, 0x00, 0x00, 0x00, 0x00,
    0x00, 0x00, 0x00, 0x00, 0x00, 0x00, 0x00, 0x00,
    0x00, 0x00, 0x00, 0x00, 0x00, 0x00, 0x00, 0x00,
    0x00, 0x00, 0x00, 0x00, 0x00, 0x00, 0x00, 0x00,
    0x00, 0x00, 0x00, 0x00, 0x00, 0x00, 0x00, 0x00,
    0x00, 0x00, 0x00, 0x00, 0x00, 0x00, 0x00, 0x00,
    0x00, 0x00, 0x00, 0x00, 0x00, 0x00, 0x00, 0x00,
    0x00, 0x00, 0x00, 0x00, 0x00, 0x00, 0x00, 0x00,
    0x00, 0x00, 0x00, 0x00, 0x00, 0x00, 0x00, 0x00,
    0x00, 0x00, 0x00, 0x00, 0x00, 0x00, 0x00, 0x00,
    0x00, 0x00, 0x00, 0x00, 0x00, 0x00, 0x00, 0x00,
    0x00, 0x00, 0x00, 0x00, 0x00, 0x00, 0x00, 0x00,
    0x00, 0x00, 0x00, 0x00, 0x00, 0x00, 0x00, 0x00,
    0x00, 0x00, 0x00, 0x00, 0x00, 0x00, 0x00, 0x00,
    0x00, 0x00, 0x00, 0x00, 0x00, 0x00, 0x00, 0x00,
    0x00, 0x00, 0x00, 0x00, 0x00, 0x00, 0x00, 0x00,
    0x00, 0x00, 0x00, 0x00, 0x00, 0x00, 0x00, 0x00,
    0x00, 0x00, 0x00, 0x00, 0x00, 0x00, 0x00, 0x00,
    0x00, 0x00, 0x00, 0x00, 0x00, 0x00, 0x00, 0x00,
    0x00, 0x00, 0x00, 0x00, 0x00, 0x00, 0x00, 0x00,
    0x00, 0x00, 0x00, 0x00, 0x00, 0x00, 0x00, 0x00,
    0x00, 0x00, 0x00, 0x00, 0x00, 0x00, 0x00, 0x00,
    0x00, 0x00, 0x00, 0x00, 0x00, 0x00, 0x00, 0x00,
    0x00, 0x00, 0x00, 0x00, 0x00, 0x00, 0x00, 0x00,
    0x00, 0x00, 0x00, 0x00, 0x00, 0x00, 0x00, 0x00,
    0x00, 0x00, 0x00, 0x00, 0x00, 0x00, 0x00, 0x00,
    0x00, 0x00, 0x00, 0x00, 0x00, 0x00, 0x00, 0x00,
    0x00, 0x00, 0x00, 0x00, 0x00, 0x00, 0x00, 0x00,
    0x00, 0x00, 0x00, 0x00, 0x00, 0x00, 0x00, 0x00,
    0x00, 0x00, 0x00, 0x00, 0x00, 0x00, 0x00, 0x00,
    0x00, 0x00, 0x00, 0x00, 0x00, 0x00, 0x00, 0x00,
    0x00, 0x00, 0x00, 0x00, 0x00, 0x00, 0x00, 0x00,
    0x00, 0x00, 0x00, 0x00, 0x00, 0x00, 0x00, 0x00,
    0x00, 0x00, 0x00, 0x00, 0x00, 0x00, 0x00, 0x00,
    0x00, 0x00, 0x00, 0x00, 0x00, 0x00, 0x00, 0x00,
    0x00, 0x00, 0x00, 0x00, 0x00, 0x00, 0x00, 0x00,
    0x00, 0x00, 0x00, 0x00, 0x00, 0x00, 0x00, 0x00,
    0x00, 0x00, 0x00, 0x00, 0x00, 0x00, 0x00, 0x00,
    0x00, 0x00, 0x00, 0x00, 0x00, 0x00, 0x00, 0x00,
    0x00, 0x00, 0x00, 0x00, 0x00, 0x00, 0x00, 0x00,
    0x00, 0x00, 0x00, 0x00, 0x00, 0x00, 0x00, 0x00,
    0x00, 0x00, 0x00, 0x00, 0x00, 0x00, 0x00, 0x00,
    0x00, 0x00, 0x00, 0x00, 0x00, 0x00, 0x00, 0x00,
    0x00, 0x00, 0x00, 0x00, 0x00, 0x00, 0x00, 0x00,
    0x00, 0x00, 0x00, 0x00, 0x00, 0x00, 0x00, 0x00,
    0x00, 0x00, 0x00, 0x00, 0x00, 0x00, 0x00, 0x00,
    0x00, 0x00, 0x00, 0x00, 0x00, 0x00, 0x00, 0x00,
    0x00, 0x00, 0x00, 0x00, 0x00, 0x00, 0x00, 0x00,
    0x00, 0x00, 0x00, 0x00, 0x00, 0x00, 0x00, 0x00,
    0x00, 0x00, 0x00, 0x00, 0x00, 0x00, 0x00, 0x00,
    0x00, 0x00, 0x00, 0x00, 0x00, 0x00, 0x00, 0x00,
    0x00, 0x00, 0x00, 0x00, 0x00, 0x00, 0x00, 0x00,
    0x00, 0x00, 0x00, 0x00, 0x00, 0x00, 0x00, 0x00,
    0x00, 0x00, 0x00, 0x00, 0x00, 0x00, 0x00, 0x00,
    0x00, 0x00, 0x00, 0x00, 0x00, 0x00, 0x00, 0x00,
    0x00, 0x00, 0x00, 0x00, 0x00, 0x00, 0x00, 0x00,
    0x00, 0x00, 0x00, 0x00, 0x00, 0x00, 0x00, 0x00,
    0x00, 0x00, 0x00, 0x00, 0x00, 0x00, 0x00, 0x00,
    0x00, 0x00, 0x00, 0x00, 0x00, 0x00, 0x00, 0x00,
    0x00, 0x00, 0x00, 0x00, 0x00, 0x00, 0x00, 0x00,
    0x00, 0x00, 0x00, 0x00, 0x00, 0x00, 0x00, 0x00,
    0x00, 0x00, 0x00, 0x00, 0x00, 0x00, 0x00, 0x00,
    0x00, 0x00, 0x00, 0x00, 0x00, 0x00, 0x00, 0x00,
    0x00, 0x00, 0x00, 0x00, 0x00, 0x00, 0x00, 0x00,
    0x00, 0x00, 0x00, 0x00, 0x00, 0x00, 0x00, 0x00,
    0x00, 0x00, 0x00, 0x00, 0x00, 0x00, 0x00, 0x00,
    0x00, 0x00, 0x00, 0x00, 0x00, 0x00, 0x00, 0x00,
    0x00, 0x00, 0x00, 0x00, 0x00, 0x00, 0x00, 0x00,
    0x00, 0x00, 0x00, 0x00, 0x00, 0x00, 0x00, 0x00,
    0x00, 0x00, 0x00, 0x00, 0x00, 0x00, 0x00, 0x00,
    0x00, 0x00, 0x00, 0x00, 0x00, 0x00, 0x00, 0x00,
    0x00, 0x00, 0x00, 0x00, 0x00, 0x00, 0x00, 0x00,
    0x00, 0x00, 0x00, 0x00, 0x00, 0x00, 0x00, 0x00,
    0x00, 0x00, 0x00, 0x00, 0x00, 0x00, 0x00, 0x00,
    0x00, 0x00, 0x00, 0x00, 0x00, 0x00, 0x00, 0x00,
    0x00, 0x00, 0x00, 0x00, 0x00, 0x00, 0x00, 0x00,
    0x00, 0x00, 0x00, 0x00, 0x00, 0x00, 0x00, 0x00,
    0x00, 0x00, 0x00, 0x00, 0x00, 0x00, 0x00, 0x00,
    0x00, 0x00, 0x00, 0x00, 0x00, 0x00, 0x00, 0x00,
    0x00, 0x00, 0x00, 0x00, 0x00, 0x00, 0x00, 0x00,
    0x00, 0x00, 0x00, 0x00, 0x00, 0x00, 0x00, 0x00,
    0x00, 0x00, 0x00, 0x00, 0x00, 0x00, 0x00, 0x00,
    0x00, 0x00, 0x00, 0x00, 0x00, 0x00, 0x00, 0x00,
    0x00, 0x00, 0x00, 0x00, 0x00, 0x00, 0x00, 0x00,
    0x00, 0x00, 0x00, 0x00, 0x00, 0x00, 0x00, 0x00,
    0x00, 0x00, 0x00, 0x00, 0x00, 0x00, 0x00, 0x00,
    0x00, 0x00, 0x00, 0x00, 0x00, 0x00, 0x00, 0x00,
    0x00, 0x00, 0x00, 0x00, 0x00, 0x00, 0x00, 0x00,
    0x00, 0x00, 0x00, 0x00, 0x00, 0x00, 0x00, 0x00,
    0x00, 0x00, 0x00, 0x00, 0x00, 0x00, 0x00, 0x00,
    0x00, 0x00, 0x00, 0x00, 0x00, 0x00, 0x00, 0x00,
    0x00, 0x00, 0x00, 0x00, 0x00, 0x00, 0x00, 0x00,
    0x00, 0x00, 0x00, 0x00, 0x00, 0x00, 0x00, 0x00,
    0x00, 0x00, 0x00, 0x00, 0x00, 0x00, 0x00, 0x00,
    0x00, 0x00, 0x00, 0x00, 0x00, 0x00, 0x00, 0x00,
    0x00, 0x00, 0x00, 0x00, 0x00, 0x00, 0x00, 0x00,
    0x00, 0x00, 0x00, 0x00, 0x00, 0x00, 0x00, 0x00,
    0x00, 0x00, 0x00, 0x00, 0x00, 0x00, 0x00, 0x00,
    0x00, 0x00, 0x00, 0x00, 0x00, 0x00, 0x00, 0x00,
    0x00, 0x00, 0x00, 0x00, 0x00, 0x00, 0x00, 0x00,
    0x00, 0x00, 0x00, 0x00, 0x00, 0x00, 0x00, 0x00,
    0x00, 0x00, 0x00, 0x00, 0x00, 0x00, 0x00, 0x00,
    0x00, 0x00, 0x00, 0x00, 0x00, 0x00, 0x00, 0x00,
    0x00, 0x00, 0x00, 0x00, 0x00, 0x00, 0x00, 0x00,
    0x00, 0x00, 0x00, 0x00, 0x00, 0x00, 0x00, 0x00,
    0x00, 0x00, 0x00, 0x00, 0x00, 0x00, 0x00, 0x00,
    0x00, 0x00, 0x00, 0x00, 0x00, 0x00, 0x00, 0x00,
    0x00, 0x00, 0x00, 0x00, 0x00, 0x00, 0x00, 0x00,
    0x00, 0x00, 0x00, 0x00, 0x00, 0x00, 0x00, 0x00,
    0x00, 0x00, 0x00, 0x00, 0x00, 0x00, 0x00, 0x00,
    0x00, 0x00, 0x00, 0x00, 0x00, 0x00, 0x00, 0x00,
    0x00, 0x00, 0x00, 0x00, 0x00, 0x00, 0x00, 0x00,
    0x00, 0x00, 0x00, 0x00, 0x00, 0x00, 0x00, 0x00,
    0x00, 0x00, 0x00, 0x00, 0x00, 0x00, 0x00, 0x00,
    0x00, 0x00, 0x00, 0x00, 0x00, 0x00, 0x00, 0x00,
    0x00, 0x00, 0x00, 0x00, 0x00, 0x00, 0x00, 0x00,
    0x00, 0x00, 0x00, 0x00, 0x00, 0x00, 0x00, 0x00,
    0x00, 0x00, 0x00, 0x00, 0x00, 0x00, 0x00, 0x00,
    0x00, 0x00, 0x00, 0x00, 0x00, 0x00, 0x00, 0x00,
    0x00, 0x00, 0x00, 0x00, 0x00, 0x00, 0x00, 0x00,
    0x00, 0x00, 0x00, 0x00, 0x00, 0x00, 0x00, 0x00,
    0x00, 0x00, 0x00, 0x00, 0x00, 0x00, 0x00, 0x00,
    0x00, 0x00, 0x00, 0x00, 0x00, 0x00, 0x00, 0x00,
    0x00, 0x00, 0x00, 0x00, 0x00, 0x00, 0x00, 0x00,
    0x00, 0x00, 0x00, 0x00, 0x00, 0x00, 0x00, 0x00,
    0x00, 0x00, 0x00, 0x00, 0x00, 0x00, 0x00, 0x00,
    0x00, 0x00, 0x00, 0x00, 0x00, 0x00, 0x00, 0x00,
    0x00, 0x00, 0x00, 0x00, 0x00, 0x00, 0x00, 0x00,
    0x00, 0x00, 0x00, 0x00, 0x00, 0x00, 0x00, 0x00,
    0x00, 0x00, 0x00, 0x00, 0x00, 0x00, 0x00, 0x00,
    0x00, 0x00, 0x00, 0x00, 0x00, 0x00, 0x00, 0x00,
    0x00, 0x00, 0x00, 0x00, 0x00, 0x00, 0x00, 0x00,
    0x00, 0x00, 0x00, 0x00, 0x00, 0x00, 0x00, 0x00,
    0x00, 0x00, 0x00, 0x00, 0x00, 0x00, 0x00, 0x00,
    0x00, 0x00, 0x00, 0x00, 0x00, 0x00, 0x00, 0x00,
    0x00, 0x00, 0x00, 0x00, 0x00, 0x00, 0x00, 0x00,
    0x00, 0x00, 0x00, 0x00, 0x00, 0x00, 0x00, 0x00,
    0x00, 0x00, 0x00, 0x00, 0x00, 0x00, 0x00, 0x00,
    0x00, 0x00, 0x00, 0x00, 0x00, 0x00, 0x00, 0x00,
    0x00, 0x00, 0x00, 0x00, 0x00, 0x00, 0x00, 0x00,
    0x00, 0x00, 0x00, 0x00, 0x00, 0x00, 0x00, 0x00,
    0x00, 0x00, 0x00, 0x00, 0x00, 0x00, 0x00, 0x00,
    0x00, 0x00, 0x00, 0x00, 0x00, 0x00, 0x00, 0x00,
    0x00, 0x00, 0x00, 0x00, 0x00, 0x00, 0x00, 0x00,
    0x00, 0x00, 0x00, 0x00, 0x00, 0x00, 0x00, 0x00,
    0x00, 0x00, 0x00, 0x00, 0x00, 0x00, 0x00, 0x00,
    0x00, 0x00, 0x00, 0x00, 0x00, 0x00, 0x00, 0x00,
    0x00, 0x00, 0x00, 0x00, 0x00, 0x00, 0x00, 0x00,
    0x00, 0x00, 0x00, 0x00, 0x00, 0x00, 0x00, 0x00,
    0x00, 0x00, 0x00, 0x00, 0x00, 0x00, 0x00, 0x00,
    0x00, 0x00, 0x00, 0x00, 0x00, 0x00, 0x00, 0x00,
    0x00, 0x00, 0x00, 0x00, 0x00, 0x00, 0x00, 0x00,
    0x00, 0x00, 0x00, 0x00, 0x00, 0x00, 0x00, 0x00,
    0x00, 0x00, 0x00, 0x00, 0x00, 0x00, 0x00, 0x00,
    0x00, 0x00, 0x00, 0x00, 0x00, 0x00, 0x00, 0x00,
    0x00, 0x00, 0x00, 0x00, 0x00, 0x00, 0x00, 0x00,
    0x00, 0x00, 0x00, 0x00, 0x00, 0x00, 0x00, 0x00,
    0x00, 0x00, 0x00, 0x00, 0x00, 0x00, 0x00, 0x00,
    0x00, 0x00, 0x00, 0x00, 0x00, 0x00, 0x00, 0x00,
    0x00, 0x00, 0x00, 0x00, 0x00, 0x00, 0x00, 0x00,
    0x00, 0x00, 0x00, 0x00, 0x00, 0x00, 0x00, 0x00,
    0x00, 0x00, 0x00, 0x00, 0x00, 0x00, 0x00, 0x00,
    0x00, 0x00, 0x00, 0x00, 0x00, 0x00, 0x00, 0x00,
    0x00, 0x00, 0x00, 0x00, 0x00, 0x00, 0x00, 0x00,
    0x00, 0x00, 0x00, 0x00, 0x00, 0x00, 0x00, 0x00,
    0x00, 0x00, 0x00, 0x00, 0x00, 0x00, 0x00, 0x00,
    0x00, 0x00, 0x00, 0x00, 0x00, 0x00, 0x00, 0x00,
    0x00, 0x00, 0x00, 0x00, 0x00, 0x00, 0x00, 0x00,
    0x00, 0x00, 0x00, 0x00, 0x00, 0x00, 0x00, 0x00,
    0x00, 0x00, 0x00, 0x00, 0x00, 0x00, 0x00, 0x00,
    0x00, 0x00, 0x00, 0x00, 0x00, 0x00, 0x00, 0x00,
    0x00, 0x00, 0x00, 0x00, 0x00, 0x00, 0x00, 0x00,
    0x00, 0x00, 0x00, 0x00, 0x00, 0x00, 0x00, 0x00,
    0x00, 0x00, 0x00, 0x00, 0x00, 0x00, 0x00, 0x00,
    0x00, 0x00, 0x00, 0x00, 0x00, 0x00, 0x00, 0x00,
    0x00, 0x00, 0x00, 0x00, 0x00, 0x00, 0x00, 0x00,
    0x00, 0x00, 0x00, 0x00, 0x00, 0x00, 0x00, 0x00,
    0x00, 0x00, 0x00, 0x00, 0x00, 0x00, 0x00, 0x00,
    0x00, 0x00, 0x00, 0x00, 0x00, 0x00, 0x00, 0x00,
    0x00, 0x00, 0x00, 0x00, 0x00, 0x00, 0x00, 0x00,
    0x00, 0x00, 0x00, 0x00, 0x00, 0x00, 0x00, 0x00,
    0x00, 0x00, 0x00, 0x00, 0x00, 0x00, 0x00, 0x00,
    0x00, 0x00, 0x00, 0x00, 0x00, 0x00, 0x00, 0x00,
    0x00, 0x00, 0x00, 0x00, 0x00, 0x00, 0x00, 0x00,
    0x00, 0x00, 0x00, 0x00, 0x00, 0x00, 0x00, 0x00,
    0x00, 0x00, 0x00, 0x00, 0x00, 0x00, 0x00, 0x00,
    0x00, 0x00, 0x00, 0x00, 0x00, 0x00, 0x00, 0x00,
    0x00, 0x00, 0x00, 0x00, 0x00, 0x00, 0x00, 0x00,
    0x00, 0x00, 0x00, 0x00, 0x00, 0x00, 0x00, 0x00,
    0x00, 0x00, 0x00, 0x00, 0x00, 0x00, 0x00, 0x00,
    0x00, 0x00, 0x00, 0x00, 0x00, 0x00, 0x00, 0x00,
    0x00, 0x00, 0x00, 0x00, 0x00, 0x00, 0x00, 0x00,
    0x00, 0x00, 0x00, 0x00, 0x00, 0x00, 0x00, 0x00,
    0x00, 0x00, 0x00, 0x00, 0x00, 0x00, 0x00, 0x00,
    0x00, 0x00, 0x00, 0x00, 0x00, 0x00, 0x00, 0x00,
    0x00, 0x00, 0x00, 0x00, 0x00, 0x00, 0x00, 0x00,
    0x00, 0x00, 0x00, 0x00, 0x00, 0x00, 0x00, 0x00,
    0x00, 0x00, 0x00, 0x00, 0x00, 0x00, 0x00, 0x00,
    0x00, 0x00, 0x00, 0x00, 0x00, 0x00, 0x00, 0x00,
    0x00, 0x00, 0x00, 0x00, 0x00, 0x00, 0x00, 0x00,
    0x00, 0x00, 0x00, 0x00, 0x00, 0x00, 0x00, 0x00,
    0x00, 0x00, 0x00, 0x00, 0x00, 0x00, 0x00, 0x00,
    0x00, 0x00, 0x00, 0x00, 0x00, 0x00, 0x00, 0x00,
    0x00, 0x00, 0x00, 0x00, 0x00, 0x00, 0x00, 0x00,
    0x00, 0x00, 0x00, 0x00, 0x00, 0x00, 0x00, 0x00,
    0x00, 0x00, 0x00, 0x00, 0x00, 0x00, 0x00, 0x00,
    0x00, 0x00, 0x00, 0x00, 0x00, 0x00, 0x00, 0x00,
    0x00, 0x00, 0x00, 0x00, 0x00, 0x00, 0x00, 0x00,
    0x00, 0x00, 0x00, 0x00, 0x00, 0x00, 0x00, 0x00,
    0x00, 0x00, 0x00, 0x00, 0x00, 0x00, 0x00, 0x00,
    0x00, 0x00, 0x00, 0x00, 0x00, 0x00, 0x00, 0x00,
    0x00, 0x00, 0x00, 0x00, 0x00, 0x00, 0x00, 0x00,
    0x00, 0x00, 0x00, 0x00, 0x00, 0x00, 0x00, 0x00,
    0x00, 0x00, 0x00, 0x00, 0x00, 0x00, 0x00, 0x00,
    0x00, 0x00, 0x00, 0x00, 0x00, 0x00, 0x00, 0x00,
    0x00, 0x00, 0x00, 0x00, 0x00, 0x00, 0x00, 0x00,
    0x00, 0x00, 0x00, 0x00, 0x00, 0x00, 0x00, 0x00,
    0x00, 0x00, 0x00, 0x00, 0x00, 0x00, 0x00, 0x00,
    0x00, 0x00, 0x00, 0x00, 0x00, 0x00, 0x00, 0x00,
    0x00, 0x00, 0x00, 0x00, 0x00, 0x00, 0x00, 0x00,
    0x00, 0x00, 0x00, 0x00, 0x00, 0x00, 0x00, 0x00,
    0x00, 0x00, 0x00, 0x00, 0x00, 0x00, 0x00, 0x00,
    0x00, 0x00, 0x00, 0x00, 0x00, 0x00, 0x00, 0x00,
    0x00, 0x00, 0x00, 0x00, 0x00, 0x00, 0x00, 0x00,
    0x00, 0x00, 0x00, 0x00, 0x00, 0x00, 0x00, 0x00,
    0x00, 0x00, 0x00, 0x00, 0x00, 0x00, 0x00, 0x00,
    0x00, 0x00, 0x00, 0x00, 0x00, 0x00, 0x00, 0x00,
    0x00, 0x00, 0x00, 0x00, 0x00, 0x00, 0x00, 0x00,
    0x00, 0x00, 0x00, 0x00, 0x00, 0x00, 0x00, 0x00,
    0x00, 0x00, 0x00, 0x00, 0x00, 0x00, 0x00, 0x00,
    0x00, 0x00, 0x00, 0x00, 0x00, 0x00, 0x00, 0x00,
    0x00, 0x00, 0x00, 0x00, 0x00, 0x00, 0x00, 0x00,
    0x00, 0x00, 0x00, 0x00, 0x00, 0x00, 0x00, 0x00,
    0x00, 0x00, 0x00, 0x00, 0x00, 0x00, 0x00, 0x00,
    0x00, 0x00, 0x00, 0x00, 0x00, 0x00, 0x00, 0x00,
    0x00, 0x00, 0x00, 0x00, 0x00, 0x00, 0x00, 0x00,
    0x00, 0x00, 0x00, 0x00, 0x00, 0x00, 0x00, 0x00,
    0x00, 0x00, 0x00, 0x00, 0x00, 0x00, 0x00, 0x00,
    0x00, 0x00, 0x00, 0x00, 0x00, 0x00, 0x00, 0x00,
    0x00, 0x00, 0x00, 0x00, 0x00, 0x00, 0x00, 0x00,
    0x00, 0x00, 0x00, 0x00, 0x00, 0x00, 0x00, 0x00,
    0x00, 0x00, 0x00, 0x00, 0x00, 0x00, 0x00, 0x00,
    0x00, 0x00, 0x00, 0x00, 0x00, 0x00, 0x00, 0x00,
    0x00, 0x00, 0x00, 0x00, 0x00, 0x00, 0x00, 0x00,
    0x00, 0x00, 0x00, 0x00, 0x00, 0x00, 0x00, 0x00,
    0x00, 0x00, 0x00, 0x00, 0x00, 0x00, 0x00, 0x00,
    0x00, 0x00, 0x00, 0x00, 0x00, 0x00, 0x00, 0x00,
    0x00, 0x00, 0x00, 0x00, 0x00, 0x00, 0x00, 0x00,
    0x00, 0x00, 0x00, 0x00, 0x00, 0x00, 0x00, 0x00,
    0x00, 0x00, 0x00, 0x00, 0x00, 0x00, 0x00, 0x00,
    0x00, 0x00, 0x00, 0x00, 0x00, 0x00, 0x00, 0x00,
    0x00, 0x00, 0x00, 0x00, 0x00, 0x00, 0x00, 0x00,
    0x00, 0x00, 0x00, 0x00, 0x00, 0x00, 0x00, 0x00,
    0x00, 0x00, 0x00, 0x00, 0x00, 0x00, 0x00, 0x00,
    0x00, 0x00, 0x00, 0x00, 0x00, 0x00, 0x00, 0x00,
    0x00, 0x00, 0x00, 0x00, 0x00, 0x00, 0x00, 0x00,
    0x00, 0x00, 0x00, 0x00, 0x00, 0x00, 0x00, 0x00,
    0x00, 0x00, 0x00, 0x00, 0x00, 0x00, 0x00, 0x00,
    0x00, 0x00, 0x00, 0x00, 0x00, 0x00, 0x00, 0x00,
    0x00, 0x00, 0x00, 0x00, 0x00, 0x00, 0x00, 0x00,
    0x00, 0x00, 0x00, 0x00, 0x00, 0x00, 0x00, 0x00,
    0x00, 0x00, 0x00, 0x00, 0x00, 0x00, 0x00, 0x00,
    0x00, 0x00, 0x00, 0x00, 0x00, 0x00, 0x00, 0x00,
    0x00, 0x00, 0x00, 0x00, 0x00, 0x00, 0x00, 0x00,
    0x00, 0x00, 0x00, 0x00, 0x00, 0x00, 0x00, 0x00,
    0x00, 0x00, 0x00, 0x00, 0x00, 0x00, 0x00, 0x00,
    0x00, 0x00, 0x00, 0x00, 0x00, 0x00, 0x00, 0x00,
    0x00, 0x00, 0x00, 0x00, 0x00, 0x00, 0x00, 0x00,
    0x00, 0x00, 0x00, 0x00, 0x00, 0x00, 0x00, 0x00,
    0x00, 0x00, 0x00, 0x00, 0x00, 0x00, 0x00, 0x00,
};

const uint32_t tiny_rom_len = 16384U;
