
RISKYMSX2.elf:     file format elf32-littleriscv
RISKYMSX2.elf
architecture: riscv:rv32, flags 0x00000112:
EXEC_P, HAS_SYMS, D_PAGED
start address 0x00000000

Program Header:
0x70000003 off    0x00053ee2 vaddr 0x00000000 paddr 0x00000000 align 2**0
         filesz 0x000000ad memsz 0x00000000 flags r--
    LOAD off    0x00001000 vaddr 0x00000000 paddr 0x00000000 align 2**12
         filesz 0x000087f8 memsz 0x000087f8 flags rwx
    LOAD off    0x0000a400 vaddr 0x20000400 paddr 0x000087f8 align 2**12
         filesz 0x0000007c memsz 0x00001124 flags rw-
    LOAD off    0x00000800 vaddr 0x20021800 paddr 0x20021800 align 2**12
         filesz 0x00000000 memsz 0x00000800 flags rw-
   STACK off    0x00000000 vaddr 0x00000000 paddr 0x00000000 align 2**4
         filesz 0x00000000 memsz 0x00000000 flags rw-

Sections:
Idx Name          Size      VMA       LMA       File off  Algn
  0 .init         000001a0  00000000  00000000  00001000  2**1
                  CONTENTS, ALLOC, LOAD, READONLY, CODE
  1 .text         00007aec  000001a0  000001a0  000011a0  2**2
                  CONTENTS, ALLOC, LOAD, READONLY, CODE
  2 .ramfunc      00000b6c  00007c8c  00007c8c  00008c8c  2**1
                  CONTENTS, ALLOC, LOAD, READONLY, CODE
  3 .fini         00000000  000087f8  000087f8  000097f8  2**0
                  ALLOC, CODE
  4 .dalign       00000000  20000400  20000400  0000a47c  2**0
                  CONTENTS
  5 .dlalign      00000000  000087f8  000087f8  0000a47c  2**0
                  CONTENTS
  6 .data         0000007c  20000400  000087f8  0000a400  2**3
                  CONTENTS, ALLOC, LOAD, DATA
  7 .bss          000010a8  2000047c  00008874  0000a47c  2**2
                  ALLOC
  8 .stack        00000800  20021800  20021800  0000a800  2**0
                  ALLOC
  9 .debug_info   00015ea3  00000000  00000000  0000a47c  2**0
                  CONTENTS, READONLY, DEBUGGING, OCTETS
 10 .debug_abbrev 0000464e  00000000  00000000  0002031f  2**0
                  CONTENTS, READONLY, DEBUGGING, OCTETS
 11 .debug_loc    0000c3c3  00000000  00000000  0002496d  2**0
                  CONTENTS, READONLY, DEBUGGING, OCTETS
 12 .debug_aranges 00000f88  00000000  00000000  00030d30  2**3
                  CONTENTS, READONLY, DEBUGGING, OCTETS
 13 .debug_ranges 00001958  00000000  00000000  00031cb8  2**3
                  CONTENTS, READONLY, DEBUGGING, OCTETS
 14 .debug_line   0001b6b2  00000000  00000000  00033610  2**0
                  CONTENTS, READONLY, DEBUGGING, OCTETS
 15 .debug_str    000051c9  00000000  00000000  0004ecc2  2**0
                  CONTENTS, READONLY, DEBUGGING, OCTETS
 16 .comment      00000057  00000000  00000000  00053e8b  2**0
                  CONTENTS, READONLY
 17 .riscv.attributes 000000ad  00000000  00000000  00053ee2  2**0
                  CONTENTS, READONLY
 18 .debug_frame  000023dc  00000000  00000000  00053f90  2**2
                  CONTENTS, READONLY, DEBUGGING, OCTETS
 19 .debug_loclists 000028a3  00000000  00000000  0005636c  2**0
                  CONTENTS, READONLY, DEBUGGING, OCTETS
 20 .debug_rnglists 0000033f  00000000  00000000  00058c0f  2**0
                  CONTENTS, READONLY, DEBUGGING, OCTETS
 21 .debug_line_str 0000021a  00000000  00000000  00058f4e  2**0
                  CONTENTS, READONLY, DEBUGGING, OCTETS
SYMBOL TABLE:
00000000 l    d  .init	00000000 .init
000001a0 l    d  .text	00000000 .text
00007c8c l    d  .ramfunc	00000000 .ramfunc
000087f8 l    d  .fini	00000000 .fini
20000400 l    d  .dalign	00000000 .dalign
000087f8 l    d  .dlalign	00000000 .dlalign
20000400 l    d  .data	00000000 .data
2000047c l    d  .bss	00000000 .bss
20021800 l    d  .stack	00000000 .stack
00000000 l    d  .debug_info	00000000 .debug_info
00000000 l    d  .debug_abbrev	00000000 .debug_abbrev
00000000 l    d  .debug_loc	00000000 .debug_loc
00000000 l    d  .debug_aranges	00000000 .debug_aranges
00000000 l    d  .debug_ranges	00000000 .debug_ranges
00000000 l    d  .debug_line	00000000 .debug_line
00000000 l    d  .debug_str	00000000 .debug_str
00000000 l    d  .comment	00000000 .comment
00000000 l    d  .riscv.attributes	00000000 .riscv.attributes
00000000 l    d  .debug_frame	00000000 .debug_frame
00000000 l    d  .debug_loclists	00000000 .debug_loclists
00000000 l    d  .debug_rnglists	00000000 .debug_rnglists
00000000 l    d  .debug_line_str	00000000 .debug_line_str
00000000 l    df *ABS*	00000000 startup_ch32v4x7.o
00000000 l    df *ABS*	00000000 save-restore.o
00000000 l    df *ABS*	00000000 libc_a-memset.o
00000000 l    df *ABS*	00000000 libc_a-memcpy-asm.o
00000000 l    df *ABS*	00000000 ch32v407_usbhs_host.c
0000022e l     F .text	00000044 USBHS_RCC_Init.part.0
00000000 l    df *ABS*	00000000 diskio.c
2000047c l     O .bss	00000004 block_size
20000480 l     O .bss	00000004 block_count
00000000 l    df *ABS*	00000000 ff.c
00000878 l     F .text	00000016 ld_32
0000088e l     F .text	0000002c ld_64
000008ba l     F .text	0000001c clst2sect
000008d6 l     F .text	00000042 init_alloc_info
00000918 l     F .text	0000003c get_ldnumber
00000954 l     F .text	0000003e validate
00000992 l     F .text	00000044 put_utf
000009d6 l     F .text	00000030 move_window
00000a06 l     F .text	00000102 check_fs
00000b08 l     F .text	0000014c get_fat
00000c54 l     F .text	00000090 dir_next.constprop.0
00000ce4 l     F .text	0000008c dir_sdi.constprop.0
00000d70 l     F .text	00000362 mount_volume.isra.0
20000488 l     O .bss	00000004 FatFs
20000484 l     O .bss	00000002 Fsid
20000558 l     O .bss	00000200 LfnBuf
20000758 l     O .bss	00000260 DirBuf
000010d2 l     F .text	00000020 ld_clust.isra.0
000010f2 l     F .text	0000024e dir_read.constprop.0
000079c8 l     O .text	0000000d LfnOfs
00001340 l     F .text	00000528 follow_path
00007948 l     O .text	00000080 ExCvt
00000000 l    df *ABS*	00000000 ffunicode.c
00000000 l    df *ABS*	00000000 usb_disk.c
00001dbc l     F .text	00000058 usb_send_cbw
00001e14 l     F .text	0000005c bulk_in_read_retry
00001e70 l     F .text	00000066 usb_recv_csw
00001ed6 l     F .text	000000b2 scsi_read_capacity16_once
00001f88 l     F .text	000000e6 scsi_read_capacity10_once
2000048d l     O .bss	00000001 msc_interface_number
000079d8 l     O .text	0000000c CSWTCH.83
000079e4 l     O .text	00000034 CSWTCH.65
2000048c l     O .bss	00000001 s_fatfs_mounted
200009b8 l     O .bss	00000200 s_sector_buf
00000000 l    df *ABS*	00000000 cart.c
00007c8c l     F .ramfunc	000000ce RunKonamiNOSCC
00007d5a l     F .ramfunc	000000f0 RunKonami
00007e4a l     F .ramfunc	0000012e Run8kASCII
00007f78 l     F .ramfunc	000000d6 Run16kASCII
0000804e l     F .ramfunc	000000ec RunNEO8
0000813a l     F .ramfunc	000000ec RunNEO16
00008678 l     F .ramfunc	000000b0 RunKonamiSCC
00008728 l     F .ramfunc	0000009e Cart_Banked_Dispatch
00000000 l    df *ABS*	00000000 ch32v4x7_it.c
00000000 l    df *ABS*	00000000 cli.c
00002e3c l     F .text	00000036 CLI_Token
00002e72 l     F .text	000000ae CLI_ParseHex.constprop.0
200004a8 l     O .bss	00000001 s_xload_active
200004a4 l     O .bss	00000004 s_xload_addr
200004a0 l     O .bss	00000004 s_xload_remaining
200004aa l     O .bss	00000002 s_line_len
200010cc l     O .bss	00000060 s_line
2000106c l     O .bss	00000060 s_dispatch_buf
2000049c l     O .bss	00000001 s_line_ready
00007a8c l     O .text	0000000c CSWTCH.73
00000000 l    df *ABS*	00000000 emu2212.c
00003678 l     F .text	000000b2 update_output
0000372a l     F .text	0000005c internal_refresh
000039a2 l     F .text	00000058 write_standard
00000000 l    df *ABS*	00000000 main.c
00000000 l    df *ABS*	00000000 psram.c
200004ac l     O .bss	00000004 g_psram_mirror_base
00000000 l    df *ABS*	00000000 scc.c
200004b8 l     O .bss	00000004 s_q_head
200004b4 l     O .bss	00000004 s_q_tail
2000112c l     O .bss	00000100 s_scc_queue
200004bc l     O .bss	00000004 s_scc
200004b0 l     O .bss	00000004 Dual_DAC_Value
2000122c l     O .bss	000001c0 s_scc_core
00000000 l    df *ABS*	00000000 system_ch32v4x7.c
00007a98 l     O .text	00000020 PLLMULTB
00007ab8 l     O .text	00000010 HBPrescTable
00000000 l    df *ABS*	00000000 ch32v4x7_dac.c
00000000 l    df *ABS*	00000000 ch32v4x7_dbgmcu.c
00000000 l    df *ABS*	00000000 ch32v4x7_dma.c
00000000 l    df *ABS*	00000000 ch32v4x7_gpio.c
00000000 l    df *ABS*	00000000 ch32v4x7_psram.c
00000000 l    df *ABS*	00000000 ch32v4x7_pwr.c
00000000 l    df *ABS*	00000000 ch32v4x7_rcc.c
00007ac8 l     O .text	00000020 PLLMULTB
00007ae8 l     O .text	00000010 HBPrescTable
20000474 l     O .data	00000008 PBPrescTable
20000470 l     O .data	00000004 ADCPrescTable
00000000 l    df *ABS*	00000000 ch32v4x7_tim.c
00000000 l    df *ABS*	00000000 ch32v4x7_usart.c
00000000 l    df *ABS*	00000000 debug.c
200004c6 l     O .bss	00000001 p_us
200004c4 l     O .bss	00000002 p_ms
20000460 l     O .data	00000004 curbrk.0
00000000 l    df *ABS*	00000000 libgcc2.c
00000000 l    df *ABS*	00000000 divdf3.c
00000000 l    df *ABS*	00000000 muldf3.c
00000000 l    df *ABS*	00000000 fixunsdfsi.c
00000000 l    df *ABS*	00000000 floatunsidf.c
00000000 l    df *ABS*	00000000 mallocr.c
00005532 l     F .text	00000050 sbrk_aligned
00000000 l    df *ABS*	00000000 mlock.c
00000000 l    df *ABS*	00000000 printf.c
00000000 l    df *ABS*	00000000 puts.c
00000000 l    df *ABS*	00000000 wbuf.c
00000000 l    df *ABS*	00000000 wsetup.c
00000000 l    df *ABS*	00000000 memcmp.c
00000000 l    df *ABS*	00000000 strchr.c
00000000 l    df *ABS*	00000000 sbrkr.c
00000000 l    df *ABS*	00000000 freer.c
00000000 l    df *ABS*	00000000 nano-vfprintf.c
000059be l     F .text	00000028 __sfputc_r
00000000 l    df *ABS*	00000000 nano-vfprintf_i.c
00000000 l    df *ABS*	00000000 fflush.c
00000000 l    df *ABS*	00000000 findfp.c
0000610e l     F .text	0000005e std
0000616c l     F .text	00000018 stdio_exit_handler
00006184 l     F .text	00000050 cleanup_stdio
000061d4 l     F .text	00000042 global_stdio_init.part.0
00000000 l    df *ABS*	00000000 fwalk.c
00000000 l    df *ABS*	00000000 makebuf.c
00000000 l    df *ABS*	00000000 stdio.c
00000000 l    df *ABS*	00000000 memchr.c
00000000 l    df *ABS*	00000000 closer.c
00000000 l    df *ABS*	00000000 fstatr.c
00000000 l    df *ABS*	00000000 isattyr.c
00000000 l    df *ABS*	00000000 lseekr.c
00000000 l    df *ABS*	00000000 readr.c
00000000 l    df *ABS*	00000000 writer.c
00000000 l    df *ABS*	00000000 close.c
00000000 l    df *ABS*	00000000 fstat.c
00000000 l    df *ABS*	00000000 isatty.c
00000000 l    df *ABS*	00000000 lseek.c
00000000 l    df *ABS*	00000000 read.c
00000000 l    df *ABS*	00000000 libgcc2.c
00000000 l    df *ABS*	00000000 impure.c
00003f80  w      .text	00000000 EXTI2_IRQHandler
00003f80  w      .text	00000000 TIM8_TRG_COM_IRQHandler
00003f80  w      .text	00000000 TIM8_CC_IRQHandler
0000646c g     F .text	0000002a _isatty_r
00003f80  w      .text	00000000 DMA1_Channel12_IRQHandler
20000494 g     O .bss	00000001 usb_out_ep
000056c2 g     F .text	00000098 _puts_r
00003f80  w      .text	00000000 USART9_IRQHandler
00004368 g     F .text	00000018 PWR_VDD18LevelConfig
00006496 g     F .text	0000002e _lseek_r
00004116 g     F .text	00000014 DMA_Cmd
2000102c g     O .bss	00000040 s_state
0000038c g     F .text	0000004e USBHSH_EnableRootHubPort
0000569a g     F .text	00000028 printf
20000c58 g       .data	00000000 __global_pointer$
00002290 g     F .text	0000006c USBH_PreDeal
000001a8 g     F .text	0000002a .hidden __riscv_save_8
00003f80  w      .text	00000000 TIM1_CC_IRQHandler
000063c8 g     F .text	00000030 __sseek
00006216 g     F .text	00000018 __sinit
00005764 g     F .text	00000090 __swbuf_r
00002e18 g     F .text	0000001e HardFault_Handler
00005698 g     F .text	00000002 __malloc_unlock
000001fc g     F .text	0000000c .hidden __riscv_restore_3
00003f80  w      .text	00000000 TIM6_IRQHandler
00003f80  w      .text	00000000 SysTick_Handler
00002bd6 g     F .text	00000006 Cart_GetImageSize
00003f80  w      .text	00000000 I3C_ER_IRQHandler
000023b4 g     F .text	00000046 usb_scsi_read_capacity
00003f80  w      .text	00000000 PVD_IRQHandler
00003f80  w      .text	00000000 SDIO_IRQHandler
000001e4 g     F .text	00000024 .hidden __riscv_restore_10
0000078e g     F .text	00000042 USBHSH_GetEndpData
00003f80  w      .text	00000000 DMA2_Channel8_IRQHandler
00002e16 g     F .text	00000002 NMI_Handler
00003f80  w      .text	00000000 EXTI3_IRQHandler
000001a8 g     F .text	0000002a .hidden __riscv_save_11
000087c6 g     F .ramfunc	00000006 CartServiceLoop
000040a6 g     F .text	0000000a DBGMCU_GetCHIPID
00008226 g     F .ramfunc	000000de Cart_EXTI0_KonamiNOSCC_Handler
200004d0 g     O .bss	00000004 __stdio_exit_handler
000046ea g     F .text	0000000a USART_GetFlagStatus
00003f80  w      .text	00000000 DMA2_Channel9_IRQHandler
00006440 g     F .text	0000002c _fstat_r
200004d4 g     O .bss	00000004 errno
2000047c g       .bss	00000000 _sbss
00000800 g       *ABS*	00000000 __stack_size
20000bb8 g     O .bss	00000234 g_fatfs
000047d2 g     F .text	0000006c USART_Printf_Init
000040b0 g     F .text	00000038 DMA_Init
20000dec g     O .bss	0000010a HostCtl
00001dae g     F .text	0000000e ff_wtoupper
00003f80  w      .text	00000000 USART10_IRQHandler
000001fc g     F .text	0000000c .hidden __riscv_restore_2
20000498 g     O .bss	00000004 g_mapper
00002b40 g     F .text	00000090 USB_ListDir
00000352 g     F .text	0000003a USBHSH_ResetRootHubPort
00000218 g     F .text	00000016 memcpy
00002994 g     F .text	000000e4 USB_TryEnsureMounted
00003f80  w      .text	00000000 USART8_IRQHandler
00002be2 g     F .text	000001ba Cart_SetMapper
00003f80  w      .text	00000000 EXTI0_IRQHandler
0000080e g     F .text	0000003a disk_initialize
000045bc g     F .text	00000014 TIM_Cmd
0000575a g     F .text	0000000a puts
00003f80  w      .text	00000000 CAN1_RX0_IRQHandler
20000458 g     O .data	00000004 SystemCoreClock
00000298 g     F .text	00000058 USBHS_Host_Init
000046e2 g     F .text	00000008 USART_ReceiveData
0000652e g     F .text	0000000c _fstat
000001a0 g       .init	00000000 _einit
0000460a g     F .text	00000008 TIM_ClearITPendingBit
00005498 g     F .text	0000005e .hidden __fixunsdfsi
000001a0 g     F .text	00000032 .hidden __riscv_save_12
00003f80  w      .text	00000000 ADC1_2_IRQHandler
00008638 g     F .ramfunc	00000040 Cart_EXTI0_None_Handler
0000412a g     F .text	000000b6 GPIO_Init
0000080a g     F .text	00000004 disk_status
00003f80  w      .text	00000000 Break_Point_Handler
000001e4 g     F .text	00000024 .hidden __riscv_restore_11
000006d2 g     F .text	00000058 USBHSH_GetConfigDescr
00003f80  w      .text	00000000 SPI1_IRQHandler
00003f80  w      .text	00000000 USART5_IRQHandler
000046c6 g     F .text	00000014 USART_Cmd
000058f0 g     F .text	0000002c _sbrk_r
00000326 g     F .text	0000002c USBHSH_CheckRootHubPortSpeed
00003f80  w      .text	00000000 TAMPER_IRQHandler
000001d4 g     F .text	0000000c .hidden __riscv_save_1
000001fc g     F .text	0000000c .hidden __riscv_restore_0
0000378c g     F .text	00000082 SCC_reset
00001b0c g     F .text	0000001a f_closedir
000064c4 g     F .text	0000002e _read_r
000001b8 g     F .text	0000001a .hidden __riscv_save_7
00004736 g     F .text	0000000e USART_ClearITPendingBit
000084f4 g     F .ramfunc	0000006c Cart_EXTI0_ROM16k_Handler
00003f80  w      .text	00000000 TIM8_UP_IRQHandler
00003f80  w      .text	00000000 Ecall_M_Mode_Handler
00000778 g     F .text	00000016 USBHSH_ClearEndpStall
20021800 g       .stack	00000000 _heap_end
20000f18 g     O .bss	00000012 DevDesc_Buf
0000653a g     F .text	0000000c _isatty
0000476e g     F .text	00000032 Delay_Us
000001f0 g     F .text	00000018 .hidden __riscv_restore_5
00002a78 g     F .text	000000c8 USB_FileToPSRAM
00003f80  w      .text	00000000 USART7_IRQHandler
00003f80  w      .text	00000000 DMA2_Channel2_IRQHandler
000048ae g     F .text	000002ee .hidden __udivdi3
00003f80  w      .text	00000000 DMA1_Channel4_IRQHandler
000054f6 g     F .text	0000003c .hidden __floatunsidf
00004880 g     F .text	0000002e _sbrk
0000072a g     F .text	00000036 USBHSH_SetUsbAddress
0000252a g     F .text	0000046a USB_DiagEnumerate
20000490 g     O .bss	00000001 usb_in_ep
00003f80  w      .text	00000000 USART6_IRQHandler
000040e8 g     F .text	0000002e DMA_StructInit
000001f0 g     F .text	00000018 .hidden __riscv_restore_6
00007a60 g     O .text	0000002c Cart_MapperNames
00003f80  w      .text	00000000 USART3_IRQHandler
00001d9e g     F .text	00000010 ff_uni2oem
00008560 g     F .ramfunc	0000006c Cart_EXTI0_ROM32k_Handler
00003f80  w      .text	00000000 RTC_IRQHandler
0000380e g     F .text	0000004e SCC_calc
20001524 g       .bss	00000000 _ebss
000046f4 g     F .text	00000042 USART_GetITStatus
00003f80  w      .text	00000000 DMA1_Channel7_IRQHandler
00000692 g     F .text	00000040 USBHSH_GetDeviceDescr
00003f80  w      .text	00000000 CAN1_RX1_IRQHandler
00004744 g     F .text	0000002a Delay_Init
00003f80  w      .text	00000000 USBHS2WakeUp_IRQHandler
00003f80  w      .text	00000000 DVP_IRQHandler
000022fc g     F .text	00000030 ClearUSB
00003786 g     F .text	00000006 SCC_set_quality
00003098 g     F .text	000005e0 CLI_Service
200013ec g     O .bss	00000138 __sf
2000048e g     O .bss	00000002 in_tog
000044e0 g     F .text	00000016 RCC_PB2PeriphClockCmd
000041e8 g     F .text	00000134 GPIO_IPD_Unused
000041e0 g     F .text	00000004 GPIO_SetBits
00003b40 g     F .text	0000007e TIM4_IRQHandler
00003b2a g     F .text	00000006 PSRAM_GetRomMirrorBase
00003bbe g     F .text	000001b0 SCC_Init
000001a8 g     F .text	0000002a .hidden __riscv_save_9
00003f80  w      .text	00000000 DMA2_Channel1_IRQHandler
000001b8 g     F .text	0000001a .hidden __riscv_save_4
00003f80  w      .text	00000000 USBHS1_IRQHandler
00003f80  w      .text	00000000 I2C1_EV_IRQHandler
00003f80  w      .text	00000000 USART4_IRQHandler
00000272 g     F .text	00000026 USBHS_RCC_Init
000045f6 g     F .text	00000014 TIM_GetITStatus
20000ef8 g     O .bss	0000001f RootHubDev
000020fe g     F .text	00000192 USBH_EnumRootDevice
00004380 g     F .text	0000014a RCC_GetClocksFreq
00003f80  w      .text	00000000 DMA1_Channel6_IRQHandler
000059e6 g     F .text	00000042 __sfputs_r
00003f80  w      .text	00000000 DMA2_Channel4_IRQHandler
000063fe g     F .text	00000018 memchr
00004612 g     F .text	000000b4 USART_Init
0000591c g     F .text	000000a2 _free_r
00003f80  w      .text	00000000 TIM3_IRQHandler
00003f80  w      .text	00000000 RCC_IRQHandler
000001d4 g     F .text	0000000c .hidden __riscv_save_3
00003f80  w      .text	00000000 TIM1_TRG_COM_IRQHandler
00003f80  w      .text	00000000 DMA1_Channel1_IRQHandler
00001a82 g     F .text	0000001a f_close
00000000 g       .init	00000000 _start
00003f80  w      .text	00000000 DMA2_Channel7_IRQHandler
000044ca g     F .text	00000016 RCC_HBPeriphClockCmd
00006546 g     F .text	0000000c _lseek
00002d9c g     F .text	0000007a Cart_AssertMSXReset
000044f6 g     F .text	00000016 RCC_PB1PeriphClockCmd
00003f80  w      .text	00000000 EXTI15_10_IRQHandler
000045d0 g     F .text	00000012 TIM_ITConfig
00001954 g     F .text	0000012e f_read
0000232c g     F .text	00000088 usb_scsi_request_sense
0000431c g     F .text	00000028 PSRAMDMASet
00001b26 g     F .text	0000026c f_readdir
00004088 g     F .text	0000001e DAC_SetChannel1Data
00002f20 g     F .text	00000178 CLI_USART1_Handler
00003f80  w      .text	00000000 DMA1_Channel8_IRQHandler
00003f80  w      .text	00000000 I3C_EV_IRQHandler
000041e4 g     F .text	00000004 GPIO_ResetBits
000045e2 g     F .text	00000014 TIM_SelectOutputTrigger
0000051e g     F .text	00000174 USBHSH_CtrlTransfer
00003f80  w      .text	00000000 TIM7_IRQHandler
00006416 g     F .text	0000002a _close_r
20000400 g       .dalign	00000000 _data_vma
00003f80  w      .text	00000000 TIM5_IRQHandler
000058ae g     F .text	00000024 memcmp
000057f4 g     F .text	000000ba __swsetup_r
00003f80  w      .text	00000000 EXTI9_5_IRQHandler
00004b9c g     F .text	000004dc .hidden __divdf3
00003f80  w      .text	00000000 LTDC_IRQHandler
00003b30 g     F .text	00000010 SCC_GetLevel
00005078 g     F .text	00000420 .hidden __muldf3
000001a8 g     F .text	0000002a .hidden __riscv_save_10
20000492 g     O .bss	00000002 out_tog
00006358 g     F .text	0000002a __sread
00003f80  w      .text	00000000 ETH_WKUP_IRQHandler
00005696 g     F .text	00000002 __malloc_lock
000001f0 g     F .text	00000018 .hidden __riscv_restore_4
000001e4 g     F .text	00000024 .hidden __riscv_restore_8
0000450c g     F .text	00000016 RCC_UTMI1cmd
000060d6 g     F .text	00000038 _fflush_r
000001b8 g     F .text	0000001a .hidden __riscv_save_6
00003f80  w      .text	00000000 SPI2_IRQHandler
200004c0 g     O .bss	00000004 HCLKClock
20000518 g     O .bss	00000040 RxBuffer
00002bdc g     F .text	00000006 Cart_GetMapper
00000208 g     F .text	00000010 memset
00004344 g     F .text	00000018 PSRAM_DMA_Cmd
000085cc g     F .ramfunc	0000006c Cart_EXTI0_ROM48k_Handler
000001e4 g     F .text	00000024 .hidden __riscv_restore_9
000001f0 g     F .text	00000018 .hidden __riscv_restore_7
00003ae4 g     F .text	00000046 main
0000206e g     F .text	00000068 msc_mass_storage_reset
00003f80  w      .text	00000000 I3CWakeup_IRQHandler
00003f80  w      .text	00000000 CAN1_TX_IRQHandler
000063f8 g     F .text	00000006 __sclose
00003f80  w      .text	00000000 DMA2_Channel5_IRQHandler
00005582 g     F .text	00000114 _malloc_r
00001868 g     F .text	0000004c f_mount
00003f80  w      .text	00000000 USBHS2_IRQHandler
00001a9c g     F .text	00000070 f_opendir
00003f80  w      .text	00000000 DMA1_Channel5_IRQHandler
00003f80  w      .text	00000000 EXTI4_IRQHandler
000047a0 g     F .text	00000032 Delay_Ms
00001d92 g     F .text	0000000c ff_oem2uni
200004d8 g     O .bss	00000040 TxBuffer
00003d6e g     F .text	0000011a SystemInit
00003f80  w      .text	00000000 RNG_IRQHandler
0000569a g     F .text	00000028 iprintf
00007b34 g     O .text	00000100 .hidden __clz_tab
00002bd0 g     F .text	00000006 Cart_GetImageBase
00003f80  w      .text	00000000 DMA1_Channel9_IRQHandler
00000000 g       .init	00000000 _sinit
000064f2 g     F .text	00000030 _write_r
00003f80  w      .text	00000000 DMA1_Channel3_IRQHandler
00003f80  w      .text	00000000 ETH_IRQHandler
00005c64 g     F .text	00000108 _printf_common
20000464 g     O .data	00000004 _impure_ptr
00003f80  w      .text	00000000 TIM1_UP_IRQHandler
00005fb8 g     F .text	0000011e __sflush_r
0000622e g     F .text	0000005e _fwalk_sglue
00003f80  w      .text	00000000 WWDG_IRQHandler
00003f80  w      .text	00000000 DMA2_Channel11_IRQHandler
00003f80  w      .text	00000000 Ecall_U_Mode_Handler
000007d0 g     F .text	0000003a USBHSH_SendEndpData
00003f80  w      .text	00000000 DMA2_Channel6_IRQHandler
00003f80  w      .text	00000000 TIM2_IRQHandler
20022000 g       .stack	00000000 _eusrstack
000001d4 g     F .text	0000000c .hidden __riscv_save_2
00003f80  w      .text	00000000 SW_Handler
00003f80  w      .text	00000000 ARGB_IRQHandler
2000045c g     O .data	00000004 SystemClock
00003f80  w      .text	00000000 TIM1_BRK_IRQHandler
0000628c g     F .text	00000054 __swhatbuf_r
000046da g     F .text	00000008 USART_SendData
00003f80  w      .text	00000000 DMA2_Channel10_IRQHandler
00003f80  w      .text	00000000 PSRAM_IRQHandler
00003f80  w      .text	00000000 EXTI1_IRQHandler
00004068 g     F .text	00000020 DAC_DMACmd
000001b8 g     F .text	0000001a .hidden __riscv_save_5
2000044c g     O .data	0000000c __sglue
0000483e g     F .text	00000042 _write
2000047c g       .data	00000000 _edata
20001524 g       .bss	00000000 _end
20000f2c g     O .bss	000000ff Com_Buffer
0000404e g     F .text	0000001a DAC_Cmd
00004522 g     F .text	0000009a TIM_TimeBaseInit
00003f80  w      .text	00000000 RTCAlarm_IRQHandler
00008304 g     F .ramfunc	000000fc Cart_EXTI0_ASCII8k_Handler
000087f8 g       .dlalign	00000000 _data_lma
000039fa g     F .text	000000e6 SCC_write
00003f80  w      .text	00000000 DMA1_Channel13_IRQHandler
00003f80  w      .text	00000000 USBHS1Wakeup_IRQHandler
00004020 g     F .text	0000002e DAC_Init
00003f80  w      .text	00000000 USART2_IRQHandler
00006382 g     F .text	00000046 __swrite
000018b4 g     F .text	000000a0 f_open
00005a28 g     F .text	0000023c _vfiprintf_r
00003e88 g     F .text	000000f8 SystemCoreClockUpdate
000003da g     F .text	00000144 USBHSH_Transact
000023fa g     F .text	00000130 usb_scsi_read_sector
20000400 g     O .data	0000004c _impure_data
00003f80  w      .text	00000000 DMA1_Channel2_IRQHandler
0000385c g     F .text	00000146 SCC_writeReg
00003ae0 g     F .text	00000004 SCC_set_type
000001e0 g     F .text	00000028 .hidden __riscv_restore_12
00003f80  w      .text	00000000 TIM8_BRK_IRQHandler
00003f80  w      .text	00000000 DMA1_Channel10_IRQHandler
00006552 g     F .text	0000000c _read
00003f82  w      .text	00000000 handle_reset
00003f80  w      .text	00000000 CAN1_SCE_IRQHandler
000020d6 g     F .text	00000028 USB_Initialization
00003f80  w      .text	00000000 FLASH_IRQHandler
000001d4 g     F .text	0000000c .hidden __riscv_save_0
00002e36 g     F .text	00000006 USART1_IRQHandler
000062e0 g     F .text	00000078 __smakebuf_r
00008400 g     F .ramfunc	000000f4 Cart_EXTI0_ASCII16k_Handler
00000848 g     F .text	00000030 disk_read
00005d6c g     F .text	0000024c _printf_i
000087cc g     F .ramfunc	0000002c SCC_QueueWrite
00003f80  w      .text	00000000 SPI3_IRQHandler
200004c8 g     O .bss	00000004 __malloc_sbrk_start
00003f80  w      .text	00000000 I2C1_ER_IRQHandler
000058d2 g     F .text	0000001e strchr
000002f0 g     F .text	00000036 USBHSH_CheckRootHubPortStatus
200004cc g     O .bss	00000004 __malloc_free_list
000001fc g     F .text	0000000c .hidden __riscv_restore_1
0000435c g     F .text	0000000c PSRAM_ClearITPendingBit
00003f80  w      .text	00000000 DMA1_Channel11_IRQHandler
00005a28 g     F .text	0000023c _vfprintf_r
00000760 g     F .text	00000018 USBHSH_SetUsbConfig
00006522 g     F .text	0000000c _close
00003f80  w      .text	00000000 DMA2_Channel3_IRQHandler



Disassembly of section .init:

00000000 <_sinit>:
   0:	7830306f          	j	3f82 <handle_reset>
   4:	00000000          	.word	0x00000000
   8:	00002e16          	.word	0x00002e16
   c:	00002e18          	.word	0x00002e18
  10:	00000000          	.word	0x00000000
  14:	00003f80          	.word	0x00003f80
	...
  20:	00003f80          	.word	0x00003f80
  24:	00003f80          	.word	0x00003f80
	...
  30:	00003f80          	.word	0x00003f80
  34:	00000000          	.word	0x00000000
  38:	00003f80          	.word	0x00003f80
  3c:	00000000          	.word	0x00000000
  40:	00003f80          	.word	0x00003f80
  44:	00003f80          	.word	0x00003f80
  48:	00003f80          	.word	0x00003f80
  4c:	00003f80          	.word	0x00003f80
  50:	00003f80          	.word	0x00003f80
  54:	00003f80          	.word	0x00003f80
  58:	00003f80          	.word	0x00003f80
  5c:	00003f80          	.word	0x00003f80
  60:	00003f80          	.word	0x00003f80
  64:	00003f80          	.word	0x00003f80
  68:	00003f80          	.word	0x00003f80
  6c:	00003f80          	.word	0x00003f80
  70:	00003f80          	.word	0x00003f80
  74:	00003f80          	.word	0x00003f80
  78:	00003f80          	.word	0x00003f80
  7c:	00003f80          	.word	0x00003f80
  80:	00003f80          	.word	0x00003f80
  84:	00003f80          	.word	0x00003f80
  88:	00003f80          	.word	0x00003f80
  8c:	00003f80          	.word	0x00003f80
  90:	00003f80          	.word	0x00003f80
  94:	00003f80          	.word	0x00003f80
  98:	00003f80          	.word	0x00003f80
  9c:	00003f80          	.word	0x00003f80
  a0:	00003f80          	.word	0x00003f80
  a4:	00003f80          	.word	0x00003f80
  a8:	00003f80          	.word	0x00003f80
  ac:	00003f80          	.word	0x00003f80
  b0:	00003f80          	.word	0x00003f80
  b4:	00003f80          	.word	0x00003f80
  b8:	00003b40          	.word	0x00003b40
  bc:	00003f80          	.word	0x00003f80
  c0:	00003f80          	.word	0x00003f80
  c4:	00003f80          	.word	0x00003f80
  c8:	00003f80          	.word	0x00003f80
  cc:	00003f80          	.word	0x00003f80
  d0:	00003f80          	.word	0x00003f80
  d4:	00002e36          	.word	0x00002e36
  d8:	00003f80          	.word	0x00003f80
  dc:	00003f80          	.word	0x00003f80
  e0:	00003f80          	.word	0x00003f80
  e4:	00003f80          	.word	0x00003f80
  e8:	00003f80          	.word	0x00003f80
  ec:	00003f80          	.word	0x00003f80
  f0:	00003f80          	.word	0x00003f80
  f4:	00003f80          	.word	0x00003f80
  f8:	00003f80          	.word	0x00003f80
  fc:	00003f80          	.word	0x00003f80
 100:	00000000          	.word	0x00000000
 104:	00003f80          	.word	0x00003f80
 108:	00003f80          	.word	0x00003f80
 10c:	00003f80          	.word	0x00003f80
 110:	00003f80          	.word	0x00003f80
 114:	00003f80          	.word	0x00003f80
 118:	00003f80          	.word	0x00003f80
 11c:	00003f80          	.word	0x00003f80
 120:	00003f80          	.word	0x00003f80
 124:	00003f80          	.word	0x00003f80
 128:	00003f80          	.word	0x00003f80
 12c:	00003f80          	.word	0x00003f80
 130:	00003f80          	.word	0x00003f80
 134:	00003f80          	.word	0x00003f80
 138:	00003f80          	.word	0x00003f80
 13c:	00003f80          	.word	0x00003f80
 140:	00003f80          	.word	0x00003f80
 144:	00003f80          	.word	0x00003f80
 148:	00003f80          	.word	0x00003f80
 14c:	00003f80          	.word	0x00003f80
 150:	00003f80          	.word	0x00003f80
 154:	00003f80          	.word	0x00003f80
 158:	00003f80          	.word	0x00003f80
 15c:	00003f80          	.word	0x00003f80
 160:	00003f80          	.word	0x00003f80
 164:	00003f80          	.word	0x00003f80
 168:	00003f80          	.word	0x00003f80
 16c:	00003f80          	.word	0x00003f80
 170:	00003f80          	.word	0x00003f80
 174:	00003f80          	.word	0x00003f80
 178:	00003f80          	.word	0x00003f80
 17c:	00003f80          	.word	0x00003f80
 180:	00003f80          	.word	0x00003f80
 184:	00003f80          	.word	0x00003f80
 188:	00003f80          	.word	0x00003f80
 18c:	00003f80          	.word	0x00003f80
 190:	00003f80          	.word	0x00003f80
 194:	00003f80          	.word	0x00003f80
 198:	00003f80          	.word	0x00003f80
 19c:	00003f80          	.word	0x00003f80

Disassembly of section .text:

000001a0 <__riscv_save_12>:
     1a0:	7139                	addi	sp,sp,-64
     1a2:	4301                	li	t1,0
     1a4:	c66e                	sw	s11,12(sp)
     1a6:	a019                	j	1ac <__riscv_save_10+0x4>

000001a8 <__riscv_save_10>:
     1a8:	7139                	addi	sp,sp,-64
     1aa:	5341                	li	t1,-16
     1ac:	c86a                	sw	s10,16(sp)
     1ae:	ca66                	sw	s9,20(sp)
     1b0:	cc62                	sw	s8,24(sp)
     1b2:	ce5e                	sw	s7,28(sp)
     1b4:	a021                	j	1bc <__riscv_save_4+0x4>
     1b6:	0001                	nop

000001b8 <__riscv_save_4>:
     1b8:	7139                	addi	sp,sp,-64
     1ba:	5301                	li	t1,-32
     1bc:	d05a                	sw	s6,32(sp)
     1be:	d256                	sw	s5,36(sp)
     1c0:	d452                	sw	s4,40(sp)
     1c2:	d64e                	sw	s3,44(sp)
     1c4:	d84a                	sw	s2,48(sp)
     1c6:	da26                	sw	s1,52(sp)
     1c8:	dc22                	sw	s0,56(sp)
     1ca:	de06                	sw	ra,60(sp)
     1cc:	40610133          	sub	sp,sp,t1
     1d0:	8282                	jr	t0
     1d2:	0001                	nop

000001d4 <__riscv_save_0>:
     1d4:	1141                	addi	sp,sp,-16
     1d6:	c04a                	sw	s2,0(sp)
     1d8:	c226                	sw	s1,4(sp)
     1da:	c422                	sw	s0,8(sp)
     1dc:	c606                	sw	ra,12(sp)
     1de:	8282                	jr	t0

000001e0 <__riscv_restore_12>:
     1e0:	4db2                	lw	s11,12(sp)
     1e2:	0141                	addi	sp,sp,16

000001e4 <__riscv_restore_10>:
     1e4:	4d02                	lw	s10,0(sp)
     1e6:	4c92                	lw	s9,4(sp)
     1e8:	4c22                	lw	s8,8(sp)
     1ea:	4bb2                	lw	s7,12(sp)
     1ec:	0141                	addi	sp,sp,16
     1ee:	0001                	nop

000001f0 <__riscv_restore_4>:
     1f0:	4b02                	lw	s6,0(sp)
     1f2:	4a92                	lw	s5,4(sp)
     1f4:	4a22                	lw	s4,8(sp)
     1f6:	49b2                	lw	s3,12(sp)
     1f8:	0141                	addi	sp,sp,16
     1fa:	0001                	nop

000001fc <__riscv_restore_0>:
     1fc:	4902                	lw	s2,0(sp)
     1fe:	4492                	lw	s1,4(sp)
     200:	4422                	lw	s0,8(sp)
     202:	40b2                	lw	ra,12(sp)
     204:	0141                	addi	sp,sp,16
     206:	8082                	ret

00000208 <memset>:
     208:	832a                	mv	t1,a0
     20a:	c611                	beqz	a2,216 <memset+0xe>
     20c:	00b30023          	sb	a1,0(t1)
     210:	167d                	addi	a2,a2,-1
     212:	0305                	addi	t1,t1,1
     214:	fe65                	bnez	a2,20c <memset+0x4>
     216:	8082                	ret

00000218 <memcpy>:
     218:	832a                	mv	t1,a0
     21a:	ca09                	beqz	a2,22c <memcpy+0x14>
     21c:	00058383          	lb	t2,0(a1)
     220:	00730023          	sb	t2,0(t1)
     224:	167d                	addi	a2,a2,-1
     226:	0305                	addi	t1,t1,1
     228:	0585                	addi	a1,a1,1
     22a:	fa6d                	bnez	a2,21c <memcpy+0x4>
     22c:	8082                	ret

0000022e <USBHS_RCC_Init.part.0>:
     22e:	fa7ff2ef          	jal	t0,1d4 <__riscv_save_0>
     232:	40021437          	lui	s0,0x40021
     236:	401c                	lw	a5,0(s0)
     238:	00a79713          	slli	a4,a5,0xa
     23c:	02074363          	bltz	a4,262 <USBHS_RCC_Init.part.0+0x34>
     240:	4581                	li	a1,0
     242:	6505                	lui	a0,0x1
     244:	286040ef          	jal	44ca <RCC_HBPeriphClockCmd>
     248:	401c                	lw	a5,0(s0)
     24a:	49479793          	bclri	a5,a5,0x14
     24e:	c01c                	sw	a5,0(s0)
     250:	401c                	lw	a5,0(s0)
     252:	29479793          	bseti	a5,a5,0x14
     256:	c01c                	sw	a5,0(s0)
     258:	401c                	lw	a5,0(s0)
     25a:	00a79713          	slli	a4,a5,0xa
     25e:	fe075de3          	bgez	a4,258 <USBHS_RCC_Init.part.0+0x2a>
     262:	4505                	li	a0,1
     264:	2a8040ef          	jal	450c <RCC_UTMI1cmd>
     268:	4585                	li	a1,1
     26a:	6505                	lui	a0,0x1
     26c:	25e040ef          	jal	44ca <RCC_HBPeriphClockCmd>
     270:	b771                	j	1fc <__riscv_restore_0>

00000272 <USBHS_RCC_Init>:
     272:	f63ff2ef          	jal	t0,1d4 <__riscv_save_0>
     276:	c119                	beqz	a0,27c <USBHS_RCC_Init+0xa>
     278:	3f5d                	jal	22e <USBHS_RCC_Init.part.0>
     27a:	b749                	j	1fc <__riscv_restore_0>
     27c:	4581                	li	a1,0
     27e:	6505                	lui	a0,0x1
     280:	24a040ef          	jal	44ca <RCC_HBPeriphClockCmd>
     284:	4501                	li	a0,0
     286:	286040ef          	jal	450c <RCC_UTMI1cmd>
     28a:	40021737          	lui	a4,0x40021
     28e:	431c                	lw	a5,0(a4)
     290:	49479793          	bclri	a5,a5,0x14
     294:	c31c                	sw	a5,0(a4)
     296:	b7d5                	j	27a <USBHS_RCC_Init+0x8>

00000298 <USBHS_Host_Init>:
     298:	f3dff2ef          	jal	t0,1d4 <__riscv_save_0>
     29c:	c139                	beqz	a0,2e2 <USBHS_Host_Init+0x4a>
     29e:	6519                	lui	a0,0x6
     2a0:	57c50513          	addi	a0,a0,1404 # 657c <_read+0x2a>
     2a4:	3f6050ef          	jal	569a <iprintf>
     2a8:	3759                	jal	22e <USBHS_RCC_Init.part.0>
     2aa:	400247b7          	lui	a5,0x40024
     2ae:	4725                	li	a4,9
     2b0:	10e78023          	sb	a4,256(a5) # 40024100 <_eusrstack+0x20002100>
     2b4:	10078793          	addi	a5,a5,256
     2b8:	88018713          	addi	a4,gp,-1920 # 200004d8 <TxBuffer>
     2bc:	d798                	sw	a4,40(a5)
     2be:	8c018713          	addi	a4,gp,-1856 # 20000518 <RxBuffer>
     2c2:	d3d8                	sw	a4,36(a5)
     2c4:	20000713          	li	a4,512
     2c8:	d398                	sw	a4,32(a5)
     2ca:	f8100713          	li	a4,-127
     2ce:	02e78823          	sb	a4,48(a5)
     2d2:	4bd8                	lw	a4,20(a5)
     2d4:	29871713          	bseti	a4,a4,0x18
     2d8:	cbd8                	sw	a4,20(a5)
     2da:	03800713          	li	a4,56
     2de:	a398                	sb	a4,0(a5)
     2e0:	bf31                	j	1fc <__riscv_restore_0>
     2e2:	400247b7          	lui	a5,0x40024
     2e6:	471d                	li	a4,7
     2e8:	10e78023          	sb	a4,256(a5) # 40024100 <_eusrstack+0x20002100>
     2ec:	3759                	jal	272 <USBHS_RCC_Init>
     2ee:	bfcd                	j	2e0 <USBHS_Host_Init+0x48>

000002f0 <USBHSH_CheckRootHubPortStatus>:
     2f0:	40024737          	lui	a4,0x40024
     2f4:	13674783          	lbu	a5,310(a4) # 40024136 <_eusrstack+0x20002136>
     2f8:	10070713          	addi	a4,a4,256
     2fc:	8b85                	andi	a5,a5,1
     2fe:	cf99                	beqz	a5,31c <USBHSH_CheckRootHubPortStatus+0x2c>
     300:	4685                	li	a3,1
     302:	02d70b23          	sb	a3,54(a4)
     306:	3b56                	lhu	a3,52(a4)
     308:	8a85                	andi	a3,a3,1
     30a:	ce81                	beqz	a3,322 <USBHSH_CheckRootHubPortStatus+0x32>
     30c:	c909                	beqz	a0,31e <USBHSH_CheckRootHubPortStatus+0x2e>
     30e:	4689                	li	a3,2
     310:	00d50663          	beq	a0,a3,31c <USBHSH_CheckRootHubPortStatus+0x2c>
     314:	2318                	lbu	a4,0(a4)
     316:	02077713          	andi	a4,a4,32
     31a:	c311                	beqz	a4,31e <USBHSH_CheckRootHubPortStatus+0x2e>
     31c:	4789                	li	a5,2
     31e:	853e                	mv	a0,a5
     320:	8082                	ret
     322:	4781                	li	a5,0
     324:	bfed                	j	31e <USBHSH_CheckRootHubPortStatus+0x2e>

00000326 <USBHSH_CheckRootHubPortSpeed>:
     326:	400247b7          	lui	a5,0x40024
     32a:	10078793          	addi	a5,a5,256 # 40024100 <_eusrstack+0x20002100>
     32e:	3bde                	lhu	a5,52(a5)
     330:	20000713          	li	a4,512
     334:	4501                	li	a0,0
     336:	6007f793          	andi	a5,a5,1536
     33a:	00e78b63          	beq	a5,a4,350 <USBHSH_CheckRootHubPortSpeed+0x2a>
     33e:	4505                	li	a0,1
     340:	cb81                	beqz	a5,350 <USBHSH_CheckRootHubPortSpeed+0x2a>
     342:	40000713          	li	a4,1024
     346:	4509                	li	a0,2
     348:	00e78463          	beq	a5,a4,350 <USBHSH_CheckRootHubPortSpeed+0x2a>
     34c:	0ff00513          	li	a0,255
     350:	8082                	ret

00000352 <USBHSH_ResetRootHubPort>:
     352:	e83ff2ef          	jal	t0,1d4 <__riscv_save_0>
     356:	40024437          	lui	s0,0x40024
     35a:	10040413          	addi	s0,s0,256 # 40024100 <_eusrstack+0x20002100>
     35e:	000401a3          	sb	zero,3(s0)
     362:	545c                	lw	a5,44(s0)
     364:	12c00493          	li	s1,300
     368:	0017e793          	ori	a5,a5,1
     36c:	d45c                	sw	a5,44(s0)
     36e:	03644783          	lbu	a5,54(s0)
     372:	8bc1                	andi	a5,a5,16
     374:	c789                	beqz	a5,37e <USBHSH_ResetRootHubPort+0x2c>
     376:	47c1                	li	a5,16
     378:	02f40b23          	sb	a5,54(s0)
     37c:	b541                	j	1fc <__riscv_restore_0>
     37e:	06400513          	li	a0,100
     382:	14fd                	addi	s1,s1,-1
     384:	3ea040ef          	jal	476e <Delay_Us>
     388:	f0fd                	bnez	s1,36e <USBHSH_ResetRootHubPort+0x1c>
     38a:	bfcd                	j	37c <USBHSH_ResetRootHubPort+0x2a>

0000038c <USBHSH_EnableRootHubPort>:
     38c:	400247b7          	lui	a5,0x40024
     390:	1347d703          	lhu	a4,308(a5) # 40024134 <_eusrstack+0x20002134>
     394:	8b05                	andi	a4,a4,1
     396:	c715                	beqz	a4,3c2 <USBHSH_EnableRootHubPort+0x36>
     398:	10078793          	addi	a5,a5,256
     39c:	239c                	lbu	a5,0(a5)
     39e:	0207f793          	andi	a5,a5,32
     3a2:	e395                	bnez	a5,3c6 <USBHSH_EnableRootHubPort+0x3a>
     3a4:	e31ff2ef          	jal	t0,1d4 <__riscv_save_0>
     3a8:	842a                	mv	s0,a0
     3aa:	3fb5                	jal	326 <USBHSH_CheckRootHubPortSpeed>
     3ac:	a008                	sb	a0,0(s0)
     3ae:	400247b7          	lui	a5,0x40024
     3b2:	1007c703          	lbu	a4,256(a5) # 40024100 <_eusrstack+0x20002100>
     3b6:	4501                	li	a0,0
     3b8:	02076713          	ori	a4,a4,32
     3bc:	10e78023          	sb	a4,256(a5)
     3c0:	bd35                	j	1fc <__riscv_restore_0>
     3c2:	4559                	li	a0,22
     3c4:	8082                	ret
     3c6:	400247b7          	lui	a5,0x40024
     3ca:	1007c703          	lbu	a4,256(a5) # 40024100 <_eusrstack+0x20002100>
     3ce:	4501                	li	a0,0
     3d0:	02076713          	ori	a4,a4,32
     3d4:	10e78023          	sb	a4,256(a5)
     3d8:	8082                	ret

000003da <USBHSH_Transact>:
     3da:	dcfff2ef          	jal	t0,1a8 <__riscv_save_10>
     3de:	00f57913          	andi	s2,a0,15
     3e2:	47a5                	li	a5,9
     3e4:	89b2                	mv	s3,a2
     3e6:	04f91f63          	bne	s2,a5,444 <USBHSH_Transact+0x6a>
     3ea:	1805f593          	andi	a1,a1,384
     3ee:	00b035b3          	snez	a1,a1
     3f2:	00859c93          	slli	s9,a1,0x8
     3f6:	00ace533          	or	a0,s9,a0
     3fa:	40024437          	lui	s0,0x40024
     3fe:	4481                	li	s1,0
     400:	29051a13          	bseti	s4,a0,0x10
     404:	10040413          	addi	s0,s0,256 # 40024100 <_eusrstack+0x20002100>
     408:	4ac1                	li	s5,16
     40a:	4b05                	li	s6,1
     40c:	5bf1                	li	s7,-4
     40e:	4c25                	li	s8,9
     410:	01442223          	sw	s4,4(s0)
     414:	01540423          	sb	s5,8(s0)
     418:	3e800d13          	li	s10,1000
     41c:	241c                	lbu	a5,8(s0)
     41e:	8bc1                	andi	a5,a5,16
     420:	eb89                	bnez	a5,432 <USBHSH_Transact+0x58>
     422:	1d7d                	addi	s10,s10,-1
     424:	4505                	li	a0,1
     426:	080d4d33          	zext.h	s10,s10
     42a:	344040ef          	jal	476e <Delay_Us>
     42e:	fe0d17e3          	bnez	s10,41c <USBHSH_Transact+0x42>
     432:	405c                	lw	a5,4(s0)
     434:	9bc1                	andi	a5,a5,-16
     436:	c05c                	sw	a5,4(s0)
     438:	241c                	lbu	a5,8(s0)
     43a:	8bc1                	andi	a5,a5,16
     43c:	eb99                	bnez	a5,452 <USBHSH_Transact+0x78>
     43e:	0fe00513          	li	a0,254
     442:	a881                	j	492 <USBHSH_Transact+0xb8>
     444:	4785                	li	a5,1
     446:	4c81                	li	s9,0
     448:	faf917e3          	bne	s2,a5,3f6 <USBHSH_Transact+0x1c>
     44c:	1405f593          	andi	a1,a1,320
     450:	bf79                	j	3ee <USBHSH_Transact+0x14>
     452:	03644503          	lbu	a0,54(s0)
     456:	8905                	andi	a0,a0,1
     458:	c105                	beqz	a0,478 <USBHSH_Transact+0x9e>
     45a:	03640b23          	sb	s6,54(s0)
     45e:	0c800513          	li	a0,200
     462:	30c040ef          	jal	476e <Delay_Us>
     466:	385e                	lhu	a5,52(s0)
     468:	8b85                	andi	a5,a5,1
     46a:	c3d5                	beqz	a5,50e <USBHSH_Transact+0x134>
     46c:	201c                	lbu	a5,0(s0)
     46e:	0207f793          	andi	a5,a5,32
     472:	c3bd                	beqz	a5,4d8 <USBHSH_Transact+0xfe>
     474:	4555                	li	a0,21
     476:	a831                	j	492 <USBHSH_Transact+0xb8>
     478:	241c                	lbu	a5,8(s0)
     47a:	8bc1                	andi	a5,a5,16
     47c:	c7d1                	beqz	a5,508 <USBHSH_Transact+0x12e>
     47e:	3418                	lbu	a4,9(s0)
     480:	00f77793          	andi	a5,a4,15
     484:	03891463          	bne	s2,s8,4ac <USBHSH_Transact+0xd2>
     488:	468d                	li	a3,3
     48a:	00d79563          	bne	a5,a3,494 <USBHSH_Transact+0xba>
     48e:	000c9863          	bnez	s9,49e <USBHSH_Transact+0xc4>
     492:	bb89                	j	1e4 <__riscv_restore_10>
     494:	46ad                	li	a3,11
     496:	02d79063          	bne	a5,a3,4b6 <USBHSH_Transact+0xdc>
     49a:	fe0c9ce3          	bnez	s9,492 <USBHSH_Transact+0xb8>
     49e:	8b1d                	andi	a4,a4,7
     4a0:	1775                	addi	a4,a4,-3
     4a2:	cb1d                	beqz	a4,4d8 <USBHSH_Transact+0xfe>
     4a4:	cb95                	beqz	a5,4d8 <USBHSH_Transact+0xfe>
     4a6:	0207e513          	ori	a0,a5,32
     4aa:	b7e5                	j	492 <USBHSH_Transact+0xb8>
     4ac:	00b77693          	andi	a3,a4,11
     4b0:	4609                	li	a2,2
     4b2:	fec680e3          	beq	a3,a2,492 <USBHSH_Transact+0xb8>
     4b6:	46b9                	li	a3,14
     4b8:	04d78d63          	beq	a5,a3,512 <USBHSH_Transact+0x138>
     4bc:	46a9                	li	a3,10
     4be:	02d79963          	bne	a5,a3,4f0 <USBHSH_Transact+0x116>
     4c2:	04098b63          	beqz	s3,518 <USBHSH_Transact+0x13e>
     4c6:	67c1                	lui	a5,0x10
     4c8:	17f9                	addi	a5,a5,-2 # fffe <_data_lma+0x7806>
     4ca:	0137b7b3          	sltu	a5,a5,s3
     4ce:	0017b793          	seqz	a5,a5
     4d2:	40f989b3          	sub	s3,s3,a5
     4d6:	14fd                	addi	s1,s1,-1
     4d8:	453d                	li	a0,15
     4da:	294040ef          	jal	476e <Delay_Us>
     4de:	0485                	addi	s1,s1,1
     4e0:	0ff4f493          	zext.b	s1,s1
     4e4:	47a9                	li	a5,10
     4e6:	f2f495e3          	bne	s1,a5,410 <USBHSH_Transact+0x36>
     4ea:	02000513          	li	a0,32
     4ee:	b755                	j	492 <USBHSH_Transact+0xb8>
     4f0:	46b5                	li	a3,13
     4f2:	fad909e3          	beq	s2,a3,4a4 <USBHSH_Transact+0xca>
     4f6:	f526e4e3          	bltu	a3,s2,43e <USBHSH_Transact+0x64>
     4fa:	4685                	li	a3,1
     4fc:	fad904e3          	beq	s2,a3,4a4 <USBHSH_Transact+0xca>
     500:	46a5                	li	a3,9
     502:	f2d91ee3          	bne	s2,a3,43e <USBHSH_Transact+0x64>
     506:	bf61                	j	49e <USBHSH_Transact+0xc4>
     508:	01740423          	sb	s7,8(s0)
     50c:	b7f1                	j	4d8 <USBHSH_Transact+0xfe>
     50e:	4559                	li	a0,22
     510:	b749                	j	492 <USBHSH_Transact+0xb8>
     512:	02e00513          	li	a0,46
     516:	bfb5                	j	492 <USBHSH_Transact+0xb8>
     518:	02a00513          	li	a0,42
     51c:	bf9d                	j	492 <USBHSH_Transact+0xb8>

0000051e <USBHSH_CtrlTransfer>:
     51e:	c9bff2ef          	jal	t0,1b8 <__riscv_save_4>
     522:	8a2a                	mv	s4,a0
     524:	89b2                	mv	s3,a2
     526:	06400513          	li	a0,100
     52a:	892e                	mv	s2,a1
     52c:	242040ef          	jal	476e <Delay_Us>
     530:	00098463          	beqz	s3,538 <USBHSH_CtrlTransfer+0x1a>
     534:	00099023          	sh	zero,0(s3)
     538:	40024437          	lui	s0,0x40024
     53c:	10040413          	addi	s0,s0,256 # 40024100 <_eusrstack+0x20002100>
     540:	47a1                	li	a5,8
     542:	663d                	lui	a2,0xf
     544:	cc1c                	sw	a5,24(s0)
     546:	a6060613          	addi	a2,a2,-1440 # ea60 <_data_lma+0x6268>
     54a:	4581                	li	a1,0
     54c:	4535                	li	a0,13
     54e:	3571                	jal	3da <USBHSH_Transact>
     550:	e571                	bnez	a0,61c <USBHSH_CtrlTransfer+0xfe>
     552:	405c                	lw	a5,4(s0)
     554:	88018b13          	addi	s6,gp,-1920 # 200004d8 <TxBuffer>
     558:	cff7f793          	andi	a5,a5,-769
     55c:	006b5483          	lhu	s1,6(s6)
     560:	1007e793          	ori	a5,a5,256
     564:	c05c                	sw	a5,4(s0)
     566:	c0c1                	beqz	s1,5e6 <USBHSH_CtrlTransfer+0xc8>
     568:	06090f63          	beqz	s2,5e6 <USBHSH_CtrlTransfer+0xc8>
     56c:	000b0783          	lb	a5,0(s6)
     570:	0c07d063          	bgez	a5,630 <USBHSH_CtrlTransfer+0x112>
     574:	8c018a93          	addi	s5,gp,-1856 # 20000518 <RxBuffer>
     578:	06400513          	li	a0,100
     57c:	1f2040ef          	jal	476e <Delay_Us>
     580:	404c                	lw	a1,4(s0)
     582:	663d                	lui	a2,0xf
     584:	a6060613          	addi	a2,a2,-1440 # ea60 <_data_lma+0x6268>
     588:	0805c5b3          	zext.h	a1,a1
     58c:	4525                	li	a0,9
     58e:	35b1                	jal	3da <USBHSH_Transact>
     590:	e551                	bnez	a0,61c <USBHSH_CtrlTransfer+0xfe>
     592:	405c                	lw	a5,4(s0)
     594:	1007c793          	xori	a5,a5,256
     598:	c05c                	sw	a5,4(s0)
     59a:	4c58                	lw	a4,28(s0)
     59c:	87a6                	mv	a5,s1
     59e:	00977563          	bgeu	a4,s1,5a8 <USBHSH_CtrlTransfer+0x8a>
     5a2:	4c5c                	lw	a5,28(s0)
     5a4:	0807c7b3          	zext.h	a5,a5
     5a8:	00098763          	beqz	s3,5b6 <USBHSH_CtrlTransfer+0x98>
     5ac:	0009d703          	lhu	a4,0(s3)
     5b0:	973e                	add	a4,a4,a5
     5b2:	00e99023          	sh	a4,0(s3)
     5b6:	4701                	li	a4,0
     5b8:	080746b3          	zext.h	a3,a4
     5bc:	06d79163          	bne	a5,a3,61e <USBHSH_CtrlTransfer+0x100>
     5c0:	4c58                	lw	a4,28(s0)
     5c2:	cf01                	beqz	a4,5da <USBHSH_CtrlTransfer+0xbc>
     5c4:	4c54                	lw	a3,28(s0)
     5c6:	fffa0713          	addi	a4,s4,-1
     5ca:	8f75                	and	a4,a4,a3
     5cc:	e719                	bnez	a4,5da <USBHSH_CtrlTransfer+0xbc>
     5ce:	993e                	add	s2,s2,a5
     5d0:	40f487b3          	sub	a5,s1,a5
     5d4:	0807c4b3          	zext.h	s1,a5
     5d8:	f0c5                	bnez	s1,578 <USBHSH_CtrlTransfer+0x5a>
     5da:	400247b7          	lui	a5,0x40024
     5de:	10078793          	addi	a5,a5,256 # 40024100 <_eusrstack+0x20002100>
     5e2:	0007ac23          	sw	zero,24(a5)
     5e6:	06400513          	li	a0,100
     5ea:	40024437          	lui	s0,0x40024
     5ee:	180040ef          	jal	476e <Delay_Us>
     5f2:	10040413          	addi	s0,s0,256 # 40024100 <_eusrstack+0x20002100>
     5f6:	4c08                	lw	a0,24(s0)
     5f8:	663d                	lui	a2,0xf
     5fa:	a6060613          	addi	a2,a2,-1440 # ea60 <_data_lma+0x6268>
     5fe:	00153513          	seqz	a0,a0
     602:	40a00533          	neg	a0,a0
     606:	9961                	andi	a0,a0,-8
     608:	10000593          	li	a1,256
     60c:	0525                	addi	a0,a0,9
     60e:	33f1                	jal	3da <USBHSH_Transact>
     610:	e511                	bnez	a0,61c <USBHSH_CtrlTransfer+0xfe>
     612:	4c1c                	lw	a5,24(s0)
     614:	c781                	beqz	a5,61c <USBHSH_CtrlTransfer+0xfe>
     616:	4c5c                	lw	a5,28(s0)
     618:	c391                	beqz	a5,61c <USBHSH_CtrlTransfer+0xfe>
     61a:	455d                	li	a0,23
     61c:	bed1                	j	1f0 <__riscv_restore_4>
     61e:	015706b3          	add	a3,a4,s5
     622:	2290                	lbu	a2,0(a3)
     624:	00e906b3          	add	a3,s2,a4
     628:	0705                	addi	a4,a4,1
     62a:	a290                	sb	a2,0(a3)
     62c:	b771                	j	5b8 <USBHSH_CtrlTransfer+0x9a>
     62e:	8956                	mv	s2,s5
     630:	06400513          	li	a0,100
     634:	13a040ef          	jal	476e <Delay_Us>
     638:	0a9a57b3          	minu	a5,s4,s1
     63c:	cc1c                	sw	a5,24(s0)
     63e:	8aca                	mv	s5,s2
     640:	4c18                	lw	a4,24(s0)
     642:	412a87b3          	sub	a5,s5,s2
     646:	0807c7b3          	zext.h	a5,a5
     64a:	02e79e63          	bne	a5,a4,686 <USBHSH_CtrlTransfer+0x168>
     64e:	404c                	lw	a1,4(s0)
     650:	663d                	lui	a2,0xf
     652:	a6060613          	addi	a2,a2,-1440 # ea60 <_data_lma+0x6268>
     656:	0805c5b3          	zext.h	a1,a1
     65a:	4505                	li	a0,1
     65c:	3bbd                	jal	3da <USBHSH_Transact>
     65e:	fd5d                	bnez	a0,61c <USBHSH_CtrlTransfer+0xfe>
     660:	405c                	lw	a5,4(s0)
     662:	1007c793          	xori	a5,a5,256
     666:	c05c                	sw	a5,4(s0)
     668:	4c1c                	lw	a5,24(s0)
     66a:	40f487b3          	sub	a5,s1,a5
     66e:	0807c4b3          	zext.h	s1,a5
     672:	00098863          	beqz	s3,682 <USBHSH_CtrlTransfer+0x164>
     676:	4c18                	lw	a4,24(s0)
     678:	0009d783          	lhu	a5,0(s3)
     67c:	97ba                	add	a5,a5,a4
     67e:	00f99023          	sh	a5,0(s3)
     682:	f4d5                	bnez	s1,62e <USBHSH_CtrlTransfer+0x110>
     684:	b78d                	j	5e6 <USBHSH_CtrlTransfer+0xc8>
     686:	000ac703          	lbu	a4,0(s5)
     68a:	97da                	add	a5,a5,s6
     68c:	0a85                	addi	s5,s5,1
     68e:	a398                	sb	a4,0(a5)
     690:	bf45                	j	640 <USBHSH_CtrlTransfer+0x122>

00000692 <USBHSH_GetDeviceDescr>:
     692:	b43ff2ef          	jal	t0,1d4 <__riscv_save_0>
     696:	47a1                	li	a5,8
     698:	1101                	addi	sp,sp,-32
     69a:	01000737          	lui	a4,0x1000
     69e:	a11c                	sb	a5,0(a0)
     6a0:	88018793          	addi	a5,gp,-1920 # 200004d8 <TxBuffer>
     6a4:	68070713          	addi	a4,a4,1664 # 1000680 <_data_lma+0xff7e88>
     6a8:	c398                	sw	a4,0(a5)
     6aa:	00120737          	lui	a4,0x120
     6ae:	c3d8                	sw	a4,4(a5)
     6b0:	842a                	mv	s0,a0
     6b2:	2108                	lbu	a0,0(a0)
     6b4:	01e10613          	addi	a2,sp,30
     6b8:	c62e                	sw	a1,12(sp)
     6ba:	3595                	jal	51e <USBHSH_CtrlTransfer>
     6bc:	e909                	bnez	a0,6ce <USBHSH_GetDeviceDescr+0x3c>
     6be:	45b2                	lw	a1,12(sp)
     6c0:	87b8                	lhu	a4,30(sp)
     6c2:	31fc                	lbu	a5,7(a1)
     6c4:	a01c                	sb	a5,0(s0)
     6c6:	47c5                	li	a5,17
     6c8:	00e7e363          	bltu	a5,a4,6ce <USBHSH_GetDeviceDescr+0x3c>
     6cc:	455d                	li	a0,23
     6ce:	6105                	addi	sp,sp,32
     6d0:	b635                	j	1fc <__riscv_restore_0>

000006d2 <USBHSH_GetConfigDescr>:
     6d2:	ae7ff2ef          	jal	t0,1b8 <__riscv_save_4>
     6d6:	020004b7          	lui	s1,0x2000
     6da:	1141                	addi	sp,sp,-16
     6dc:	88018413          	addi	s0,gp,-1920 # 200004d8 <TxBuffer>
     6e0:	8a32                	mv	s4,a2
     6e2:	68048493          	addi	s1,s1,1664 # 2000680 <_data_lma+0x1ff7e88>
     6e6:	00040937          	lui	s2,0x40
     6ea:	8636                	mv	a2,a3
     6ec:	89aa                	mv	s3,a0
     6ee:	c62e                	sw	a1,12(sp)
     6f0:	c004                	sw	s1,0(s0)
     6f2:	01242223          	sw	s2,4(s0)
     6f6:	c436                	sw	a3,8(sp)
     6f8:	351d                	jal	51e <USBHSH_CtrlTransfer>
     6fa:	e515                	bnez	a0,726 <USBHSH_GetConfigDescr+0x54>
     6fc:	4622                	lw	a2,8(sp)
     6fe:	478d                	li	a5,3
     700:	455d                	li	a0,23
     702:	221a                	lhu	a4,0(a2)
     704:	02e7f163          	bgeu	a5,a4,726 <USBHSH_GetConfigDescr+0x54>
     708:	45b2                	lw	a1,12(sp)
     70a:	854e                	mv	a0,s3
     70c:	31bc                	lbu	a5,3(a1)
     70e:	21b8                	lbu	a4,2(a1)
     710:	07a2                	slli	a5,a5,0x8
     712:	8fd9                	or	a5,a5,a4
     714:	0b47d7b3          	minu	a5,a5,s4
     718:	a21e                	sh	a5,0(a2)
     71a:	01242223          	sw	s2,4(s0)
     71e:	c004                	sw	s1,0(s0)
     720:	221e                	lhu	a5,0(a2)
     722:	a07e                	sh	a5,6(s0)
     724:	3bed                	jal	51e <USBHSH_CtrlTransfer>
     726:	0141                	addi	sp,sp,16
     728:	b4e1                	j	1f0 <__riscv_restore_4>

0000072a <USBHSH_SetUsbAddress>:
     72a:	aabff2ef          	jal	t0,1d4 <__riscv_save_0>
     72e:	88018793          	addi	a5,gp,-1920 # 200004d8 <TxBuffer>
     732:	50000713          	li	a4,1280
     736:	c398                	sw	a4,0(a5)
     738:	a3ae                	sh	a1,2(a5)
     73a:	842e                	mv	s0,a1
     73c:	4601                	li	a2,0
     73e:	4581                	li	a1,0
     740:	0007a223          	sw	zero,4(a5)
     744:	3be9                	jal	51e <USBHSH_CtrlTransfer>
     746:	84aa                	mv	s1,a0
     748:	e911                	bnez	a0,75c <USBHSH_SetUsbAddress+0x32>
     74a:	07f47413          	andi	s0,s0,127
     74e:	400247b7          	lui	a5,0x40024
     752:	108781a3          	sb	s0,259(a5) # 40024103 <_eusrstack+0x20002103>
     756:	4515                	li	a0,5
     758:	048040ef          	jal	47a0 <Delay_Ms>
     75c:	8526                	mv	a0,s1
     75e:	bc79                	j	1fc <__riscv_restore_0>

00000760 <USBHSH_SetUsbConfig>:
     760:	6705                	lui	a4,0x1
     762:	88018793          	addi	a5,gp,-1920 # 200004d8 <TxBuffer>
     766:	90070713          	addi	a4,a4,-1792 # 900 <init_alloc_info+0x2a>
     76a:	c398                	sw	a4,0(a5)
     76c:	a3ae                	sh	a1,2(a5)
     76e:	4601                	li	a2,0
     770:	4581                	li	a1,0
     772:	0007a223          	sw	zero,4(a5)
     776:	b365                	j	51e <USBHSH_CtrlTransfer>

00000778 <USBHSH_ClearEndpStall>:
     778:	88018793          	addi	a5,gp,-1920 # 200004d8 <TxBuffer>
     77c:	0007a223          	sw	zero,4(a5)
     780:	10200713          	li	a4,258
     784:	a3ce                	sh	a1,4(a5)
     786:	4601                	li	a2,0
     788:	4581                	li	a1,0
     78a:	c398                	sw	a4,0(a5)
     78c:	bb49                	j	51e <USBHSH_CtrlTransfer>

0000078e <USBHSH_GetEndpData>:
     78e:	a47ff2ef          	jal	t0,1d4 <__riscv_save_0>
     792:	842e                	mv	s0,a1
     794:	218e                	lhu	a1,0(a1)
     796:	1141                	addi	sp,sp,-16
     798:	8932                	mv	s2,a2
     79a:	09056513          	ori	a0,a0,144
     79e:	4601                	li	a2,0
     7a0:	c636                	sw	a3,12(sp)
     7a2:	3925                	jal	3da <USBHSH_Transact>
     7a4:	46b2                	lw	a3,12(sp)
     7a6:	84aa                	mv	s1,a0
     7a8:	e10d                	bnez	a0,7ca <USBHSH_GetEndpData+0x3c>
     7aa:	400247b7          	lui	a5,0x40024
     7ae:	10078793          	addi	a5,a5,256 # 40024100 <_eusrstack+0x20002100>
     7b2:	4fd0                	lw	a2,28(a5)
     7b4:	8c018593          	addi	a1,gp,-1856 # 20000518 <RxBuffer>
     7b8:	a292                	sh	a2,0(a3)
     7ba:	854a                	mv	a0,s2
     7bc:	08064633          	zext.h	a2,a2
     7c0:	3ca1                	jal	218 <memcpy>
     7c2:	201e                	lhu	a5,0(s0)
     7c4:	1007c793          	xori	a5,a5,256
     7c8:	a01e                	sh	a5,0(s0)
     7ca:	8526                	mv	a0,s1
     7cc:	0141                	addi	sp,sp,16
     7ce:	b43d                	j	1fc <__riscv_restore_0>

000007d0 <USBHSH_SendEndpData>:
     7d0:	a05ff2ef          	jal	t0,1d4 <__riscv_save_0>
     7d4:	84aa                	mv	s1,a0
     7d6:	1141                	addi	sp,sp,-16
     7d8:	842e                	mv	s0,a1
     7da:	88018513          	addi	a0,gp,-1920 # 200004d8 <TxBuffer>
     7de:	85b2                	mv	a1,a2
     7e0:	8636                	mv	a2,a3
     7e2:	c636                	sw	a3,12(sp)
     7e4:	3c15                	jal	218 <memcpy>
     7e6:	4632                	lw	a2,12(sp)
     7e8:	400247b7          	lui	a5,0x40024
     7ec:	200e                	lhu	a1,0(s0)
     7ee:	10078793          	addi	a5,a5,256 # 40024100 <_eusrstack+0x20002100>
     7f2:	cf90                	sw	a2,24(a5)
     7f4:	0104e513          	ori	a0,s1,16
     7f8:	4601                	li	a2,0
     7fa:	36c5                	jal	3da <USBHSH_Transact>
     7fc:	e509                	bnez	a0,806 <__stack_size+0x6>
     7fe:	201e                	lhu	a5,0(s0)
     800:	1007c793          	xori	a5,a5,256
     804:	a01e                	sh	a5,0(s0)
     806:	0141                	addi	sp,sp,16
     808:	bad5                	j	1fc <__riscv_restore_0>

0000080a <disk_status>:
     80a:	4501                	li	a0,0
     80c:	8082                	ret

0000080e <disk_initialize>:
     80e:	9c7ff2ef          	jal	t0,1d4 <__riscv_save_0>
     812:	2eb010ef          	jal	22fc <ClearUSB>
     816:	27b010ef          	jal	2290 <USBH_PreDeal>
     81a:	157d                	addi	a0,a0,-1
     81c:	0ff57513          	zext.b	a0,a0
     820:	0fd00793          	li	a5,253
     824:	00a7e463          	bltu	a5,a0,82c <disk_initialize+0x1e>
     828:	4505                	li	a0,1
     82a:	bac9                	j	1fc <__riscv_restore_0>
     82c:	82418593          	addi	a1,gp,-2012 # 2000047c <block_size>
     830:	82818513          	addi	a0,gp,-2008 # 20000480 <block_count>
     834:	381010ef          	jal	23b4 <usb_scsi_read_capacity>
     838:	f965                	bnez	a0,828 <disk_initialize+0x1a>
     83a:	8241a503          	lw	a0,-2012(gp) # 2000047c <block_size>
     83e:	e0050513          	addi	a0,a0,-512
     842:	00a03533          	snez	a0,a0
     846:	b7d5                	j	82a <disk_initialize+0x1c>

00000848 <disk_read>:
     848:	98dff2ef          	jal	t0,1d4 <__riscv_save_0>
     84c:	1141                	addi	sp,sp,-16
     84e:	8432                	mv	s0,a2
     850:	00c684b3          	add	s1,a3,a2
     854:	00941563          	bne	s0,s1,85e <disk_read+0x16>
     858:	4501                	li	a0,0
     85a:	0141                	addi	sp,sp,16
     85c:	b245                	j	1fc <__riscv_restore_0>
     85e:	8241a603          	lw	a2,-2012(gp) # 2000047c <block_size>
     862:	8522                	mv	a0,s0
     864:	c62e                	sw	a1,12(sp)
     866:	395010ef          	jal	23fa <usb_scsi_read_sector>
     86a:	45b2                	lw	a1,12(sp)
     86c:	0405                	addi	s0,s0,1
     86e:	20058593          	addi	a1,a1,512
     872:	d16d                	beqz	a0,854 <disk_read+0xc>
     874:	4505                	li	a0,1
     876:	b7d5                	j	85a <disk_read+0x12>

00000878 <ld_32>:
     878:	3118                	lbu	a4,1(a0)
     87a:	211c                	lbu	a5,0(a0)
     87c:	0722                	slli	a4,a4,0x8
     87e:	8f5d                	or	a4,a4,a5
     880:	213c                	lbu	a5,2(a0)
     882:	3128                	lbu	a0,3(a0)
     884:	07c2                	slli	a5,a5,0x10
     886:	8fd9                	or	a5,a5,a4
     888:	0562                	slli	a0,a0,0x18
     88a:	8d5d                	or	a0,a0,a5
     88c:	8082                	ret

0000088e <ld_64>:
     88e:	311c                	lbu	a5,1(a0)
     890:	2118                	lbu	a4,0(a0)
     892:	3154                	lbu	a3,5(a0)
     894:	07a2                	slli	a5,a5,0x8
     896:	8fd9                	or	a5,a5,a4
     898:	2138                	lbu	a4,2(a0)
     89a:	06a2                	slli	a3,a3,0x8
     89c:	3130                	lbu	a2,3(a0)
     89e:	0742                	slli	a4,a4,0x10
     8a0:	8f5d                	or	a4,a4,a5
     8a2:	215c                	lbu	a5,4(a0)
     8a4:	316c                	lbu	a1,7(a0)
     8a6:	0662                	slli	a2,a2,0x18
     8a8:	8edd                	or	a3,a3,a5
     8aa:	217c                	lbu	a5,6(a0)
     8ac:	05e2                	slli	a1,a1,0x18
     8ae:	00e66533          	or	a0,a2,a4
     8b2:	07c2                	slli	a5,a5,0x10
     8b4:	8fd5                	or	a5,a5,a3
     8b6:	8ddd                	or	a1,a1,a5
     8b8:	8082                	ret

000008ba <clst2sect>:
     8ba:	491c                	lw	a5,16(a0)
     8bc:	15f9                	addi	a1,a1,-2
     8be:	17f9                	addi	a5,a5,-2
     8c0:	00f5f963          	bgeu	a1,a5,8d2 <clst2sect+0x18>
     8c4:	253e                	lhu	a5,10(a0)
     8c6:	5518                	lw	a4,40(a0)
     8c8:	02b787b3          	mul	a5,a5,a1
     8cc:	00e78533          	add	a0,a5,a4
     8d0:	8082                	ret
     8d2:	4501                	li	a0,0
     8d4:	8082                	ret

000008d6 <init_alloc_info>:
     8d6:	8ffff2ef          	jal	t0,1d4 <__riscv_save_0>
     8da:	4118                	lw	a4,0(a0)
     8dc:	842a                	mv	s0,a0
     8de:	c999                	beqz	a1,8f4 <init_alloc_info+0x1e>
     8e0:	459c                	lw	a5,8(a1)
     8e2:	d11c                	sw	a5,32(a0)
     8e4:	499c                	lw	a5,16(a1)
     8e6:	31f4                	lbu	a3,7(a1)
     8e8:	f007f793          	andi	a5,a5,-256
     8ec:	8fd5                	or	a5,a5,a3
     8ee:	d15c                	sw	a5,36(a0)
     8f0:	45fc                	lw	a5,76(a1)
     8f2:	d51c                	sw	a5,40(a0)
     8f4:	5b04                	lw	s1,48(a4)
     8f6:	03448513          	addi	a0,s1,52
     8fa:	3fbd                	jal	878 <ld_32>
     8fc:	c408                	sw	a0,8(s0)
     8fe:	03848513          	addi	a0,s1,56
     902:	3771                	jal	88e <ld_64>
     904:	c808                	sw	a0,16(s0)
     906:	c84c                	sw	a1,20(s0)
     908:	0214c783          	lbu	a5,33(s1)
     90c:	00042e23          	sw	zero,28(s0)
     910:	8b89                	andi	a5,a5,2
     912:	b07c                	sb	a5,7(s0)
     914:	8e9ff06f          	j	1fc <__riscv_restore_0>

00000918 <get_ldnumber>:
     918:	411c                	lw	a5,0(a0)
     91a:	56fd                	li	a3,-1
     91c:	cb95                	beqz	a5,950 <get_ldnumber+0x38>
     91e:	873e                	mv	a4,a5
     920:	45fd                	li	a1,31
     922:	03a00613          	li	a2,58
     926:	00070683          	lb	a3,0(a4)
     92a:	0705                	addi	a4,a4,1
     92c:	0ff6f813          	zext.b	a6,a3
     930:	0105ff63          	bgeu	a1,a6,94e <get_ldnumber+0x36>
     934:	fec699e3          	bne	a3,a2,926 <get_ldnumber+0xe>
     938:	00078583          	lb	a1,0(a5)
     93c:	03000613          	li	a2,48
     940:	56fd                	li	a3,-1
     942:	00c59763          	bne	a1,a2,950 <get_ldnumber+0x38>
     946:	0789                	addi	a5,a5,2
     948:	00f71463          	bne	a4,a5,950 <get_ldnumber+0x38>
     94c:	c118                	sw	a4,0(a0)
     94e:	4681                	li	a3,0
     950:	8536                	mv	a0,a3
     952:	8082                	ret

00000954 <validate>:
     954:	e919                	bnez	a0,96a <validate+0x16>
     956:	4781                	li	a5,0
     958:	4525                	li	a0,9
     95a:	c19c                	sw	a5,0(a1)
     95c:	8082                	ret
     95e:	4525                	li	a0,9
     960:	4781                	li	a5,0
     962:	c19c                	sw	a5,0(a1)
     964:	0141                	addi	sp,sp,16
     966:	897ff06f          	j	1fc <__riscv_restore_0>
     96a:	86bff2ef          	jal	t0,1d4 <__riscv_save_0>
     96e:	411c                	lw	a5,0(a0)
     970:	1141                	addi	sp,sp,-16
     972:	842a                	mv	s0,a0
     974:	d7ed                	beqz	a5,95e <validate+0xa>
     976:	2398                	lbu	a4,0(a5)
     978:	d37d                	beqz	a4,95e <validate+0xa>
     97a:	2156                	lhu	a3,4(a0)
     97c:	23fa                	lhu	a4,6(a5)
     97e:	fee690e3          	bne	a3,a4,95e <validate+0xa>
     982:	3388                	lbu	a0,1(a5)
     984:	c62e                	sw	a1,12(sp)
     986:	3551                	jal	80a <disk_status>
     988:	8905                	andi	a0,a0,1
     98a:	45b2                	lw	a1,12(sp)
     98c:	f969                	bnez	a0,95e <validate+0xa>
     98e:	401c                	lw	a5,0(s0)
     990:	bfc9                	j	962 <validate+0xe>

00000992 <put_utf>:
     992:	843ff2ef          	jal	t0,1d4 <__riscv_save_0>
     996:	1141                	addi	sp,sp,-16
     998:	842e                	mv	s0,a1
     99a:	1b500593          	li	a1,437
     99e:	c632                	sw	a2,12(sp)
     9a0:	3fe010ef          	jal	1d9e <ff_uni2oem>
     9a4:	0ff00713          	li	a4,255
     9a8:	4632                	lw	a2,12(sp)
     9aa:	87aa                	mv	a5,a0
     9ac:	00a77e63          	bgeu	a4,a0,9c8 <put_utf+0x36>
     9b0:	4705                	li	a4,1
     9b2:	4501                	li	a0,0
     9b4:	00c77763          	bgeu	a4,a2,9c2 <put_utf+0x30>
     9b8:	0087d713          	srli	a4,a5,0x8
     9bc:	a018                	sb	a4,0(s0)
     9be:	b01c                	sb	a5,1(s0)
     9c0:	4509                	li	a0,2
     9c2:	0141                	addi	sp,sp,16
     9c4:	839ff06f          	j	1fc <__riscv_restore_0>
     9c8:	c609                	beqz	a2,9d2 <put_utf+0x40>
     9ca:	c501                	beqz	a0,9d2 <put_utf+0x40>
     9cc:	a008                	sb	a0,0(s0)
     9ce:	4505                	li	a0,1
     9d0:	bfcd                	j	9c2 <put_utf+0x30>
     9d2:	4501                	li	a0,0
     9d4:	b7fd                	j	9c2 <put_utf+0x30>

000009d6 <move_window>:
     9d6:	4d1c                	lw	a5,24(a0)
     9d8:	02b78563          	beq	a5,a1,a02 <move_window+0x2c>
     9dc:	ff8ff2ef          	jal	t0,1d4 <__riscv_save_0>
     9e0:	1141                	addi	sp,sp,-16
     9e2:	862e                	mv	a2,a1
     9e4:	c62e                	sw	a1,12(sp)
     9e6:	842a                	mv	s0,a0
     9e8:	03450593          	addi	a1,a0,52
     9ec:	3108                	lbu	a0,1(a0)
     9ee:	4685                	li	a3,1
     9f0:	3da1                	jal	848 <disk_read>
     9f2:	4632                	lw	a2,12(sp)
     9f4:	c119                	beqz	a0,9fa <move_window+0x24>
     9f6:	4505                	li	a0,1
     9f8:	567d                	li	a2,-1
     9fa:	cc10                	sw	a2,24(s0)
     9fc:	0141                	addi	sp,sp,16
     9fe:	ffeff06f          	j	1fc <__riscv_restore_0>
     a02:	4501                	li	a0,0
     a04:	8082                	ret

00000a06 <check_fs>:
     a06:	fceff2ef          	jal	t0,1d4 <__riscv_save_0>
     a0a:	57fd                	li	a5,-1
     a0c:	00050223          	sb	zero,4(a0)
     a10:	cd1c                	sw	a5,24(a0)
     a12:	842a                	mv	s0,a0
     a14:	37c9                	jal	9d6 <move_window>
     a16:	4911                	li	s2,4
     a18:	e17d                	bnez	a0,afe <check_fs+0xf8>
     a1a:	23344483          	lbu	s1,563(s0)
     a1e:	23244783          	lbu	a5,562(s0)
     a22:	892a                	mv	s2,a0
     a24:	04a2                	slli	s1,s1,0x8
     a26:	8cdd                	or	s1,s1,a5
     a28:	67ad                	lui	a5,0xb
     a2a:	a5578793          	addi	a5,a5,-1451 # aa55 <_data_lma+0x225d>
     a2e:	00f49b63          	bne	s1,a5,a44 <check_fs+0x3e>
     a32:	6599                	lui	a1,0x6
     a34:	462d                	li	a2,11
     a36:	58458593          	addi	a1,a1,1412 # 6584 <_read+0x32>
     a3a:	03440513          	addi	a0,s0,52
     a3e:	671040ef          	jal	58ae <memcmp>
     a42:	c169                	beqz	a0,b04 <check_fs+0xfe>
     a44:	03444703          	lbu	a4,52(s0)
     a48:	01870793          	addi	a5,a4,24
     a4c:	0ff7f793          	zext.b	a5,a5
     a50:	0027b793          	sltiu	a5,a5,2
     a54:	e781                	bnez	a5,a5c <check_fs+0x56>
     a56:	f1570713          	addi	a4,a4,-235
     a5a:	eb51                	bnez	a4,aee <check_fs+0xe8>
     a5c:	67ad                	lui	a5,0xb
     a5e:	a5578793          	addi	a5,a5,-1451 # aa55 <_data_lma+0x225d>
     a62:	00f49b63          	bne	s1,a5,a78 <check_fs+0x72>
     a66:	6599                	lui	a1,0x6
     a68:	4621                	li	a2,8
     a6a:	59058593          	addi	a1,a1,1424 # 6590 <_read+0x3e>
     a6e:	08640513          	addi	a0,s0,134
     a72:	63d040ef          	jal	58ae <memcmp>
     a76:	c541                	beqz	a0,afe <check_fs+0xf8>
     a78:	04044783          	lbu	a5,64(s0)
     a7c:	03f44683          	lbu	a3,63(s0)
     a80:	04144703          	lbu	a4,65(s0)
     a84:	07a2                	slli	a5,a5,0x8
     a86:	8fd5                	or	a5,a5,a3
     a88:	e0078793          	addi	a5,a5,-512
     a8c:	e3ad                	bnez	a5,aee <check_fs+0xe8>
     a8e:	c325                	beqz	a4,aee <check_fs+0xe8>
     a90:	fff70793          	addi	a5,a4,-1
     a94:	8ff9                	and	a5,a5,a4
     a96:	efa1                	bnez	a5,aee <check_fs+0xe8>
     a98:	04344783          	lbu	a5,67(s0)
     a9c:	04244703          	lbu	a4,66(s0)
     aa0:	07a2                	slli	a5,a5,0x8
     aa2:	8fd9                	or	a5,a5,a4
     aa4:	c7a9                	beqz	a5,aee <check_fs+0xe8>
     aa6:	04444783          	lbu	a5,68(s0)
     aaa:	4705                	li	a4,1
     aac:	17fd                	addi	a5,a5,-1
     aae:	04f76063          	bltu	a4,a5,aee <check_fs+0xe8>
     ab2:	04644783          	lbu	a5,70(s0)
     ab6:	04544703          	lbu	a4,69(s0)
     aba:	07a2                	slli	a5,a5,0x8
     abc:	8fd9                	or	a5,a5,a4
     abe:	cb85                	beqz	a5,aee <check_fs+0xe8>
     ac0:	04844783          	lbu	a5,72(s0)
     ac4:	04744703          	lbu	a4,71(s0)
     ac8:	07a2                	slli	a5,a5,0x8
     aca:	8fd9                	or	a5,a5,a4
     acc:	07f00713          	li	a4,127
     ad0:	00f76863          	bltu	a4,a5,ae0 <check_fs+0xda>
     ad4:	05440513          	addi	a0,s0,84
     ad8:	3345                	jal	878 <ld_32>
     ada:	67c1                	lui	a5,0x10
     adc:	00f56963          	bltu	a0,a5,aee <check_fs+0xe8>
     ae0:	04b44783          	lbu	a5,75(s0)
     ae4:	04a44703          	lbu	a4,74(s0)
     ae8:	07a2                	slli	a5,a5,0x8
     aea:	8fd9                	or	a5,a5,a4
     aec:	eb89                	bnez	a5,afe <check_fs+0xf8>
     aee:	67ad                	lui	a5,0xb
     af0:	a5578793          	addi	a5,a5,-1451 # aa55 <_data_lma+0x225d>
     af4:	8c9d                	sub	s1,s1,a5
     af6:	009034b3          	snez	s1,s1
     afa:	00248913          	addi	s2,s1,2
     afe:	854a                	mv	a0,s2
     b00:	efcff06f          	j	1fc <__riscv_restore_0>
     b04:	4905                	li	s2,1
     b06:	bfe5                	j	afe <check_fs+0xf8>

00000b08 <get_fat>:
     b08:	87aa                	mv	a5,a0
     b0a:	4505                	li	a0,1
     b0c:	14b57363          	bgeu	a0,a1,c52 <get_fat+0x14a>
     b10:	ea8ff2ef          	jal	t0,1b8 <__riscv_save_4>
     b14:	4384                	lw	s1,0(a5)
     b16:	842e                	mv	s0,a1
     b18:	4898                	lw	a4,16(s1)
     b1a:	00e5fd63          	bgeu	a1,a4,b34 <get_fat+0x2c>
     b1e:	2098                	lbu	a4,0(s1)
     b20:	468d                	li	a3,3
     b22:	0cd70b63          	beq	a4,a3,bf8 <get_fat+0xf0>
     b26:	00e6e963          	bltu	a3,a4,b38 <get_fat+0x30>
     b2a:	04a70d63          	beq	a4,a0,b84 <get_fat+0x7c>
     b2e:	4789                	li	a5,2
     b30:	0af70363          	beq	a4,a5,bd6 <get_fat+0xce>
     b34:	ebcff06f          	j	1f0 <__riscv_restore_4>
     b38:	4691                	li	a3,4
     b3a:	fed71de3          	bne	a4,a3,b34 <get_fat+0x2c>
     b3e:	4b90                	lw	a2,16(a5)
     b40:	4bd8                	lw	a4,20(a5)
     b42:	33ec                	lbu	a1,7(a5)
     b44:	00e666b3          	or	a3,a2,a4
     b48:	c299                	beqz	a3,b4e <get_fat+0x46>
     b4a:	4794                	lw	a3,8(a5)
     b4c:	e299                	bnez	a3,b52 <get_fat+0x4a>
     b4e:	4505                	li	a0,1
     b50:	f1f5                	bnez	a1,b34 <get_fat+0x2c>
     b52:	4794                	lw	a3,8(a5)
     b54:	4509                	li	a0,2
     b56:	40d406b3          	sub	a3,s0,a3
     b5a:	0aa59e63          	bne	a1,a0,c16 <get_fat+0x10e>
     b5e:	fff60793          	addi	a5,a2,-1
     b62:	00163613          	seqz	a2,a2
     b66:	8f11                	sub	a4,a4,a2
     b68:	075e                	slli	a4,a4,0x17
     b6a:	83a5                	srli	a5,a5,0x9
     b6c:	97ba                	add	a5,a5,a4
     b6e:	24ba                	lhu	a4,10(s1)
     b70:	4505                	li	a0,1
     b72:	02e7d7b3          	divu	a5,a5,a4
     b76:	fad7efe3          	bltu	a5,a3,b34 <get_fat+0x2c>
     b7a:	0cf68863          	beq	a3,a5,c4a <get_fat+0x142>
     b7e:	00140513          	addi	a0,s0,1
     b82:	bf4d                	j	b34 <get_fat+0x2c>
     b84:	0015d913          	srli	s2,a1,0x1
     b88:	509c                	lw	a5,32(s1)
     b8a:	992e                	add	s2,s2,a1
     b8c:	00995593          	srli	a1,s2,0x9
     b90:	95be                	add	a1,a1,a5
     b92:	8526                	mv	a0,s1
     b94:	3589                	jal	9d6 <move_window>
     b96:	c119                	beqz	a0,b9c <get_fat+0x94>
     b98:	557d                	li	a0,-1
     b9a:	bf69                	j	b34 <get_fat+0x2c>
     b9c:	509c                	lw	a5,32(s1)
     b9e:	00190993          	addi	s3,s2,1 # 40001 <_data_lma+0x37809>
     ba2:	0099d593          	srli	a1,s3,0x9
     ba6:	1ff97913          	andi	s2,s2,511
     baa:	9926                	add	s2,s2,s1
     bac:	95be                	add	a1,a1,a5
     bae:	8526                	mv	a0,s1
     bb0:	03494903          	lbu	s2,52(s2)
     bb4:	350d                	jal	9d6 <move_window>
     bb6:	f16d                	bnez	a0,b98 <get_fat+0x90>
     bb8:	1ff9f993          	andi	s3,s3,511
     bbc:	99a6                	add	s3,s3,s1
     bbe:	0349c503          	lbu	a0,52(s3)
     bc2:	8805                	andi	s0,s0,1
     bc4:	0522                	slli	a0,a0,0x8
     bc6:	01256533          	or	a0,a0,s2
     bca:	c019                	beqz	s0,bd0 <get_fat+0xc8>
     bcc:	8111                	srli	a0,a0,0x4
     bce:	b79d                	j	b34 <get_fat+0x2c>
     bd0:	0552                	slli	a0,a0,0x14
     bd2:	8151                	srli	a0,a0,0x14
     bd4:	b785                	j	b34 <get_fat+0x2c>
     bd6:	509c                	lw	a5,32(s1)
     bd8:	81a1                	srli	a1,a1,0x8
     bda:	8526                	mv	a0,s1
     bdc:	95be                	add	a1,a1,a5
     bde:	3be5                	jal	9d6 <move_window>
     be0:	fd45                	bnez	a0,b98 <get_fat+0x90>
     be2:	0406                	slli	s0,s0,0x1
     be4:	1fe47413          	andi	s0,s0,510
     be8:	9426                	add	s0,s0,s1
     bea:	03544503          	lbu	a0,53(s0)
     bee:	03444783          	lbu	a5,52(s0)
     bf2:	0522                	slli	a0,a0,0x8
     bf4:	8d5d                	or	a0,a0,a5
     bf6:	bf3d                	j	b34 <get_fat+0x2c>
     bf8:	509c                	lw	a5,32(s1)
     bfa:	819d                	srli	a1,a1,0x7
     bfc:	8526                	mv	a0,s1
     bfe:	95be                	add	a1,a1,a5
     c00:	3bd9                	jal	9d6 <move_window>
     c02:	f959                	bnez	a0,b98 <get_fat+0x90>
     c04:	040a                	slli	s0,s0,0x2
     c06:	03448513          	addi	a0,s1,52
     c0a:	1fc47413          	andi	s0,s0,508
     c0e:	9522                	add	a0,a0,s0
     c10:	31a5                	jal	878 <ld_32>
     c12:	0512                	slli	a0,a0,0x4
     c14:	bf65                	j	bcc <get_fat+0xc4>
     c16:	470d                	li	a4,3
     c18:	00e59563          	bne	a1,a4,c22 <get_fat+0x11a>
     c1c:	4f98                	lw	a4,24(a5)
     c1e:	f6e6e0e3          	bltu	a3,a4,b7e <get_fat+0x76>
     c22:	4fdc                	lw	a5,28(a5)
     c24:	e39d                	bnez	a5,c4a <get_fat+0x142>
     c26:	509c                	lw	a5,32(s1)
     c28:	00745593          	srli	a1,s0,0x7
     c2c:	8526                	mv	a0,s1
     c2e:	95be                	add	a1,a1,a5
     c30:	335d                	jal	9d6 <move_window>
     c32:	f13d                	bnez	a0,b98 <get_fat+0x90>
     c34:	00241513          	slli	a0,s0,0x2
     c38:	03448493          	addi	s1,s1,52
     c3c:	1fc57513          	andi	a0,a0,508
     c40:	9526                	add	a0,a0,s1
     c42:	391d                	jal	878 <ld_32>
     c44:	49f51513          	bclri	a0,a0,0x1f
     c48:	b5f5                	j	b34 <get_fat+0x2c>
     c4a:	80000537          	lui	a0,0x80000
     c4e:	157d                	addi	a0,a0,-1 # 7fffffff <_eusrstack+0x5ffddfff>
     c50:	b5d5                	j	b34 <get_fat+0x2c>
     c52:	8082                	ret

00000c54 <dir_next.constprop.0>:
     c54:	d64ff2ef          	jal	t0,1b8 <__riscv_save_4>
     c58:	4104                	lw	s1,0(a0)
     c5a:	03052903          	lw	s2,48(a0)
     c5e:	4711                	li	a4,4
     c60:	2094                	lbu	a3,0(s1)
     c62:	842a                	mv	s0,a0
     c64:	02090913          	addi	s2,s2,32
     c68:	100007b7          	lui	a5,0x10000
     c6c:	00e68463          	beq	a3,a4,c74 <dir_next.constprop.0+0x20>
     c70:	002007b7          	lui	a5,0x200
     c74:	00f96463          	bltu	s2,a5,c7c <dir_next.constprop.0+0x28>
     c78:	02042c23          	sw	zero,56(s0)
     c7c:	5c1c                	lw	a5,56(s0)
     c7e:	c385                	beqz	a5,c9e <dir_next.constprop.0+0x4a>
     c80:	1ff97993          	andi	s3,s2,511
     c84:	04099863          	bnez	s3,cd4 <dir_next.constprop.0+0x80>
     c88:	584c                	lw	a1,52(s0)
     c8a:	0785                	addi	a5,a5,1 # 200001 <_data_lma+0x1f7809>
     c8c:	dc1c                	sw	a5,56(s0)
     c8e:	e999                	bnez	a1,ca4 <dir_next.constprop.0+0x50>
     c90:	249a                	lhu	a4,8(s1)
     c92:	00595793          	srli	a5,s2,0x5
     c96:	02e7ef63          	bltu	a5,a4,cd4 <dir_next.constprop.0+0x80>
     c9a:	02042c23          	sw	zero,56(s0)
     c9e:	4511                	li	a0,4
     ca0:	d50ff06f          	j	1f0 <__riscv_restore_4>
     ca4:	24be                	lhu	a5,10(s1)
     ca6:	00995713          	srli	a4,s2,0x9
     caa:	17fd                	addi	a5,a5,-1
     cac:	8ff9                	and	a5,a5,a4
     cae:	e39d                	bnez	a5,cd4 <dir_next.constprop.0+0x80>
     cb0:	8522                	mv	a0,s0
     cb2:	3d99                	jal	b08 <get_fat>
     cb4:	85aa                	mv	a1,a0
     cb6:	4785                	li	a5,1
     cb8:	4509                	li	a0,2
     cba:	feb7f3e3          	bgeu	a5,a1,ca0 <dir_next.constprop.0+0x4c>
     cbe:	577d                	li	a4,-1
     cc0:	853e                	mv	a0,a5
     cc2:	fce58fe3          	beq	a1,a4,ca0 <dir_next.constprop.0+0x4c>
     cc6:	489c                	lw	a5,16(s1)
     cc8:	fcf5f9e3          	bgeu	a1,a5,c9a <dir_next.constprop.0+0x46>
     ccc:	d84c                	sw	a1,52(s0)
     cce:	8526                	mv	a0,s1
     cd0:	36ed                	jal	8ba <clst2sect>
     cd2:	dc08                	sw	a0,56(s0)
     cd4:	03448493          	addi	s1,s1,52
     cd8:	94ce                	add	s1,s1,s3
     cda:	03242823          	sw	s2,48(s0)
     cde:	dc44                	sw	s1,60(s0)
     ce0:	4501                	li	a0,0
     ce2:	bf7d                	j	ca0 <dir_next.constprop.0+0x4c>

00000ce4 <dir_sdi.constprop.0>:
     ce4:	cd4ff2ef          	jal	t0,1b8 <__riscv_save_4>
     ce8:	4104                	lw	s1,0(a0)
     cea:	4500                	lw	s0,8(a0)
     cec:	1141                	addi	sp,sp,-16
     cee:	2098                	lbu	a4,0(s1)
     cf0:	02052823          	sw	zero,48(a0)
     cf4:	892a                	mv	s2,a0
     cf6:	ec19                	bnez	s0,d14 <dir_sdi.constprop.0+0x30>
     cf8:	4789                	li	a5,2
     cfa:	00e7e863          	bltu	a5,a4,d0a <dir_sdi.constprop.0+0x26>
     cfe:	249e                	lhu	a5,8(s1)
     d00:	eb85                	bnez	a5,d30 <dir_sdi.constprop.0+0x4c>
     d02:	4509                	li	a0,2
     d04:	0141                	addi	sp,sp,16
     d06:	ceaff06f          	j	1f0 <__riscv_restore_4>
     d0a:	50dc                	lw	a5,36(s1)
     d0c:	000503a3          	sb	zero,7(a0)
     d10:	d7fd                	beqz	a5,cfe <dir_sdi.constprop.0+0x1a>
     d12:	843e                	mv	s0,a5
     d14:	00a4d983          	lhu	s3,10(s1)
     d18:	85a2                	mv	a1,s0
     d1a:	5a7d                	li	s4,-1
     d1c:	09a6                	slli	s3,s3,0x9
     d1e:	4401                	li	s0,0
     d20:	4a85                	li	s5,1
     d22:	03347863          	bgeu	s0,s3,d52 <dir_sdi.constprop.0+0x6e>
     d26:	8526                	mv	a0,s1
     d28:	c62e                	sw	a1,12(sp)
     d2a:	3e41                	jal	8ba <clst2sect>
     d2c:	45b2                	lw	a1,12(sp)
     d2e:	a019                	j	d34 <dir_sdi.constprop.0+0x50>
     d30:	50c8                	lw	a0,36(s1)
     d32:	4581                	li	a1,0
     d34:	02a92c23          	sw	a0,56(s2)
     d38:	02b92a23          	sw	a1,52(s2)
     d3c:	d179                	beqz	a0,d02 <dir_sdi.constprop.0+0x1e>
     d3e:	8025                	srli	s0,s0,0x9
     d40:	9522                	add	a0,a0,s0
     d42:	03448493          	addi	s1,s1,52
     d46:	02a92c23          	sw	a0,56(s2)
     d4a:	02992e23          	sw	s1,60(s2)
     d4e:	4501                	li	a0,0
     d50:	bf55                	j	d04 <dir_sdi.constprop.0+0x20>
     d52:	854a                	mv	a0,s2
     d54:	3b55                	jal	b08 <get_fat>
     d56:	85aa                	mv	a1,a0
     d58:	01450a63          	beq	a0,s4,d6c <dir_sdi.constprop.0+0x88>
     d5c:	faaaf3e3          	bgeu	s5,a0,d02 <dir_sdi.constprop.0+0x1e>
     d60:	489c                	lw	a5,16(s1)
     d62:	faf570e3          	bgeu	a0,a5,d02 <dir_sdi.constprop.0+0x1e>
     d66:	41340433          	sub	s0,s0,s3
     d6a:	bf65                	j	d22 <dir_sdi.constprop.0+0x3e>
     d6c:	4505                	li	a0,1
     d6e:	bf59                	j	d04 <dir_sdi.constprop.0+0x20>

00000d70 <mount_volume.isra.0>:
     d70:	c48ff2ef          	jal	t0,1b8 <__riscv_save_4>
     d74:	1101                	addi	sp,sp,-32
     d76:	0005a023          	sw	zero,0(a1)
     d7a:	c62e                	sw	a1,12(sp)
     d7c:	3e71                	jal	918 <get_ldnumber>
     d7e:	57fd                	li	a5,-1
     d80:	34f50763          	beq	a0,a5,10ce <mount_volume.isra.0+0x35e>
     d84:	8301a403          	lw	s0,-2000(gp) # 20000488 <FatFs>
     d88:	4531                	li	a0,12
     d8a:	cc09                	beqz	s0,da4 <mount_volume.isra.0+0x34>
     d8c:	45b2                	lw	a1,12(sp)
     d8e:	c180                	sw	s0,0(a1)
     d90:	201c                	lbu	a5,0(s0)
     d92:	ef81                	bnez	a5,daa <mount_volume.isra.0+0x3a>
     d94:	3008                	lbu	a0,1(s0)
     d96:	00040023          	sb	zero,0(s0)
     d9a:	3c95                	jal	80e <disk_initialize>
     d9c:	00157793          	andi	a5,a0,1
     da0:	450d                	li	a0,3
     da2:	cb91                	beqz	a5,db6 <mount_volume.isra.0+0x46>
     da4:	6105                	addi	sp,sp,32
     da6:	c4aff06f          	j	1f0 <__riscv_restore_4>
     daa:	3008                	lbu	a0,1(s0)
     dac:	3cb9                	jal	80a <disk_status>
     dae:	8905                	andi	a0,a0,1
     db0:	f175                	bnez	a0,d94 <mount_volume.isra.0+0x24>
     db2:	4501                	li	a0,0
     db4:	bfc5                	j	da4 <mount_volume.isra.0+0x34>
     db6:	4581                	li	a1,0
     db8:	8522                	mv	a0,s0
     dba:	31b1                	jal	a06 <check_fs>
     dbc:	4789                	li	a5,2
     dbe:	04f51163          	bne	a0,a5,e00 <mount_volume.isra.0+0x90>
     dc2:	0804                	addi	s1,sp,16
     dc4:	1fa40913          	addi	s2,s0,506
     dc8:	23a40a13          	addi	s4,s0,570
     dcc:	89a6                	mv	s3,s1
     dce:	854a                	mv	a0,s2
     dd0:	3465                	jal	878 <ld_32>
     dd2:	00a9a023          	sw	a0,0(s3)
     dd6:	0941                	addi	s2,s2,16
     dd8:	0991                	addi	s3,s3,4
     dda:	ff491ae3          	bne	s2,s4,dce <mount_volume.isra.0+0x5e>
     dde:	01048913          	addi	s2,s1,16
     de2:	4985                	li	s3,1
     de4:	408c                	lw	a1,0(s1)
     de6:	450d                	li	a0,3
     de8:	c589                	beqz	a1,df2 <mount_volume.isra.0+0x82>
     dea:	8522                	mv	a0,s0
     dec:	3929                	jal	a06 <check_fs>
     dee:	02a9f163          	bgeu	s3,a0,e10 <mount_volume.isra.0+0xa0>
     df2:	0491                	addi	s1,s1,4
     df4:	ff2498e3          	bne	s1,s2,de4 <mount_volume.isra.0+0x74>
     df8:	4791                	li	a5,4
     dfa:	00f51963          	bne	a0,a5,e0c <mount_volume.isra.0+0x9c>
     dfe:	a8f5                	j	efa <mount_volume.isra.0+0x18a>
     e00:	4791                	li	a5,4
     e02:	0ef50c63          	beq	a0,a5,efa <mount_volume.isra.0+0x18a>
     e06:	4785                	li	a5,1
     e08:	00a7f463          	bgeu	a5,a0,e10 <mount_volume.isra.0+0xa0>
     e0c:	4535                	li	a0,13
     e0e:	bf59                	j	da4 <mount_volume.isra.0+0x34>
     e10:	4785                	li	a5,1
     e12:	01842a03          	lw	s4,24(s0)
     e16:	14f51b63          	bne	a0,a5,f6c <mount_volume.isra.0+0x1fc>
     e1a:	47ad                	li	a5,11
     e1c:	04000693          	li	a3,64
     e20:	00f40733          	add	a4,s0,a5
     e24:	03474703          	lbu	a4,52(a4)
     e28:	f375                	bnez	a4,e0c <mount_volume.isra.0+0x9c>
     e2a:	0785                	addi	a5,a5,1
     e2c:	fed79ae3          	bne	a5,a3,e20 <mount_volume.isra.0+0xb0>
     e30:	09d44783          	lbu	a5,157(s0)
     e34:	09c44703          	lbu	a4,156(s0)
     e38:	07a2                	slli	a5,a5,0x8
     e3a:	8fd9                	or	a5,a5,a4
     e3c:	10000713          	li	a4,256
     e40:	fce796e3          	bne	a5,a4,e0c <mount_volume.isra.0+0x9c>
     e44:	0a044703          	lbu	a4,160(s0)
     e48:	47a5                	li	a5,9
     e4a:	fcf711e3          	bne	a4,a5,e0c <mount_volume.isra.0+0x9c>
     e4e:	07c40513          	addi	a0,s0,124
     e52:	a3dff0ef          	jal	88e <ld_64>
     e56:	00aa09b3          	add	s3,s4,a0
     e5a:	0149b7b3          	sltu	a5,s3,s4
     e5e:	97ae                	add	a5,a5,a1
     e60:	f7d5                	bnez	a5,e0c <mount_volume.isra.0+0x9c>
     e62:	08840513          	addi	a0,s0,136
     e66:	a13ff0ef          	jal	878 <ld_32>
     e6a:	0a244783          	lbu	a5,162(s0)
     e6e:	c848                	sw	a0,20(s0)
     e70:	4705                	li	a4,1
     e72:	b03c                	sb	a5,3(s0)
     e74:	f8e79ce3          	bne	a5,a4,e0c <mount_volume.isra.0+0x9c>
     e78:	0a144483          	lbu	s1,161(s0)
     e7c:	289014b3          	bset	s1,zero,s1
     e80:	0804c4b3          	zext.h	s1,s1
     e84:	a426                	sh	s1,10(s0)
     e86:	d0d9                	beqz	s1,e0c <mount_volume.isra.0+0x9c>
     e88:	09040513          	addi	a0,s0,144
     e8c:	9edff0ef          	jal	878 <ld_32>
     e90:	800007b7          	lui	a5,0x80000
     e94:	17f5                	addi	a5,a5,-3 # 7ffffffd <_eusrstack+0x5ffddffd>
     e96:	f6a7ebe3          	bltu	a5,a0,e0c <mount_volume.isra.0+0x9c>
     e9a:	02a484b3          	mul	s1,s1,a0
     e9e:	00250793          	addi	a5,a0,2
     ea2:	c81c                	sw	a5,16(s0)
     ea4:	01442e23          	sw	s4,28(s0)
     ea8:	08c40513          	addi	a0,s0,140
     eac:	9cdff0ef          	jal	878 <ld_32>
     eb0:	00aa0933          	add	s2,s4,a0
     eb4:	03242423          	sw	s2,40(s0)
     eb8:	08440513          	addi	a0,s0,132
     ebc:	9bdff0ef          	jal	878 <ld_32>
     ec0:	9552                	add	a0,a0,s4
     ec2:	d008                	sw	a0,32(s0)
     ec4:	9926                	add	s2,s2,s1
     ec6:	f49963e3          	bltu	s2,s1,e0c <mount_volume.isra.0+0x9c>
     eca:	f529e1e3          	bltu	s3,s2,e0c <mount_volume.isra.0+0x9c>
     ece:	09440513          	addi	a0,s0,148
     ed2:	9a7ff0ef          	jal	878 <ld_32>
     ed6:	d048                	sw	a0,36(s0)
     ed8:	4481                	li	s1,0
     eda:	4901                	li	s2,0
     edc:	08100993          	li	s3,129
     ee0:	e085                	bnez	s1,f00 <mount_volume.isra.0+0x190>
     ee2:	243e                	lhu	a5,10(s0)
     ee4:	f2f974e3          	bgeu	s2,a5,e0c <mount_volume.isra.0+0x9c>
     ee8:	504c                	lw	a1,36(s0)
     eea:	8522                	mv	a0,s0
     eec:	9cfff0ef          	jal	8ba <clst2sect>
     ef0:	00a905b3          	add	a1,s2,a0
     ef4:	8522                	mv	a0,s0
     ef6:	34c5                	jal	9d6 <move_window>
     ef8:	c119                	beqz	a0,efe <mount_volume.isra.0+0x18e>
     efa:	4505                	li	a0,1
     efc:	b565                	j	da4 <mount_volume.isra.0+0x34>
     efe:	0905                	addi	s2,s2,1
     f00:	009407b3          	add	a5,s0,s1
     f04:	0347c783          	lbu	a5,52(a5)
     f08:	01378763          	beq	a5,s3,f16 <mount_volume.isra.0+0x1a6>
     f0c:	02048493          	addi	s1,s1,32
     f10:	1ff4f493          	andi	s1,s1,511
     f14:	b7f1                	j	ee0 <mount_volume.isra.0+0x170>
     f16:	01448513          	addi	a0,s1,20
     f1a:	03440913          	addi	s2,s0,52
     f1e:	954a                	add	a0,a0,s2
     f20:	959ff0ef          	jal	878 <ld_32>
     f24:	4785                	li	a5,1
     f26:	84aa                	mv	s1,a0
     f28:	eea7f2e3          	bgeu	a5,a0,e0c <mount_volume.isra.0+0x9c>
     f2c:	481c                	lw	a5,16(s0)
     f2e:	ecf57fe3          	bgeu	a0,a5,e0c <mount_volume.isra.0+0x9c>
     f32:	243e                	lhu	a5,10(s0)
     f34:	ffe50713          	addi	a4,a0,-2
     f38:	59fd                	li	s3,-1
     f3a:	02e787b3          	mul	a5,a5,a4
     f3e:	5418                	lw	a4,40(s0)
     f40:	97ba                	add	a5,a5,a4
     f42:	d45c                	sw	a5,44(s0)
     f44:	501c                	lw	a5,32(s0)
     f46:	0074d593          	srli	a1,s1,0x7
     f4a:	8522                	mv	a0,s0
     f4c:	95be                	add	a1,a1,a5
     f4e:	a89ff0ef          	jal	9d6 <move_window>
     f52:	f545                	bnez	a0,efa <mount_volume.isra.0+0x18a>
     f54:	07f4f513          	andi	a0,s1,127
     f58:	21254533          	sh2add	a0,a0,s2
     f5c:	91dff0ef          	jal	878 <ld_32>
     f60:	17350563          	beq	a0,s3,10ca <mount_volume.isra.0+0x35a>
     f64:	0485                	addi	s1,s1,1
     f66:	fc950fe3          	beq	a0,s1,f44 <mount_volume.isra.0+0x1d4>
     f6a:	b54d                	j	e0c <mount_volume.isra.0+0x9c>
     f6c:	04044783          	lbu	a5,64(s0)
     f70:	03f44703          	lbu	a4,63(s0)
     f74:	07a2                	slli	a5,a5,0x8
     f76:	8fd9                	or	a5,a5,a4
     f78:	20000713          	li	a4,512
     f7c:	e8e798e3          	bne	a5,a4,e0c <mount_volume.isra.0+0x9c>
     f80:	04b44983          	lbu	s3,75(s0)
     f84:	04a44783          	lbu	a5,74(s0)
     f88:	09a2                	slli	s3,s3,0x8
     f8a:	00f9e9b3          	or	s3,s3,a5
     f8e:	00099763          	bnez	s3,f9c <mount_volume.isra.0+0x22c>
     f92:	05840513          	addi	a0,s0,88
     f96:	8e3ff0ef          	jal	878 <ld_32>
     f9a:	89aa                	mv	s3,a0
     f9c:	04444903          	lbu	s2,68(s0)
     fa0:	01342a23          	sw	s3,20(s0)
     fa4:	4705                	li	a4,1
     fa6:	fff90793          	addi	a5,s2,-1
     faa:	012401a3          	sb	s2,3(s0)
     fae:	0ff7f793          	zext.b	a5,a5
     fb2:	e4f76de3          	bltu	a4,a5,e0c <mount_volume.isra.0+0x9c>
     fb6:	04144b03          	lbu	s6,65(s0)
     fba:	01641523          	sh	s6,10(s0)
     fbe:	e40b07e3          	beqz	s6,e0c <mount_volume.isra.0+0x9c>
     fc2:	fffb0793          	addi	a5,s6,-1
     fc6:	0167f7b3          	and	a5,a5,s6
     fca:	e40791e3          	bnez	a5,e0c <mount_volume.isra.0+0x9c>
     fce:	04644a83          	lbu	s5,70(s0)
     fd2:	04544783          	lbu	a5,69(s0)
     fd6:	0aa2                	slli	s5,s5,0x8
     fd8:	00faeab3          	or	s5,s5,a5
     fdc:	01541423          	sh	s5,8(s0)
     fe0:	00faf793          	andi	a5,s5,15
     fe4:	e20794e3          	bnez	a5,e0c <mount_volume.isra.0+0x9c>
     fe8:	04844483          	lbu	s1,72(s0)
     fec:	04744783          	lbu	a5,71(s0)
     ff0:	04a2                	slli	s1,s1,0x8
     ff2:	00f4e533          	or	a0,s1,a5
     ff6:	e509                	bnez	a0,1000 <mount_volume.isra.0+0x290>
     ff8:	05440513          	addi	a0,s0,84
     ffc:	87dff0ef          	jal	878 <ld_32>
    1000:	04344703          	lbu	a4,67(s0)
    1004:	04244783          	lbu	a5,66(s0)
    1008:	0722                	slli	a4,a4,0x8
    100a:	8f5d                	or	a4,a4,a5
    100c:	e00700e3          	beqz	a4,e0c <mount_volume.isra.0+0x9c>
    1010:	033907b3          	mul	a5,s2,s3
    1014:	004ad693          	srli	a3,s5,0x4
    1018:	96ba                	add	a3,a3,a4
    101a:	96be                	add	a3,a3,a5
    101c:	ded568e3          	bltu	a0,a3,e0c <mount_volume.isra.0+0x9c>
    1020:	40d504b3          	sub	s1,a0,a3
    1024:	df64e4e3          	bltu	s1,s6,e0c <mount_volume.isra.0+0x9c>
    1028:	0364d4b3          	divu	s1,s1,s6
    102c:	10000637          	lui	a2,0x10000
    1030:	1655                	addi	a2,a2,-11 # ffffff5 <_data_lma+0xfff77fd>
    1032:	dc966de3          	bltu	a2,s1,e0c <mount_volume.isra.0+0x9c>
    1036:	6641                	lui	a2,0x10
    1038:	1655                	addi	a2,a2,-11 # fff5 <_data_lma+0x77fd>
    103a:	490d                	li	s2,3
    103c:	00966763          	bltu	a2,s1,104a <mount_volume.isra.0+0x2da>
    1040:	6905                	lui	s2,0x1
    1042:	1955                	addi	s2,s2,-11 # ff5 <mount_volume.isra.0+0x285>
    1044:	00993933          	sltu	s2,s2,s1
    1048:	0905                	addi	s2,s2,1
    104a:	96d2                	add	a3,a3,s4
    104c:	0489                	addi	s1,s1,2
    104e:	9752                	add	a4,a4,s4
    1050:	d414                	sw	a3,40(s0)
    1052:	c804                	sw	s1,16(s0)
    1054:	01442e23          	sw	s4,28(s0)
    1058:	d018                	sw	a4,32(s0)
    105a:	468d                	li	a3,3
    105c:	04d91863          	bne	s2,a3,10ac <mount_volume.isra.0+0x33c>
    1060:	05f44783          	lbu	a5,95(s0)
    1064:	05e44703          	lbu	a4,94(s0)
    1068:	07a2                	slli	a5,a5,0x8
    106a:	8fd9                	or	a5,a5,a4
    106c:	00fae7b3          	or	a5,s5,a5
    1070:	d8079ee3          	bnez	a5,e0c <mount_volume.isra.0+0x9c>
    1074:	06040513          	addi	a0,s0,96
    1078:	801ff0ef          	jal	878 <ld_32>
    107c:	048a                	slli	s1,s1,0x2
    107e:	1ff48493          	addi	s1,s1,511
    1082:	d048                	sw	a0,36(s0)
    1084:	80a5                	srli	s1,s1,0x9
    1086:	d899e3e3          	bltu	s3,s1,e0c <mount_volume.isra.0+0x9c>
    108a:	82c1d783          	lhu	a5,-2004(gp) # 20000484 <Fsid>
    108e:	01240023          	sb	s2,0(s0)
    1092:	0785                	addi	a5,a5,1
    1094:	82f19623          	sh	a5,-2004(gp) # 20000484 <Fsid>
    1098:	a07e                	sh	a5,6(s0)
    109a:	200007b7          	lui	a5,0x20000
    109e:	55878793          	addi	a5,a5,1368 # 20000558 <LfnBuf>
    10a2:	c45c                	sw	a5,12(s0)
    10a4:	b0018793          	addi	a5,gp,-1280 # 20000758 <DirBuf>
    10a8:	d81c                	sw	a5,48(s0)
    10aa:	b321                	j	db2 <mount_volume.isra.0+0x42>
    10ac:	d60a80e3          	beqz	s5,e0c <mount_volume.isra.0+0x9c>
    10b0:	00e78533          	add	a0,a5,a4
    10b4:	4789                	li	a5,2
    10b6:	00f91463          	bne	s2,a5,10be <mount_volume.isra.0+0x34e>
    10ba:	0486                	slli	s1,s1,0x1
    10bc:	b7c9                	j	107e <mount_volume.isra.0+0x30e>
    10be:	2094a7b3          	sh1add	a5,s1,s1
    10c2:	8385                	srli	a5,a5,0x1
    10c4:	8885                	andi	s1,s1,1
    10c6:	94be                	add	s1,s1,a5
    10c8:	bf5d                	j	107e <mount_volume.isra.0+0x30e>
    10ca:	4911                	li	s2,4
    10cc:	bf7d                	j	108a <mount_volume.isra.0+0x31a>
    10ce:	452d                	li	a0,11
    10d0:	b9d1                	j	da4 <mount_volume.isra.0+0x34>

000010d2 <ld_clust.isra.0>:
    10d2:	3dbc                	lbu	a5,27(a1)
    10d4:	2db4                	lbu	a3,26(a1)
    10d6:	872a                	mv	a4,a0
    10d8:	07a2                	slli	a5,a5,0x8
    10da:	00d7e533          	or	a0,a5,a3
    10de:	478d                	li	a5,3
    10e0:	00f71863          	bne	a4,a5,10f0 <ld_clust.isra.0+0x1e>
    10e4:	39dc                	lbu	a5,21(a1)
    10e6:	29d8                	lbu	a4,20(a1)
    10e8:	07a2                	slli	a5,a5,0x8
    10ea:	8fd9                	or	a5,a5,a4
    10ec:	07c2                	slli	a5,a5,0x10
    10ee:	8d5d                	or	a0,a0,a5
    10f0:	8082                	ret

000010f2 <dir_read.constprop.0>:
    10f2:	8b6ff2ef          	jal	t0,1a8 <__riscv_save_10>
    10f6:	00052983          	lw	s3,0(a0)
    10fa:	842a                	mv	s0,a0
    10fc:	0ff00b93          	li	s7,255
    1100:	4511                	li	a0,4
    1102:	84de                	mv	s1,s7
    1104:	8a2a                	mv	s4,a0
    1106:	4921                	li	s2,8
    1108:	4b3d                	li	s6,15
    110a:	08500a93          	li	s5,133
    110e:	5c0c                	lw	a1,56(s0)
    1110:	e589                	bnez	a1,111a <dir_read.constprop.0+0x28>
    1112:	12050c63          	beqz	a0,124a <dir_read.constprop.0+0x158>
    1116:	4511                	li	a0,4
    1118:	a805                	j	1148 <dir_read.constprop.0+0x56>
    111a:	854e                	mv	a0,s3
    111c:	8bbff0ef          	jal	9d6 <move_window>
    1120:	e505                	bnez	a0,1148 <dir_read.constprop.0+0x56>
    1122:	5c5c                	lw	a5,60(s0)
    1124:	2398                	lbu	a4,0(a5)
    1126:	db65                	beqz	a4,1116 <dir_read.constprop.0+0x24>
    1128:	0009c683          	lbu	a3,0(s3)
    112c:	13469263          	bne	a3,s4,1250 <dir_read.constprop.0+0x15e>
    1130:	1d571763          	bne	a4,s5,12fe <dir_read.constprop.0+0x20c>
    1134:	581c                	lw	a5,48(s0)
    1136:	4008                	lw	a0,0(s0)
    1138:	5c0c                	lw	a1,56(s0)
    113a:	c47c                	sw	a5,76(s0)
    113c:	03052903          	lw	s2,48(a0)
    1140:	897ff0ef          	jal	9d6 <move_window>
    1144:	c509                	beqz	a0,114e <dir_read.constprop.0+0x5c>
    1146:	4505                	li	a0,1
    1148:	02042c23          	sw	zero,56(s0)
    114c:	a201                	j	124c <dir_read.constprop.0+0x15a>
    114e:	5c4c                	lw	a1,60(s0)
    1150:	219c                	lbu	a5,0(a1)
    1152:	01578463          	beq	a5,s5,115a <dir_read.constprop.0+0x68>
    1156:	4509                	li	a0,2
    1158:	bfc5                	j	1148 <dir_read.constprop.0+0x56>
    115a:	02000613          	li	a2,32
    115e:	854a                	mv	a0,s2
    1160:	8b8ff0ef          	jal	218 <memcpy>
    1164:	00194a83          	lbu	s5,1(s2)
    1168:	20000793          	li	a5,512
    116c:	0a85                	addi	s5,s5,1
    116e:	0a96                	slli	s5,s5,0x5
    1170:	fa0a8713          	addi	a4,s5,-96
    1174:	fee7e1e3          	bltu	a5,a4,1156 <dir_read.constprop.0+0x64>
    1178:	8522                	mv	a0,s0
    117a:	3ce9                	jal	c54 <dir_next.constprop.0>
    117c:	fd450de3          	beq	a0,s4,1156 <dir_read.constprop.0+0x64>
    1180:	f561                	bnez	a0,1148 <dir_read.constprop.0+0x56>
    1182:	5c0c                	lw	a1,56(s0)
    1184:	4008                	lw	a0,0(s0)
    1186:	851ff0ef          	jal	9d6 <move_window>
    118a:	fd55                	bnez	a0,1146 <dir_read.constprop.0+0x54>
    118c:	5c4c                	lw	a1,60(s0)
    118e:	0c000793          	li	a5,192
    1192:	2198                	lbu	a4,0(a1)
    1194:	fcf711e3          	bne	a4,a5,1156 <dir_read.constprop.0+0x64>
    1198:	02000613          	li	a2,32
    119c:	00c90533          	add	a0,s2,a2
    11a0:	878ff0ef          	jal	218 <memcpy>
    11a4:	02394783          	lbu	a5,35(s2)
    11a8:	473d                	li	a4,15
    11aa:	02c78793          	addi	a5,a5,44
    11ae:	02e7d7b3          	divu	a5,a5,a4
    11b2:	0796                	slli	a5,a5,0x5
    11b4:	fafae1e3          	bltu	s5,a5,1156 <dir_read.constprop.0+0x64>
    11b8:	04000a13          	li	s4,64
    11bc:	4b91                	li	s7,4
    11be:	0c100c13          	li	s8,193
    11c2:	26000b13          	li	s6,608
    11c6:	8522                	mv	a0,s0
    11c8:	a8dff0ef          	jal	c54 <dir_next.constprop.0>
    11cc:	f97505e3          	beq	a0,s7,1156 <dir_read.constprop.0+0x64>
    11d0:	fd25                	bnez	a0,1148 <dir_read.constprop.0+0x56>
    11d2:	5c0c                	lw	a1,56(s0)
    11d4:	4008                	lw	a0,0(s0)
    11d6:	801ff0ef          	jal	9d6 <move_window>
    11da:	84aa                	mv	s1,a0
    11dc:	f52d                	bnez	a0,1146 <dir_read.constprop.0+0x54>
    11de:	5c4c                	lw	a1,60(s0)
    11e0:	219c                	lbu	a5,0(a1)
    11e2:	f7879ae3          	bne	a5,s8,1156 <dir_read.constprop.0+0x64>
    11e6:	056a0c63          	beq	s4,s6,123e <dir_read.constprop.0+0x14c>
    11ea:	01490533          	add	a0,s2,s4
    11ee:	02000613          	li	a2,32
    11f2:	020a0a13          	addi	s4,s4,32
    11f6:	822ff0ef          	jal	218 <memcpy>
    11fa:	fd5a66e3          	bltu	s4,s5,11c6 <dir_read.constprop.0+0xd4>
    11fe:	054b6063          	bltu	s6,s4,123e <dir_read.constprop.0+0x14c>
    1202:	00194703          	lbu	a4,1(s2)
    1206:	4781                	li	a5,0
    1208:	4609                	li	a2,2
    120a:	0705                	addi	a4,a4,1
    120c:	0716                	slli	a4,a4,0x5
    120e:	00c49363          	bne	s1,a2,1214 <dir_read.constprop.0+0x122>
    1212:	4491                	li	s1,4
    1214:	0017d693          	srli	a3,a5,0x1
    1218:	07be                	slli	a5,a5,0xf
    121a:	97b6                	add	a5,a5,a3
    121c:	009906b3          	add	a3,s2,s1
    1220:	2294                	lbu	a3,0(a3)
    1222:	0485                	addi	s1,s1,1
    1224:	97b6                	add	a5,a5,a3
    1226:	0807c7b3          	zext.h	a5,a5
    122a:	fee4e2e3          	bltu	s1,a4,120e <dir_read.constprop.0+0x11c>
    122e:	00394703          	lbu	a4,3(s2)
    1232:	00294683          	lbu	a3,2(s2)
    1236:	0722                	slli	a4,a4,0x8
    1238:	8f55                	or	a4,a4,a3
    123a:	f0e79ee3          	bne	a5,a4,1156 <dir_read.constprop.0+0x64>
    123e:	0309a783          	lw	a5,48(s3)
    1242:	23dc                	lbu	a5,4(a5)
    1244:	03f7f793          	andi	a5,a5,63
    1248:	a07c                	sb	a5,6(s0)
    124a:	4501                	li	a0,0
    124c:	f99fe06f          	j	1e4 <__riscv_restore_10>
    1250:	37b4                	lbu	a3,11(a5)
    1252:	f1b70613          	addi	a2,a4,-229
    1256:	03f6f693          	andi	a3,a3,63
    125a:	a074                	sb	a3,6(s0)
    125c:	ca4d                	beqz	a2,130e <dir_read.constprop.0+0x21c>
    125e:	fd270613          	addi	a2,a4,-46
    1262:	c655                	beqz	a2,130e <dir_read.constprop.0+0x21c>
    1264:	fdf6f613          	andi	a2,a3,-33
    1268:	0b260363          	beq	a2,s2,130e <dir_read.constprop.0+0x21c>
    126c:	0b669763          	bne	a3,s6,131a <dir_read.constprop.0+0x228>
    1270:	04077693          	andi	a3,a4,64
    1274:	cad9                	beqz	a3,130a <dir_read.constprop.0+0x218>
    1276:	0bf77493          	andi	s1,a4,191
    127a:	5818                	lw	a4,48(s0)
    127c:	00d7cb83          	lbu	s7,13(a5)
    1280:	c478                	sw	a4,76(s0)
    1282:	37d8                	lbu	a4,13(a5)
    1284:	09771563          	bne	a4,s7,130e <dir_read.constprop.0+0x21c>
    1288:	3fb8                	lbu	a4,27(a5)
    128a:	2fb4                	lbu	a3,26(a5)
    128c:	0722                	slli	a4,a4,0x8
    128e:	8f55                	or	a4,a4,a3
    1290:	ef3d                	bnez	a4,130e <dir_read.constprop.0+0x21c>
    1292:	2398                	lbu	a4,0(a5)
    1294:	4335                	li	t1,13
    1296:	00c9a883          	lw	a7,12(s3)
    129a:	fbf77713          	andi	a4,a4,-65
    129e:	177d                	addi	a4,a4,-1
    12a0:	02670733          	mul	a4,a4,t1
    12a4:	65a1                	lui	a1,0x8
    12a6:	6841                	lui	a6,0x10
    12a8:	4605                	li	a2,1
    12aa:	9c858593          	addi	a1,a1,-1592 # 79c8 <LfnOfs>
    12ae:	187d                	addi	a6,a6,-1 # ffff <_data_lma+0x7807>
    12b0:	0ff00e13          	li	t3,255
    12b4:	00b506b3          	add	a3,a0,a1
    12b8:	2294                	lbu	a3,0(a3)
    12ba:	96be                	add	a3,a3,a5
    12bc:	0006ce83          	lbu	t4,0(a3)
    12c0:	3294                	lbu	a3,1(a3)
    12c2:	06a2                	slli	a3,a3,0x8
    12c4:	01d6e6b3          	or	a3,a3,t4
    12c8:	c631                	beqz	a2,1314 <dir_read.constprop.0+0x222>
    12ca:	04ee6263          	bltu	t3,a4,130e <dir_read.constprop.0+0x21c>
    12ce:	21172633          	sh1add	a2,a4,a7
    12d2:	a216                	sh	a3,0(a2)
    12d4:	0705                	addi	a4,a4,1
    12d6:	8636                	mv	a2,a3
    12d8:	0505                	addi	a0,a0,1
    12da:	fc651de3          	bne	a0,t1,12b4 <dir_read.constprop.0+0x1c2>
    12de:	239c                	lbu	a5,0(a5)
    12e0:	4867d793          	bexti	a5,a5,0x6
    12e4:	cb91                	beqz	a5,12f8 <dir_read.constprop.0+0x206>
    12e6:	ca09                	beqz	a2,12f8 <dir_read.constprop.0+0x206>
    12e8:	0ff00793          	li	a5,255
    12ec:	02e7e163          	bltu	a5,a4,130e <dir_read.constprop.0+0x21c>
    12f0:	21172733          	sh1add	a4,a4,a7
    12f4:	00071023          	sh	zero,0(a4)
    12f8:	14fd                	addi	s1,s1,-1
    12fa:	0ff4f493          	zext.b	s1,s1
    12fe:	8522                	mv	a0,s0
    1300:	955ff0ef          	jal	c54 <dir_next.constprop.0>
    1304:	e00505e3          	beqz	a0,110e <dir_read.constprop.0+0x1c>
    1308:	b581                	j	1148 <dir_read.constprop.0+0x56>
    130a:	f6970ce3          	beq	a4,s1,1282 <dir_read.constprop.0+0x190>
    130e:	0ff00493          	li	s1,255
    1312:	b7f5                	j	12fe <dir_read.constprop.0+0x20c>
    1314:	fd0682e3          	beq	a3,a6,12d8 <dir_read.constprop.0+0x1e6>
    1318:	bfdd                	j	130e <dir_read.constprop.0+0x21c>
    131a:	e085                	bnez	s1,133a <dir_read.constprop.0+0x248>
    131c:	00b78693          	addi	a3,a5,11
    1320:	2390                	lbu	a2,0(a5)
    1322:	0014d713          	srli	a4,s1,0x1
    1326:	049e                	slli	s1,s1,0x7
    1328:	9726                	add	a4,a4,s1
    132a:	0785                	addi	a5,a5,1
    132c:	9732                	add	a4,a4,a2
    132e:	0ff77493          	zext.b	s1,a4
    1332:	fed797e3          	bne	a5,a3,1320 <dir_read.constprop.0+0x22e>
    1336:	f09b8ae3          	beq	s7,s1,124a <dir_read.constprop.0+0x158>
    133a:	57fd                	li	a5,-1
    133c:	c47c                	sw	a5,76(s0)
    133e:	b731                	j	124a <dir_read.constprop.0+0x158>

00001340 <follow_path>:
    1340:	e61fe2ef          	jal	t0,1a0 <__riscv_save_12>
    1344:	411c                	lw	a5,0(a0)
    1346:	1101                	addi	sp,sp,-32
    1348:	842a                	mv	s0,a0
    134a:	892e                	mv	s2,a1
    134c:	c23e                	sw	a5,4(sp)
    134e:	00090783          	lb	a5,0(s2)
    1352:	fd178713          	addi	a4,a5,-47
    1356:	cf2d                	beqz	a4,13d0 <follow_path+0x90>
    1358:	fa478793          	addi	a5,a5,-92
    135c:	cbb5                	beqz	a5,13d0 <follow_path+0x90>
    135e:	00042423          	sw	zero,8(s0)
    1362:	00042e23          	sw	zero,28(s0)
    1366:	00094783          	lbu	a5,0(s2)
    136a:	4bfd                	li	s7,31
    136c:	06fbf463          	bgeu	s7,a5,13d4 <follow_path+0x94>
    1370:	6799                	lui	a5,0x6
    1372:	59c78793          	addi	a5,a5,1436 # 659c <_read+0x4a>
    1376:	c63e                	sw	a5,12(sp)
    1378:	401c                	lw	a5,0(s0)
    137a:	4c01                	li	s8,0
    137c:	05c00a13          	li	s4,92
    1380:	00c7a983          	lw	s3,12(a5)
    1384:	07f00a93          	li	s5,127
    1388:	00094503          	lbu	a0,0(s2)
    138c:	0905                	addi	s2,s2,1
    138e:	cd39                	beqz	a0,13ec <follow_path+0xac>
    1390:	1b500593          	li	a1,437
    1394:	1ff000ef          	jal	1d92 <ff_oem2uni>
    1398:	84aa                	mv	s1,a0
    139a:	4c050363          	beqz	a0,1860 <follow_path+0x520>
    139e:	04abf763          	bgeu	s7,a0,13ec <follow_path+0xac>
    13a2:	02f00793          	li	a5,47
    13a6:	0cf50d63          	beq	a0,a5,1480 <follow_path+0x140>
    13aa:	0d450b63          	beq	a0,s4,1480 <follow_path+0x140>
    13ae:	00aae863          	bltu	s5,a0,13be <follow_path+0x7e>
    13b2:	85aa                	mv	a1,a0
    13b4:	4532                	lw	a0,12(sp)
    13b6:	51c040ef          	jal	58d2 <strchr>
    13ba:	4a051363          	bnez	a0,1860 <follow_path+0x520>
    13be:	0ff00793          	li	a5,255
    13c2:	48fc0f63          	beq	s8,a5,1860 <follow_path+0x520>
    13c6:	213c27b3          	sh1add	a5,s8,s3
    13ca:	a386                	sh	s1,0(a5)
    13cc:	0c05                	addi	s8,s8,1
    13ce:	bf6d                	j	1388 <follow_path+0x48>
    13d0:	0905                	addi	s2,s2,1
    13d2:	bfb5                	j	134e <follow_path+0xe>
    13d4:	f8000793          	li	a5,-128
    13d8:	04f405a3          	sb	a5,75(s0)
    13dc:	8522                	mv	a0,s0
    13de:	907ff0ef          	jal	ce4 <dir_sdi.constprop.0>
    13e2:	84aa                	mv	s1,a0
    13e4:	8526                	mv	a0,s1
    13e6:	6105                	addi	sp,sp,32
    13e8:	df9fe06f          	j	1e0 <__riscv_restore_12>
    13ec:	4791                	li	a5,4
    13ee:	213c26b3          	sh1add	a3,s8,s3
    13f2:	0a0c1563          	bnez	s8,149c <follow_path+0x15c>
    13f6:	213c2633          	sh1add	a2,s8,s3
    13fa:	00061023          	sh	zero,0(a2)
    13fe:	460c0163          	beqz	s8,1860 <follow_path+0x520>
    1402:	4701                	li	a4,0
    1404:	02000513          	li	a0,32
    1408:	213726b3          	sh1add	a3,a4,s3
    140c:	228e                	lhu	a1,0(a3)
    140e:	8b3a                	mv	s6,a4
    1410:	0705                	addi	a4,a4,1
    1412:	fea58be3          	beq	a1,a0,1408 <follow_path+0xc8>
    1416:	fd258593          	addi	a1,a1,-46
    141a:	01603733          	snez	a4,s6
    141e:	0015b593          	seqz	a1,a1
    1422:	8f4d                	or	a4,a4,a1
    1424:	40e00733          	neg	a4,a4
    1428:	8b0d                	andi	a4,a4,3
    142a:	00e7edb3          	or	s11,a5,a4
    142e:	8732                	mv	a4,a2
    1430:	02e00613          	li	a2,46
    1434:	ffe75583          	lhu	a1,-2(a4)
    1438:	00c58663          	beq	a1,a2,1444 <follow_path+0x104>
    143c:	1c7d                	addi	s8,s8,-1
    143e:	1779                	addi	a4,a4,-2
    1440:	fe0c1ae3          	bnez	s8,1434 <follow_path+0xf4>
    1444:	04040793          	addi	a5,s0,64
    1448:	462d                	li	a2,11
    144a:	02000593          	li	a1,32
    144e:	853e                	mv	a0,a5
    1450:	c43e                	sw	a5,8(sp)
    1452:	4a21                	li	s4,8
    1454:	db5fe0ef          	jal	208 <memset>
    1458:	4d01                	li	s10,0
    145a:	4c81                	li	s9,0
    145c:	213b2633          	sh1add	a2,s6,s3
    1460:	2206                	lhu	s1,0(a2)
    1462:	c0ad                	beqz	s1,14c4 <follow_path+0x184>
    1464:	02000793          	li	a5,32
    1468:	0b05                	addi	s6,s6,1
    146a:	00f48763          	beq	s1,a5,1478 <follow_path+0x138>
    146e:	fd248613          	addi	a2,s1,-46
    1472:	e221                	bnez	a2,14b2 <follow_path+0x172>
    1474:	038b0f63          	beq	s6,s8,14b2 <follow_path+0x172>
    1478:	003ded93          	ori	s11,s11,3
    147c:	b7c5                	j	145c <follow_path+0x11c>
    147e:	0905                	addi	s2,s2,1
    1480:	00090783          	lb	a5,0(s2)
    1484:	fd178713          	addi	a4,a5,-47
    1488:	db7d                	beqz	a4,147e <follow_path+0x13e>
    148a:	fa478713          	addi	a4,a5,-92
    148e:	db65                	beqz	a4,147e <follow_path+0x13e>
    1490:	0ff7f793          	zext.b	a5,a5
    1494:	0207b793          	sltiu	a5,a5,32
    1498:	078a                	slli	a5,a5,0x2
    149a:	bf91                	j	13ee <follow_path+0xae>
    149c:	ffe6d703          	lhu	a4,-2(a3)
    14a0:	fe070613          	addi	a2,a4,-32
    14a4:	c601                	beqz	a2,14ac <follow_path+0x16c>
    14a6:	fd270713          	addi	a4,a4,-46
    14aa:	f731                	bnez	a4,13f6 <follow_path+0xb6>
    14ac:	16f9                	addi	a3,a3,-2
    14ae:	1c7d                	addi	s8,s8,-1
    14b0:	b789                	j	13f2 <follow_path+0xb2>
    14b2:	014d7463          	bgeu	s10,s4,14ba <follow_path+0x17a>
    14b6:	0b8b1163          	bne	s6,s8,1558 <follow_path+0x218>
    14ba:	47ad                	li	a5,11
    14bc:	08fa1363          	bne	s4,a5,1542 <follow_path+0x202>
    14c0:	003ded93          	ori	s11,s11,3
    14c4:	04044603          	lbu	a2,64(s0)
    14c8:	0e500693          	li	a3,229
    14cc:	00d61563          	bne	a2,a3,14d6 <follow_path+0x196>
    14d0:	4695                	li	a3,5
    14d2:	04d40023          	sb	a3,64(s0)
    14d6:	46a1                	li	a3,8
    14d8:	00da1363          	bne	s4,a3,14de <follow_path+0x19e>
    14dc:	0c8a                	slli	s9,s9,0x2
    14de:	00ccf713          	andi	a4,s9,12
    14e2:	46b1                	li	a3,12
    14e4:	00d70763          	beq	a4,a3,14f2 <follow_path+0x1b2>
    14e8:	003cf713          	andi	a4,s9,3
    14ec:	468d                	li	a3,3
    14ee:	10d71963          	bne	a4,a3,1600 <follow_path+0x2c0>
    14f2:	002ded93          	ori	s11,s11,2
    14f6:	05b405a3          	sb	s11,75(s0)
    14fa:	8522                	mv	a0,s0
    14fc:	00042983          	lw	s3,0(s0)
    1500:	fe4ff0ef          	jal	ce4 <dir_sdi.constprop.0>
    1504:	84aa                	mv	s1,a0
    1506:	ec051fe3          	bnez	a0,13e4 <follow_path+0xa4>
    150a:	0009c683          	lbu	a3,0(s3)
    150e:	4711                	li	a4,4
    1510:	1ce69563          	bne	a3,a4,16da <follow_path+0x39a>
    1514:	00c9aa83          	lw	s5,12(s3)
    1518:	4a01                	li	s4,0
    151a:	000ad503          	lhu	a0,0(s5)
    151e:	10051163          	bnez	a0,1620 <follow_path+0x2e0>
    1522:	8522                	mv	a0,s0
    1524:	36f9                	jal	10f2 <dir_read.constprop.0>
    1526:	8aaa                	mv	s5,a0
    1528:	12050363          	beqz	a0,164e <follow_path+0x30e>
    152c:	84aa                	mv	s1,a0
    152e:	4711                	li	a4,4
    1530:	eae49ae3          	bne	s1,a4,13e4 <follow_path+0xa4>
    1534:	004df793          	andi	a5,s11,4
    1538:	4491                	li	s1,4
    153a:	ea0795e3          	bnez	a5,13e4 <follow_path+0xa4>
    153e:	4495                	li	s1,5
    1540:	b555                	j	13e4 <follow_path+0xa4>
    1542:	018b0663          	beq	s6,s8,154e <follow_path+0x20e>
    1546:	003ded93          	ori	s11,s11,3
    154a:	f76c6de3          	bltu	s8,s6,14c4 <follow_path+0x184>
    154e:	0c8a                	slli	s9,s9,0x2
    1550:	8b62                	mv	s6,s8
    1552:	4a2d                	li	s4,11
    1554:	4d21                	li	s10,8
    1556:	b719                	j	145c <follow_path+0x11c>
    1558:	07f00593          	li	a1,127
    155c:	8aee                	mv	s5,s11
    155e:	0295f563          	bgeu	a1,s1,1588 <follow_path+0x248>
    1562:	1b500593          	li	a1,437
    1566:	8526                	mv	a0,s1
    1568:	037000ef          	jal	1d9e <ff_uni2oem>
    156c:	08057593          	andi	a1,a0,128
    1570:	002dea93          	ori	s5,s11,2
    1574:	84aa                	mv	s1,a0
    1576:	c58d                	beqz	a1,15a0 <follow_path+0x260>
    1578:	67a1                	lui	a5,0x8
    157a:	07f57493          	andi	s1,a0,127
    157e:	94878793          	addi	a5,a5,-1720 # 7948 <ExCvt>
    1582:	94be                	add	s1,s1,a5
    1584:	2084                	lbu	s1,0(s1)
    1586:	c881                	beqz	s1,1596 <follow_path+0x256>
    1588:	6519                	lui	a0,0x6
    158a:	85a6                	mv	a1,s1
    158c:	5a850513          	addi	a0,a0,1448 # 65a8 <_read+0x56>
    1590:	342040ef          	jal	58d2 <strchr>
    1594:	c121                	beqz	a0,15d4 <follow_path+0x294>
    1596:	003aea93          	ori	s5,s5,3
    159a:	05f00493          	li	s1,95
    159e:	a025                	j	15c6 <follow_path+0x286>
    15a0:	0ff00593          	li	a1,255
    15a4:	fea5f1e3          	bgeu	a1,a0,1586 <follow_path+0x246>
    15a8:	fffa0593          	addi	a1,s4,-1
    15ac:	00bd6663          	bltu	s10,a1,15b8 <follow_path+0x278>
    15b0:	003ded93          	ori	s11,s11,3
    15b4:	8d52                	mv	s10,s4
    15b6:	b55d                	j	145c <follow_path+0x11c>
    15b8:	01a407b3          	add	a5,s0,s10
    15bc:	00855593          	srli	a1,a0,0x8
    15c0:	04b78023          	sb	a1,64(a5)
    15c4:	0d05                	addi	s10,s10,1
    15c6:	01a407b3          	add	a5,s0,s10
    15ca:	04978023          	sb	s1,64(a5)
    15ce:	0d05                	addi	s10,s10,1
    15d0:	8dd6                	mv	s11,s5
    15d2:	b569                	j	145c <follow_path+0x11c>
    15d4:	fbf48793          	addi	a5,s1,-65
    15d8:	0807c7b3          	zext.h	a5,a5
    15dc:	45e5                	li	a1,25
    15de:	00f5e563          	bltu	a1,a5,15e8 <follow_path+0x2a8>
    15e2:	002cec93          	ori	s9,s9,2
    15e6:	b7c5                	j	15c6 <follow_path+0x286>
    15e8:	f9f48793          	addi	a5,s1,-97
    15ec:	0807c7b3          	zext.h	a5,a5
    15f0:	fcf5ebe3          	bltu	a1,a5,15c6 <follow_path+0x286>
    15f4:	1481                	addi	s1,s1,-32
    15f6:	001cec93          	ori	s9,s9,1
    15fa:	0804c4b3          	zext.h	s1,s1
    15fe:	b7e1                	j	15c6 <follow_path+0x286>
    1600:	002df713          	andi	a4,s11,2
    1604:	ee0719e3          	bnez	a4,14f6 <follow_path+0x1b6>
    1608:	001cf713          	andi	a4,s9,1
    160c:	0712                	slli	a4,a4,0x4
    160e:	004cfc93          	andi	s9,s9,4
    1612:	00ededb3          	or	s11,s11,a4
    1616:	ee0c80e3          	beqz	s9,14f6 <follow_path+0x1b6>
    161a:	008ded93          	ori	s11,s11,8
    161e:	bde1                	j	14f6 <follow_path+0x1b6>
    1620:	78e000ef          	jal	1dae <ff_wtoupper>
    1624:	001a5713          	srli	a4,s4,0x1
    1628:	0a3e                	slli	s4,s4,0xf
    162a:	080546b3          	zext.h	a3,a0
    162e:	9752                	add	a4,a4,s4
    1630:	0ff57513          	zext.b	a0,a0
    1634:	972a                	add	a4,a4,a0
    1636:	08074a33          	zext.h	s4,a4
    163a:	001a5a13          	srli	s4,s4,0x1
    163e:	073e                	slli	a4,a4,0xf
    1640:	9a3a                	add	s4,s4,a4
    1642:	82a1                	srli	a3,a3,0x8
    1644:	9a36                	add	s4,s4,a3
    1646:	0a89                	addi	s5,s5,2
    1648:	080a4a33          	zext.h	s4,s4
    164c:	b5f9                	j	151a <follow_path+0x1da>
    164e:	0309a683          	lw	a3,48(s3)
    1652:	0256c703          	lbu	a4,37(a3)
    1656:	0246c603          	lbu	a2,36(a3)
    165a:	0722                	slli	a4,a4,0x8
    165c:	8f51                	or	a4,a4,a2
    165e:	ed4712e3          	bne	a4,s4,1522 <follow_path+0x1e2>
    1662:	0236cd03          	lbu	s10,35(a3)
    1666:	04000c93          	li	s9,64
    166a:	03aa8863          	beq	s5,s10,169a <follow_path+0x35a>
    166e:	01fcf713          	andi	a4,s9,31
    1672:	e311                	bnez	a4,1676 <follow_path+0x336>
    1674:	0c89                	addi	s9,s9,2
    1676:	0309a703          	lw	a4,48(s3)
    167a:	9766                	add	a4,a4,s9
    167c:	2308                	lbu	a0,0(a4)
    167e:	3318                	lbu	a4,1(a4)
    1680:	0722                	slli	a4,a4,0x8
    1682:	8d59                	or	a0,a0,a4
    1684:	72a000ef          	jal	1dae <ff_wtoupper>
    1688:	00c9a703          	lw	a4,12(s3)
    168c:	8c2a                	mv	s8,a0
    168e:	20eaa733          	sh1add	a4,s5,a4
    1692:	230a                	lhu	a0,0(a4)
    1694:	2f29                	jal	1dae <ff_wtoupper>
    1696:	02ac0f63          	beq	s8,a0,16d4 <follow_path+0x394>
    169a:	0ffaf713          	zext.b	a4,s5
    169e:	e8ed12e3          	bne	s10,a4,1522 <follow_path+0x1e2>
    16a2:	00c9a703          	lw	a4,12(s3)
    16a6:	20eaa733          	sh1add	a4,s5,a4
    16aa:	231a                	lhu	a4,0(a4)
    16ac:	e6071be3          	bnez	a4,1522 <follow_path+0x1e2>
    16b0:	004df793          	andi	a5,s11,4
    16b4:	d20798e3          	bnez	a5,13e4 <follow_path+0xa4>
    16b8:	207c                	lbu	a5,6(s0)
    16ba:	8bc1                	andi	a5,a5,16
    16bc:	e80781e3          	beqz	a5,153e <follow_path+0x1fe>
    16c0:	4792                	lw	a5,4(sp)
    16c2:	2388                	lbu	a0,0(a5)
    16c4:	4791                	li	a5,4
    16c6:	18f51263          	bne	a0,a5,184a <follow_path+0x50a>
    16ca:	85a2                	mv	a1,s0
    16cc:	8522                	mv	a0,s0
    16ce:	a08ff0ef          	jal	8d6 <init_alloc_info>
    16d2:	b15d                	j	1378 <follow_path+0x38>
    16d4:	0c89                	addi	s9,s9,2
    16d6:	0a85                	addi	s5,s5,1
    16d8:	bf49                	j	166a <follow_path+0x32a>
    16da:	5afd                	li	s5,-1
    16dc:	0ff00a13          	li	s4,255
    16e0:	05542623          	sw	s5,76(s0)
    16e4:	8cd2                	mv	s9,s4
    16e6:	0e500b13          	li	s6,229
    16ea:	5c0c                	lw	a1,56(s0)
    16ec:	854e                	mv	a0,s3
    16ee:	ae8ff0ef          	jal	9d6 <move_window>
    16f2:	85aa                	mv	a1,a0
    16f4:	16051863          	bnez	a0,1864 <follow_path+0x524>
    16f8:	03c42803          	lw	a6,60(s0)
    16fc:	00084683          	lbu	a3,0(a6)
    1700:	e2068ae3          	beqz	a3,1534 <follow_path+0x1f4>
    1704:	00b84603          	lbu	a2,11(a6)
    1708:	03f67513          	andi	a0,a2,63
    170c:	a068                	sb	a0,6(s0)
    170e:	01668863          	beq	a3,s6,171e <follow_path+0x3de>
    1712:	8a21                	andi	a2,a2,8
    1714:	0e060a63          	beqz	a2,1808 <follow_path+0x4c8>
    1718:	47bd                	li	a5,15
    171a:	00f50563          	beq	a0,a5,1724 <follow_path+0x3e4>
    171e:	05542623          	sw	s5,76(s0)
    1722:	a8e9                	j	17fc <follow_path+0x4bc>
    1724:	04b44603          	lbu	a2,75(s0)
    1728:	04067613          	andi	a2,a2,64
    172c:	ea5d                	bnez	a2,17e2 <follow_path+0x4a2>
    172e:	0406f613          	andi	a2,a3,64
    1732:	ce5d                	beqz	a2,17f0 <follow_path+0x4b0>
    1734:	0bf6fc93          	andi	s9,a3,191
    1738:	5814                	lw	a3,48(s0)
    173a:	c474                	sw	a3,76(s0)
    173c:	00d84a03          	lbu	s4,13(a6)
    1740:	01b84683          	lbu	a3,27(a6)
    1744:	01a84603          	lbu	a2,26(a6)
    1748:	06a2                	slli	a3,a3,0x8
    174a:	8ed1                	or	a3,a3,a2
    174c:	eac5                	bnez	a3,17fc <follow_path+0x4bc>
    174e:	00084683          	lbu	a3,0(a6)
    1752:	4e35                	li	t3,13
    1754:	00c9ac03          	lw	s8,12(s3)
    1758:	03f6f693          	andi	a3,a3,63
    175c:	16fd                	addi	a3,a3,-1
    175e:	03c68d33          	mul	s10,a3,t3
    1762:	68a1                	lui	a7,0x8
    1764:	6341                	lui	t1,0x10
    1766:	4505                	li	a0,1
    1768:	9c888893          	addi	a7,a7,-1592 # 79c8 <LfnOfs>
    176c:	137d                	addi	t1,t1,-1 # ffff <_data_lma+0x7807>
    176e:	0ff00e93          	li	t4,255
    1772:	01158633          	add	a2,a1,a7
    1776:	2210                	lbu	a2,0(a2)
    1778:	9642                	add	a2,a2,a6
    177a:	00064f03          	lbu	t5,0(a2)
    177e:	3210                	lbu	a2,1(a2)
    1780:	0622                	slli	a2,a2,0x8
    1782:	01e66633          	or	a2,a2,t5
    1786:	cd35                	beqz	a0,1802 <follow_path+0x4c2>
    1788:	07aeea63          	bltu	t4,s10,17fc <follow_path+0x4bc>
    178c:	8532                	mv	a0,a2
    178e:	cc42                	sw	a6,24(sp)
    1790:	ce2e                	sw	a1,28(sp)
    1792:	ca32                	sw	a2,20(sp)
    1794:	2d29                	jal	1dae <ff_wtoupper>
    1796:	c82a                	sw	a0,16(sp)
    1798:	218d2533          	sh1add	a0,s10,s8
    179c:	210a                	lhu	a0,0(a0)
    179e:	2d01                	jal	1dae <ff_wtoupper>
    17a0:	47c2                	lw	a5,16(sp)
    17a2:	6721                	lui	a4,0x8
    17a4:	9c870893          	addi	a7,a4,-1592 # 79c8 <LfnOfs>
    17a8:	6741                	lui	a4,0x10
    17aa:	4862                	lw	a6,24(sp)
    17ac:	45f2                	lw	a1,28(sp)
    17ae:	0ff00e93          	li	t4,255
    17b2:	4e35                	li	t3,13
    17b4:	fff70313          	addi	t1,a4,-1 # ffff <_data_lma+0x7807>
    17b8:	04a79263          	bne	a5,a0,17fc <follow_path+0x4bc>
    17bc:	4552                	lw	a0,20(sp)
    17be:	0d05                	addi	s10,s10,1
    17c0:	0585                	addi	a1,a1,1
    17c2:	fbc598e3          	bne	a1,t3,1772 <follow_path+0x432>
    17c6:	00084603          	lbu	a2,0(a6)
    17ca:	48665613          	bexti	a2,a2,0x6
    17ce:	c611                	beqz	a2,17da <follow_path+0x49a>
    17d0:	c509                	beqz	a0,17da <follow_path+0x49a>
    17d2:	218d26b3          	sh1add	a3,s10,s8
    17d6:	2296                	lhu	a3,0(a3)
    17d8:	e295                	bnez	a3,17fc <follow_path+0x4bc>
    17da:	fffc8713          	addi	a4,s9,-1
    17de:	0ff77c93          	zext.b	s9,a4
    17e2:	8522                	mv	a0,s0
    17e4:	c70ff0ef          	jal	c54 <dir_next.constprop.0>
    17e8:	f00501e3          	beqz	a0,16ea <follow_path+0x3aa>
    17ec:	84aa                	mv	s1,a0
    17ee:	b381                	j	152e <follow_path+0x1ee>
    17f0:	01969663          	bne	a3,s9,17fc <follow_path+0x4bc>
    17f4:	00d84683          	lbu	a3,13(a6)
    17f8:	f54684e3          	beq	a3,s4,1740 <follow_path+0x400>
    17fc:	0ff00c93          	li	s9,255
    1800:	b7cd                	j	17e2 <follow_path+0x4a2>
    1802:	fa660fe3          	beq	a2,t1,17c0 <follow_path+0x480>
    1806:	bfdd                	j	17fc <follow_path+0x4bc>
    1808:	020c9463          	bnez	s9,1830 <follow_path+0x4f0>
    180c:	00b80593          	addi	a1,a6,11
    1810:	8642                	mv	a2,a6
    1812:	001cd693          	srli	a3,s9,0x1
    1816:	007c9713          	slli	a4,s9,0x7
    181a:	0605                	addi	a2,a2,1
    181c:	9736                	add	a4,a4,a3
    181e:	fff64683          	lbu	a3,-1(a2)
    1822:	9736                	add	a4,a4,a3
    1824:	0ff77c93          	zext.b	s9,a4
    1828:	feb615e3          	bne	a2,a1,1812 <follow_path+0x4d2>
    182c:	e99a02e3          	beq	s4,s9,16b0 <follow_path+0x370>
    1830:	04b44703          	lbu	a4,75(s0)
    1834:	8b05                	andi	a4,a4,1
    1836:	ee0714e3          	bnez	a4,171e <follow_path+0x3de>
    183a:	45a2                	lw	a1,8(sp)
    183c:	462d                	li	a2,11
    183e:	8542                	mv	a0,a6
    1840:	06e040ef          	jal	58ae <memcmp>
    1844:	ec051de3          	bnez	a0,171e <follow_path+0x3de>
    1848:	b5a5                	j	16b0 <follow_path+0x370>
    184a:	4792                	lw	a5,4(sp)
    184c:	03478593          	addi	a1,a5,52
    1850:	581c                	lw	a5,48(s0)
    1852:	1ff7f793          	andi	a5,a5,511
    1856:	95be                	add	a1,a1,a5
    1858:	87bff0ef          	jal	10d2 <ld_clust.isra.0>
    185c:	c408                	sw	a0,8(s0)
    185e:	be29                	j	1378 <follow_path+0x38>
    1860:	4499                	li	s1,6
    1862:	b649                	j	13e4 <follow_path+0xa4>
    1864:	84aa                	mv	s1,a0
    1866:	bebd                	j	13e4 <follow_path+0xa4>

00001868 <f_mount>:
    1868:	96dfe2ef          	jal	t0,1d4 <__riscv_save_0>
    186c:	1101                	addi	sp,sp,-32
    186e:	c62a                	sw	a0,12(sp)
    1870:	0868                	addi	a0,sp,28
    1872:	c42e                	sw	a1,8(sp)
    1874:	c232                	sw	a2,4(sp)
    1876:	ce2e                	sw	a1,28(sp)
    1878:	8a0ff0ef          	jal	918 <get_ldnumber>
    187c:	57fd                	li	a5,-1
    187e:	02f50963          	beq	a0,a5,18b0 <f_mount+0x48>
    1882:	8301a703          	lw	a4,-2000(gp) # 20000488 <FatFs>
    1886:	4612                	lw	a2,4(sp)
    1888:	c709                	beqz	a4,1892 <f_mount+0x2a>
    188a:	8201a823          	sw	zero,-2000(gp) # 20000488 <FatFs>
    188e:	00070023          	sb	zero,0(a4)
    1892:	4732                	lw	a4,12(sp)
    1894:	c709                	beqz	a4,189e <f_mount+0x36>
    1896:	00071023          	sh	zero,0(a4)
    189a:	82e1a823          	sw	a4,-2000(gp) # 20000488 <FatFs>
    189e:	4501                	li	a0,0
    18a0:	c609                	beqz	a2,18aa <f_mount+0x42>
    18a2:	006c                	addi	a1,sp,12
    18a4:	0028                	addi	a0,sp,8
    18a6:	ccaff0ef          	jal	d70 <mount_volume.isra.0>
    18aa:	6105                	addi	sp,sp,32
    18ac:	951fe06f          	j	1fc <__riscv_restore_0>
    18b0:	452d                	li	a0,11
    18b2:	bfe5                	j	18aa <f_mount+0x42>

000018b4 <f_open>:
    18b4:	905fe2ef          	jal	t0,1b8 <__riscv_save_4>
    18b8:	7159                	addi	sp,sp,-112
    18ba:	c62e                	sw	a1,12(sp)
    18bc:	44a5                	li	s1,9
    18be:	c525                	beqz	a0,1926 <f_open+0x72>
    18c0:	842a                	mv	s0,a0
    18c2:	086c                	addi	a1,sp,28
    18c4:	0068                	addi	a0,sp,12
    18c6:	89b2                	mv	s3,a2
    18c8:	ca8ff0ef          	jal	d70 <mount_volume.isra.0>
    18cc:	84aa                	mv	s1,a0
    18ce:	ed35                	bnez	a0,194a <f_open+0x96>
    18d0:	4972                	lw	s2,28(sp)
    18d2:	45b2                	lw	a1,12(sp)
    18d4:	1008                	addi	a0,sp,32
    18d6:	01242023          	sw	s2,0(s0)
    18da:	d04a                	sw	s2,32(sp)
    18dc:	a65ff0ef          	jal	1340 <follow_path>
    18e0:	84aa                	mv	s1,a0
    18e2:	e525                	bnez	a0,194a <f_open+0x96>
    18e4:	06b10783          	lb	a5,107(sp)
    18e8:	0607c063          	bltz	a5,1948 <f_open+0x94>
    18ec:	02614783          	lbu	a5,38(sp)
    18f0:	4711                	li	a4,4
    18f2:	8bc1                	andi	a5,a5,16
    18f4:	efb1                	bnez	a5,1950 <f_open+0x9c>
    18f6:	00094503          	lbu	a0,0(s2)
    18fa:	0019f993          	andi	s3,s3,1
    18fe:	02e51863          	bne	a0,a4,192e <f_open+0x7a>
    1902:	100c                	addi	a1,sp,32
    1904:	8522                	mv	a0,s0
    1906:	fd1fe0ef          	jal	8d6 <init_alloc_info>
    190a:	00695783          	lhu	a5,6(s2)
    190e:	4801                	li	a6,0
    1910:	03340823          	sb	s3,48(s0)
    1914:	a05e                	sh	a5,4(s0)
    1916:	4781                	li	a5,0
    1918:	020408a3          	sb	zero,49(s0)
    191c:	04042223          	sw	zero,68(s0)
    1920:	dc1c                	sw	a5,56(s0)
    1922:	03042e23          	sw	a6,60(s0)
    1926:	8526                	mv	a0,s1
    1928:	6165                	addi	sp,sp,112
    192a:	8c7fe06f          	j	1f0 <__riscv_restore_4>
    192e:	45f6                	lw	a1,92(sp)
    1930:	fa2ff0ef          	jal	10d2 <ld_clust.isra.0>
    1934:	45f6                	lw	a1,92(sp)
    1936:	c408                	sw	a0,8(s0)
    1938:	01c58513          	addi	a0,a1,28
    193c:	f3dfe0ef          	jal	878 <ld_32>
    1940:	c808                	sw	a0,16(s0)
    1942:	00042a23          	sw	zero,20(s0)
    1946:	b7d1                	j	190a <f_open+0x56>
    1948:	4499                	li	s1,6
    194a:	00042023          	sw	zero,0(s0)
    194e:	bfe1                	j	1926 <f_open+0x72>
    1950:	84ba                	mv	s1,a4
    1952:	bfe5                	j	194a <f_open+0x96>

00001954 <f_read>:
    1954:	855fe2ef          	jal	t0,1a8 <__riscv_save_10>
    1958:	1101                	addi	sp,sp,-32
    195a:	892e                	mv	s2,a1
    195c:	0006a023          	sw	zero,0(a3)
    1960:	086c                	addi	a1,sp,28
    1962:	842a                	mv	s0,a0
    1964:	84b2                	mv	s1,a2
    1966:	89b6                	mv	s3,a3
    1968:	fedfe0ef          	jal	954 <validate>
    196c:	4c25                	li	s8,9
    196e:	e535                	bnez	a0,19da <f_read+0x86>
    1970:	03144c03          	lbu	s8,49(s0)
    1974:	060c1363          	bnez	s8,19da <f_read+0x86>
    1978:	03044783          	lbu	a5,48(s0)
    197c:	4c1d                	li	s8,7
    197e:	8b85                	andi	a5,a5,1
    1980:	cfa9                	beqz	a5,19da <f_read+0x86>
    1982:	4818                	lw	a4,16(s0)
    1984:	5c1c                	lw	a5,56(s0)
    1986:	4854                	lw	a3,20(s0)
    1988:	5c50                	lw	a2,60(s0)
    198a:	40f707b3          	sub	a5,a4,a5
    198e:	00f73733          	sltu	a4,a4,a5
    1992:	8e91                	sub	a3,a3,a2
    1994:	00e69463          	bne	a3,a4,199c <f_read+0x48>
    1998:	0af4d4b3          	minu	s1,s1,a5
    199c:	8c26                	mv	s8,s1
    199e:	20000a13          	li	s4,512
    19a2:	4a85                	li	s5,1
    19a4:	5b7d                	li	s6,-1
    19a6:	020c0a63          	beqz	s8,19da <f_read+0x86>
    19aa:	5c1c                	lw	a5,56(s0)
    19ac:	5c50                	lw	a2,60(s0)
    19ae:	4bf2                	lw	s7,28(sp)
    19b0:	1ff7f713          	andi	a4,a5,511
    19b4:	e345                	bnez	a4,1a54 <f_read+0x100>
    19b6:	00abd483          	lhu	s1,10(s7)
    19ba:	01761693          	slli	a3,a2,0x17
    19be:	0097d713          	srli	a4,a5,0x9
    19c2:	14fd                	addi	s1,s1,-1
    19c4:	9736                	add	a4,a4,a3
    19c6:	8cf9                	and	s1,s1,a4
    19c8:	e49d                	bnez	s1,19f6 <f_read+0xa2>
    19ca:	8fd1                	or	a5,a5,a2
    19cc:	eb99                	bnez	a5,19e2 <f_read+0x8e>
    19ce:	4408                	lw	a0,8(s0)
    19d0:	00aaee63          	bltu	s5,a0,19ec <f_read+0x98>
    19d4:	4c09                	li	s8,2
    19d6:	038408a3          	sb	s8,49(s0)
    19da:	8562                	mv	a0,s8
    19dc:	6105                	addi	sp,sp,32
    19de:	807fe06f          	j	1e4 <__riscv_restore_10>
    19e2:	402c                	lw	a1,64(s0)
    19e4:	8522                	mv	a0,s0
    19e6:	922ff0ef          	jal	b08 <get_fat>
    19ea:	b7dd                	j	19d0 <f_read+0x7c>
    19ec:	01651463          	bne	a0,s6,19f4 <f_read+0xa0>
    19f0:	4c05                	li	s8,1
    19f2:	b7d5                	j	19d6 <f_read+0x82>
    19f4:	c028                	sw	a0,64(s0)
    19f6:	402c                	lw	a1,64(s0)
    19f8:	855e                	mv	a0,s7
    19fa:	ec1fe0ef          	jal	8ba <clst2sect>
    19fe:	d979                	beqz	a0,19d4 <f_read+0x80>
    1a00:	009c5693          	srli	a3,s8,0x9
    1a04:	00a48633          	add	a2,s1,a0
    1a08:	c6a9                	beqz	a3,1a52 <f_read+0xfe>
    1a0a:	00abd783          	lhu	a5,10(s7)
    1a0e:	00d48733          	add	a4,s1,a3
    1a12:	00e7f463          	bgeu	a5,a4,1a1a <f_read+0xc6>
    1a16:	409786b3          	sub	a3,a5,s1
    1a1a:	001bc503          	lbu	a0,1(s7)
    1a1e:	85ca                	mv	a1,s2
    1a20:	c636                	sw	a3,12(sp)
    1a22:	e27fe0ef          	jal	848 <disk_read>
    1a26:	f569                	bnez	a0,19f0 <f_read+0x9c>
    1a28:	46b2                	lw	a3,12(sp)
    1a2a:	00969493          	slli	s1,a3,0x9
    1a2e:	0009a783          	lw	a5,0(s3)
    1a32:	5c58                	lw	a4,60(s0)
    1a34:	409c0c33          	sub	s8,s8,s1
    1a38:	97a6                	add	a5,a5,s1
    1a3a:	00f9a023          	sw	a5,0(s3)
    1a3e:	5c1c                	lw	a5,56(s0)
    1a40:	9926                	add	s2,s2,s1
    1a42:	00978633          	add	a2,a5,s1
    1a46:	00f637b3          	sltu	a5,a2,a5
    1a4a:	97ba                	add	a5,a5,a4
    1a4c:	dc10                	sw	a2,56(s0)
    1a4e:	dc5c                	sw	a5,60(s0)
    1a50:	bf99                	j	19a6 <f_read+0x52>
    1a52:	c070                	sw	a2,68(s0)
    1a54:	406c                	lw	a1,68(s0)
    1a56:	855e                	mv	a0,s7
    1a58:	5c04                	lw	s1,56(s0)
    1a5a:	f7dfe0ef          	jal	9d6 <move_window>
    1a5e:	f949                	bnez	a0,19f0 <f_read+0x9c>
    1a60:	5c0c                	lw	a1,56(s0)
    1a62:	1ff4f613          	andi	a2,s1,511
    1a66:	40ca0633          	sub	a2,s4,a2
    1a6a:	0b8654b3          	minu	s1,a2,s8
    1a6e:	034b8b93          	addi	s7,s7,52
    1a72:	1ff5f593          	andi	a1,a1,511
    1a76:	8626                	mv	a2,s1
    1a78:	95de                	add	a1,a1,s7
    1a7a:	854a                	mv	a0,s2
    1a7c:	f9cfe0ef          	jal	218 <memcpy>
    1a80:	b77d                	j	1a2e <f_read+0xda>

00001a82 <f_close>:
    1a82:	f52fe2ef          	jal	t0,1d4 <__riscv_save_0>
    1a86:	1141                	addi	sp,sp,-16
    1a88:	006c                	addi	a1,sp,12
    1a8a:	842a                	mv	s0,a0
    1a8c:	ec9fe0ef          	jal	954 <validate>
    1a90:	e119                	bnez	a0,1a96 <f_close+0x14>
    1a92:	00042023          	sw	zero,0(s0)
    1a96:	0141                	addi	sp,sp,16
    1a98:	f64fe06f          	j	1fc <__riscv_restore_0>

00001a9c <f_opendir>:
    1a9c:	f38fe2ef          	jal	t0,1d4 <__riscv_save_0>
    1aa0:	1101                	addi	sp,sp,-32
    1aa2:	c62e                	sw	a1,12(sp)
    1aa4:	c135                	beqz	a0,1b08 <f_opendir+0x6c>
    1aa6:	842a                	mv	s0,a0
    1aa8:	086c                	addi	a1,sp,28
    1aaa:	0068                	addi	a0,sp,12
    1aac:	ac4ff0ef          	jal	d70 <mount_volume.isra.0>
    1ab0:	ed0d                	bnez	a0,1aea <f_opendir+0x4e>
    1ab2:	44f2                	lw	s1,28(sp)
    1ab4:	45b2                	lw	a1,12(sp)
    1ab6:	8522                	mv	a0,s0
    1ab8:	c004                	sw	s1,0(s0)
    1aba:	887ff0ef          	jal	1340 <follow_path>
    1abe:	e121                	bnez	a0,1afe <f_opendir+0x62>
    1ac0:	04b40783          	lb	a5,75(s0)
    1ac4:	0007cd63          	bltz	a5,1ade <f_opendir+0x42>
    1ac8:	207c                	lbu	a5,6(s0)
    1aca:	8bc1                	andi	a5,a5,16
    1acc:	cf85                	beqz	a5,1b04 <f_opendir+0x68>
    1ace:	2088                	lbu	a0,0(s1)
    1ad0:	4791                	li	a5,4
    1ad2:	02f51163          	bne	a0,a5,1af4 <f_opendir+0x58>
    1ad6:	85a2                	mv	a1,s0
    1ad8:	8522                	mv	a0,s0
    1ada:	dfdfe0ef          	jal	8d6 <init_alloc_info>
    1ade:	20fe                	lhu	a5,6(s1)
    1ae0:	8522                	mv	a0,s0
    1ae2:	a05e                	sh	a5,4(s0)
    1ae4:	a00ff0ef          	jal	ce4 <dir_sdi.constprop.0>
    1ae8:	c119                	beqz	a0,1aee <f_opendir+0x52>
    1aea:	00042023          	sw	zero,0(s0)
    1aee:	6105                	addi	sp,sp,32
    1af0:	f0cfe06f          	j	1fc <__riscv_restore_0>
    1af4:	5c4c                	lw	a1,60(s0)
    1af6:	ddcff0ef          	jal	10d2 <ld_clust.isra.0>
    1afa:	c408                	sw	a0,8(s0)
    1afc:	b7cd                	j	1ade <f_opendir+0x42>
    1afe:	4791                	li	a5,4
    1b00:	fef515e3          	bne	a0,a5,1aea <f_opendir+0x4e>
    1b04:	4515                	li	a0,5
    1b06:	b7d5                	j	1aea <f_opendir+0x4e>
    1b08:	4525                	li	a0,9
    1b0a:	b7d5                	j	1aee <f_opendir+0x52>

00001b0c <f_closedir>:
    1b0c:	ec8fe2ef          	jal	t0,1d4 <__riscv_save_0>
    1b10:	1141                	addi	sp,sp,-16
    1b12:	006c                	addi	a1,sp,12
    1b14:	842a                	mv	s0,a0
    1b16:	e3ffe0ef          	jal	954 <validate>
    1b1a:	e119                	bnez	a0,1b20 <f_closedir+0x14>
    1b1c:	00042023          	sw	zero,0(s0)
    1b20:	0141                	addi	sp,sp,16
    1b22:	edafe06f          	j	1fc <__riscv_restore_0>

00001b26 <f_readdir>:
    1b26:	e82fe2ef          	jal	t0,1a8 <__riscv_save_10>
    1b2a:	1141                	addi	sp,sp,-16
    1b2c:	842e                	mv	s0,a1
    1b2e:	006c                	addi	a1,sp,12
    1b30:	892a                	mv	s2,a0
    1b32:	e23fe0ef          	jal	954 <validate>
    1b36:	24051563          	bnez	a0,1d80 <f_readdir+0x25a>
    1b3a:	e419                	bnez	s0,1b48 <f_readdir+0x22>
    1b3c:	854a                	mv	a0,s2
    1b3e:	9a6ff0ef          	jal	ce4 <dir_sdi.constprop.0>
    1b42:	0141                	addi	sp,sp,16
    1b44:	ea0fe06f          	j	1e4 <__riscv_restore_10>
    1b48:	00040d23          	sb	zero,26(s0)
    1b4c:	854a                	mv	a0,s2
    1b4e:	da4ff0ef          	jal	10f2 <dir_read.constprop.0>
    1b52:	ffb57793          	andi	a5,a0,-5
    1b56:	22079863          	bnez	a5,1d86 <f_readdir+0x260>
    1b5a:	00092a03          	lw	s4,0(s2)
    1b5e:	00040d23          	sb	zero,26(s0)
    1b62:	03892783          	lw	a5,56(s2)
    1b66:	c3e9                	beqz	a5,1c28 <f_readdir+0x102>
    1b68:	000a4703          	lbu	a4,0(s4)
    1b6c:	4791                	li	a5,4
    1b6e:	0cf71563          	bne	a4,a5,1c38 <f_readdir+0x112>
    1b72:	6b0d                	lui	s6,0x3
    1b74:	4a81                	li	s5,0
    1b76:	4481                	li	s1,0
    1b78:	4501                	li	a0,0
    1b7a:	04000993          	li	s3,64
    1b7e:	25f00b93          	li	s7,607
    1b82:	0ff00c13          	li	s8,255
    1b86:	800b0b13          	addi	s6,s6,-2048 # 2800 <USB_DiagEnumerate+0x2d6>
    1b8a:	7ff00c93          	li	s9,2047
    1b8e:	a091                	j	1bd2 <f_readdir+0xac>
    1b90:	053be963          	bltu	s7,s3,1be2 <f_readdir+0xbc>
    1b94:	01f9f713          	andi	a4,s3,31
    1b98:	e311                	bnez	a4,1b9c <f_readdir+0x76>
    1b9a:	0989                	addi	s3,s3,2
    1b9c:	97ce                	add	a5,a5,s3
    1b9e:	2398                	lbu	a4,0(a5)
    1ba0:	339c                	lbu	a5,1(a5)
    1ba2:	07a2                	slli	a5,a5,0x8
    1ba4:	8fd9                	or	a5,a5,a4
    1ba6:	e519                	bnez	a0,1bb4 <f_readdir+0x8e>
    1ba8:	01678733          	add	a4,a5,s6
    1bac:	08074733          	zext.h	a4,a4
    1bb0:	00ecfe63          	bgeu	s9,a4,1bcc <f_readdir+0xa6>
    1bb4:	01a48593          	addi	a1,s1,26
    1bb8:	0542                	slli	a0,a0,0x10
    1bba:	409c0633          	sub	a2,s8,s1
    1bbe:	95a2                	add	a1,a1,s0
    1bc0:	8d5d                	or	a0,a0,a5
    1bc2:	dd1fe0ef          	jal	992 <put_utf>
    1bc6:	cd11                	beqz	a0,1be2 <f_readdir+0xbc>
    1bc8:	94aa                	add	s1,s1,a0
    1bca:	4781                	li	a5,0
    1bcc:	0989                	addi	s3,s3,2
    1bce:	0a85                	addi	s5,s5,1
    1bd0:	853e                	mv	a0,a5
    1bd2:	030a2783          	lw	a5,48(s4)
    1bd6:	0237c703          	lbu	a4,35(a5)
    1bda:	faeaebe3          	bltu	s5,a4,1b90 <f_readdir+0x6a>
    1bde:	e111                	bnez	a0,1be2 <f_readdir+0xbc>
    1be0:	e489                	bnez	s1,1bea <f_readdir+0xc4>
    1be2:	03f00793          	li	a5,63
    1be6:	ac3c                	sb	a5,26(s0)
    1be8:	4485                	li	s1,1
    1bea:	94a2                	add	s1,s1,s0
    1bec:	00048d23          	sb	zero,26(s1)
    1bf0:	000406a3          	sb	zero,13(s0)
    1bf4:	030a2483          	lw	s1,48(s4)
    1bf8:	4501                	li	a0,0
    1bfa:	4581                	li	a1,0
    1bfc:	20dc                	lbu	a5,4(s1)
    1bfe:	0377f713          	andi	a4,a5,55
    1c02:	a458                	sb	a4,12(s0)
    1c04:	8bc1                	andi	a5,a5,16
    1c06:	e789                	bnez	a5,1c10 <f_readdir+0xea>
    1c08:	03848513          	addi	a0,s1,56
    1c0c:	c83fe0ef          	jal	88e <ld_64>
    1c10:	c008                	sw	a0,0(s0)
    1c12:	c04c                	sw	a1,4(s0)
    1c14:	34dc                	lbu	a5,13(s1)
    1c16:	24d8                	lbu	a4,12(s1)
    1c18:	07a2                	slli	a5,a5,0x8
    1c1a:	8fd9                	or	a5,a5,a4
    1c1c:	a43e                	sh	a5,10(s0)
    1c1e:	24f8                	lbu	a4,14(s1)
    1c20:	34fc                	lbu	a5,15(s1)
    1c22:	07a2                	slli	a5,a5,0x8
    1c24:	8fd9                	or	a5,a5,a4
    1c26:	a41e                	sh	a5,8(s0)
    1c28:	854a                	mv	a0,s2
    1c2a:	82aff0ef          	jal	c54 <dir_next.constprop.0>
    1c2e:	4791                	li	a5,4
    1c30:	14f51e63          	bne	a0,a5,1d8c <f_readdir+0x266>
    1c34:	4501                	li	a0,0
    1c36:	b731                	j	1b42 <f_readdir+0x1c>
    1c38:	04c92703          	lw	a4,76(s2)
    1c3c:	57fd                	li	a5,-1
    1c3e:	0cf71463          	bne	a4,a5,1d06 <f_readdir+0x1e0>
    1c42:	03c92483          	lw	s1,60(s2)
    1c46:	4781                	li	a5,0
    1c48:	4701                	li	a4,0
    1c4a:	02000593          	li	a1,32
    1c4e:	4515                	li	a0,5
    1c50:	462d                	li	a2,11
    1c52:	0705                	addi	a4,a4,1
    1c54:	00e486b3          	add	a3,s1,a4
    1c58:	fff6c683          	lbu	a3,-1(a3)
    1c5c:	02b68a63          	beq	a3,a1,1c90 <f_readdir+0x16a>
    1c60:	00a69463          	bne	a3,a0,1c68 <f_readdir+0x142>
    1c64:	0e500693          	li	a3,229
    1c68:	ff770813          	addi	a6,a4,-9
    1c6c:	00081d63          	bnez	a6,1c86 <f_readdir+0x160>
    1c70:	00c7b813          	sltiu	a6,a5,12
    1c74:	00080963          	beqz	a6,1c86 <f_readdir+0x160>
    1c78:	00f40833          	add	a6,s0,a5
    1c7c:	02e00893          	li	a7,46
    1c80:	011806a3          	sb	a7,13(a6)
    1c84:	0785                	addi	a5,a5,1
    1c86:	00f40833          	add	a6,s0,a5
    1c8a:	00d806a3          	sb	a3,13(a6)
    1c8e:	0785                	addi	a5,a5,1
    1c90:	fcc711e3          	bne	a4,a2,1c52 <f_readdir+0x12c>
    1c94:	00f40733          	add	a4,s0,a5
    1c98:	000706a3          	sb	zero,13(a4)
    1c9c:	01a40703          	lb	a4,26(s0)
    1ca0:	eb49                	bnez	a4,1d32 <f_readdir+0x20c>
    1ca2:	cfad                	beqz	a5,1d1c <f_readdir+0x1f6>
    1ca4:	00d40793          	addi	a5,s0,13
    1ca8:	4621                	li	a2,8
    1caa:	02e00593          	li	a1,46
    1cae:	4565                	li	a0,25
    1cb0:	00078703          	lb	a4,0(a5)
    1cb4:	e355                	bnez	a4,1d58 <f_readdir+0x232>
    1cb6:	8f81                	sub	a5,a5,s0
    1cb8:	17cd                	addi	a5,a5,-13
    1cba:	a0ad                	j	1d24 <f_readdir+0x1fe>
    1cbc:	e499                	bnez	s1,1cca <f_readdir+0x1a4>
    1cbe:	01678733          	add	a4,a5,s6
    1cc2:	08074733          	zext.h	a4,a4
    1cc6:	00ec7f63          	bgeu	s8,a4,1ce4 <f_readdir+0x1be>
    1cca:	01a98593          	addi	a1,s3,26
    1cce:	01049513          	slli	a0,s1,0x10
    1cd2:	413b8633          	sub	a2,s7,s3
    1cd6:	95a2                	add	a1,a1,s0
    1cd8:	8d5d                	or	a0,a0,a5
    1cda:	cb9fe0ef          	jal	992 <put_utf>
    1cde:	c919                	beqz	a0,1cf4 <f_readdir+0x1ce>
    1ce0:	99aa                	add	s3,s3,a0
    1ce2:	4781                	li	a5,0
    1ce4:	0a89                	addi	s5,s5,2
    1ce6:	84be                	mv	s1,a5
    1ce8:	00ca2783          	lw	a5,12(s4)
    1cec:	97d6                	add	a5,a5,s5
    1cee:	239e                	lhu	a5,0(a5)
    1cf0:	f7f1                	bnez	a5,1cbc <f_readdir+0x196>
    1cf2:	854e                	mv	a0,s3
    1cf4:	0014b493          	seqz	s1,s1
    1cf8:	409004b3          	neg	s1,s1
    1cfc:	8d65                	and	a0,a0,s1
    1cfe:	9522                	add	a0,a0,s0
    1d00:	00050d23          	sb	zero,26(a0)
    1d04:	bf3d                	j	1c42 <f_readdir+0x11c>
    1d06:	6b0d                	lui	s6,0x3
    1d08:	4a81                	li	s5,0
    1d0a:	4981                	li	s3,0
    1d0c:	4481                	li	s1,0
    1d0e:	0ff00b93          	li	s7,255
    1d12:	800b0b13          	addi	s6,s6,-2048 # 2800 <USB_DiagEnumerate+0x2d6>
    1d16:	7ff00c13          	li	s8,2047
    1d1a:	b7f9                	j	1ce8 <f_readdir+0x1c2>
    1d1c:	03f00793          	li	a5,63
    1d20:	ac3c                	sb	a5,26(s0)
    1d22:	4785                	li	a5,1
    1d24:	97a2                	add	a5,a5,s0
    1d26:	00078d23          	sb	zero,26(a5)
    1d2a:	24dc                	lbu	a5,12(s1)
    1d2c:	e399                	bnez	a5,1d32 <f_readdir+0x20c>
    1d2e:	000406a3          	sb	zero,13(s0)
    1d32:	34bc                	lbu	a5,11(s1)
    1d34:	01c48513          	addi	a0,s1,28
    1d38:	03f7f793          	andi	a5,a5,63
    1d3c:	a45c                	sb	a5,12(s0)
    1d3e:	b3bfe0ef          	jal	878 <ld_32>
    1d42:	c008                	sw	a0,0(s0)
    1d44:	00042223          	sw	zero,4(s0)
    1d48:	38fc                	lbu	a5,23(s1)
    1d4a:	28f8                	lbu	a4,22(s1)
    1d4c:	07a2                	slli	a5,a5,0x8
    1d4e:	8fd9                	or	a5,a5,a4
    1d50:	a43e                	sh	a5,10(s0)
    1d52:	2c98                	lbu	a4,24(s1)
    1d54:	3c9c                	lbu	a5,25(s1)
    1d56:	b5f1                	j	1c22 <f_readdir+0xfc>
    1d58:	08074733          	zext.h	a4,a4
    1d5c:	02b70063          	beq	a4,a1,1d7c <f_readdir+0x256>
    1d60:	fbf70693          	addi	a3,a4,-65
    1d64:	0806c6b3          	zext.h	a3,a3
    1d68:	00d56763          	bltu	a0,a3,1d76 <f_readdir+0x250>
    1d6c:	24d4                	lbu	a3,12(s1)
    1d6e:	8ef1                	and	a3,a3,a2
    1d70:	c299                	beqz	a3,1d76 <f_readdir+0x250>
    1d72:	02070713          	addi	a4,a4,32
    1d76:	b7d8                	sb	a4,13(a5)
    1d78:	0785                	addi	a5,a5,1
    1d7a:	bf1d                	j	1cb0 <f_readdir+0x18a>
    1d7c:	4641                	li	a2,16
    1d7e:	bfe5                	j	1d76 <f_readdir+0x250>
    1d80:	4525                	li	a0,9
    1d82:	dc0400e3          	beqz	s0,1b42 <f_readdir+0x1c>
    1d86:	00040d23          	sb	zero,26(s0)
    1d8a:	bb65                	j	1b42 <f_readdir+0x1c>
    1d8c:	da050be3          	beqz	a0,1b42 <f_readdir+0x1c>
    1d90:	bfdd                	j	1d86 <f_readdir+0x260>

00001d92 <ff_oem2uni>:
    1d92:	07f00793          	li	a5,127
    1d96:	00a7f363          	bgeu	a5,a0,1d9c <ff_oem2uni+0xa>
    1d9a:	4501                	li	a0,0
    1d9c:	8082                	ret

00001d9e <ff_uni2oem>:
    1d9e:	07f00793          	li	a5,127
    1da2:	00a7f363          	bgeu	a5,a0,1da8 <ff_uni2oem+0xa>
    1da6:	4501                	li	a0,0
    1da8:	08054533          	zext.h	a0,a0
    1dac:	8082                	ret

00001dae <ff_wtoupper>:
    1dae:	f9f50713          	addi	a4,a0,-97
    1db2:	47e5                	li	a5,25
    1db4:	00e7e363          	bltu	a5,a4,1dba <ff_wtoupper+0xc>
    1db8:	1501                	addi	a0,a0,-32
    1dba:	8082                	ret

00001dbc <usb_send_cbw>:
    1dbc:	bfcfe2ef          	jal	t0,1b8 <__riscv_save_4>
    1dc0:	8b2a                	mv	s6,a0
    1dc2:	4401                	li	s0,0
    1dc4:	4a29                	li	s4,10
    1dc6:	2a018493          	addi	s1,gp,672 # 20000ef8 <RootHubDev>
    1dca:	83c1c503          	lbu	a0,-1988(gp) # 20000494 <usb_out_ep>
    1dce:	46fd                	li	a3,31
    1dd0:	865a                	mv	a2,s6
    1dd2:	83a18593          	addi	a1,gp,-1990 # 20000492 <out_tog>
    1dd6:	9fbfe0ef          	jal	7d0 <USBHSH_SendEndpData>
    1dda:	8aaa                	mv	s5,a0
    1ddc:	c90d                	beqz	a0,1e0e <usb_send_cbw+0x52>
    1dde:	034467b3          	rem	a5,s0,s4
    1de2:	4725                	li	a4,9
    1de4:	00e79d63          	bne	a5,a4,1dfe <usb_send_cbw+0x42>
    1de8:	83c1c583          	lbu	a1,-1988(gp) # 20000494 <usb_out_ep>
    1dec:	0234c503          	lbu	a0,35(s1)
    1df0:	989fe0ef          	jal	778 <USBHSH_ClearEndpStall>
    1df4:	4509                	li	a0,2
    1df6:	82019d23          	sh	zero,-1990(gp) # 20000492 <out_tog>
    1dfa:	1a7020ef          	jal	47a0 <Delay_Ms>
    1dfe:	4505                	li	a0,1
    1e00:	1a1020ef          	jal	47a0 <Delay_Ms>
    1e04:	0405                	addi	s0,s0,1
    1e06:	02800793          	li	a5,40
    1e0a:	fcf410e3          	bne	s0,a5,1dca <usb_send_cbw+0xe>
    1e0e:	8556                	mv	a0,s5
    1e10:	be0fe06f          	j	1f0 <__riscv_restore_4>

00001e14 <bulk_in_read_retry>:
    1e14:	b94fe2ef          	jal	t0,1a8 <__riscv_save_10>
    1e18:	8baa                	mv	s7,a0
    1e1a:	8c2e                	mv	s8,a1
    1e1c:	8cb2                	mv	s9,a2
    1e1e:	4401                	li	s0,0
    1e20:	4a29                	li	s4,10
    1e22:	4aa5                	li	s5,9
    1e24:	2a018493          	addi	s1,gp,672 # 20000ef8 <RootHubDev>
    1e28:	8381c503          	lbu	a0,-1992(gp) # 20000490 <usb_in_ep>
    1e2c:	86e2                	mv	a3,s8
    1e2e:	865e                	mv	a2,s7
    1e30:	83618593          	addi	a1,gp,-1994 # 2000048e <in_tog>
    1e34:	95bfe0ef          	jal	78e <USBHSH_GetEndpData>
    1e38:	8b2a                	mv	s6,a0
    1e3a:	c905                	beqz	a0,1e6a <bulk_in_read_retry+0x56>
    1e3c:	034467b3          	rem	a5,s0,s4
    1e40:	01579f63          	bne	a5,s5,1e5e <bulk_in_read_retry+0x4a>
    1e44:	8381c583          	lbu	a1,-1992(gp) # 20000490 <usb_in_ep>
    1e48:	0234c503          	lbu	a0,35(s1)
    1e4c:	0805e593          	ori	a1,a1,128
    1e50:	929fe0ef          	jal	778 <USBHSH_ClearEndpStall>
    1e54:	4509                	li	a0,2
    1e56:	82019b23          	sh	zero,-1994(gp) # 2000048e <in_tog>
    1e5a:	147020ef          	jal	47a0 <Delay_Ms>
    1e5e:	4505                	li	a0,1
    1e60:	0405                	addi	s0,s0,1
    1e62:	13f020ef          	jal	47a0 <Delay_Ms>
    1e66:	fd9411e3          	bne	s0,s9,1e28 <bulk_in_read_retry+0x14>
    1e6a:	855a                	mv	a0,s6
    1e6c:	b78fe06f          	j	1e4 <__riscv_restore_10>

00001e70 <usb_recv_csw>:
    1e70:	b48fe2ef          	jal	t0,1b8 <__riscv_save_4>
    1e74:	1141                	addi	sp,sp,-16
    1e76:	47b5                	li	a5,13
    1e78:	8b2a                	mv	s6,a0
    1e7a:	877c                	sh	a5,14(sp)
    1e7c:	4401                	li	s0,0
    1e7e:	4a29                	li	s4,10
    1e80:	2a018493          	addi	s1,gp,672 # 20000ef8 <RootHubDev>
    1e84:	8381c503          	lbu	a0,-1992(gp) # 20000490 <usb_in_ep>
    1e88:	00e10693          	addi	a3,sp,14
    1e8c:	865a                	mv	a2,s6
    1e8e:	83618593          	addi	a1,gp,-1994 # 2000048e <in_tog>
    1e92:	8fdfe0ef          	jal	78e <USBHSH_GetEndpData>
    1e96:	8aaa                	mv	s5,a0
    1e98:	c91d                	beqz	a0,1ece <usb_recv_csw+0x5e>
    1e9a:	034467b3          	rem	a5,s0,s4
    1e9e:	4725                	li	a4,9
    1ea0:	00e79f63          	bne	a5,a4,1ebe <usb_recv_csw+0x4e>
    1ea4:	8381c583          	lbu	a1,-1992(gp) # 20000490 <usb_in_ep>
    1ea8:	0234c503          	lbu	a0,35(s1)
    1eac:	0805e593          	ori	a1,a1,128
    1eb0:	8c9fe0ef          	jal	778 <USBHSH_ClearEndpStall>
    1eb4:	4509                	li	a0,2
    1eb6:	82019b23          	sh	zero,-1994(gp) # 2000048e <in_tog>
    1eba:	0e7020ef          	jal	47a0 <Delay_Ms>
    1ebe:	4505                	li	a0,1
    1ec0:	0e1020ef          	jal	47a0 <Delay_Ms>
    1ec4:	0405                	addi	s0,s0,1
    1ec6:	03c00793          	li	a5,60
    1eca:	faf41de3          	bne	s0,a5,1e84 <usb_recv_csw+0x14>
    1ece:	8556                	mv	a0,s5
    1ed0:	0141                	addi	sp,sp,16
    1ed2:	b1efe06f          	j	1f0 <__riscv_restore_4>

00001ed6 <scsi_read_capacity16_once>:
    1ed6:	afefe2ef          	jal	t0,1d4 <__riscv_save_0>
    1eda:	711d                	addi	sp,sp,-96
    1edc:	02000413          	li	s0,32
    1ee0:	84aa                	mv	s1,a0
    1ee2:	892e                	mv	s2,a1
    1ee4:	4649                	li	a2,18
    1ee6:	4581                	li	a1,0
    1ee8:	02d10513          	addi	a0,sp,45
    1eec:	8760                	sh	s0,14(sp)
    1eee:	b1afe0ef          	jal	208 <memset>
    1ef2:	434257b7          	lui	a5,0x43425
    1ef6:	35578793          	addi	a5,a5,853 # 43425355 <_eusrstack+0x23403355>
    1efa:	d03e                	sw	a5,32(sp)
    1efc:	112237b7          	lui	a5,0x11223
    1f00:	36678793          	addi	a5,a5,870 # 11223366 <_data_lma+0x1121ab6e>
    1f04:	d23e                	sw	a5,36(sp)
    1f06:	f8000793          	li	a5,-128
    1f0a:	02f10623          	sb	a5,44(sp)
    1f0e:	77e9                	lui	a5,0xffffa
    1f10:	e1078793          	addi	a5,a5,-496 # ffff9e10 <_eusrstack+0xdffd7e10>
    1f14:	02f11723          	sh	a5,46(sp)
    1f18:	00810533          	add	a0,sp,s0
    1f1c:	47c1                	li	a5,16
    1f1e:	d422                	sw	s0,40(sp)
    1f20:	02f10823          	sb	a5,48(sp)
    1f24:	02810e23          	sb	s0,60(sp)
    1f28:	3d51                	jal	1dbc <usb_send_cbw>
    1f2a:	e939                	bnez	a0,1f80 <scsi_read_capacity16_once+0xaa>
    1f2c:	4505                	li	a0,1
    1f2e:	073020ef          	jal	47a0 <Delay_Ms>
    1f32:	02800613          	li	a2,40
    1f36:	00e10593          	addi	a1,sp,14
    1f3a:	0088                	addi	a0,sp,64
    1f3c:	3de1                	jal	1e14 <bulk_in_read_retry>
    1f3e:	87aa                	mv	a5,a0
    1f40:	4509                	li	a0,2
    1f42:	ef85                	bnez	a5,1f7a <scsi_read_capacity16_once+0xa4>
    1f44:	8738                	lhu	a4,14(sp)
    1f46:	47ad                	li	a5,11
    1f48:	02e7f963          	bgeu	a5,a4,1f7a <scsi_read_capacity16_once+0xa4>
    1f4c:	4505                	li	a0,1
    1f4e:	053020ef          	jal	47a0 <Delay_Ms>
    1f52:	0808                	addi	a0,sp,16
    1f54:	3f31                	jal	1e70 <usb_recv_csw>
    1f56:	01c14783          	lbu	a5,28(sp)
    1f5a:	8d5d                	or	a0,a0,a5
    1f5c:	0ff57513          	zext.b	a0,a0
    1f60:	e115                	bnez	a0,1f84 <scsi_read_capacity16_once+0xae>
    1f62:	4706                	lw	a4,64(sp)
    1f64:	57fd                	li	a5,-1
    1f66:	e701                	bnez	a4,1f6e <scsi_read_capacity16_once+0x98>
    1f68:	4796                	lw	a5,68(sp)
    1f6a:	6987d793          	rev8	a5,a5
    1f6e:	c09c                	sw	a5,0(s1)
    1f70:	47a6                	lw	a5,72(sp)
    1f72:	6987d793          	rev8	a5,a5
    1f76:	00f92023          	sw	a5,0(s2)
    1f7a:	6125                	addi	sp,sp,96
    1f7c:	a80fe06f          	j	1fc <__riscv_restore_0>
    1f80:	4505                	li	a0,1
    1f82:	bfe5                	j	1f7a <scsi_read_capacity16_once+0xa4>
    1f84:	450d                	li	a0,3
    1f86:	bfd5                	j	1f7a <scsi_read_capacity16_once+0xa4>

00001f88 <scsi_read_capacity10_once>:
    1f88:	a4cfe2ef          	jal	t0,1d4 <__riscv_save_0>
    1f8c:	715d                	addi	sp,sp,-80
    1f8e:	84aa                	mv	s1,a0
    1f90:	892e                	mv	s2,a1
    1f92:	4649                	li	a2,18
    1f94:	4581                	li	a1,0
    1f96:	03d10513          	addi	a0,sp,61
    1f9a:	a6efe0ef          	jal	208 <memset>
    1f9e:	434257b7          	lui	a5,0x43425
    1fa2:	35578793          	addi	a5,a5,853 # 43425355 <_eusrstack+0x23403355>
    1fa6:	d83e                	sw	a5,48(sp)
    1fa8:	112237b7          	lui	a5,0x11223
    1fac:	34478793          	addi	a5,a5,836 # 11223344 <_data_lma+0x1121ab4c>
    1fb0:	da3e                	sw	a5,52(sp)
    1fb2:	f8000793          	li	a5,-128
    1fb6:	02f10e23          	sb	a5,60(sp)
    1fba:	6789                	lui	a5,0x2
    1fbc:	4421                	li	s0,8
    1fbe:	50a78793          	addi	a5,a5,1290 # 250a <usb_scsi_read_sector+0x110>
    1fc2:	1808                	addi	a0,sp,48
    1fc4:	dc22                	sw	s0,56(sp)
    1fc6:	02f11f23          	sh	a5,62(sp)
    1fca:	3bcd                	jal	1dbc <usb_send_cbw>
    1fcc:	cd01                	beqz	a0,1fe4 <scsi_read_capacity10_once+0x5c>
    1fce:	85aa                	mv	a1,a0
    1fd0:	6519                	lui	a0,0x6
    1fd2:	5b050513          	addi	a0,a0,1456 # 65b0 <_read+0x5e>
    1fd6:	6c4030ef          	jal	569a <iprintf>
    1fda:	4585                	li	a1,1
    1fdc:	852e                	mv	a0,a1
    1fde:	6161                	addi	sp,sp,80
    1fe0:	a1cfe06f          	j	1fc <__riscv_restore_0>
    1fe4:	4509                	li	a0,2
    1fe6:	7ba020ef          	jal	47a0 <Delay_Ms>
    1fea:	02800613          	li	a2,40
    1fee:	01610593          	addi	a1,sp,22
    1ff2:	0828                	addi	a0,sp,24
    1ff4:	83e0                	sh	s0,22(sp)
    1ff6:	3d39                	jal	1e14 <bulk_in_read_retry>
    1ff8:	83b0                	lhu	a2,22(sp)
    1ffa:	85aa                	mv	a1,a0
    1ffc:	c901                	beqz	a0,200c <scsi_read_capacity10_once+0x84>
    1ffe:	6519                	lui	a0,0x6
    2000:	5d450513          	addi	a0,a0,1492 # 65d4 <_read+0x82>
    2004:	696030ef          	jal	569a <iprintf>
    2008:	4589                	li	a1,2
    200a:	bfc9                	j	1fdc <scsi_read_capacity10_once+0x54>
    200c:	00860963          	beq	a2,s0,201e <scsi_read_capacity10_once+0x96>
    2010:	6519                	lui	a0,0x6
    2012:	85b2                	mv	a1,a2
    2014:	60450513          	addi	a0,a0,1540 # 6604 <_read+0xb2>
    2018:	682030ef          	jal	569a <iprintf>
    201c:	b7f5                	j	2008 <scsi_read_capacity10_once+0x80>
    201e:	4509                	li	a0,2
    2020:	780020ef          	jal	47a0 <Delay_Ms>
    2024:	1008                	addi	a0,sp,32
    2026:	35a9                	jal	1e70 <usb_recv_csw>
    2028:	85aa                	mv	a1,a0
    202a:	c901                	beqz	a0,203a <scsi_read_capacity10_once+0xb2>
    202c:	6519                	lui	a0,0x6
    202e:	63450513          	addi	a0,a0,1588 # 6634 <_read+0xe2>
    2032:	668030ef          	jal	569a <iprintf>
    2036:	458d                	li	a1,3
    2038:	b755                	j	1fdc <scsi_read_capacity10_once+0x54>
    203a:	02c14583          	lbu	a1,44(sp)
    203e:	c989                	beqz	a1,2050 <scsi_read_capacity10_once+0xc8>
    2040:	5682                	lw	a3,32(sp)
    2042:	5622                	lw	a2,40(sp)
    2044:	6519                	lui	a0,0x6
    2046:	65850513          	addi	a0,a0,1624 # 6658 <_read+0x106>
    204a:	650030ef          	jal	569a <iprintf>
    204e:	b7e5                	j	2036 <scsi_read_capacity10_once+0xae>
    2050:	4505                	li	a0,1
    2052:	c62e                	sw	a1,12(sp)
    2054:	74c020ef          	jal	47a0 <Delay_Ms>
    2058:	47e2                	lw	a5,24(sp)
    205a:	45b2                	lw	a1,12(sp)
    205c:	6987d793          	rev8	a5,a5
    2060:	c09c                	sw	a5,0(s1)
    2062:	47f2                	lw	a5,28(sp)
    2064:	6987d793          	rev8	a5,a5
    2068:	00f92023          	sw	a5,0(s2)
    206c:	bf85                	j	1fdc <scsi_read_capacity10_once+0x54>

0000206e <msc_mass_storage_reset>:
    206e:	966fe2ef          	jal	t0,1d4 <__riscv_save_0>
    2072:	8351c683          	lbu	a3,-1995(gp) # 2000048d <msc_interface_number>
    2076:	6741                	lui	a4,0x10
    2078:	f2170713          	addi	a4,a4,-223 # ff21 <_data_lma+0x7729>
    207c:	88e1a023          	sw	a4,-1920(gp) # 200004d8 <TxBuffer>
    2080:	88018793          	addi	a5,gp,-1920 # 200004d8 <TxBuffer>
    2084:	a3d6                	sh	a3,4(a5)
    2086:	00079323          	sh	zero,6(a5)
    208a:	2a018493          	addi	s1,gp,672 # 20000ef8 <RootHubDev>
    208e:	0234c503          	lbu	a0,35(s1)
    2092:	4601                	li	a2,0
    2094:	4581                	li	a1,0
    2096:	c88fe0ef          	jal	51e <USBHSH_CtrlTransfer>
    209a:	4405                	li	s0,1
    209c:	e915                	bnez	a0,20d0 <msc_mass_storage_reset+0x62>
    209e:	8381c583          	lbu	a1,-1992(gp) # 20000490 <usb_in_ep>
    20a2:	0234c483          	lbu	s1,35(s1)
    20a6:	842a                	mv	s0,a0
    20a8:	0805e593          	ori	a1,a1,128
    20ac:	8526                	mv	a0,s1
    20ae:	ecafe0ef          	jal	778 <USBHSH_ClearEndpStall>
    20b2:	4509                	li	a0,2
    20b4:	6ec020ef          	jal	47a0 <Delay_Ms>
    20b8:	83c1c583          	lbu	a1,-1988(gp) # 20000494 <usb_out_ep>
    20bc:	8526                	mv	a0,s1
    20be:	ebafe0ef          	jal	778 <USBHSH_ClearEndpStall>
    20c2:	82019b23          	sh	zero,-1994(gp) # 2000048e <in_tog>
    20c6:	4551                	li	a0,20
    20c8:	82019d23          	sh	zero,-1990(gp) # 20000492 <out_tog>
    20cc:	6d4020ef          	jal	47a0 <Delay_Ms>
    20d0:	8522                	mv	a0,s0
    20d2:	92afe06f          	j	1fc <__riscv_restore_0>

000020d6 <USB_Initialization>:
    20d6:	8fefe2ef          	jal	t0,1d4 <__riscv_save_0>
    20da:	4505                	li	a0,1
    20dc:	9bcfe0ef          	jal	298 <USBHS_Host_Init>
    20e0:	467d                	li	a2,31
    20e2:	4581                	li	a1,0
    20e4:	2bf18513          	addi	a0,gp,703 # 20000f17 <RootHubDev+0x1f>
    20e8:	920fe0ef          	jal	208 <memset>
    20ec:	10a00613          	li	a2,266
    20f0:	4581                	li	a1,0
    20f2:	29e18513          	addi	a0,gp,670 # 20000ef6 <HostCtl+0x10a>
    20f6:	912fe0ef          	jal	208 <memset>
    20fa:	902fe06f          	j	1fc <__riscv_restore_0>

000020fe <USBH_EnumRootDevice>:
    20fe:	8aafe2ef          	jal	t0,1a8 <__riscv_save_10>
    2102:	47fd                	li	a5,31
    2104:	02f507b3          	mul	a5,a0,a5
    2108:	2a018993          	addi	s3,gp,672 # 20000ef8 <RootHubDev>
    210c:	1141                	addi	sp,sp,-16
    210e:	8a2a                	mv	s4,a0
    2110:	4485                	li	s1,1
    2112:	06400b13          	li	s6,100
    2116:	4aa1                	li	s5,8
    2118:	4919                	li	s2,6
    211a:	00378713          	addi	a4,a5,3
    211e:	0791                	addi	a5,a5,4
    2120:	01378cb3          	add	s9,a5,s3
    2124:	01370c33          	add	s8,a4,s3
    2128:	2c018d13          	addi	s10,gp,704 # 20000f18 <DevDesc_Buf>
    212c:	06400513          	li	a0,100
    2130:	670020ef          	jal	47a0 <Delay_Ms>
    2134:	009a9533          	sll	a0,s5,s1
    2138:	668020ef          	jal	47a0 <Delay_Ms>
    213c:	a16fe0ef          	jal	352 <USBHSH_ResetRootHubPort>
    2140:	4401                	li	s0,0
    2142:	4b81                	li	s7,0
    2144:	8562                	mv	a0,s8
    2146:	a46fe0ef          	jal	38c <USBHSH_EnableRootHubPort>
    214a:	e519                	bnez	a0,2158 <USBH_EnumRootDevice+0x5a>
    214c:	0b85                	addi	s7,s7,1
    214e:	0ffbfb93          	zext.b	s7,s7
    2152:	11796763          	bltu	s2,s7,2260 <USBH_EnumRootDevice+0x162>
    2156:	4401                	li	s0,0
    2158:	0405                	addi	s0,s0,1
    215a:	4505                	li	a0,1
    215c:	08044433          	zext.h	s0,s0
    2160:	640020ef          	jal	47a0 <Delay_Ms>
    2164:	ff6410e3          	bne	s0,s6,2144 <USBH_EnumRootDevice+0x46>
    2168:	01249463          	bne	s1,s2,2170 <USBH_EnumRootDevice+0x72>
    216c:	4559                	li	a0,22
    216e:	a039                	j	217c <USBH_EnumRootDevice+0x7e>
    2170:	0485                	addi	s1,s1,1
    2172:	bf6d                	j	212c <USBH_EnumRootDevice+0x2e>
    2174:	ff249ee3          	bne	s1,s2,2170 <USBH_EnumRootDevice+0x72>
    2178:	04500513          	li	a0,69
    217c:	0141                	addi	sp,sp,16
    217e:	866fe06f          	j	1e4 <__riscv_restore_10>
    2182:	4515                	li	a0,5
    2184:	61c020ef          	jal	47a0 <Delay_Ms>
    2188:	004bc503          	lbu	a0,4(s7)
    218c:	00e10693          	addi	a3,sp,14
    2190:	0ff00613          	li	a2,255
    2194:	2d418593          	addi	a1,gp,724 # 20000f2c <Com_Buffer>
    2198:	d3afe0ef          	jal	6d2 <USBHSH_GetConfigDescr>
    219c:	c511                	beqz	a0,21a8 <USBH_EnumRootDevice+0xaa>
    219e:	fd2499e3          	bne	s1,s2,2170 <USBH_EnumRootDevice+0x72>
    21a2:	04700513          	li	a0,71
    21a6:	bfd9                	j	217c <USBH_EnumRootDevice+0x7e>
    21a8:	2d418413          	addi	s0,gp,724 # 20000f2c <Com_Buffer>
    21ac:	304c                	lbu	a1,5(s0)
    21ae:	004bc503          	lbu	a0,4(s7)
    21b2:	daefe0ef          	jal	760 <USBHSH_SetUsbConfig>
    21b6:	86aa                	mv	a3,a0
    21b8:	c511                	beqz	a0,21c4 <USBH_EnumRootDevice+0xc6>
    21ba:	fb249be3          	bne	s1,s2,2170 <USBH_EnumRootDevice+0x72>
    21be:	0fb00513          	li	a0,251
    21c2:	bf6d                	j	217c <USBH_EnumRootDevice+0x7e>
    21c4:	00e15803          	lhu	a6,14(sp)
    21c8:	82019b23          	sh	zero,-1994(gp) # 2000048e <in_tog>
    21cc:	9822                	add	a6,a6,s0
    21ce:	82018c23          	sb	zero,-1992(gp) # 20000490 <usb_in_ep>
    21d2:	82018e23          	sb	zero,-1988(gp) # 20000494 <usb_out_ep>
    21d6:	82019d23          	sh	zero,-1990(gp) # 20000492 <out_tog>
    21da:	4581                	li	a1,0
    21dc:	4501                	li	a0,0
    21de:	87a2                	mv	a5,s0
    21e0:	4e11                	li	t3,4
    21e2:	4e95                	li	t4,5
    21e4:	4f09                	li	t5,2
    21e6:	0107ee63          	bltu	a5,a6,2202 <USBH_EnumRootDevice+0x104>
    21ea:	00154513          	xori	a0,a0,1
    21ee:	0016c793          	xori	a5,a3,1
    21f2:	8d5d                	or	a0,a0,a5
    21f4:	0015c593          	xori	a1,a1,1
    21f8:	8d4d                	or	a0,a0,a1
    21fa:	0ff57513          	zext.b	a0,a0
    21fe:	dd3d                	beqz	a0,217c <USBH_EnumRootDevice+0x7e>
    2200:	bf7d                	j	21be <USBH_EnumRootDevice+0xc0>
    2202:	3398                	lbu	a4,1(a5)
    2204:	03c71863          	bne	a4,t3,2234 <USBH_EnumRootDevice+0x136>
    2208:	33d8                	lbu	a4,5(a5)
    220a:	23f0                	lbu	a2,6(a5)
    220c:	1761                	addi	a4,a4,-8
    220e:	1669                	addi	a2,a2,-6
    2210:	00173713          	seqz	a4,a4
    2214:	00163613          	seqz	a2,a2
    2218:	8f71                	and	a4,a4,a2
    221a:	cb09                	beqz	a4,222c <USBH_EnumRootDevice+0x12e>
    221c:	33f8                	lbu	a4,7(a5)
    221e:	fb070713          	addi	a4,a4,-80
    2222:	e709                	bnez	a4,222c <USBH_EnumRootDevice+0x12e>
    2224:	23b4                	lbu	a3,2(a5)
    2226:	82d18aa3          	sb	a3,-1995(gp) # 2000048d <msc_interface_number>
    222a:	4685                	li	a3,1
    222c:	2398                	lbu	a4,0(a5)
    222e:	df55                	beqz	a4,21ea <USBH_EnumRootDevice+0xec>
    2230:	97ba                	add	a5,a5,a4
    2232:	bf55                	j	21e6 <USBH_EnumRootDevice+0xe8>
    2234:	ffd71ce3          	bne	a4,t4,222c <USBH_EnumRootDevice+0x12e>
    2238:	daf5                	beqz	a3,222c <USBH_EnumRootDevice+0x12e>
    223a:	33b8                	lbu	a4,3(a5)
    223c:	8b0d                	andi	a4,a4,3
    223e:	ffe716e3          	bne	a4,t5,222a <USBH_EnumRootDevice+0x12c>
    2242:	23b8                	lbu	a4,2(a5)
    2244:	00f77613          	andi	a2,a4,15
    2248:	60471713          	sext.b	a4,a4
    224c:	00075663          	bgez	a4,2258 <USBH_EnumRootDevice+0x15a>
    2250:	82c18c23          	sb	a2,-1992(gp) # 20000490 <usb_in_ep>
    2254:	8536                	mv	a0,a3
    2256:	bfd9                	j	222c <USBH_EnumRootDevice+0x12e>
    2258:	82c18e23          	sb	a2,-1988(gp) # 20000494 <usb_out_ep>
    225c:	85b6                	mv	a1,a3
    225e:	b7f9                	j	222c <USBH_EnumRootDevice+0x12e>
    2260:	85ea                	mv	a1,s10
    2262:	8566                	mv	a0,s9
    2264:	c2efe0ef          	jal	692 <USBHSH_GetDeviceDescr>
    2268:	f00516e3          	bnez	a0,2174 <USBH_EnumRootDevice+0x76>
    226c:	4bfd                	li	s7,31
    226e:	037a0bb3          	mul	s7,s4,s7
    2272:	458d                	li	a1,3
    2274:	9bce                	add	s7,s7,s3
    2276:	004bc503          	lbu	a0,4(s7)
    227a:	00bb8123          	sb	a1,2(s7)
    227e:	cacfe0ef          	jal	72a <USBHSH_SetUsbAddress>
    2282:	f00500e3          	beqz	a0,2182 <USBH_EnumRootDevice+0x84>
    2286:	ef2495e3          	bne	s1,s2,2170 <USBH_EnumRootDevice+0x72>
    228a:	04600513          	li	a0,70
    228e:	b5fd                	j	217c <USBH_EnumRootDevice+0x7e>

00002290 <USBH_PreDeal>:
    2290:	f45fd2ef          	jal	t0,1d4 <__riscv_save_0>
    2294:	2a018413          	addi	s0,gp,672 # 20000ef8 <RootHubDev>
    2298:	3c68                	lbu	a0,31(s0)
    229a:	856fe0ef          	jal	2f0 <USBHSH_CheckRootHubPortStatus>
    229e:	4705                	li	a4,1
    22a0:	87aa                	mv	a5,a0
    22a2:	02e51563          	bne	a0,a4,22cc <USBH_PreDeal+0x3c>
    22a6:	3c78                	lbu	a4,31(s0)
    22a8:	448d                	li	s1,3
    22aa:	00971563          	bne	a4,s1,22b4 <USBH_PreDeal+0x24>
    22ae:	4501                	li	a0,0
    22b0:	f4dfd06f          	j	1fc <__riscv_restore_0>
    22b4:	bc68                	sb	a0,31(s0)
    22b6:	02a40223          	sb	a0,36(s0)
    22ba:	3591                	jal	20fe <USBH_EnumRootDevice>
    22bc:	e119                	bnez	a0,22c2 <USBH_PreDeal+0x32>
    22be:	bc64                	sb	s1,31(s0)
    22c0:	b7fd                	j	22ae <USBH_PreDeal+0x1e>
    22c2:	4789                	li	a5,2
    22c4:	bc7c                	sb	a5,31(s0)
    22c6:	0f200513          	li	a0,242
    22ca:	b7dd                	j	22b0 <USBH_PreDeal+0x20>
    22cc:	0ff00513          	li	a0,255
    22d0:	f3e5                	bnez	a5,22b0 <USBH_PreDeal+0x20>
    22d2:	02444403          	lbu	s0,36(s0)
    22d6:	467d                	li	a2,31
    22d8:	4581                	li	a1,0
    22da:	2bf18513          	addi	a0,gp,703 # 20000f17 <RootHubDev+0x1f>
    22de:	f2bfd0ef          	jal	208 <memset>
    22e2:	10a00613          	li	a2,266
    22e6:	02c40433          	mul	s0,s0,a2
    22ea:	19418513          	addi	a0,gp,404 # 20000dec <HostCtl>
    22ee:	4581                	li	a1,0
    22f0:	9522                	add	a0,a0,s0
    22f2:	f17fd0ef          	jal	208 <memset>
    22f6:	0f100513          	li	a0,241
    22fa:	bf5d                	j	22b0 <USBH_PreDeal+0x20>

000022fc <ClearUSB>:
    22fc:	ed9fd2ef          	jal	t0,1d4 <__riscv_save_0>
    2300:	200017b7          	lui	a5,0x20001
    2304:	f1c7c403          	lbu	s0,-228(a5) # 20000f1c <DevDesc_Buf+0x4>
    2308:	467d                	li	a2,31
    230a:	4581                	li	a1,0
    230c:	2bf18513          	addi	a0,gp,703 # 20000f17 <RootHubDev+0x1f>
    2310:	ef9fd0ef          	jal	208 <memset>
    2314:	10a00613          	li	a2,266
    2318:	02c40433          	mul	s0,s0,a2
    231c:	19418513          	addi	a0,gp,404 # 20000dec <HostCtl>
    2320:	4581                	li	a1,0
    2322:	9522                	add	a0,a0,s0
    2324:	ee5fd0ef          	jal	208 <memset>
    2328:	ed5fd06f          	j	1fc <__riscv_restore_0>

0000232c <usb_scsi_request_sense>:
    232c:	ea9fd2ef          	jal	t0,1d4 <__riscv_save_0>
    2330:	7139                	addi	sp,sp,-64
    2332:	842e                	mv	s0,a1
    2334:	876c                	sh	a1,14(sp)
    2336:	84aa                	mv	s1,a0
    2338:	4649                	li	a2,18
    233a:	4581                	li	a1,0
    233c:	02d10513          	addi	a0,sp,45
    2340:	ec9fd0ef          	jal	208 <memset>
    2344:	434257b7          	lui	a5,0x43425
    2348:	35578793          	addi	a5,a5,853 # 43425355 <_eusrstack+0x23403355>
    234c:	d03e                	sw	a5,32(sp)
    234e:	534557b7          	lui	a5,0x53455
    2352:	e5378793          	addi	a5,a5,-429 # 53454e53 <_eusrstack+0x33432e53>
    2356:	d23e                	sw	a5,36(sp)
    2358:	f8000793          	li	a5,-128
    235c:	02f10623          	sb	a5,44(sp)
    2360:	1008                	addi	a0,sp,32
    2362:	30600793          	li	a5,774
    2366:	d422                	sw	s0,40(sp)
    2368:	02f11723          	sh	a5,46(sp)
    236c:	028109a3          	sb	s0,51(sp)
    2370:	a4dff0ef          	jal	1dbc <usb_send_cbw>
    2374:	ed05                	bnez	a0,23ac <usb_scsi_request_sense+0x80>
    2376:	4505                	li	a0,1
    2378:	428020ef          	jal	47a0 <Delay_Ms>
    237c:	02800613          	li	a2,40
    2380:	00e10593          	addi	a1,sp,14
    2384:	8526                	mv	a0,s1
    2386:	a8fff0ef          	jal	1e14 <bulk_in_read_retry>
    238a:	87aa                	mv	a5,a0
    238c:	4509                	li	a0,2
    238e:	e385                	bnez	a5,23ae <usb_scsi_request_sense+0x82>
    2390:	4505                	li	a0,1
    2392:	40e020ef          	jal	47a0 <Delay_Ms>
    2396:	0808                	addi	a0,sp,16
    2398:	ad9ff0ef          	jal	1e70 <usb_recv_csw>
    239c:	01c14783          	lbu	a5,28(sp)
    23a0:	8d5d                	or	a0,a0,a5
    23a2:	0ff57513          	zext.b	a0,a0
    23a6:	c501                	beqz	a0,23ae <usb_scsi_request_sense+0x82>
    23a8:	450d                	li	a0,3
    23aa:	a011                	j	23ae <usb_scsi_request_sense+0x82>
    23ac:	4505                	li	a0,1
    23ae:	6121                	addi	sp,sp,64
    23b0:	e4dfd06f          	j	1fc <__riscv_restore_0>

000023b4 <usb_scsi_read_capacity>:
    23b4:	e21fd2ef          	jal	t0,1d4 <__riscv_save_0>
    23b8:	1101                	addi	sp,sp,-32
    23ba:	84aa                	mv	s1,a0
    23bc:	892e                	mv	s2,a1
    23be:	4415                	li	s0,5
    23c0:	85ca                	mv	a1,s2
    23c2:	8526                	mv	a0,s1
    23c4:	bc5ff0ef          	jal	1f88 <scsi_read_capacity10_once>
    23c8:	c515                	beqz	a0,23f4 <usb_scsi_read_capacity+0x40>
    23ca:	45c9                	li	a1,18
    23cc:	0068                	addi	a0,sp,12
    23ce:	c602                	sw	zero,12(sp)
    23d0:	c802                	sw	zero,16(sp)
    23d2:	ca02                	sw	zero,20(sp)
    23d4:	cc02                	sw	zero,24(sp)
    23d6:	00011e23          	sh	zero,28(sp)
    23da:	3f89                	jal	232c <usb_scsi_request_sense>
    23dc:	03200513          	li	a0,50
    23e0:	147d                	addi	s0,s0,-1
    23e2:	3be020ef          	jal	47a0 <Delay_Ms>
    23e6:	fc69                	bnez	s0,23c0 <usb_scsi_read_capacity+0xc>
    23e8:	85ca                	mv	a1,s2
    23ea:	8526                	mv	a0,s1
    23ec:	aebff0ef          	jal	1ed6 <scsi_read_capacity16_once>
    23f0:	c111                	beqz	a0,23f4 <usb_scsi_read_capacity+0x40>
    23f2:	450d                	li	a0,3
    23f4:	6105                	addi	sp,sp,32
    23f6:	e07fd06f          	j	1fc <__riscv_restore_0>

000023fa <usb_scsi_read_sector>:
    23fa:	da7fd2ef          	jal	t0,1a0 <__riscv_save_12>
    23fe:	715d                	addi	sp,sp,-80
    2400:	43425d37          	lui	s10,0x43425
    2404:	cafec937          	lui	s2,0xcafec
    2408:	698d                	lui	s3,0x3
    240a:	84aa                	mv	s1,a0
    240c:	c62e                	sw	a1,12(sp)
    240e:	8a32                	mv	s4,a2
    2410:	4b09                	li	s6,2
    2412:	355d0d13          	addi	s10,s10,853 # 43425355 <_eusrstack+0x23403355>
    2416:	abe90913          	addi	s2,s2,-1346 # cafebabe <_eusrstack+0xaafc9abe>
    241a:	80a98993          	addi	s3,s3,-2038 # 280a <USB_DiagEnumerate+0x2e0>
    241e:	4a85                	li	s5,1
    2420:	4649                	li	a2,18
    2422:	4581                	li	a1,0
    2424:	03d10513          	addi	a0,sp,61
    2428:	de1fd0ef          	jal	208 <memset>
    242c:	f8000793          	li	a5,-128
    2430:	02f10e23          	sb	a5,60(sp)
    2434:	0184d793          	srli	a5,s1,0x18
    2438:	04f100a3          	sb	a5,65(sp)
    243c:	0104d793          	srli	a5,s1,0x10
    2440:	04f10123          	sb	a5,66(sp)
    2444:	0084d793          	srli	a5,s1,0x8
    2448:	d86a                	sw	s10,48(sp)
    244a:	da4a                	sw	s2,52(sp)
    244c:	dc52                	sw	s4,56(sp)
    244e:	03311f23          	sh	s3,62(sp)
    2452:	04f101a3          	sb	a5,67(sp)
    2456:	04910223          	sb	s1,68(sp)
    245a:	055103a3          	sb	s5,71(sp)
    245e:	4c51                	li	s8,20
    2460:	1808                	addi	a0,sp,48
    2462:	95bff0ef          	jal	1dbc <usb_send_cbw>
    2466:	842a                	mv	s0,a0
    2468:	c959                	beqz	a0,24fe <usb_scsi_read_sector+0x104>
    246a:	4505                	li	a0,1
    246c:	1c7d                	addi	s8,s8,-1
    246e:	332020ef          	jal	47a0 <Delay_Ms>
    2472:	fe0c17e3          	bnez	s8,2460 <usb_scsi_read_sector+0x66>
    2476:	45c9                	li	a1,18
    2478:	1808                	addi	a0,sp,48
    247a:	d802                	sw	zero,48(sp)
    247c:	da02                	sw	zero,52(sp)
    247e:	dc02                	sw	zero,56(sp)
    2480:	de02                	sw	zero,60(sp)
    2482:	04011023          	sh	zero,64(sp)
    2486:	355d                	jal	232c <usb_scsi_request_sense>
    2488:	be7ff0ef          	jal	206e <msc_mass_storage_reset>
    248c:	4515                	li	a0,5
    248e:	312020ef          	jal	47a0 <Delay_Ms>
    2492:	015b1463          	bne	s6,s5,249a <usb_scsi_read_sector+0xa0>
    2496:	440d                	li	s0,3
    2498:	a881                	j	24e8 <usb_scsi_read_sector+0xee>
    249a:	4b05                	li	s6,1
    249c:	b751                	j	2420 <usb_scsi_read_sector+0x26>
    249e:	41ba07b3          	sub	a5,s4,s11
    24a2:	0807c7b3          	zext.h	a5,a5
    24a6:	0b87d7b3          	minu	a5,a5,s8
    24aa:	87fc                	sh	a5,30(sp)
    24ac:	47b2                	lw	a5,12(sp)
    24ae:	4bd1                	li	s7,20
    24b0:	97ee                	add	a5,a5,s11
    24b2:	c23e                	sw	a5,4(sp)
    24b4:	4612                	lw	a2,4(sp)
    24b6:	45a2                	lw	a1,8(sp)
    24b8:	8381c503          	lbu	a0,-1992(gp) # 20000490 <usb_in_ep>
    24bc:	01e10693          	addi	a3,sp,30
    24c0:	acefe0ef          	jal	78e <USBHSH_GetEndpData>
    24c4:	e515                	bnez	a0,24f0 <usb_scsi_read_sector+0xf6>
    24c6:	87bc                	lhu	a5,30(sp)
    24c8:	d7dd                	beqz	a5,2476 <usb_scsi_read_sector+0x7c>
    24ca:	9dbe                	add	s11,s11,a5
    24cc:	fd4de9e3          	bltu	s11,s4,249e <usb_scsi_read_sector+0xa4>
    24d0:	02800c93          	li	s9,40
    24d4:	1008                	addi	a0,sp,32
    24d6:	99bff0ef          	jal	1e70 <usb_recv_csw>
    24da:	02c14783          	lbu	a5,44(sp)
    24de:	8c2a                	mv	s8,a0
    24e0:	8fc9                	or	a5,a5,a0
    24e2:	0ff7f793          	zext.b	a5,a5
    24e6:	e39d                	bnez	a5,250c <usb_scsi_read_sector+0x112>
    24e8:	8522                	mv	a0,s0
    24ea:	6161                	addi	sp,sp,80
    24ec:	cf5fd06f          	j	1e0 <__riscv_restore_12>
    24f0:	4505                	li	a0,1
    24f2:	1bfd                	addi	s7,s7,-1
    24f4:	2ac020ef          	jal	47a0 <Delay_Ms>
    24f8:	fa0b9ee3          	bnez	s7,24b4 <usb_scsi_read_sector+0xba>
    24fc:	bfad                	j	2476 <usb_scsi_read_sector+0x7c>
    24fe:	83618793          	addi	a5,gp,-1994 # 2000048e <in_tog>
    2502:	4d81                	li	s11,0
    2504:	20000c13          	li	s8,512
    2508:	c43e                	sw	a5,8(sp)
    250a:	b7c9                	j	24cc <usb_scsi_read_sector+0xd2>
    250c:	4505                	li	a0,1
    250e:	1cfd                	addi	s9,s9,-1
    2510:	290020ef          	jal	47a0 <Delay_Ms>
    2514:	fc0c90e3          	bnez	s9,24d4 <usb_scsi_read_sector+0xda>
    2518:	02c14783          	lbu	a5,44(sp)
    251c:	00fc6c33          	or	s8,s8,a5
    2520:	0ffc7c13          	zext.b	s8,s8
    2524:	f40c19e3          	bnez	s8,2476 <usb_scsi_read_sector+0x7c>
    2528:	b7c1                	j	24e8 <usb_scsi_read_sector+0xee>

0000252a <USB_DiagEnumerate>:
    252a:	c7ffd2ef          	jal	t0,1a8 <__riscv_save_10>
    252e:	6519                	lui	a0,0x6
    2530:	7139                	addi	sp,sp,-64
    2532:	6c450513          	addi	a0,a0,1732 # 66c4 <_read+0x172>
    2536:	224030ef          	jal	575a <puts>
    253a:	2a018413          	addi	s0,gp,672 # 20000ef8 <RootHubDev>
    253e:	3c6c                	lbu	a1,31(s0)
    2540:	02244703          	lbu	a4,34(s0)
    2544:	02344683          	lbu	a3,35(s0)
    2548:	02144603          	lbu	a2,33(s0)
    254c:	6519                	lui	a0,0x6
    254e:	6e850513          	addi	a0,a0,1768 # 66e8 <_read+0x196>
    2552:	148030ef          	jal	569a <iprintf>
    2556:	da7ff0ef          	jal	22fc <ClearUSB>
    255a:	6519                	lui	a0,0x6
    255c:	72c50513          	addi	a0,a0,1836 # 672c <_read+0x1da>
    2560:	1fa030ef          	jal	575a <puts>
    2564:	3c68                	lbu	a0,31(s0)
    2566:	d8bfd0ef          	jal	2f0 <USBHSH_CheckRootHubPortStatus>
    256a:	842a                	mv	s0,a0
    256c:	85aa                	mv	a1,a0
    256e:	6519                	lui	a0,0x6
    2570:	75c50513          	addi	a0,a0,1884 # 675c <_read+0x20a>
    2574:	126030ef          	jal	569a <iprintf>
    2578:	e419                	bnez	s0,2586 <USB_DiagEnumerate+0x5c>
    257a:	6519                	lui	a0,0x6
    257c:	7ac50513          	addi	a0,a0,1964 # 67ac <_read+0x25a>
    2580:	1da030ef          	jal	575a <puts>
    2584:	a051                	j	2608 <USB_DiagEnumerate+0xde>
    2586:	57fd                	li	a5,-1
    2588:	01e10513          	addi	a0,sp,30
    258c:	00f10f23          	sb	a5,30(sp)
    2590:	dfdfd0ef          	jal	38c <USBHSH_EnableRootHubPort>
    2594:	01e14603          	lbu	a2,30(sp)
    2598:	85aa                	mv	a1,a0
    259a:	c62a                	sw	a0,12(sp)
    259c:	6519                	lui	a0,0x6
    259e:	7ec50513          	addi	a0,a0,2028 # 67ec <_read+0x29a>
    25a2:	0f8030ef          	jal	569a <iprintf>
    25a6:	45b2                	lw	a1,12(sp)
    25a8:	e9b9                	bnez	a1,25fe <USB_DiagEnumerate+0xd4>
    25aa:	01e14783          	lbu	a5,30(sp)
    25ae:	4709                	li	a4,2
    25b0:	04f76363          	bltu	a4,a5,25f6 <USB_DiagEnumerate+0xcc>
    25b4:	6721                	lui	a4,0x8
    25b6:	9d870713          	addi	a4,a4,-1576 # 79d8 <CSWTCH.83>
    25ba:	20e7c7b3          	sh2add	a5,a5,a4
    25be:	438c                	lw	a1,0(a5)
    25c0:	651d                	lui	a0,0x7
    25c2:	82050513          	addi	a0,a0,-2016 # 6820 <_read+0x2ce>
    25c6:	0d4030ef          	jal	569a <iprintf>
    25ca:	2c018593          	addi	a1,gp,704 # 20000f18 <DevDesc_Buf>
    25ce:	01f10513          	addi	a0,sp,31
    25d2:	00010fa3          	sb	zero,31(sp)
    25d6:	8bcfe0ef          	jal	692 <USBHSH_GetDeviceDescr>
    25da:	01f14603          	lbu	a2,31(sp)
    25de:	84aa                	mv	s1,a0
    25e0:	85aa                	mv	a1,a0
    25e2:	651d                	lui	a0,0x7
    25e4:	82850513          	addi	a0,a0,-2008 # 6828 <_read+0x2d6>
    25e8:	0b2030ef          	jal	569a <iprintf>
    25ec:	c08d                	beqz	s1,260e <USB_DiagEnumerate+0xe4>
    25ee:	651d                	lui	a0,0x7
    25f0:	89c50513          	addi	a0,a0,-1892 # 689c <_read+0x34a>
    25f4:	b771                	j	2580 <USB_DiagEnumerate+0x56>
    25f6:	6599                	lui	a1,0x6
    25f8:	68858593          	addi	a1,a1,1672 # 6688 <_read+0x136>
    25fc:	b7d1                	j	25c0 <USB_DiagEnumerate+0x96>
    25fe:	651d                	lui	a0,0x7
    2600:	86050513          	addi	a0,a0,-1952 # 6860 <_read+0x30e>
    2604:	096030ef          	jal	569a <iprintf>
    2608:	6121                	addi	sp,sp,64
    260a:	bdbfd06f          	j	1e4 <__riscv_restore_10>
    260e:	651d                	lui	a0,0x7
    2610:	8f450513          	addi	a0,a0,-1804 # 68f4 <_read+0x3a2>
    2614:	2c018413          	addi	s0,gp,704 # 20000f18 <DevDesc_Buf>
    2618:	142030ef          	jal	575a <puts>
    261c:	200c                	lbu	a1,0(s0)
    261e:	651d                	lui	a0,0x7
    2620:	90c50513          	addi	a0,a0,-1780 # 690c <_read+0x3ba>
    2624:	076030ef          	jal	569a <iprintf>
    2628:	300c                	lbu	a1,1(s0)
    262a:	651d                	lui	a0,0x7
    262c:	92850513          	addi	a0,a0,-1752 # 6928 <_read+0x3d6>
    2630:	06a030ef          	jal	569a <iprintf>
    2634:	2036                	lhu	a3,2(s0)
    2636:	649d                	lui	s1,0x7
    2638:	659d                	lui	a1,0x7
    263a:	8636                	mv	a2,a3
    263c:	94858593          	addi	a1,a1,-1720 # 6948 <_read+0x3f6>
    2640:	95048513          	addi	a0,s1,-1712 # 6950 <_read+0x3fe>
    2644:	056030ef          	jal	569a <iprintf>
    2648:	204c                	lbu	a1,4(s0)
    264a:	651d                	lui	a0,0x7
    264c:	96c50513          	addi	a0,a0,-1684 # 696c <_read+0x41a>
    2650:	04a030ef          	jal	569a <iprintf>
    2654:	304c                	lbu	a1,5(s0)
    2656:	651d                	lui	a0,0x7
    2658:	98c50513          	addi	a0,a0,-1652 # 698c <_read+0x43a>
    265c:	03e030ef          	jal	569a <iprintf>
    2660:	206c                	lbu	a1,6(s0)
    2662:	651d                	lui	a0,0x7
    2664:	9ac50513          	addi	a0,a0,-1620 # 69ac <_read+0x45a>
    2668:	032030ef          	jal	569a <iprintf>
    266c:	306c                	lbu	a1,7(s0)
    266e:	651d                	lui	a0,0x7
    2670:	9cc50513          	addi	a0,a0,-1588 # 69cc <_read+0x47a>
    2674:	026030ef          	jal	569a <iprintf>
    2678:	2416                	lhu	a3,8(s0)
    267a:	659d                	lui	a1,0x7
    267c:	9e858593          	addi	a1,a1,-1560 # 69e8 <_read+0x496>
    2680:	8636                	mv	a2,a3
    2682:	95048513          	addi	a0,s1,-1712
    2686:	014030ef          	jal	569a <iprintf>
    268a:	2436                	lhu	a3,10(s0)
    268c:	659d                	lui	a1,0x7
    268e:	9f458593          	addi	a1,a1,-1548 # 69f4 <_read+0x4a2>
    2692:	8636                	mv	a2,a3
    2694:	95048513          	addi	a0,s1,-1712
    2698:	002030ef          	jal	569a <iprintf>
    269c:	2456                	lhu	a3,12(s0)
    269e:	659d                	lui	a1,0x7
    26a0:	a0058593          	addi	a1,a1,-1536 # 6a00 <_read+0x4ae>
    26a4:	8636                	mv	a2,a3
    26a6:	95048513          	addi	a0,s1,-1712
    26aa:	7f1020ef          	jal	569a <iprintf>
    26ae:	246c                	lbu	a1,14(s0)
    26b0:	651d                	lui	a0,0x7
    26b2:	a0c50513          	addi	a0,a0,-1524 # 6a0c <_read+0x4ba>
    26b6:	7e5020ef          	jal	569a <iprintf>
    26ba:	346c                	lbu	a1,15(s0)
    26bc:	651d                	lui	a0,0x7
    26be:	a2850513          	addi	a0,a0,-1496 # 6a28 <_read+0x4d6>
    26c2:	7d9020ef          	jal	569a <iprintf>
    26c6:	280c                	lbu	a1,16(s0)
    26c8:	651d                	lui	a0,0x7
    26ca:	a4450513          	addi	a0,a0,-1468 # 6a44 <_read+0x4f2>
    26ce:	7cd020ef          	jal	569a <iprintf>
    26d2:	380c                	lbu	a1,17(s0)
    26d4:	651d                	lui	a0,0x7
    26d6:	a6050513          	addi	a0,a0,-1440 # 6a60 <_read+0x50e>
    26da:	7c1020ef          	jal	569a <iprintf>
    26de:	2432                	lhu	a2,10(s0)
    26e0:	240e                	lhu	a1,8(s0)
    26e2:	651d                	lui	a0,0x7
    26e4:	a8050513          	addi	a0,a0,-1408 # 6a80 <_read+0x52e>
    26e8:	7b3020ef          	jal	569a <iprintf>
    26ec:	01f14503          	lbu	a0,31(sp)
    26f0:	458d                	li	a1,3
    26f2:	838fe0ef          	jal	72a <USBHSH_SetUsbAddress>
    26f6:	842a                	mv	s0,a0
    26f8:	862a                	mv	a2,a0
    26fa:	651d                	lui	a0,0x7
    26fc:	458d                	li	a1,3
    26fe:	a9c50513          	addi	a0,a0,-1380 # 6a9c <_read+0x54a>
    2702:	799020ef          	jal	569a <iprintf>
    2706:	c409                	beqz	s0,2710 <USB_DiagEnumerate+0x1e6>
    2708:	651d                	lui	a0,0x7
    270a:	ac850513          	addi	a0,a0,-1336 # 6ac8 <_read+0x576>
    270e:	bd8d                	j	2580 <USB_DiagEnumerate+0x56>
    2710:	4515                	li	a0,5
    2712:	08e020ef          	jal	47a0 <Delay_Ms>
    2716:	01f14503          	lbu	a0,31(sp)
    271a:	0ff00613          	li	a2,255
    271e:	2d418593          	addi	a1,gp,724 # 20000f2c <Com_Buffer>
    2722:	1014                	addi	a3,sp,32
    2724:	02011023          	sh	zero,32(sp)
    2728:	fabfd0ef          	jal	6d2 <USBHSH_GetConfigDescr>
    272c:	02015603          	lhu	a2,32(sp)
    2730:	84aa                	mv	s1,a0
    2732:	85aa                	mv	a1,a0
    2734:	651d                	lui	a0,0x7
    2736:	b0050513          	addi	a0,a0,-1280 # 6b00 <_read+0x5ae>
    273a:	761020ef          	jal	569a <iprintf>
    273e:	e491                	bnez	s1,274a <USB_DiagEnumerate+0x220>
    2740:	02015603          	lhu	a2,32(sp)
    2744:	478d                	li	a5,3
    2746:	00c7e663          	bltu	a5,a2,2752 <USB_DiagEnumerate+0x228>
    274a:	651d                	lui	a0,0x7
    274c:	b3c50513          	addi	a0,a0,-1220 # 6b3c <_read+0x5ea>
    2750:	bd05                	j	2580 <USB_DiagEnumerate+0x56>
    2752:	2d418413          	addi	s0,gp,724 # 20000f2c <Com_Buffer>
    2756:	304c                	lbu	a1,5(s0)
    2758:	651d                	lui	a0,0x7
    275a:	b6450513          	addi	a0,a0,-1180 # 6b64 <_read+0x612>
    275e:	c62e                	sw	a1,12(sp)
    2760:	73b020ef          	jal	569a <iprintf>
    2764:	45b2                	lw	a1,12(sp)
    2766:	01f14503          	lbu	a0,31(sp)
    276a:	ff7fd0ef          	jal	760 <USBHSH_SetUsbConfig>
    276e:	45b2                	lw	a1,12(sp)
    2770:	84aa                	mv	s1,a0
    2772:	862a                	mv	a2,a0
    2774:	651d                	lui	a0,0x7
    2776:	b9c50513          	addi	a0,a0,-1124 # 6b9c <_read+0x64a>
    277a:	721020ef          	jal	569a <iprintf>
    277e:	c489                	beqz	s1,2788 <USB_DiagEnumerate+0x25e>
    2780:	651d                	lui	a0,0x7
    2782:	bcc50513          	addi	a0,a0,-1076 # 6bcc <_read+0x67a>
    2786:	bbed                	j	2580 <USB_DiagEnumerate+0x56>
    2788:	02015a03          	lhu	s4,32(sp)
    278c:	679d                	lui	a5,0x7
    278e:	c3478c13          	addi	s8,a5,-972 # 6c34 <_read+0x6e2>
    2792:	679d                	lui	a5,0x7
    2794:	9a22                	add	s4,s4,s0
    2796:	4981                	li	s3,0
    2798:	4901                	li	s2,0
    279a:	4a91                	li	s5,4
    279c:	6b19                	lui	s6,0x6
    279e:	bf078c93          	addi	s9,a5,-1040 # 6bf0 <_read+0x69e>
    27a2:	03446263          	bltu	s0,s4,27c6 <USB_DiagEnumerate+0x29c>
    27a6:	651d                	lui	a0,0x7
    27a8:	86ce                	mv	a3,s3
    27aa:	864a                	mv	a2,s2
    27ac:	85a6                	mv	a1,s1
    27ae:	c6450513          	addi	a0,a0,-924 # 6c64 <_read+0x712>
    27b2:	6e9020ef          	jal	569a <iprintf>
    27b6:	00098463          	beqz	s3,27be <USB_DiagEnumerate+0x294>
    27ba:	08091a63          	bnez	s2,284e <USB_DiagEnumerate+0x324>
    27be:	651d                	lui	a0,0x7
    27c0:	ca050513          	addi	a0,a0,-864 # 6ca0 <_read+0x74e>
    27c4:	bb75                	j	2580 <USB_DiagEnumerate+0x56>
    27c6:	301c                	lbu	a5,1(s0)
    27c8:	03579063          	bne	a5,s5,27e8 <USB_DiagEnumerate+0x2be>
    27cc:	3078                	lbu	a4,7(s0)
    27ce:	2074                	lbu	a3,6(s0)
    27d0:	3050                	lbu	a2,5(s0)
    27d2:	202c                	lbu	a1,2(s0)
    27d4:	0485                	addi	s1,s1,1
    27d6:	8566                	mv	a0,s9
    27d8:	0ff4f493          	zext.b	s1,s1
    27dc:	6bf020ef          	jal	569a <iprintf>
    27e0:	201c                	lbu	a5,0(s0)
    27e2:	d3f1                	beqz	a5,27a6 <USB_DiagEnumerate+0x27c>
    27e4:	943e                	add	s0,s0,a5
    27e6:	bf75                	j	27a2 <USB_DiagEnumerate+0x278>
    27e8:	4715                	li	a4,5
    27ea:	fee79be3          	bne	a5,a4,27e0 <USB_DiagEnumerate+0x2b6>
    27ee:	3054                	lbu	a3,5(s0)
    27f0:	00344b83          	lbu	s7,3(s0)
    27f4:	205c                	lbu	a5,4(s0)
    27f6:	06a2                	slli	a3,a3,0x8
    27f8:	003bfb93          	andi	s7,s7,3
    27fc:	202c                	lbu	a1,2(s0)
    27fe:	8edd                	or	a3,a3,a5
    2800:	694b0613          	addi	a2,s6,1684 # 6694 <_read+0x142>
    2804:	000b8b63          	beqz	s7,281a <USB_DiagEnumerate+0x2f0>
    2808:	4785                	li	a5,1
    280a:	02fb8763          	beq	s7,a5,2838 <USB_DiagEnumerate+0x30e>
    280e:	4789                	li	a5,2
    2810:	02fb9863          	bne	s7,a5,2840 <USB_DiagEnumerate+0x316>
    2814:	6619                	lui	a2,0x6
    2816:	6a460613          	addi	a2,a2,1700 # 66a4 <_read+0x152>
    281a:	8562                	mv	a0,s8
    281c:	c62e                	sw	a1,12(sp)
    281e:	67d020ef          	jal	569a <iprintf>
    2822:	4789                	li	a5,2
    2824:	45b2                	lw	a1,12(sp)
    2826:	fafb9de3          	bne	s7,a5,27e0 <USB_DiagEnumerate+0x2b6>
    282a:	60459793          	sext.b	a5,a1
    282e:	0007cd63          	bltz	a5,2848 <USB_DiagEnumerate+0x31e>
    2832:	00f5f993          	andi	s3,a1,15
    2836:	b76d                	j	27e0 <USB_DiagEnumerate+0x2b6>
    2838:	6619                	lui	a2,0x6
    283a:	68c60613          	addi	a2,a2,1676 # 668c <_read+0x13a>
    283e:	bff1                	j	281a <USB_DiagEnumerate+0x2f0>
    2840:	6619                	lui	a2,0x6
    2842:	69c60613          	addi	a2,a2,1692 # 669c <_read+0x14a>
    2846:	bfd1                	j	281a <USB_DiagEnumerate+0x2f0>
    2848:	00f5f913          	andi	s2,a1,15
    284c:	bf51                	j	27e0 <USB_DiagEnumerate+0x2b6>
    284e:	821ff0ef          	jal	206e <msc_mass_storage_reset>
    2852:	85aa                	mv	a1,a0
    2854:	651d                	lui	a0,0x7
    2856:	cd850513          	addi	a0,a0,-808 # 6cd8 <_read+0x786>
    285a:	641020ef          	jal	569a <iprintf>
    285e:	651d                	lui	a0,0x7
    2860:	d0c50513          	addi	a0,a0,-756 # 6d0c <_read+0x7ba>
    2864:	649d                	lui	s1,0x7
    2866:	691d                	lui	s2,0x7
    2868:	699d                	lui	s3,0x7
    286a:	6f1020ef          	jal	575a <puts>
    286e:	4405                	li	s0,1
    2870:	d202                	sw	zero,36(sp)
    2872:	d402                	sw	zero,40(sp)
    2874:	d3848493          	addi	s1,s1,-712 # 6d38 <_read+0x7e6>
    2878:	db490913          	addi	s2,s2,-588 # 6db4 <_read+0x862>
    287c:	e5098993          	addi	s3,s3,-432 # 6e50 <_read+0x8fe>
    2880:	85a2                	mv	a1,s0
    2882:	8526                	mv	a0,s1
    2884:	617020ef          	jal	569a <iprintf>
    2888:	102c                	addi	a1,sp,40
    288a:	1048                	addi	a0,sp,36
    288c:	efcff0ef          	jal	1f88 <scsi_read_capacity10_once>
    2890:	862a                	mv	a2,a0
    2892:	ed11                	bnez	a0,28ae <USB_DiagEnumerate+0x384>
    2894:	5592                	lw	a1,36(sp)
    2896:	56a2                	lw	a3,40(sp)
    2898:	651d                	lui	a0,0x7
    289a:	00158613          	addi	a2,a1,1
    289e:	d5050513          	addi	a0,a0,-688 # 6d50 <_read+0x7fe>
    28a2:	5f9020ef          	jal	569a <iprintf>
    28a6:	651d                	lui	a0,0x7
    28a8:	d8450513          	addi	a0,a0,-636 # 6d84 <_read+0x832>
    28ac:	b9d1                	j	2580 <USB_DiagEnumerate+0x56>
    28ae:	85a2                	mv	a1,s0
    28b0:	854a                	mv	a0,s2
    28b2:	5e9020ef          	jal	569a <iprintf>
    28b6:	47c9                	li	a5,18
    28b8:	4651                	li	a2,20
    28ba:	02210593          	addi	a1,sp,34
    28be:	1068                	addi	a0,sp,44
    28c0:	d602                	sw	zero,44(sp)
    28c2:	d802                	sw	zero,48(sp)
    28c4:	da02                	sw	zero,52(sp)
    28c6:	dc02                	sw	zero,56(sp)
    28c8:	02011e23          	sh	zero,60(sp)
    28cc:	02f11123          	sh	a5,34(sp)
    28d0:	d44ff0ef          	jal	1e14 <bulk_in_read_retry>
    28d4:	02215603          	lhu	a2,34(sp)
    28d8:	85aa                	mv	a1,a0
    28da:	e145                	bnez	a0,297a <USB_DiagEnumerate+0x450>
    28dc:	478d                	li	a5,3
    28de:	08c7fe63          	bgeu	a5,a2,297a <USB_DiagEnumerate+0x450>
    28e2:	0ff67713          	zext.b	a4,a2
    28e6:	04e7e363          	bltu	a5,a4,292c <USB_DiagEnumerate+0x402>
    28ea:	651d                	lui	a0,0x7
    28ec:	85ba                	mv	a1,a4
    28ee:	ddc50513          	addi	a0,a0,-548 # 6ddc <_read+0x88a>
    28f2:	5a9020ef          	jal	569a <iprintf>
    28f6:	06400513          	li	a0,100
    28fa:	6a7010ef          	jal	47a0 <Delay_Ms>
    28fe:	0405                	addi	s0,s0,1
    2900:	4791                	li	a5,4
    2902:	f6f41fe3          	bne	s0,a5,2880 <USB_DiagEnumerate+0x356>
    2906:	651d                	lui	a0,0x7
    2908:	e8850513          	addi	a0,a0,-376 # 6e88 <_read+0x936>
    290c:	64f020ef          	jal	575a <puts>
    2910:	102c                	addi	a1,sp,40
    2912:	1048                	addi	a0,sp,36
    2914:	dc2ff0ef          	jal	1ed6 <scsi_read_capacity16_once>
    2918:	85aa                	mv	a1,a0
    291a:	e525                	bnez	a0,2982 <USB_DiagEnumerate+0x458>
    291c:	5622                	lw	a2,40(sp)
    291e:	5592                	lw	a1,36(sp)
    2920:	651d                	lui	a0,0x7
    2922:	eb450513          	addi	a0,a0,-332 # 6eb4 <_read+0x962>
    2926:	575020ef          	jal	569a <iprintf>
    292a:	b9f9                	j	2608 <USB_DiagEnumerate+0xde>
    292c:	02e14603          	lbu	a2,46(sp)
    2930:	02c14583          	lbu	a1,44(sp)
    2934:	03814703          	lbu	a4,56(sp)
    2938:	8a3d                	andi	a2,a2,15
    293a:	03914783          	lbu	a5,57(sp)
    293e:	07f5f593          	andi	a1,a1,127
    2942:	c605                	beqz	a2,296a <USB_DiagEnumerate+0x440>
    2944:	fff60693          	addi	a3,a2,-1
    2948:	0ff6f693          	zext.b	a3,a3
    294c:	4531                	li	a0,12
    294e:	02d56263          	bltu	a0,a3,2972 <USB_DiagEnumerate+0x448>
    2952:	6521                	lui	a0,0x8
    2954:	9e450513          	addi	a0,a0,-1564 # 79e4 <CSWTCH.65>
    2958:	20a6c6b3          	sh2add	a3,a3,a0
    295c:	4294                	lw	a3,0(a3)
    295e:	651d                	lui	a0,0x7
    2960:	e0850513          	addi	a0,a0,-504 # 6e08 <_read+0x8b6>
    2964:	537020ef          	jal	569a <iprintf>
    2968:	b779                	j	28f6 <USB_DiagEnumerate+0x3cc>
    296a:	6699                	lui	a3,0x6
    296c:	6ac68693          	addi	a3,a3,1708 # 66ac <_read+0x15a>
    2970:	b7fd                	j	295e <USB_DiagEnumerate+0x434>
    2972:	6699                	lui	a3,0x6
    2974:	6b868693          	addi	a3,a3,1720 # 66b8 <_read+0x166>
    2978:	b7dd                	j	295e <USB_DiagEnumerate+0x434>
    297a:	854e                	mv	a0,s3
    297c:	51f020ef          	jal	569a <iprintf>
    2980:	bf9d                	j	28f6 <USB_DiagEnumerate+0x3cc>
    2982:	651d                	lui	a0,0x7
    2984:	edc50513          	addi	a0,a0,-292 # 6edc <_read+0x98a>
    2988:	513020ef          	jal	569a <iprintf>
    298c:	651d                	lui	a0,0x7
    298e:	f0050513          	addi	a0,a0,-256 # 6f00 <_read+0x9ae>
    2992:	b6fd                	j	2580 <USB_DiagEnumerate+0x56>

00002994 <USB_TryEnsureMounted>:
    2994:	825fd2ef          	jal	t0,1b8 <__riscv_save_4>
    2998:	4495                	li	s1,5
    299a:	0f100913          	li	s2,241
    299e:	0fd00993          	li	s3,253
    29a2:	8efff0ef          	jal	2290 <USBH_PreDeal>
    29a6:	842a                	mv	s0,a0
    29a8:	03251663          	bne	a0,s2,29d4 <USB_TryEnsureMounted+0x40>
    29ac:	8341c783          	lbu	a5,-1996(gp) # 2000048c <s_fatfs_mounted>
    29b0:	cf99                	beqz	a5,29ce <USB_TryEnsureMounted+0x3a>
    29b2:	659d                	lui	a1,0x7
    29b4:	4601                	li	a2,0
    29b6:	fbc58593          	addi	a1,a1,-68 # 6fbc <_read+0xa6a>
    29ba:	4501                	li	a0,0
    29bc:	eadfe0ef          	jal	1868 <f_mount>
    29c0:	651d                	lui	a0,0x7
    29c2:	fc050513          	addi	a0,a0,-64 # 6fc0 <_read+0xa6e>
    29c6:	82018a23          	sb	zero,-1996(gp) # 2000048c <s_fatfs_mounted>
    29ca:	591020ef          	jal	575a <puts>
    29ce:	8522                	mv	a0,s0
    29d0:	821fd06f          	j	1f0 <__riscv_restore_4>
    29d4:	fff50413          	addi	s0,a0,-1
    29d8:	0ff47413          	zext.b	s0,s0
    29dc:	0489ef63          	bltu	s3,s0,2a3a <USB_TryEnsureMounted+0xa6>
    29e0:	06400513          	li	a0,100
    29e4:	14fd                	addi	s1,s1,-1
    29e6:	5bb010ef          	jal	47a0 <Delay_Ms>
    29ea:	fcc5                	bnez	s1,29a2 <USB_TryEnsureMounted+0xe>
    29ec:	0f200413          	li	s0,242
    29f0:	bff9                	j	29ce <USB_TryEnsureMounted+0x3a>
    29f2:	03250863          	beq	a0,s2,2a22 <USB_TryEnsureMounted+0x8e>
    29f6:	03350a63          	beq	a0,s3,2a2a <USB_TryEnsureMounted+0x96>
    29fa:	47b1                	li	a5,12
    29fc:	02f51b63          	bne	a0,a5,2a32 <USB_TryEnsureMounted+0x9e>
    2a00:	661d                	lui	a2,0x7
    2a02:	fa060613          	addi	a2,a2,-96 # 6fa0 <_read+0xa4e>
    2a06:	855a                	mv	a0,s6
    2a08:	147d                	addi	s0,s0,-1
    2a0a:	491020ef          	jal	569a <iprintf>
    2a0e:	dc79                	beqz	s0,29ec <USB_TryEnsureMounted+0x58>
    2a10:	0c800513          	li	a0,200
    2a14:	58d010ef          	jal	47a0 <Delay_Ms>
    2a18:	8e5ff0ef          	jal	22fc <ClearUSB>
    2a1c:	875ff0ef          	jal	2290 <USBH_PreDeal>
    2a20:	a81d                	j	2a56 <USB_TryEnsureMounted+0xc2>
    2a22:	661d                	lui	a2,0x7
    2a24:	f6860613          	addi	a2,a2,-152 # 6f68 <_read+0xa16>
    2a28:	bff9                	j	2a06 <USB_TryEnsureMounted+0x72>
    2a2a:	661d                	lui	a2,0x7
    2a2c:	f3460613          	addi	a2,a2,-204 # 6f34 <_read+0x9e2>
    2a30:	bfd9                	j	2a06 <USB_TryEnsureMounted+0x72>
    2a32:	661d                	lui	a2,0x7
    2a34:	f9060613          	addi	a2,a2,-112 # 6f90 <_read+0xa3e>
    2a38:	b7f9                	j	2a06 <USB_TryEnsureMounted+0x72>
    2a3a:	8341c783          	lbu	a5,-1996(gp) # 2000048c <s_fatfs_mounted>
    2a3e:	eb9d                	bnez	a5,2a74 <USB_TryEnsureMounted+0xe0>
    2a40:	679d                	lui	a5,0x7
    2a42:	fbc78a13          	addi	s4,a5,-68 # 6fbc <_read+0xa6a>
    2a46:	440d                	li	s0,3
    2a48:	f6018a93          	addi	s5,gp,-160 # 20000bb8 <g_fatfs>
    2a4c:	679d                	lui	a5,0x7
    2a4e:	8922                	mv	s2,s0
    2a50:	49ad                	li	s3,11
    2a52:	ffc78b13          	addi	s6,a5,-4 # 6ffc <_read+0xaaa>
    2a56:	85d2                	mv	a1,s4
    2a58:	4605                	li	a2,1
    2a5a:	8556                	mv	a0,s5
    2a5c:	e0dfe0ef          	jal	1868 <f_mount>
    2a60:	85aa                	mv	a1,a0
    2a62:	f941                	bnez	a0,29f2 <USB_TryEnsureMounted+0x5e>
    2a64:	651d                	lui	a0,0x7
    2a66:	4785                	li	a5,1
    2a68:	fe850513          	addi	a0,a0,-24 # 6fe8 <_read+0xa96>
    2a6c:	82f18a23          	sb	a5,-1996(gp) # 2000048c <s_fatfs_mounted>
    2a70:	4eb020ef          	jal	575a <puts>
    2a74:	4401                	li	s0,0
    2a76:	bfa1                	j	29ce <USB_TryEnsureMounted+0x3a>

00002a78 <USB_FileToPSRAM>:
    2a78:	f30fd2ef          	jal	t0,1a8 <__riscv_save_10>
    2a7c:	711d                	addi	sp,sp,-96
    2a7e:	c63d                	beqz	a2,2aec <USB_FileToPSRAM+0x74>
    2a80:	84aa                	mv	s1,a0
    2a82:	8c2e                	mv	s8,a1
    2a84:	8932                	mv	s2,a2
    2a86:	f0fff0ef          	jal	2994 <USB_TryEnsureMounted>
    2a8a:	e12d                	bnez	a0,2aec <USB_FileToPSRAM+0x74>
    2a8c:	4605                	li	a2,1
    2a8e:	85a6                	mv	a1,s1
    2a90:	0828                	addi	a0,sp,24
    2a92:	e23fe0ef          	jal	18b4 <f_open>
    2a96:	842a                	mv	s0,a0
    2a98:	e139                	bnez	a0,2ade <USB_FileToPSRAM+0x66>
    2a9a:	20000993          	li	s3,512
    2a9e:	d6018b93          	addi	s7,gp,-672 # 200009b8 <s_sector_buf>
    2aa2:	4a05                	li	s4,1
    2aa4:	28b01a93          	bseti	s5,zero,0xb
    2aa8:	4b0d                	li	s6,3
    2aaa:	408904b3          	sub	s1,s2,s0
    2aae:	0b34d4b3          	minu	s1,s1,s3
    2ab2:	868a                	mv	a3,sp
    2ab4:	8626                	mv	a2,s1
    2ab6:	85de                	mv	a1,s7
    2ab8:	0828                	addi	a0,sp,24
    2aba:	e9bfe0ef          	jal	1954 <f_read>
    2abe:	ed01                	bnez	a0,2ad6 <USB_FileToPSRAM+0x5e>
    2ac0:	4782                	lw	a5,0(sp)
    2ac2:	cb91                	beqz	a5,2ad6 <USB_FileToPSRAM+0x5e>
    2ac4:	0037f713          	andi	a4,a5,3
    2ac8:	c71d                	beqz	a4,2af6 <USB_FileToPSRAM+0x7e>
    2aca:	651d                	lui	a0,0x7
    2acc:	85a2                	mv	a1,s0
    2ace:	03c50513          	addi	a0,a0,60 # 703c <_read+0xaea>
    2ad2:	3c9020ef          	jal	569a <iprintf>
    2ad6:	0828                	addi	a0,sp,24
    2ad8:	fabfe0ef          	jal	1a82 <f_close>
    2adc:	a809                	j	2aee <USB_FileToPSRAM+0x76>
    2ade:	862a                	mv	a2,a0
    2ae0:	651d                	lui	a0,0x7
    2ae2:	85a6                	mv	a1,s1
    2ae4:	01c50513          	addi	a0,a0,28 # 701c <_read+0xaca>
    2ae8:	3b3020ef          	jal	569a <iprintf>
    2aec:	4401                	li	s0,0
    2aee:	8522                	mv	a0,s0
    2af0:	6125                	addi	sp,sp,96
    2af2:	ef2fd06f          	j	1e4 <__riscv_restore_10>
    2af6:	4711                	li	a4,4
    2af8:	8389                	srli	a5,a5,0x2
    2afa:	00e10633          	add	a2,sp,a4
    2afe:	008c05b3          	add	a1,s8,s0
    2b02:	855e                	mv	a0,s7
    2b04:	c83a                	sw	a4,16(sp)
    2b06:	ca3e                	sw	a5,20(sp)
    2b08:	c252                	sw	s4,4(sp)
    2b0a:	c456                	sw	s5,8(sp)
    2b0c:	c65a                	sw	s6,12(sp)
    2b0e:	00f010ef          	jal	431c <PSRAMDMASet>
    2b12:	4505                	li	a0,1
    2b14:	031010ef          	jal	4344 <PSRAM_DMA_Cmd>
    2b18:	40024737          	lui	a4,0x40024
    2b1c:	40070713          	addi	a4,a4,1024 # 40024400 <_eusrstack+0x20002400>
    2b20:	571c                	lw	a5,40(a4)
    2b22:	8b89                	andi	a5,a5,2
    2b24:	dff5                	beqz	a5,2b20 <USB_FileToPSRAM+0xa8>
    2b26:	4509                	li	a0,2
    2b28:	035010ef          	jal	435c <PSRAM_ClearITPendingBit>
    2b2c:	4501                	li	a0,0
    2b2e:	017010ef          	jal	4344 <PSRAM_DMA_Cmd>
    2b32:	4782                	lw	a5,0(sp)
    2b34:	943e                	add	s0,s0,a5
    2b36:	fa97e0e3          	bltu	a5,s1,2ad6 <USB_FileToPSRAM+0x5e>
    2b3a:	f72468e3          	bltu	s0,s2,2aaa <USB_FileToPSRAM+0x32>
    2b3e:	bf61                	j	2ad6 <USB_FileToPSRAM+0x5e>

00002b40 <USB_ListDir>:
    2b40:	e78fd2ef          	jal	t0,1b8 <__riscv_save_4>
    2b44:	7149                	addi	sp,sp,-368
    2b46:	842a                	mv	s0,a0
    2b48:	8a2e                	mv	s4,a1
    2b4a:	e4bff0ef          	jal	2994 <USB_TryEnsureMounted>
    2b4e:	c909                	beqz	a0,2b60 <USB_ListDir+0x20>
    2b50:	651d                	lui	a0,0x7
    2b52:	07050513          	addi	a0,a0,112 # 7070 <_read+0xb1e>
    2b56:	405020ef          	jal	575a <puts>
    2b5a:	6175                	addi	sp,sp,368
    2b5c:	e94fd06f          	j	1f0 <__riscv_restore_4>
    2b60:	85a2                	mv	a1,s0
    2b62:	850a                	mv	a0,sp
    2b64:	f39fe0ef          	jal	1a9c <f_opendir>
    2b68:	862a                	mv	a2,a0
    2b6a:	85a2                	mv	a1,s0
    2b6c:	c519                	beqz	a0,2b7a <USB_ListDir+0x3a>
    2b6e:	651d                	lui	a0,0x7
    2b70:	0a450513          	addi	a0,a0,164 # 70a4 <_read+0xb52>
    2b74:	327020ef          	jal	569a <iprintf>
    2b78:	b7cd                	j	2b5a <USB_ListDir+0x1a>
    2b7a:	651d                	lui	a0,0x7
    2b7c:	0c850513          	addi	a0,a0,200 # 70c8 <_read+0xb76>
    2b80:	31b020ef          	jal	569a <iprintf>
    2b84:	679d                	lui	a5,0x7
    2b86:	4401                	li	s0,0
    2b88:	649d                	lui	s1,0x7
    2b8a:	691d                	lui	s2,0x7
    2b8c:	0d478993          	addi	s3,a5,212 # 70d4 <_read+0xb82>
    2b90:	01440763          	beq	s0,s4,2b9e <USB_ListDir+0x5e>
    2b94:	088c                	addi	a1,sp,80
    2b96:	850a                	mv	a0,sp
    2b98:	f8ffe0ef          	jal	1b26 <f_readdir>
    2b9c:	c509                	beqz	a0,2ba6 <USB_ListDir+0x66>
    2b9e:	850a                	mv	a0,sp
    2ba0:	f6dfe0ef          	jal	1b0c <f_closedir>
    2ba4:	bf5d                	j	2b5a <USB_ListDir+0x1a>
    2ba6:	06a10783          	lb	a5,106(sp)
    2baa:	dbf5                	beqz	a5,2b9e <USB_ListDir+0x5e>
    2bac:	05c14783          	lbu	a5,92(sp)
    2bb0:	06c48593          	addi	a1,s1,108 # 706c <_read+0xb1a>
    2bb4:	8bc1                	andi	a5,a5,16
    2bb6:	c399                	beqz	a5,2bbc <USB_ListDir+0x7c>
    2bb8:	06890593          	addi	a1,s2,104 # 7068 <_read+0xb16>
    2bbc:	4646                	lw	a2,80(sp)
    2bbe:	06a10693          	addi	a3,sp,106
    2bc2:	854e                	mv	a0,s3
    2bc4:	0405                	addi	s0,s0,1
    2bc6:	2d5020ef          	jal	569a <iprintf>
    2bca:	08044433          	zext.h	s0,s0
    2bce:	b7c9                	j	2b90 <USB_ListDir+0x50>

00002bd0 <Cart_GetImageBase>:
    2bd0:	80000537          	lui	a0,0x80000
    2bd4:	8082                	ret

00002bd6 <Cart_GetImageSize>:
    2bd6:	00800537          	lui	a0,0x800
    2bda:	8082                	ret

00002bdc <Cart_GetMapper>:
    2bdc:	8401a503          	lw	a0,-1984(gp) # 20000498 <g_mapper>
    2be0:	8082                	ret

00002be2 <Cart_SetMapper>:
    2be2:	46a9                	li	a3,10
    2be4:	1aa6ea63          	bltu	a3,a0,2d98 <Cart_SetMapper+0x1b6>
    2be8:	decfd2ef          	jal	t0,1d4 <__riscv_save_0>
    2bec:	1141                	addi	sp,sp,-16
    2bee:	e90d                	bnez	a0,2c20 <Cart_SetMapper+0x3e>
    2bf0:	3d418513          	addi	a0,gp,980 # 2000102c <s_state>
    2bf4:	04000613          	li	a2,64
    2bf8:	4581                	li	a1,0
    2bfa:	e0efd0ef          	jal	208 <memset>
    2bfe:	8401a023          	sw	zero,-1984(gp) # 20000498 <g_mapper>
    2c02:	67a1                	lui	a5,0x8
    2c04:	63878793          	addi	a5,a5,1592 # 8638 <Cart_EXTI0_None_Handler>
    2c08:	e000e737          	lui	a4,0xe000e
    2c0c:	46d9                	li	a3,22
    2c0e:	0017e793          	ori	a5,a5,1
    2c12:	04d70823          	sb	a3,80(a4) # e000e050 <_eusrstack+0xbffec050>
    2c16:	d33c                	sw	a5,96(a4)
    2c18:	4501                	li	a0,0
    2c1a:	0141                	addi	sp,sp,16
    2c1c:	de0fd06f          	j	1fc <__riscv_restore_0>
    2c20:	c62a                	sw	a0,12(sp)
    2c22:	709000ef          	jal	3b2a <PSRAM_GetRomMirrorBase>
    2c26:	16050763          	beqz	a0,2d94 <Cart_SetMapper+0x1b2>
    2c2a:	3d418513          	addi	a0,gp,980 # 2000102c <s_state>
    2c2e:	04000613          	li	a2,64
    2c32:	4581                	li	a1,0
    2c34:	dd4fd0ef          	jal	208 <memset>
    2c38:	47b2                	lw	a5,12(sp)
    2c3a:	46a9                	li	a3,10
    2c3c:	84f1a023          	sw	a5,-1984(gp) # 20000498 <g_mapper>
    2c40:	872a                	mv	a4,a0
    2c42:	14f6e563          	bltu	a3,a5,2d8c <Cart_SetMapper+0x1aa>
    2c46:	66a1                	lui	a3,0x8
    2c48:	a1868693          	addi	a3,a3,-1512 # 7a18 <CSWTCH.65+0x34>
    2c4c:	20d7c6b3          	sh2add	a3,a5,a3
    2c50:	4294                	lw	a3,0(a3)
    2c52:	8682                	jr	a3
    2c54:	66a1                	lui	a3,0x8
    2c56:	e000e637          	lui	a2,0xe000e
    2c5a:	72868693          	addi	a3,a3,1832 # 8728 <Cart_Banked_Dispatch>
    2c5e:	45d9                	li	a1,22
    2c60:	0016e693          	ori	a3,a3,1
    2c64:	04b60823          	sb	a1,80(a2) # e000e050 <_eusrstack+0xbffec050>
    2c68:	d234                	sw	a3,96(a2)
    2c6a:	17f1                	addi	a5,a5,-4
    2c6c:	4699                	li	a3,6
    2c6e:	faf6e5e3          	bltu	a3,a5,2c18 <Cart_SetMapper+0x36>
    2c72:	66a1                	lui	a3,0x8
    2c74:	a4468693          	addi	a3,a3,-1468 # 7a44 <CSWTCH.65+0x60>
    2c78:	20d7c7b3          	sh2add	a5,a5,a3
    2c7c:	439c                	lw	a5,0(a5)
    2c7e:	8782                	jr	a5
    2c80:	cd017057          	vsetivli	zero,2,e32,m1,ta,ma
    2c84:	5208a0d7          	vid.v	v1
    2c88:	77f9                	lui	a5,0xffffe
    2c8a:	9617e0d7          	vmul.vx	v1,v1,a5
    2c8e:	7671                	lui	a2,0xffffc
    2c90:	76e1                	lui	a3,0xffff8
    2c92:	00850793          	addi	a5,a0,8 # 800008 <_data_lma+0x7f7810>
    2c96:	02164157          	vadd.vx	v2,v1,a2
    2c9a:	0216c0d7          	vadd.vx	v1,v1,a3
    2c9e:	01050713          	addi	a4,a0,16
    2ca2:	0207e127          	vse32.v	v2,(a5)
    2ca6:	020760a7          	vse32.v	v1,(a4)
    2caa:	715000ef          	jal	3bbe <SCC_Init>
    2cae:	b7ad                	j	2c18 <Cart_SetMapper+0x36>
    2cb0:	67a1                	lui	a5,0x8
    2cb2:	5cc78793          	addi	a5,a5,1484 # 85cc <Cart_EXTI0_ROM48k_Handler>
    2cb6:	bf89                	j	2c08 <Cart_SetMapper+0x26>
    2cb8:	67a1                	lui	a5,0x8
    2cba:	56078793          	addi	a5,a5,1376 # 8560 <Cart_EXTI0_ROM32k_Handler>
    2cbe:	b7a9                	j	2c08 <Cart_SetMapper+0x26>
    2cc0:	67a1                	lui	a5,0x8
    2cc2:	e000e6b7          	lui	a3,0xe000e
    2cc6:	40078793          	addi	a5,a5,1024 # 8400 <Cart_EXTI0_ASCII16k_Handler>
    2cca:	4659                	li	a2,22
    2ccc:	0017e793          	ori	a5,a5,1
    2cd0:	04c68823          	sb	a2,80(a3) # e000e050 <_eusrstack+0xbffec050>
    2cd4:	d2bc                	sw	a5,96(a3)
    2cd6:	76f1                	lui	a3,0xffffc
    2cd8:	77e1                	lui	a5,0xffff8
    2cda:	c314                	sw	a3,0(a4)
    2cdc:	d31c                	sw	a5,32(a4)
    2cde:	bf2d                	j	2c18 <Cart_SetMapper+0x36>
    2ce0:	67a1                	lui	a5,0x8
    2ce2:	e000e6b7          	lui	a3,0xe000e
    2ce6:	30478793          	addi	a5,a5,772 # 8304 <Cart_EXTI0_ASCII8k_Handler>
    2cea:	4659                	li	a2,22
    2cec:	0017e793          	ori	a5,a5,1
    2cf0:	04c68823          	sb	a2,80(a3) # e000e050 <_eusrstack+0xbffec050>
    2cf4:	d2bc                	sw	a5,96(a3)
    2cf6:	cd017057          	vsetivli	zero,2,e32,m1,ta,ma
    2cfa:	5208a0d7          	vid.v	v1
    2cfe:	77f9                	lui	a5,0xffffe
    2d00:	9617e0d7          	vmul.vx	v1,v1,a5
    2d04:	7671                	lui	a2,0xffffc
    2d06:	76e1                	lui	a3,0xffff8
    2d08:	00870793          	addi	a5,a4,8
    2d0c:	02164157          	vadd.vx	v2,v1,a2
    2d10:	0216c0d7          	vadd.vx	v1,v1,a3
    2d14:	02076127          	vse32.v	v2,(a4)
    2d18:	0207e0a7          	vse32.v	v1,(a5)
    2d1c:	bdf5                	j	2c18 <Cart_SetMapper+0x36>
    2d1e:	cd017057          	vsetivli	zero,2,e32,m1,ta,ma
    2d22:	5208a0d7          	vid.v	v1
    2d26:	77f9                	lui	a5,0xffffe
    2d28:	9617e0d7          	vmul.vx	v1,v1,a5
    2d2c:	7671                	lui	a2,0xffffc
    2d2e:	76e1                	lui	a3,0xffff8
    2d30:	45d9                	li	a1,22
    2d32:	02164157          	vadd.vx	v2,v1,a2
    2d36:	0216c0d7          	vadd.vx	v1,v1,a3
    2d3a:	e000e6b7          	lui	a3,0xe000e
    2d3e:	04b68823          	sb	a1,80(a3) # e000e050 <_eusrstack+0xbffec050>
    2d42:	00850613          	addi	a2,a0,8
    2d46:	01050713          	addi	a4,a0,16
    2d4a:	02066127          	vse32.v	v2,(a2)
    2d4e:	020760a7          	vse32.v	v1,(a4)
    2d52:	67a1                	lui	a5,0x8
    2d54:	22678793          	addi	a5,a5,550 # 8226 <Cart_EXTI0_KonamiNOSCC_Handler>
    2d58:	0017e793          	ori	a5,a5,1
    2d5c:	d2bc                	sw	a5,96(a3)
    2d5e:	bd6d                	j	2c18 <Cart_SetMapper+0x36>
    2d60:	cd017057          	vsetivli	zero,2,e32,m1,ta,ma
    2d64:	5208a0d7          	vid.v	v1
    2d68:	77f9                	lui	a5,0xffffe
    2d6a:	9617e0d7          	vmul.vx	v1,v1,a5
    2d6e:	7671                	lui	a2,0xffffc
    2d70:	76e1                	lui	a3,0xffff8
    2d72:	00850793          	addi	a5,a0,8
    2d76:	02164157          	vadd.vx	v2,v1,a2
    2d7a:	0216c0d7          	vadd.vx	v1,v1,a3
    2d7e:	01050713          	addi	a4,a0,16
    2d82:	0207e127          	vse32.v	v2,(a5)
    2d86:	020760a7          	vse32.v	v1,(a4)
    2d8a:	b579                	j	2c18 <Cart_SetMapper+0x36>
    2d8c:	67a1                	lui	a5,0x8
    2d8e:	4f478793          	addi	a5,a5,1268 # 84f4 <Cart_EXTI0_ROM16k_Handler>
    2d92:	bd9d                	j	2c08 <Cart_SetMapper+0x26>
    2d94:	557d                	li	a0,-1
    2d96:	b551                	j	2c1a <Cart_SetMapper+0x38>
    2d98:	557d                	li	a0,-1
    2d9a:	8082                	ret

00002d9c <Cart_AssertMSXReset>:
    2d9c:	c38fd2ef          	jal	t0,1d4 <__riscv_save_0>
    2da0:	cd017057          	vsetivli	zero,2,e32,m1,ta,ma
    2da4:	5208a0d7          	vid.v	v1
    2da8:	47b5                	li	a5,13
    2daa:	9617e0d7          	vmul.vx	v1,v1,a5
    2dae:	1141                	addi	sp,sp,-16
    2db0:	84aa                	mv	s1,a0
    2db2:	40012537          	lui	a0,0x40012
    2db6:	0211b0d7          	vadd.vi	v1,v1,3
    2dba:	003c                	addi	a5,sp,8
    2dbc:	4441                	li	s0,16
    2dbe:	004c                	addi	a1,sp,4
    2dc0:	80050513          	addi	a0,a0,-2048 # 40011800 <_eusrstack+0x1ffef800>
    2dc4:	0207e0a7          	vse32.v	v1,(a5)
    2dc8:	c222                	sw	s0,4(sp)
    2dca:	360010ef          	jal	412a <GPIO_Init>
    2dce:	40012537          	lui	a0,0x40012
    2dd2:	85a2                	mv	a1,s0
    2dd4:	80050513          	addi	a0,a0,-2048 # 40011800 <_eusrstack+0x1ffef800>
    2dd8:	408010ef          	jal	41e0 <GPIO_SetBits>
    2ddc:	40012537          	lui	a0,0x40012
    2de0:	85a2                	mv	a1,s0
    2de2:	80050513          	addi	a0,a0,-2048 # 40011800 <_eusrstack+0x1ffef800>
    2de6:	3fe010ef          	jal	41e4 <GPIO_ResetBits>
    2dea:	8526                	mv	a0,s1
    2dec:	1b5010ef          	jal	47a0 <Delay_Ms>
    2df0:	40012537          	lui	a0,0x40012
    2df4:	85a2                	mv	a1,s0
    2df6:	80050513          	addi	a0,a0,-2048 # 40011800 <_eusrstack+0x1ffef800>
    2dfa:	3e6010ef          	jal	41e0 <GPIO_SetBits>
    2dfe:	40012537          	lui	a0,0x40012
    2e02:	004c                	addi	a1,sp,4
    2e04:	4791                	li	a5,4
    2e06:	80050513          	addi	a0,a0,-2048 # 40011800 <_eusrstack+0x1ffef800>
    2e0a:	c63e                	sw	a5,12(sp)
    2e0c:	31e010ef          	jal	412a <GPIO_Init>
    2e10:	0141                	addi	sp,sp,16
    2e12:	beafd06f          	j	1fc <__riscv_restore_0>

00002e16 <NMI_Handler>:
    2e16:	a001                	j	2e16 <NMI_Handler>

00002e18 <HardFault_Handler>:
    2e18:	342025f3          	csrr	a1,mcause
    2e1c:	34102673          	csrr	a2,mepc
    2e20:	343026f3          	csrr	a3,mtval
    2e24:	8706                	mv	a4,ra
    2e26:	651d                	lui	a0,0x7
    2e28:	1f850513          	addi	a0,a0,504 # 71f8 <_read+0xca6>
    2e2c:	06f020ef          	jal	569a <iprintf>
    2e30:	10500073          	wfi
    2e34:	bff5                	j	2e30 <HardFault_Handler+0x18>

00002e36 <USART1_IRQHandler>:
    2e36:	20ed                	jal	2f20 <CLI_USART1_Handler>
    2e38:	30200073          	mret

00002e3c <CLI_Token>:
    2e3c:	00058703          	lb	a4,0(a1)
    2e40:	00050783          	lb	a5,0(a0)
    2e44:	e305                	bnez	a4,2e64 <CLI_Token+0x28>
    2e46:	4505                	li	a0,1
    2e48:	c785                	beqz	a5,2e70 <CLI_Token+0x34>
    2e4a:	17dd                	addi	a5,a5,-9
    2e4c:	0ff7f793          	zext.b	a5,a5
    2e50:	475d                	li	a4,23
    2e52:	4501                	li	a0,0
    2e54:	00f76e63          	bltu	a4,a5,2e70 <CLI_Token+0x34>
    2e58:	00800537          	lui	a0,0x800
    2e5c:	054d                	addi	a0,a0,19 # 800013 <_data_lma+0x7f781b>
    2e5e:	48f55533          	bext	a0,a0,a5
    2e62:	8082                	ret
    2e64:	00f71563          	bne	a4,a5,2e6e <CLI_Token+0x32>
    2e68:	0505                	addi	a0,a0,1
    2e6a:	0585                	addi	a1,a1,1
    2e6c:	bfc1                	j	2e3c <CLI_Token>
    2e6e:	4501                	li	a0,0
    2e70:	8082                	ret

00002e72 <CLI_ParseHex.constprop.0>:
    2e72:	411c                	lw	a5,0(a0)
    2e74:	00078703          	lb	a4,0(a5)
    2e78:	fe070693          	addi	a3,a4,-32
    2e7c:	c2a5                	beqz	a3,2edc <CLI_ParseHex.constprop.0+0x6a>
    2e7e:	ff770693          	addi	a3,a4,-9
    2e82:	cea9                	beqz	a3,2edc <CLI_ParseHex.constprop.0+0x6a>
    2e84:	03000693          	li	a3,48
    2e88:	00d71b63          	bne	a4,a3,2e9e <CLI_ParseHex.constprop.0+0x2c>
    2e8c:	00178703          	lb	a4,1(a5)
    2e90:	05800693          	li	a3,88
    2e94:	fdf77713          	andi	a4,a4,-33
    2e98:	00d71363          	bne	a4,a3,2e9e <CLI_ParseHex.constprop.0+0x2c>
    2e9c:	0789                	addi	a5,a5,2
    2e9e:	00078803          	lb	a6,0(a5)
    2ea2:	4735                	li	a4,13
    2ea4:	0ff87693          	zext.b	a3,a6
    2ea8:	02d77c63          	bgeu	a4,a3,2ee0 <CLI_ParseHex.constprop.0+0x6e>
    2eac:	4801                	li	a6,0
    2eae:	4681                	li	a3,0
    2eb0:	4e25                	li	t3,9
    2eb2:	4315                	li	t1,5
    2eb4:	00078703          	lb	a4,0(a5)
    2eb8:	fd070893          	addi	a7,a4,-48
    2ebc:	0ff8f893          	zext.b	a7,a7
    2ec0:	031e6a63          	bltu	t3,a7,2ef4 <CLI_ParseHex.constprop.0+0x82>
    2ec4:	fd070713          	addi	a4,a4,-48
    2ec8:	0692                	slli	a3,a3,0x4
    2eca:	0805                	addi	a6,a6,1
    2ecc:	8ed9                	or	a3,a3,a4
    2ece:	0785                	addi	a5,a5,1
    2ed0:	fec812e3          	bne	a6,a2,2eb4 <CLI_ParseHex.constprop.0+0x42>
    2ed4:	c194                	sw	a3,0(a1)
    2ed6:	c11c                	sw	a5,0(a0)
    2ed8:	4701                	li	a4,0
    2eda:	a819                	j	2ef0 <CLI_ParseHex.constprop.0+0x7e>
    2edc:	0785                	addi	a5,a5,1
    2ede:	bf59                	j	2e74 <CLI_ParseHex.constprop.0+0x2>
    2ee0:	6689                	lui	a3,0x2
    2ee2:	40168693          	addi	a3,a3,1025 # 2401 <usb_scsi_read_sector+0x7>
    2ee6:	4906d8b3          	bext	a7,a3,a6
    2eea:	577d                	li	a4,-1
    2eec:	fc0880e3          	beqz	a7,2eac <CLI_ParseHex.constprop.0+0x3a>
    2ef0:	853a                	mv	a0,a4
    2ef2:	8082                	ret
    2ef4:	f9f70893          	addi	a7,a4,-97
    2ef8:	0ff8f893          	zext.b	a7,a7
    2efc:	01136563          	bltu	t1,a7,2f06 <CLI_ParseHex.constprop.0+0x94>
    2f00:	fa970713          	addi	a4,a4,-87
    2f04:	b7d1                	j	2ec8 <CLI_ParseHex.constprop.0+0x56>
    2f06:	fbf70893          	addi	a7,a4,-65
    2f0a:	0ff8f893          	zext.b	a7,a7
    2f0e:	01136563          	bltu	t1,a7,2f18 <CLI_ParseHex.constprop.0+0xa6>
    2f12:	fc970713          	addi	a4,a4,-55
    2f16:	bf4d                	j	2ec8 <CLI_ParseHex.constprop.0+0x56>
    2f18:	577d                	li	a4,-1
    2f1a:	fa081de3          	bnez	a6,2ed4 <CLI_ParseHex.constprop.0+0x62>
    2f1e:	bfc9                	j	2ef0 <CLI_ParseHex.constprop.0+0x7e>

00002f20 <CLI_USART1_Handler>:
    2f20:	ab4fd2ef          	jal	t0,1d4 <__riscv_save_0>
    2f24:	40014537          	lui	a0,0x40014
    2f28:	52500593          	li	a1,1317
    2f2c:	80050513          	addi	a0,a0,-2048 # 40013800 <_eusrstack+0x1fff1800>
    2f30:	7c4010ef          	jal	46f4 <USART_GetITStatus>
    2f34:	c521                	beqz	a0,2f7c <CLI_USART1_Handler+0x5c>
    2f36:	40014537          	lui	a0,0x40014
    2f3a:	80050513          	addi	a0,a0,-2048 # 40013800 <_eusrstack+0x1fff1800>
    2f3e:	7a4010ef          	jal	46e2 <USART_ReceiveData>
    2f42:	8501c783          	lbu	a5,-1968(gp) # 200004a8 <s_xload_active>
    2f46:	84aa                	mv	s1,a0
    2f48:	0ff57413          	zext.b	s0,a0
    2f4c:	c3ad                	beqz	a5,2fae <CLI_USART1_Handler+0x8e>
    2f4e:	84c1a683          	lw	a3,-1972(gp) # 200004a4 <s_xload_addr>
    2f52:	00168613          	addi	a2,a3,1
    2f56:	84c1a623          	sw	a2,-1972(gp) # 200004a4 <s_xload_addr>
    2f5a:	800007b7          	lui	a5,0x80000
    2f5e:	97b6                	add	a5,a5,a3
    2f60:	a380                	sb	s0,0(a5)
    2f62:	8481a783          	lw	a5,-1976(gp) # 200004a0 <s_xload_remaining>
    2f66:	17fd                	addi	a5,a5,-1 # 7fffffff <_eusrstack+0x5ffddfff>
    2f68:	84f1a423          	sw	a5,-1976(gp) # 200004a0 <s_xload_remaining>
    2f6c:	eb81                	bnez	a5,2f7c <CLI_USART1_Handler+0x5c>
    2f6e:	651d                	lui	a0,0x7
    2f70:	23450513          	addi	a0,a0,564 # 7234 <_read+0xce2>
    2f74:	84018823          	sb	zero,-1968(gp) # 200004a8 <s_xload_active>
    2f78:	7e2020ef          	jal	575a <puts>
    2f7c:	40014537          	lui	a0,0x40014
    2f80:	36000593          	li	a1,864
    2f84:	80050513          	addi	a0,a0,-2048 # 40013800 <_eusrstack+0x1fff1800>
    2f88:	76c010ef          	jal	46f4 <USART_GetITStatus>
    2f8c:	cd19                	beqz	a0,2faa <CLI_USART1_Handler+0x8a>
    2f8e:	40014537          	lui	a0,0x40014
    2f92:	80050513          	addi	a0,a0,-2048 # 40013800 <_eusrstack+0x1fff1800>
    2f96:	74c010ef          	jal	46e2 <USART_ReceiveData>
    2f9a:	40014537          	lui	a0,0x40014
    2f9e:	36000593          	li	a1,864
    2fa2:	80050513          	addi	a0,a0,-2048 # 40013800 <_eusrstack+0x1fff1800>
    2fa6:	790010ef          	jal	4736 <USART_ClearITPendingBit>
    2faa:	a52fd06f          	j	1fc <__riscv_restore_0>
    2fae:	47b5                	li	a5,13
    2fb0:	08f41063          	bne	s0,a5,3030 <CLI_USART1_Handler+0x110>
    2fb4:	40014537          	lui	a0,0x40014
    2fb8:	85a2                	mv	a1,s0
    2fba:	80050513          	addi	a0,a0,-2048 # 40013800 <_eusrstack+0x1fff1800>
    2fbe:	71c010ef          	jal	46da <USART_SendData>
    2fc2:	40014537          	lui	a0,0x40014
    2fc6:	08000593          	li	a1,128
    2fca:	80050513          	addi	a0,a0,-2048 # 40013800 <_eusrstack+0x1fff1800>
    2fce:	71c010ef          	jal	46ea <USART_GetFlagStatus>
    2fd2:	d965                	beqz	a0,2fc2 <CLI_USART1_Handler+0xa2>
    2fd4:	40014537          	lui	a0,0x40014
    2fd8:	45a9                	li	a1,10
    2fda:	80050513          	addi	a0,a0,-2048 # 40013800 <_eusrstack+0x1fff1800>
    2fde:	6fc010ef          	jal	46da <USART_SendData>
    2fe2:	40014537          	lui	a0,0x40014
    2fe6:	08000593          	li	a1,128
    2fea:	80050513          	addi	a0,a0,-2048 # 40013800 <_eusrstack+0x1fff1800>
    2fee:	6fc010ef          	jal	46ea <USART_GetFlagStatus>
    2ff2:	d965                	beqz	a0,2fe2 <CLI_USART1_Handler+0xc2>
    2ff4:	8521d583          	lhu	a1,-1966(gp) # 200004aa <s_line_len>
    2ff8:	47418713          	addi	a4,gp,1140 # 200010cc <s_line>
    2ffc:	00b707b3          	add	a5,a4,a1
    3000:	00078023          	sb	zero,0(a5)
    3004:	41418693          	addi	a3,gp,1044 # 2000106c <s_dispatch_buf>
    3008:	4781                	li	a5,0
    300a:	00f70833          	add	a6,a4,a5
    300e:	00084803          	lbu	a6,0(a6)
    3012:	00f68533          	add	a0,a3,a5
    3016:	0785                	addi	a5,a5,1
    3018:	01050023          	sb	a6,0(a0)
    301c:	0807c7b3          	zext.h	a5,a5
    3020:	fef5f5e3          	bgeu	a1,a5,300a <CLI_USART1_Handler+0xea>
    3024:	4705                	li	a4,1
    3026:	84019923          	sh	zero,-1966(gp) # 200004aa <s_line_len>
    302a:	84e18223          	sb	a4,-1980(gp) # 2000049c <s_line_ready>
    302e:	b7b9                	j	2f7c <CLI_USART1_Handler+0x5c>
    3030:	47a9                	li	a5,10
    3032:	04f40163          	beq	s0,a5,3074 <CLI_USART1_Handler+0x154>
    3036:	0ff57593          	zext.b	a1,a0
    303a:	40014537          	lui	a0,0x40014
    303e:	80050513          	addi	a0,a0,-2048 # 40013800 <_eusrstack+0x1fff1800>
    3042:	698010ef          	jal	46da <USART_SendData>
    3046:	40014537          	lui	a0,0x40014
    304a:	08000593          	li	a1,128
    304e:	80050513          	addi	a0,a0,-2048 # 40013800 <_eusrstack+0x1fff1800>
    3052:	698010ef          	jal	46ea <USART_GetFlagStatus>
    3056:	d965                	beqz	a0,3046 <CLI_USART1_Handler+0x126>
    3058:	ff840693          	addi	a3,s0,-8
    305c:	8521d783          	lhu	a5,-1966(gp) # 200004aa <s_line_len>
    3060:	c681                	beqz	a3,3068 <CLI_USART1_Handler+0x148>
    3062:	f8140413          	addi	s0,s0,-127
    3066:	ec01                	bnez	s0,307e <CLI_USART1_Handler+0x15e>
    3068:	f0078ae3          	beqz	a5,2f7c <CLI_USART1_Handler+0x5c>
    306c:	17fd                	addi	a5,a5,-1
    306e:	84f19923          	sh	a5,-1966(gp) # 200004aa <s_line_len>
    3072:	b729                	j	2f7c <CLI_USART1_Handler+0x5c>
    3074:	8441c783          	lbu	a5,-1980(gp) # 2000049c <s_line_ready>
    3078:	f00792e3          	bnez	a5,2f7c <CLI_USART1_Handler+0x5c>
    307c:	bfa5                	j	2ff4 <CLI_USART1_Handler+0xd4>
    307e:	05e00693          	li	a3,94
    3082:	eef6ede3          	bltu	a3,a5,2f7c <CLI_USART1_Handler+0x5c>
    3086:	00178693          	addi	a3,a5,1
    308a:	84d19923          	sh	a3,-1966(gp) # 200004aa <s_line_len>
    308e:	47418713          	addi	a4,gp,1140 # 200010cc <s_line>
    3092:	97ba                	add	a5,a5,a4
    3094:	a384                	sb	s1,0(a5)
    3096:	b5dd                	j	2f7c <CLI_USART1_Handler+0x5c>

00003098 <CLI_Service>:
    3098:	8441c703          	lbu	a4,-1980(gp) # 2000049c <s_line_ready>
    309c:	5c070d63          	beqz	a4,3676 <CLI_Service+0x5de>
    30a0:	918fd2ef          	jal	t0,1b8 <__riscv_save_4>
    30a4:	711d                	addi	sp,sp,-96
    30a6:	41418413          	addi	s0,gp,1044 # 2000106c <s_dispatch_buf>
    30aa:	84018223          	sb	zero,-1980(gp) # 2000049c <s_line_ready>
    30ae:	00040783          	lb	a5,0(s0)
    30b2:	fe078713          	addi	a4,a5,-32
    30b6:	cf05                	beqz	a4,30ee <CLI_Service+0x56>
    30b8:	ff778713          	addi	a4,a5,-9
    30bc:	cb0d                	beqz	a4,30ee <CLI_Service+0x56>
    30be:	0ff7f713          	zext.b	a4,a5
    30c2:	46b5                	li	a3,13
    30c4:	00e6e863          	bltu	a3,a4,30d4 <CLI_Service+0x3c>
    30c8:	6709                	lui	a4,0x2
    30ca:	40170713          	addi	a4,a4,1025 # 2401 <usb_scsi_read_sector+0x7>
    30ce:	48f756b3          	bext	a3,a4,a5
    30d2:	e6a1                	bnez	a3,311a <CLI_Service+0x82>
    30d4:	659d                	lui	a1,0x7
    30d6:	24058593          	addi	a1,a1,576 # 7240 <_read+0xcee>
    30da:	8522                	mv	a0,s0
    30dc:	d61ff0ef          	jal	2e3c <CLI_Token>
    30e0:	c909                	beqz	a0,30f2 <CLI_Service+0x5a>
    30e2:	651d                	lui	a0,0x7
    30e4:	24850513          	addi	a0,a0,584 # 7248 <_read+0xcf6>
    30e8:	672020ef          	jal	575a <puts>
    30ec:	a03d                	j	311a <CLI_Service+0x82>
    30ee:	0405                	addi	s0,s0,1
    30f0:	bf7d                	j	30ae <CLI_Service+0x16>
    30f2:	659d                	lui	a1,0x7
    30f4:	24c58593          	addi	a1,a1,588 # 724c <_read+0xcfa>
    30f8:	8522                	mv	a0,s0
    30fa:	d43ff0ef          	jal	2e3c <CLI_Token>
    30fe:	c515                	beqz	a0,312a <CLI_Service+0x92>
    3100:	400127b7          	lui	a5,0x40012
    3104:	80078793          	addi	a5,a5,-2048 # 40011800 <_eusrstack+0x1ffef800>
    3108:	478c                	lw	a1,8(a5)
    310a:	4390                	lw	a2,0(a5)
    310c:	651d                	lui	a0,0x7
    310e:	4845d593          	bexti	a1,a1,0x4
    3112:	25050513          	addi	a0,a0,592 # 7250 <_read+0xcfe>
    3116:	584020ef          	jal	569a <iprintf>
    311a:	6521                	lui	a0,0x8
    311c:	8e050513          	addi	a0,a0,-1824 # 78e0 <_read+0x138e>
    3120:	57a020ef          	jal	569a <iprintf>
    3124:	6125                	addi	sp,sp,96
    3126:	8cafd06f          	j	1f0 <__riscv_restore_4>
    312a:	659d                	lui	a1,0x7
    312c:	26858593          	addi	a1,a1,616 # 7268 <_read+0xd16>
    3130:	8522                	mv	a0,s0
    3132:	d0bff0ef          	jal	2e3c <CLI_Token>
    3136:	c149                	beqz	a0,31b8 <CLI_Service+0x120>
    3138:	651d                	lui	a0,0x7
    313a:	27050513          	addi	a0,a0,624 # 7270 <_read+0xd1e>
    313e:	61c020ef          	jal	575a <puts>
    3142:	651d                	lui	a0,0x7
    3144:	27c50513          	addi	a0,a0,636 # 727c <_read+0xd2a>
    3148:	612020ef          	jal	575a <puts>
    314c:	651d                	lui	a0,0x7
    314e:	2ac50513          	addi	a0,a0,684 # 72ac <_read+0xd5a>
    3152:	608020ef          	jal	575a <puts>
    3156:	651d                	lui	a0,0x7
    3158:	2f450513          	addi	a0,a0,756 # 72f4 <_read+0xda2>
    315c:	5fe020ef          	jal	575a <puts>
    3160:	651d                	lui	a0,0x7
    3162:	33c50513          	addi	a0,a0,828 # 733c <_read+0xdea>
    3166:	5f4020ef          	jal	575a <puts>
    316a:	651d                	lui	a0,0x7
    316c:	38450513          	addi	a0,a0,900 # 7384 <_read+0xe32>
    3170:	5ea020ef          	jal	575a <puts>
    3174:	651d                	lui	a0,0x7
    3176:	3d450513          	addi	a0,a0,980 # 73d4 <_read+0xe82>
    317a:	5e0020ef          	jal	575a <puts>
    317e:	651d                	lui	a0,0x7
    3180:	41850513          	addi	a0,a0,1048 # 7418 <_read+0xec6>
    3184:	5d6020ef          	jal	575a <puts>
    3188:	651d                	lui	a0,0x7
    318a:	45c50513          	addi	a0,a0,1116 # 745c <_read+0xf0a>
    318e:	5cc020ef          	jal	575a <puts>
    3192:	651d                	lui	a0,0x7
    3194:	49c50513          	addi	a0,a0,1180 # 749c <_read+0xf4a>
    3198:	5c2020ef          	jal	575a <puts>
    319c:	651d                	lui	a0,0x7
    319e:	4e050513          	addi	a0,a0,1248 # 74e0 <_read+0xf8e>
    31a2:	5b8020ef          	jal	575a <puts>
    31a6:	651d                	lui	a0,0x7
    31a8:	52850513          	addi	a0,a0,1320 # 7528 <_read+0xfd6>
    31ac:	5ae020ef          	jal	575a <puts>
    31b0:	651d                	lui	a0,0x7
    31b2:	56c50513          	addi	a0,a0,1388 # 756c <_read+0x101a>
    31b6:	bf0d                	j	30e8 <CLI_Service+0x50>
    31b8:	659d                	lui	a1,0x7
    31ba:	5b858593          	addi	a1,a1,1464 # 75b8 <_read+0x1066>
    31be:	8522                	mv	a0,s0
    31c0:	c7dff0ef          	jal	2e3c <CLI_Token>
    31c4:	cd4d                	beqz	a0,327e <CLI_Service+0x1e6>
    31c6:	00340493          	addi	s1,s0,3
    31ca:	00048783          	lb	a5,0(s1)
    31ce:	fe078713          	addi	a4,a5,-32
    31d2:	c325                	beqz	a4,3232 <CLI_Service+0x19a>
    31d4:	ff778713          	addi	a4,a5,-9
    31d8:	cf29                	beqz	a4,3232 <CLI_Service+0x19a>
    31da:	6421                	lui	s0,0x8
    31dc:	0ff7f713          	zext.b	a4,a5
    31e0:	46b5                	li	a3,13
    31e2:	a6040413          	addi	s0,s0,-1440 # 7a60 <Cart_MapperNames>
    31e6:	00e6e863          	bltu	a3,a4,31f6 <CLI_Service+0x15e>
    31ea:	6709                	lui	a4,0x2
    31ec:	40170713          	addi	a4,a4,1025 # 2401 <usb_scsi_read_sector+0x7>
    31f0:	48f756b3          	bext	a3,a4,a5
    31f4:	ea81                	bnez	a3,3204 <CLI_Service+0x16c>
    31f6:	6599                	lui	a1,0x6
    31f8:	68858593          	addi	a1,a1,1672 # 6688 <_read+0x136>
    31fc:	8526                	mv	a0,s1
    31fe:	c3fff0ef          	jal	2e3c <CLI_Token>
    3202:	c915                	beqz	a0,3236 <CLI_Service+0x19e>
    3204:	9d9ff0ef          	jal	2bdc <Cart_GetMapper>
    3208:	20854533          	sh2add	a0,a0,s0
    320c:	410c                	lw	a1,0(a0)
    320e:	c62e                	sw	a1,12(sp)
    3210:	9c1ff0ef          	jal	2bd0 <Cart_GetImageBase>
    3214:	c42a                	sw	a0,8(sp)
    3216:	9c1ff0ef          	jal	2bd6 <Cart_GetImageSize>
    321a:	4622                	lw	a2,8(sp)
    321c:	45b2                	lw	a1,12(sp)
    321e:	86aa                	mv	a3,a0
    3220:	651d                	lui	a0,0x7
    3222:	5bc50513          	addi	a0,a0,1468 # 75bc <_read+0x106a>
    3226:	474020ef          	jal	569a <iprintf>
    322a:	651d                	lui	a0,0x7
    322c:	5e450513          	addi	a0,a0,1508 # 75e4 <_read+0x1092>
    3230:	bd65                	j	30e8 <CLI_Service+0x50>
    3232:	0485                	addi	s1,s1,1
    3234:	bf59                	j	31ca <CLI_Service+0x132>
    3236:	89a2                	mv	s3,s0
    3238:	4901                	li	s2,0
    323a:	4a2d                	li	s4,11
    323c:	0009a583          	lw	a1,0(s3)
    3240:	8526                	mv	a0,s1
    3242:	bfbff0ef          	jal	2e3c <CLI_Token>
    3246:	c909                	beqz	a0,3258 <CLI_Service+0x1c0>
    3248:	854a                	mv	a0,s2
    324a:	999ff0ef          	jal	2be2 <Cart_SetMapper>
    324e:	c911                	beqz	a0,3262 <CLI_Service+0x1ca>
    3250:	651d                	lui	a0,0x7
    3252:	65450513          	addi	a0,a0,1620 # 7654 <_read+0x1102>
    3256:	bd49                	j	30e8 <CLI_Service+0x50>
    3258:	0905                	addi	s2,s2,1
    325a:	0991                	addi	s3,s3,4
    325c:	ff4910e3          	bne	s2,s4,323c <CLI_Service+0x1a4>
    3260:	bfc5                	j	3250 <CLI_Service+0x1b8>
    3262:	97bff0ef          	jal	2bdc <Cart_GetMapper>
    3266:	20854533          	sh2add	a0,a0,s0
    326a:	410c                	lw	a1,0(a0)
    326c:	c42e                	sw	a1,8(sp)
    326e:	963ff0ef          	jal	2bd0 <Cart_GetImageBase>
    3272:	862a                	mv	a2,a0
    3274:	651d                	lui	a0,0x7
    3276:	45a2                	lw	a1,8(sp)
    3278:	63c50513          	addi	a0,a0,1596 # 763c <_read+0x10ea>
    327c:	bd69                	j	3116 <CLI_Service+0x7e>
    327e:	659d                	lui	a1,0x7
    3280:	68458593          	addi	a1,a1,1668 # 7684 <_read+0x1132>
    3284:	8522                	mv	a0,s0
    3286:	bb7ff0ef          	jal	2e3c <CLI_Token>
    328a:	c535                	beqz	a0,32f6 <CLI_Service+0x25e>
    328c:	f08ff0ef          	jal	2994 <USB_TryEnsureMounted>
    3290:	85aa                	mv	a1,a0
    3292:	ed05                	bnez	a0,32ca <CLI_Service+0x232>
    3294:	200017b7          	lui	a5,0x20001
    3298:	f1a7c783          	lbu	a5,-230(a5) # 20000f1a <DevDesc_Buf+0x2>
    329c:	4709                	li	a4,2
    329e:	02f76263          	bltu	a4,a5,32c2 <CLI_Service+0x22a>
    32a2:	6721                	lui	a4,0x8
    32a4:	a8c70713          	addi	a4,a4,-1396 # 7a8c <CSWTCH.73>
    32a8:	20e7c7b3          	sh2add	a5,a5,a4
    32ac:	438c                	lw	a1,0(a5)
    32ae:	83c1c683          	lbu	a3,-1988(gp) # 20000494 <usb_out_ep>
    32b2:	8381c603          	lbu	a2,-1992(gp) # 20000490 <usb_in_ep>
    32b6:	651d                	lui	a0,0x7
    32b8:	68850513          	addi	a0,a0,1672 # 7688 <_read+0x1136>
    32bc:	3de020ef          	jal	569a <iprintf>
    32c0:	bda9                	j	311a <CLI_Service+0x82>
    32c2:	6599                	lui	a1,0x6
    32c4:	68858593          	addi	a1,a1,1672 # 6688 <_read+0x136>
    32c8:	b7dd                	j	32ae <CLI_Service+0x216>
    32ca:	0f100793          	li	a5,241
    32ce:	00f51663          	bne	a0,a5,32da <CLI_Service+0x242>
    32d2:	651d                	lui	a0,0x7
    32d4:	6ac50513          	addi	a0,a0,1708 # 76ac <_read+0x115a>
    32d8:	bd01                	j	30e8 <CLI_Service+0x50>
    32da:	0f200793          	li	a5,242
    32de:	00f51663          	bne	a0,a5,32ea <CLI_Service+0x252>
    32e2:	651d                	lui	a0,0x7
    32e4:	6c050513          	addi	a0,a0,1728 # 76c0 <_read+0x116e>
    32e8:	b501                	j	30e8 <CLI_Service+0x50>
    32ea:	651d                	lui	a0,0x7
    32ec:	70c50513          	addi	a0,a0,1804 # 770c <_read+0x11ba>
    32f0:	3aa020ef          	jal	569a <iprintf>
    32f4:	b51d                	j	311a <CLI_Service+0x82>
    32f6:	659d                	lui	a1,0x7
    32f8:	71c58593          	addi	a1,a1,1820 # 771c <_read+0x11ca>
    32fc:	8522                	mv	a0,s0
    32fe:	b3fff0ef          	jal	2e3c <CLI_Token>
    3302:	c501                	beqz	a0,330a <CLI_Service+0x272>
    3304:	a26ff0ef          	jal	252a <USB_DiagEnumerate>
    3308:	bd09                	j	311a <CLI_Service+0x82>
    330a:	659d                	lui	a1,0x7
    330c:	72458593          	addi	a1,a1,1828 # 7724 <_read+0x11d2>
    3310:	8522                	mv	a0,s0
    3312:	b2bff0ef          	jal	2e3c <CLI_Token>
    3316:	cd1d                	beqz	a0,3354 <CLI_Service+0x2bc>
    3318:	00240513          	addi	a0,s0,2
    331c:	00050783          	lb	a5,0(a0)
    3320:	fe078713          	addi	a4,a5,-32
    3324:	c715                	beqz	a4,3350 <CLI_Service+0x2b8>
    3326:	ff778713          	addi	a4,a5,-9
    332a:	c31d                	beqz	a4,3350 <CLI_Service+0x2b8>
    332c:	0ff7f713          	zext.b	a4,a5
    3330:	46b5                	li	a3,13
    3332:	00e6eb63          	bltu	a3,a4,3348 <CLI_Service+0x2b0>
    3336:	6709                	lui	a4,0x2
    3338:	40170713          	addi	a4,a4,1025 # 2401 <usb_scsi_read_sector+0x7>
    333c:	48f756b3          	bext	a3,a4,a5
    3340:	c681                	beqz	a3,3348 <CLI_Service+0x2b0>
    3342:	651d                	lui	a0,0x7
    3344:	23c50513          	addi	a0,a0,572 # 723c <_read+0xcea>
    3348:	45c1                	li	a1,16
    334a:	ff6ff0ef          	jal	2b40 <USB_ListDir>
    334e:	b3f1                	j	311a <CLI_Service+0x82>
    3350:	0505                	addi	a0,a0,1
    3352:	b7e9                	j	331c <CLI_Service+0x284>
    3354:	659d                	lui	a1,0x7
    3356:	72858593          	addi	a1,a1,1832 # 7728 <_read+0x11d6>
    335a:	8522                	mv	a0,s0
    335c:	ae1ff0ef          	jal	2e3c <CLI_Token>
    3360:	cd71                	beqz	a0,343c <CLI_Service+0x3a4>
    3362:	040d                	addi	s0,s0,3
    3364:	ca22                	sw	s0,20(sp)
    3366:	00040703          	lb	a4,0(s0)
    336a:	87a2                	mv	a5,s0
    336c:	0405                	addi	s0,s0,1
    336e:	fe070693          	addi	a3,a4,-32
    3372:	daed                	beqz	a3,3364 <CLI_Service+0x2cc>
    3374:	175d                	addi	a4,a4,-9
    3376:	d77d                	beqz	a4,3364 <CLI_Service+0x2cc>
    3378:	00800637          	lui	a2,0x800
    337c:	4681                	li	a3,0
    337e:	455d                	li	a0,23
    3380:	064d                	addi	a2,a2,19 # 800013 <_data_lma+0x7f781b>
    3382:	03f00593          	li	a1,63
    3386:	02010813          	addi	a6,sp,32
    338a:	00078703          	lb	a4,0(a5)
    338e:	cb19                	beqz	a4,33a4 <CLI_Service+0x30c>
    3390:	175d                	addi	a4,a4,-9
    3392:	0ff77713          	zext.b	a4,a4
    3396:	00e56563          	bltu	a0,a4,33a0 <CLI_Service+0x308>
    339a:	48e65733          	bext	a4,a2,a4
    339e:	e319                	bnez	a4,33a4 <CLI_Service+0x30c>
    33a0:	02b69b63          	bne	a3,a1,33d6 <CLI_Service+0x33e>
    33a4:	05068713          	addi	a4,a3,80
    33a8:	0814                	addi	a3,sp,16
    33aa:	96ba                	add	a3,a3,a4
    33ac:	fc068023          	sb	zero,-64(a3)
    33b0:	00078703          	lb	a4,0(a5)
    33b4:	ff770693          	addi	a3,a4,-9
    33b8:	ca8d                	beqz	a3,33ea <CLI_Service+0x352>
    33ba:	1701                	addi	a4,a4,-32
    33bc:	c71d                	beqz	a4,33ea <CLI_Service+0x352>
    33be:	4621                	li	a2,8
    33c0:	082c                	addi	a1,sp,24
    33c2:	0848                	addi	a0,sp,20
    33c4:	cc02                	sw	zero,24(sp)
    33c6:	ce02                	sw	zero,28(sp)
    33c8:	aabff0ef          	jal	2e72 <CLI_ParseHex.constprop.0>
    33cc:	c115                	beqz	a0,33f0 <CLI_Service+0x358>
    33ce:	651d                	lui	a0,0x7
    33d0:	72c50513          	addi	a0,a0,1836 # 772c <_read+0x11da>
    33d4:	bb11                	j	30e8 <CLI_Service+0x50>
    33d6:	0785                	addi	a5,a5,1
    33d8:	ca3e                	sw	a5,20(sp)
    33da:	fff78883          	lb	a7,-1(a5)
    33de:	00d80733          	add	a4,a6,a3
    33e2:	0685                	addi	a3,a3,1
    33e4:	01170023          	sb	a7,0(a4)
    33e8:	b74d                	j	338a <CLI_Service+0x2f2>
    33ea:	0785                	addi	a5,a5,1
    33ec:	ca3e                	sw	a5,20(sp)
    33ee:	b7c9                	j	33b0 <CLI_Service+0x318>
    33f0:	4621                	li	a2,8
    33f2:	086c                	addi	a1,sp,28
    33f4:	0848                	addi	a0,sp,20
    33f6:	a7dff0ef          	jal	2e72 <CLI_ParseHex.constprop.0>
    33fa:	f971                	bnez	a0,33ce <CLI_Service+0x336>
    33fc:	4672                	lw	a2,28(sp)
    33fe:	e609                	bnez	a2,3408 <CLI_Service+0x370>
    3400:	651d                	lui	a0,0x7
    3402:	76050513          	addi	a0,a0,1888 # 7760 <_read+0x120e>
    3406:	b1cd                	j	30e8 <CLI_Service+0x50>
    3408:	47e2                	lw	a5,24(sp)
    340a:	00800737          	lui	a4,0x800
    340e:	00e7f663          	bgeu	a5,a4,341a <CLI_Service+0x382>
    3412:	00f606b3          	add	a3,a2,a5
    3416:	00d77663          	bgeu	a4,a3,3422 <CLI_Service+0x38a>
    341a:	651d                	lui	a0,0x7
    341c:	76850513          	addi	a0,a0,1896 # 7768 <_read+0x1216>
    3420:	b1e1                	j	30e8 <CLI_Service+0x50>
    3422:	800005b7          	lui	a1,0x80000
    3426:	95be                	add	a1,a1,a5
    3428:	1008                	addi	a0,sp,32
    342a:	e4eff0ef          	jal	2a78 <USB_FileToPSRAM>
    342e:	85aa                	mv	a1,a0
    3430:	10051363          	bnez	a0,3536 <CLI_Service+0x49e>
    3434:	651d                	lui	a0,0x7
    3436:	79050513          	addi	a0,a0,1936 # 7790 <_read+0x123e>
    343a:	b17d                	j	30e8 <CLI_Service+0x50>
    343c:	659d                	lui	a1,0x7
    343e:	7b058593          	addi	a1,a1,1968 # 77b0 <_read+0x125e>
    3442:	8522                	mv	a0,s0
    3444:	9f9ff0ef          	jal	2e3c <CLI_Token>
    3448:	c105                	beqz	a0,3468 <CLI_Service+0x3d0>
    344a:	25dd                	jal	3b30 <SCC_GetLevel>
    344c:	c42a                	sw	a0,8(sp)
    344e:	f8eff0ef          	jal	2bdc <Cart_GetMapper>
    3452:	67a1                	lui	a5,0x8
    3454:	a6078793          	addi	a5,a5,-1440 # 7a60 <Cart_MapperNames>
    3458:	20f54533          	sh2add	a0,a0,a5
    345c:	4110                	lw	a2,0(a0)
    345e:	651d                	lui	a0,0x7
    3460:	45a2                	lw	a1,8(sp)
    3462:	7b450513          	addi	a0,a0,1972 # 77b4 <_read+0x1262>
    3466:	b945                	j	3116 <CLI_Service+0x7e>
    3468:	659d                	lui	a1,0x7
    346a:	7cc58593          	addi	a1,a1,1996 # 77cc <_read+0x127a>
    346e:	8522                	mv	a0,s0
    3470:	9cdff0ef          	jal	2e3c <CLI_Token>
    3474:	c925                	beqz	a0,34e4 <CLI_Service+0x44c>
    3476:	040d                	addi	s0,s0,3
    3478:	00040783          	lb	a5,0(s0)
    347c:	ff778713          	addi	a4,a5,-9
    3480:	c31d                	beqz	a4,34a6 <CLI_Service+0x40e>
    3482:	fe078713          	addi	a4,a5,-32
    3486:	c305                	beqz	a4,34a6 <CLI_Service+0x40e>
    3488:	fd078793          	addi	a5,a5,-48
    348c:	0ff7f793          	zext.b	a5,a5
    3490:	46a5                	li	a3,9
    3492:	04f6f663          	bgeu	a3,a5,34de <CLI_Service+0x446>
    3496:	06400793          	li	a5,100
    349a:	6589                	lui	a1,0x2
    349c:	71058593          	addi	a1,a1,1808 # 2710 <USB_DiagEnumerate+0x1e6>
    34a0:	0ab7d5b3          	minu	a1,a5,a1
    34a4:	a025                	j	34cc <CLI_Service+0x434>
    34a6:	0405                	addi	s0,s0,1
    34a8:	bfc1                	j	3478 <CLI_Service+0x3e0>
    34aa:	02b787b3          	mul	a5,a5,a1
    34ae:	0405                	addi	s0,s0,1
    34b0:	fd078793          	addi	a5,a5,-48
    34b4:	97b2                	add	a5,a5,a2
    34b6:	00040603          	lb	a2,0(s0)
    34ba:	fd060713          	addi	a4,a2,-48
    34be:	0ff77713          	zext.b	a4,a4
    34c2:	fee6f4e3          	bgeu	a3,a4,34aa <CLI_Service+0x412>
    34c6:	06400593          	li	a1,100
    34ca:	fbe1                	bnez	a5,349a <CLI_Service+0x402>
    34cc:	852e                	mv	a0,a1
    34ce:	c42e                	sw	a1,8(sp)
    34d0:	8cdff0ef          	jal	2d9c <Cart_AssertMSXReset>
    34d4:	651d                	lui	a0,0x7
    34d6:	45a2                	lw	a1,8(sp)
    34d8:	7d050513          	addi	a0,a0,2000 # 77d0 <_read+0x127e>
    34dc:	bd11                	j	32f0 <CLI_Service+0x258>
    34de:	4781                	li	a5,0
    34e0:	45a9                	li	a1,10
    34e2:	bfd1                	j	34b6 <CLI_Service+0x41e>
    34e4:	659d                	lui	a1,0x7
    34e6:	7dc58593          	addi	a1,a1,2012 # 77dc <_read+0x128a>
    34ea:	8522                	mv	a0,s0
    34ec:	951ff0ef          	jal	2e3c <CLI_Token>
    34f0:	cd25                	beqz	a0,3568 <CLI_Service+0x4d0>
    34f2:	0411                	addi	s0,s0,4
    34f4:	4621                	li	a2,8
    34f6:	086c                	addi	a1,sp,28
    34f8:	0828                	addi	a0,sp,24
    34fa:	cc22                	sw	s0,24(sp)
    34fc:	ce02                	sw	zero,28(sp)
    34fe:	975ff0ef          	jal	2e72 <CLI_ParseHex.constprop.0>
    3502:	c509                	beqz	a0,350c <CLI_Service+0x474>
    3504:	651d                	lui	a0,0x7
    3506:	7e450513          	addi	a0,a0,2020 # 77e4 <_read+0x1292>
    350a:	bef9                	j	30e8 <CLI_Service+0x50>
    350c:	ecaff0ef          	jal	2bd6 <Cart_GetImageSize>
    3510:	74f9                	lui	s1,0xffffe
    3512:	8a2a                	mv	s4,a0
    3514:	4401                	li	s0,0
    3516:	4935                	li	s2,13
    3518:	bfe48493          	addi	s1,s1,-1026 # ffffdbfe <_eusrstack+0xdffdbbfe>
    351c:	800009b7          	lui	s3,0x80000
    3520:	47e2                	lw	a5,24(sp)
    3522:	00078783          	lb	a5,0(a5)
    3526:	0ff7f713          	zext.b	a4,a5
    352a:	00e96a63          	bltu	s2,a4,353e <CLI_Service+0x4a6>
    352e:	48f4d733          	bext	a4,s1,a5
    3532:	e711                	bnez	a4,353e <CLI_Service+0x4a6>
    3534:	85a2                	mv	a1,s0
    3536:	651d                	lui	a0,0x7
    3538:	7a850513          	addi	a0,a0,1960 # 77a8 <_read+0x1256>
    353c:	bb55                	j	32f0 <CLI_Service+0x258>
    353e:	4609                	li	a2,2
    3540:	100c                	addi	a1,sp,32
    3542:	0828                	addi	a0,sp,24
    3544:	d002                	sw	zero,32(sp)
    3546:	92dff0ef          	jal	2e72 <CLI_ParseHex.constprop.0>
    354a:	c511                	beqz	a0,3556 <CLI_Service+0x4be>
    354c:	651d                	lui	a0,0x7
    354e:	85a2                	mv	a1,s0
    3550:	7fc50513          	addi	a0,a0,2044 # 77fc <_read+0x12aa>
    3554:	bb71                	j	32f0 <CLI_Service+0x258>
    3556:	47f2                	lw	a5,28(sp)
    3558:	97a2                	add	a5,a5,s0
    355a:	fd47fde3          	bgeu	a5,s4,3534 <CLI_Service+0x49c>
    355e:	5702                	lw	a4,32(sp)
    3560:	97ce                	add	a5,a5,s3
    3562:	0405                	addi	s0,s0,1
    3564:	a398                	sb	a4,0(a5)
    3566:	bf6d                	j	3520 <CLI_Service+0x488>
    3568:	65a1                	lui	a1,0x8
    356a:	82058593          	addi	a1,a1,-2016 # 7820 <_read+0x12ce>
    356e:	8522                	mv	a0,s0
    3570:	8cdff0ef          	jal	2e3c <CLI_Token>
    3574:	c12d                	beqz	a0,35d6 <CLI_Service+0x53e>
    3576:	0415                	addi	s0,s0,5
    3578:	4621                	li	a2,8
    357a:	086c                	addi	a1,sp,28
    357c:	0828                	addi	a0,sp,24
    357e:	cc22                	sw	s0,24(sp)
    3580:	ce02                	sw	zero,28(sp)
    3582:	d002                	sw	zero,32(sp)
    3584:	8efff0ef          	jal	2e72 <CLI_ParseHex.constprop.0>
    3588:	c509                	beqz	a0,3592 <CLI_Service+0x4fa>
    358a:	6521                	lui	a0,0x8
    358c:	82850513          	addi	a0,a0,-2008 # 7828 <_read+0x12d6>
    3590:	bea1                	j	30e8 <CLI_Service+0x50>
    3592:	4621                	li	a2,8
    3594:	100c                	addi	a1,sp,32
    3596:	0828                	addi	a0,sp,24
    3598:	8dbff0ef          	jal	2e72 <CLI_ParseHex.constprop.0>
    359c:	f57d                	bnez	a0,358a <CLI_Service+0x4f2>
    359e:	e38ff0ef          	jal	2bd6 <Cart_GetImageSize>
    35a2:	5782                	lw	a5,32(sp)
    35a4:	85aa                	mv	a1,a0
    35a6:	00f56963          	bltu	a0,a5,35b8 <CLI_Service+0x520>
    35aa:	4772                	lw	a4,28(sp)
    35ac:	00a77663          	bgeu	a4,a0,35b8 <CLI_Service+0x520>
    35b0:	00e786b3          	add	a3,a5,a4
    35b4:	00d57663          	bgeu	a0,a3,35c0 <CLI_Service+0x528>
    35b8:	6521                	lui	a0,0x8
    35ba:	85050513          	addi	a0,a0,-1968 # 7850 <_read+0x12fe>
    35be:	bb0d                	j	32f0 <CLI_Service+0x258>
    35c0:	4605                	li	a2,1
    35c2:	84c18823          	sb	a2,-1968(gp) # 200004a8 <s_xload_active>
    35c6:	84e1a623          	sw	a4,-1972(gp) # 200004a4 <s_xload_addr>
    35ca:	6521                	lui	a0,0x8
    35cc:	84f1a423          	sw	a5,-1976(gp) # 200004a0 <s_xload_remaining>
    35d0:	88050513          	addi	a0,a0,-1920 # 7880 <_read+0x132e>
    35d4:	be11                	j	30e8 <CLI_Service+0x50>
    35d6:	65a1                	lui	a1,0x8
    35d8:	88858593          	addi	a1,a1,-1912 # 7888 <_read+0x1336>
    35dc:	8522                	mv	a0,s0
    35de:	85fff0ef          	jal	2e3c <CLI_Token>
    35e2:	c551                	beqz	a0,366e <CLI_Service+0x5d6>
    35e4:	0411                	addi	s0,s0,4
    35e6:	4621                	li	a2,8
    35e8:	086c                	addi	a1,sp,28
    35ea:	0828                	addi	a0,sp,24
    35ec:	cc22                	sw	s0,24(sp)
    35ee:	ce02                	sw	zero,28(sp)
    35f0:	d002                	sw	zero,32(sp)
    35f2:	881ff0ef          	jal	2e72 <CLI_ParseHex.constprop.0>
    35f6:	c509                	beqz	a0,3600 <CLI_Service+0x568>
    35f8:	6521                	lui	a0,0x8
    35fa:	89050513          	addi	a0,a0,-1904 # 7890 <_read+0x133e>
    35fe:	b4ed                	j	30e8 <CLI_Service+0x50>
    3600:	4621                	li	a2,8
    3602:	100c                	addi	a1,sp,32
    3604:	0828                	addi	a0,sp,24
    3606:	86dff0ef          	jal	2e72 <CLI_ParseHex.constprop.0>
    360a:	f57d                	bnez	a0,35f8 <CLI_Service+0x560>
    360c:	dcaff0ef          	jal	2bd6 <Cart_GetImageSize>
    3610:	45f2                	lw	a1,28(sp)
    3612:	00a5e563          	bltu	a1,a0,361c <CLI_Service+0x584>
    3616:	fff50593          	addi	a1,a0,-1
    361a:	ce2e                	sw	a1,28(sp)
    361c:	5602                	lw	a2,32(sp)
    361e:	10000793          	li	a5,256
    3622:	00c7f463          	bgeu	a5,a2,362a <CLI_Service+0x592>
    3626:	d03e                	sw	a5,32(sp)
    3628:	863e                	mv	a2,a5
    362a:	00c587b3          	add	a5,a1,a2
    362e:	00f57563          	bgeu	a0,a5,3638 <CLI_Service+0x5a0>
    3632:	40b50633          	sub	a2,a0,a1
    3636:	d032                	sw	a2,32(sp)
    3638:	6521                	lui	a0,0x8
    363a:	8b450513          	addi	a0,a0,-1868 # 78b4 <_read+0x1362>
    363e:	64a1                	lui	s1,0x8
    3640:	05a020ef          	jal	569a <iprintf>
    3644:	4401                	li	s0,0
    3646:	80000937          	lui	s2,0x80000
    364a:	8c048493          	addi	s1,s1,-1856 # 78c0 <_read+0x136e>
    364e:	5782                	lw	a5,32(sp)
    3650:	00f46663          	bltu	s0,a5,365c <CLI_Service+0x5c4>
    3654:	651d                	lui	a0,0x7
    3656:	db050513          	addi	a0,a0,-592 # 6db0 <_read+0x85e>
    365a:	b479                	j	30e8 <CLI_Service+0x50>
    365c:	47f2                	lw	a5,28(sp)
    365e:	8526                	mv	a0,s1
    3660:	97a2                	add	a5,a5,s0
    3662:	97ca                	add	a5,a5,s2
    3664:	238c                	lbu	a1,0(a5)
    3666:	0405                	addi	s0,s0,1
    3668:	032020ef          	jal	569a <iprintf>
    366c:	b7cd                	j	364e <CLI_Service+0x5b6>
    366e:	6521                	lui	a0,0x8
    3670:	8c850513          	addi	a0,a0,-1848 # 78c8 <_read+0x1376>
    3674:	bc95                	j	30e8 <CLI_Service+0x50>
    3676:	8082                	ret

00003678 <update_output>:
    3678:	080008b7          	lui	a7,0x8000
    367c:	03450793          	addi	a5,a0,52
    3680:	1b450593          	addi	a1,a0,436
    3684:	4681                	li	a3,0
    3686:	18fd                	addi	a7,a7,-1 # 7ffffff <_data_lma+0x7ff7807>
    3688:	4315                	li	t1,5
    368a:	0b47a703          	lw	a4,180(a5)
    368e:	4390                	lw	a2,0(a5)
    3690:	9732                	add	a4,a4,a2
    3692:	0ae7aa23          	sw	a4,180(a5)
    3696:	00471613          	slli	a2,a4,0x4
    369a:	02065c63          	bgez	a2,36d2 <update_output+0x5a>
    369e:	01177733          	and	a4,a4,a7
    36a2:	18c52803          	lw	a6,396(a0)
    36a6:	10078613          	addi	a2,a5,256
    36aa:	0ae7aa23          	sw	a4,180(a5)
    36ae:	4258                	lw	a4,4(a2)
    36b0:	06c62e03          	lw	t3,108(a2)
    36b4:	077d                	addi	a4,a4,31 # 80001f <_data_lma+0x7f7827>
    36b6:	01c77733          	and	a4,a4,t3
    36ba:	c258                	sw	a4,4(a2)
    36bc:	19052703          	lw	a4,400(a0)
    36c0:	28d01633          	bset	a2,zero,a3
    36c4:	00e84733          	xor	a4,a6,a4
    36c8:	8f71                	and	a4,a4,a2
    36ca:	01074733          	xor	a4,a4,a6
    36ce:	18e52623          	sw	a4,396(a0)
    36d2:	18c52703          	lw	a4,396(a0)
    36d6:	48d75633          	bext	a2,a4,a3
    36da:	ce15                	beqz	a2,3716 <update_output+0x9e>
    36dc:	0b47a703          	lw	a4,180(a5)
    36e0:	1047a603          	lw	a2,260(a5)
    36e4:	00059e03          	lh	t3,0(a1)
    36e8:	8359                	srli	a4,a4,0x16
    36ea:	9732                	add	a4,a4,a2
    36ec:	8b7d                	andi	a4,a4,31
    36ee:	0ce7ae23          	sw	a4,220(a5)
    36f2:	5150                	lw	a2,36(a0)
    36f4:	48d65833          	bext	a6,a2,a3
    36f8:	00081f63          	bnez	a6,3716 <update_output+0x9e>
    36fc:	00569813          	slli	a6,a3,0x5
    3700:	982a                	add	a6,a6,a0
    3702:	9742                	add	a4,a4,a6
    3704:	0f07a603          	lw	a2,240(a5)
    3708:	04870703          	lb	a4,72(a4)
    370c:	02e60733          	mul	a4,a2,a4
    3710:	9b41                	andi	a4,a4,-16
    3712:	9772                	add	a4,a4,t3
    3714:	a19a                	sh	a4,0(a1)
    3716:	00059703          	lh	a4,0(a1)
    371a:	0685                	addi	a3,a3,1
    371c:	0791                	addi	a5,a5,4
    371e:	8705                	srai	a4,a4,0x1
    3720:	a19a                	sh	a4,0(a1)
    3722:	0589                	addi	a1,a1,2
    3724:	f66693e3          	bne	a3,t1,368a <update_output+0x12>
    3728:	8082                	ret

0000372a <internal_refresh>:
    372a:	a8ffc2ef          	jal	t0,1b8 <__riscv_save_4>
    372e:	842a                	mv	s0,a0
    3730:	445c                	lw	a5,12(s0)
    3732:	4108                	lw	a0,0(a0)
    3734:	4044                	lw	s1,4(s0)
    3736:	c38d                	beqz	a5,3758 <internal_refresh+0x2e>
    3738:	008007b7          	lui	a5,0x800
    373c:	c41c                	sw	a5,8(s0)
    373e:	8105                	srli	a0,a0,0x1
    3740:	800007b7          	lui	a5,0x80000
    3744:	0297d4b3          	divu	s1,a5,s1
    3748:	02042623          	sw	zero,44(s0)
    374c:	02a7d7b3          	divu	a5,a5,a0
    3750:	d404                	sw	s1,40(s0)
    3752:	d81c                	sw	a5,48(s0)
    3754:	a9dfc06f          	j	1f0 <__riscv_restore_4>
    3758:	59f010ef          	jal	54f6 <__floatunsidf>
    375c:	8101a603          	lw	a2,-2032(gp) # 20000468 <_impure_ptr+0x4>
    3760:	8141a683          	lw	a3,-2028(gp) # 2000046c <_impure_ptr+0x8>
    3764:	115010ef          	jal	5078 <__muldf3>
    3768:	892a                	mv	s2,a0
    376a:	8526                	mv	a0,s1
    376c:	89ae                	mv	s3,a1
    376e:	589010ef          	jal	54f6 <__floatunsidf>
    3772:	862a                	mv	a2,a0
    3774:	86ae                	mv	a3,a1
    3776:	854a                	mv	a0,s2
    3778:	85ce                	mv	a1,s3
    377a:	422010ef          	jal	4b9c <__divdf3>
    377e:	51b010ef          	jal	5498 <__fixunsdfsi>
    3782:	c408                	sw	a0,8(s0)
    3784:	bfc1                	j	3754 <internal_refresh+0x2a>

00003786 <SCC_set_quality>:
    3786:	c54c                	sw	a1,12(a0)
    3788:	fa3ff06f          	j	372a <internal_refresh>

0000378c <SCC_reset>:
    378c:	c141                	beqz	a0,380c <SCC_reset+0x80>
    378e:	a47fc2ef          	jal	t0,1d4 <__riscv_save_0>
    3792:	842a                	mv	s0,a0
    3794:	67a5                	lui	a5,0x9
    3796:	d11c                	sw	a5,32(a0)
    3798:	00052c23          	sw	zero,24(a0)
    379c:	00052e23          	sw	zero,28(a0)
    37a0:	0e840793          	addi	a5,s0,232
    37a4:	04850513          	addi	a0,a0,72
    37a8:	00050023          	sb	zero,0(a0)
    37ac:	000500a3          	sb	zero,1(a0)
    37b0:	00050123          	sb	zero,2(a0)
    37b4:	000501a3          	sb	zero,3(a0)
    37b8:	00050223          	sb	zero,4(a0)
    37bc:	02050513          	addi	a0,a0,32
    37c0:	fef514e3          	bne	a0,a5,37a8 <SCC_reset+0x1c>
    37c4:	06400613          	li	a2,100
    37c8:	4581                	li	a1,0
    37ca:	a3ffc0ef          	jal	208 <memset>
    37ce:	4679                	li	a2,30
    37d0:	4581                	li	a1,0
    37d2:	1a040513          	addi	a0,s0,416
    37d6:	a33fc0ef          	jal	208 <memset>
    37da:	04000613          	li	a2,64
    37de:	4581                	li	a1,0
    37e0:	14c40513          	addi	a0,s0,332
    37e4:	a25fc0ef          	jal	208 <memset>
    37e8:	0ff00793          	li	a5,255
    37ec:	02042223          	sw	zero,36(s0)
    37f0:	18f42623          	sw	a5,396(s0)
    37f4:	18f42823          	sw	a5,400(s0)
    37f8:	18042a23          	sw	zero,404(s0)
    37fc:	18042c23          	sw	zero,408(s0)
    3800:	18042e23          	sw	zero,412(s0)
    3804:	00041823          	sh	zero,16(s0)
    3808:	9f5fc06f          	j	1fc <__riscv_restore_0>
    380c:	8082                	ret

0000380e <SCC_calc>:
    380e:	9c7fc2ef          	jal	t0,1d4 <__riscv_save_0>
    3812:	455c                	lw	a5,12(a0)
    3814:	842a                	mv	s0,a0
    3816:	ef85                	bnez	a5,384e <SCC_calc+0x40>
    3818:	e61ff0ef          	jal	3678 <update_output>
    381c:	1b645783          	lhu	a5,438(s0)
    3820:	1b445503          	lhu	a0,436(s0)
    3824:	953e                	add	a0,a0,a5
    3826:	1b845783          	lhu	a5,440(s0)
    382a:	953e                	add	a0,a0,a5
    382c:	1ba45783          	lhu	a5,442(s0)
    3830:	953e                	add	a0,a0,a5
    3832:	1bc45783          	lhu	a5,444(s0)
    3836:	953e                	add	a0,a0,a5
    3838:	60551513          	sext.h	a0,a0
    383c:	a80a                	sh	a0,16(s0)
    383e:	9bffc06f          	j	1fc <__riscv_restore_0>
    3842:	5818                	lw	a4,48(s0)
    3844:	8522                	mv	a0,s0
    3846:	97ba                	add	a5,a5,a4
    3848:	d45c                	sw	a5,44(s0)
    384a:	e2fff0ef          	jal	3678 <update_output>
    384e:	5418                	lw	a4,40(s0)
    3850:	545c                	lw	a5,44(s0)
    3852:	fee7e8e3          	bltu	a5,a4,3842 <SCC_calc+0x34>
    3856:	8f99                	sub	a5,a5,a4
    3858:	d45c                	sw	a5,44(s0)
    385a:	b7c9                	j	381c <SCC_calc+0xe>

0000385c <SCC_writeReg>:
    385c:	0ff5f793          	zext.b	a5,a1
    3860:	09f00713          	li	a4,159
    3864:	02f76a63          	bltu	a4,a5,3898 <SCC_writeReg+0x3c>
    3868:	8395                	srli	a5,a5,0x5
    386a:	20a7c733          	sh2add	a4,a5,a0
    386e:	1a072703          	lw	a4,416(a4)
    3872:	12071763          	bnez	a4,39a0 <SCC_writeReg+0x144>
    3876:	00579713          	slli	a4,a5,0x5
    387a:	89fd                	andi	a1,a1,31
    387c:	972a                	add	a4,a4,a0
    387e:	972e                	add	a4,a4,a1
    3880:	04c70423          	sb	a2,72(a4)
    3884:	4d18                	lw	a4,24(a0)
    3886:	10071d63          	bnez	a4,39a0 <SCC_writeReg+0x144>
    388a:	17f5                	addi	a5,a5,-3 # 8ffd <_data_lma+0x805>
    388c:	10079a63          	bnez	a5,39a0 <SCC_writeReg+0x144>
    3890:	95aa                	add	a1,a1,a0
    3892:	0cc58423          	sb	a2,200(a1)
    3896:	8082                	ret
    3898:	f4078713          	addi	a4,a5,-192
    389c:	46a5                	li	a3,9
    389e:	06e6e563          	bltu	a3,a4,3908 <SCC_writeReg+0xac>
    38a2:	0786                	slli	a5,a5,0x1
    38a4:	972a                	add	a4,a4,a0
    38a6:	8bf1                	andi	a5,a5,28
    38a8:	14c70623          	sb	a2,332(a4)
    38ac:	97aa                	add	a5,a5,a0
    38ae:	6685                	lui	a3,0x1
    38b0:	8985                	andi	a1,a1,1
    38b2:	0fc7a703          	lw	a4,252(a5)
    38b6:	f0068693          	addi	a3,a3,-256 # f00 <mount_volume.isra.0+0x190>
    38ba:	cd85                	beqz	a1,38f2 <SCC_writeReg+0x96>
    38bc:	0622                	slli	a2,a2,0x8
    38be:	8ef1                	and	a3,a3,a2
    38c0:	0ff77613          	zext.b	a2,a4
    38c4:	8e55                	or	a2,a2,a3
    38c6:	0ec7ae23          	sw	a2,252(a5)
    38ca:	19c52703          	lw	a4,412(a0)
    38ce:	c319                	beqz	a4,38d4 <SCC_writeReg+0x78>
    38d0:	0e07a423          	sw	zero,232(a5)
    38d4:	19852703          	lw	a4,408(a0)
    38d8:	c319                	beqz	a4,38de <SCC_writeReg+0x82>
    38da:	0ff67613          	zext.b	a2,a2
    38de:	19452703          	lw	a4,404(a0)
    38e2:	c311                	beqz	a4,38e6 <SCC_writeReg+0x8a>
    38e4:	8221                	srli	a2,a2,0x8
    38e6:	4721                	li	a4,8
    38e8:	00c76a63          	bltu	a4,a2,38fc <SCC_writeReg+0xa0>
    38ec:	0207aa23          	sw	zero,52(a5)
    38f0:	8082                	ret
    38f2:	8f75                	and	a4,a4,a3
    38f4:	0ff67613          	zext.b	a2,a2
    38f8:	8e59                	or	a2,a2,a4
    38fa:	b7f1                	j	38c6 <SCC_writeReg+0x6a>
    38fc:	4518                	lw	a4,8(a0)
    38fe:	0605                	addi	a2,a2,1
    3900:	02c75733          	divu	a4,a4,a2
    3904:	dbd8                	sw	a4,52(a5)
    3906:	8082                	ret
    3908:	f3078693          	addi	a3,a5,-208
    390c:	4811                	li	a6,4
    390e:	00d86c63          	bltu	a6,a3,3926 <SCC_writeReg+0xca>
    3912:	972a                	add	a4,a4,a0
    3914:	89bd                	andi	a1,a1,15
    3916:	14c70623          	sb	a2,332(a4)
    391a:	20a5c5b3          	sh2add	a1,a1,a0
    391e:	8a3d                	andi	a2,a2,15
    3920:	12c5a223          	sw	a2,292(a1)
    3924:	8082                	ret
    3926:	0e000713          	li	a4,224
    392a:	00e79763          	bne	a5,a4,3938 <SCC_writeReg+0xdc>
    392e:	16c50623          	sb	a2,364(a0)
    3932:	8a05                	andi	a2,a2,1
    3934:	cd10                	sw	a2,24(a0)
    3936:	8082                	ret
    3938:	0e100713          	li	a4,225
    393c:	00e79863          	bne	a5,a4,394c <SCC_writeReg+0xf0>
    3940:	16c506a3          	sb	a2,365(a0)
    3944:	8a7d                	andi	a2,a2,31
    3946:	18c52823          	sw	a2,400(a0)
    394a:	8082                	ret
    394c:	0e200713          	li	a4,226
    3950:	04e79863          	bne	a5,a4,39a0 <SCC_writeReg+0x144>
    3954:	48665793          	bexti	a5,a2,0x6
    3958:	17fd                	addi	a5,a5,-1
    395a:	9b85                	andi	a5,a5,-31
    395c:	07fd                	addi	a5,a5,31
    395e:	00167593          	andi	a1,a2,1
    3962:	00267693          	andi	a3,a2,2
    3966:	02067713          	andi	a4,a2,32
    396a:	16c50723          	sb	a2,366(a0)
    396e:	18b52a23          	sw	a1,404(a0)
    3972:	18d52c23          	sw	a3,408(a0)
    3976:	18e52e23          	sw	a4,412(a0)
    397a:	1af52023          	sw	a5,416(a0)
    397e:	1af52223          	sw	a5,420(a0)
    3982:	1af52423          	sw	a5,424(a0)
    3986:	1af52623          	sw	a5,428(a0)
    398a:	08067613          	andi	a2,a2,128
    398e:	e601                	bnez	a2,3996 <SCC_writeReg+0x13a>
    3990:	1af52823          	sw	a5,432(a0)
    3994:	8082                	ret
    3996:	47fd                	li	a5,31
    3998:	1af52823          	sw	a5,432(a0)
    399c:	1af52623          	sw	a5,428(a0)
    39a0:	8082                	ret

000039a2 <write_standard>:
    39a2:	833fc2ef          	jal	t0,1d4 <__riscv_save_0>
    39a6:	872e                	mv	a4,a1
    39a8:	08077713          	andi	a4,a4,128
    39ac:	0ff5f593          	zext.b	a1,a1
    39b0:	e701                	bnez	a4,39b8 <write_standard+0x16>
    39b2:	eabff0ef          	jal	385c <SCC_writeReg>
    39b6:	a80d                	j	39e8 <write_standard+0x46>
    39b8:	08900713          	li	a4,137
    39bc:	00b76563          	bltu	a4,a1,39c6 <write_standard+0x24>
    39c0:	04058593          	addi	a1,a1,64
    39c4:	b7fd                	j	39b2 <write_standard+0x10>
    39c6:	08e00713          	li	a4,142
    39ca:	00b76563          	bltu	a4,a1,39d4 <write_standard+0x32>
    39ce:	04658593          	addi	a1,a1,70
    39d2:	b7c5                	j	39b2 <write_standard+0x10>
    39d4:	08f00713          	li	a4,143
    39d8:	00e59a63          	bne	a1,a4,39ec <write_standard+0x4a>
    39dc:	01f67793          	andi	a5,a2,31
    39e0:	16c506a3          	sb	a2,365(a0)
    39e4:	18f52823          	sw	a5,400(a0)
    39e8:	815fc06f          	j	1fc <__riscv_restore_0>
    39ec:	0df00793          	li	a5,223
    39f0:	feb7fce3          	bgeu	a5,a1,39e8 <write_standard+0x46>
    39f4:	0e200593          	li	a1,226
    39f8:	bf6d                	j	39b2 <write_standard+0x10>

000039fa <SCC_write>:
    39fa:	4958                	lw	a4,20(a0)
    39fc:	4685                	li	a3,1
    39fe:	87b2                	mv	a5,a2
    3a00:	882e                	mv	a6,a1
    3a02:	0ff67613          	zext.b	a2,a2
    3a06:	02d71263          	bne	a4,a3,3a2a <SCC_write+0x30>
    3a0a:	66c1                	lui	a3,0x10
    3a0c:	16f9                	addi	a3,a3,-2 # fffe <_data_lma+0x7806>
    3a0e:	8eed                	and	a3,a3,a1
    3a10:	65b1                	lui	a1,0xc
    3a12:	15f9                	addi	a1,a1,-2 # bffe <_data_lma+0x3806>
    3a14:	00b69b63          	bne	a3,a1,3a2a <SCC_write+0x30>
    3a18:	0622                	slli	a2,a2,0x8
    3a1a:	6789                	lui	a5,0x2
    3a1c:	8e7d                	and	a2,a2,a5
    3a1e:	28c61613          	bseti	a2,a2,0xc
    3a22:	28f61613          	bseti	a2,a2,0xf
    3a26:	d110                	sw	a2,32(a0)
    3a28:	8082                	ret
    3a2a:	5114                	lw	a3,32(a0)
    3a2c:	0ad86963          	bltu	a6,a3,3ade <SCC_write+0xe4>
    3a30:	40d805b3          	sub	a1,a6,a3
    3a34:	02d81863          	bne	a6,a3,3a64 <SCC_write+0x6a>
    3a38:	03f00693          	li	a3,63
    3a3c:	00d61763          	bne	a2,a3,3a4a <SCC_write+0x50>
    3a40:	00052c23          	sw	zero,24(a0)
    3a44:	4785                	li	a5,1
    3a46:	cd5c                	sw	a5,28(a0)
    3a48:	8082                	ret
    3a4a:	4877d793          	bexti	a5,a5,0x7
    3a4e:	c791                	beqz	a5,3a5a <SCC_write+0x60>
    3a50:	177d                	addi	a4,a4,-1
    3a52:	e701                	bnez	a4,3a5a <SCC_write+0x60>
    3a54:	4785                	li	a5,1
    3a56:	cd1c                	sw	a5,24(a0)
    3a58:	b7fd                	j	3a46 <SCC_write+0x4c>
    3a5a:	00052c23          	sw	zero,24(a0)
    3a5e:	00052e23          	sw	zero,28(a0)
    3a62:	8082                	ret
    3a64:	4d54                	lw	a3,28(a0)
    3a66:	cea5                	beqz	a3,3ade <SCC_write+0xe4>
    3a68:	80058693          	addi	a3,a1,-2048
    3a6c:	1006b693          	sltiu	a3,a3,256
    3a70:	c6bd                	beqz	a3,3ade <SCC_write+0xe4>
    3a72:	f62fc2ef          	jal	t0,1d4 <__riscv_save_0>
    3a76:	c32d                	beqz	a4,3ad8 <SCC_write+0xde>
    3a78:	4685                	li	a3,1
    3a7a:	00d70463          	beq	a4,a3,3a82 <SCC_write+0x88>
    3a7e:	f7efc06f          	j	1fc <__riscv_restore_0>
    3a82:	4d18                	lw	a4,24(a0)
    3a84:	cb31                	beqz	a4,3ad8 <SCC_write+0xde>
    3a86:	0ff5f593          	zext.b	a1,a1
    3a8a:	09f00713          	li	a4,159
    3a8e:	00b76563          	bltu	a4,a1,3a98 <SCC_write+0x9e>
    3a92:	dcbff0ef          	jal	385c <SCC_writeReg>
    3a96:	b7e5                	j	3a7e <SCC_write+0x84>
    3a98:	0a900713          	li	a4,169
    3a9c:	00b76563          	bltu	a4,a1,3aa6 <SCC_write+0xac>
    3aa0:	02058593          	addi	a1,a1,32
    3aa4:	b7fd                	j	3a92 <SCC_write+0x98>
    3aa6:	0ae00713          	li	a4,174
    3aaa:	00b76563          	bltu	a4,a1,3ab4 <SCC_write+0xba>
    3aae:	02658593          	addi	a1,a1,38
    3ab2:	b7c5                	j	3a92 <SCC_write+0x98>
    3ab4:	0af00713          	li	a4,175
    3ab8:	00e59863          	bne	a1,a4,3ac8 <SCC_write+0xce>
    3abc:	16f506a3          	sb	a5,365(a0)
    3ac0:	8bfd                	andi	a5,a5,31
    3ac2:	18f52823          	sw	a5,400(a0)
    3ac6:	bf65                	j	3a7e <SCC_write+0x84>
    3ac8:	f4058593          	addi	a1,a1,-192
    3acc:	47fd                	li	a5,31
    3ace:	fab7e8e3          	bltu	a5,a1,3a7e <SCC_write+0x84>
    3ad2:	0e200593          	li	a1,226
    3ad6:	bf75                	j	3a92 <SCC_write+0x98>
    3ad8:	ecbff0ef          	jal	39a2 <write_standard>
    3adc:	b74d                	j	3a7e <SCC_write+0x84>
    3ade:	8082                	ret

00003ae0 <SCC_set_type>:
    3ae0:	c94c                	sw	a1,20(a0)
    3ae2:	8082                	ret

00003ae4 <main>:
    3ae4:	ef0fc2ef          	jal	t0,1d4 <__riscv_save_0>
    3ae8:	6505                	lui	a0,0x1
    3aea:	07f000ef          	jal	4368 <PWR_VDD18LevelConfig>
    3aee:	2e69                	jal	3e88 <SystemCoreClockUpdate>
    3af0:	455000ef          	jal	4744 <Delay_Init>
    3af4:	000e1537          	lui	a0,0xe1
    3af8:	4db000ef          	jal	47d2 <USART_Printf_Init>
    3afc:	200007b7          	lui	a5,0x20000
    3b00:	4587a583          	lw	a1,1112(a5) # 20000458 <SystemCoreClock>
    3b04:	6521                	lui	a0,0x8
    3b06:	8ec50513          	addi	a0,a0,-1812 # 78ec <_read+0x139a>
    3b0a:	391010ef          	jal	569a <iprintf>
    3b0e:	2b61                	jal	40a6 <DBGMCU_GetCHIPID>
    3b10:	85aa                	mv	a1,a0
    3b12:	6521                	lui	a0,0x8
    3b14:	8fc50513          	addi	a0,a0,-1796 # 78fc <_read+0x13aa>
    3b18:	383010ef          	jal	569a <iprintf>
    3b1c:	dbafe0ef          	jal	20d6 <USB_Initialization>
    3b20:	d78ff0ef          	jal	3098 <CLI_Service>
    3b24:	10500073          	wfi
    3b28:	bfe5                	j	3b20 <main+0x3c>

00003b2a <PSRAM_GetRomMirrorBase>:
    3b2a:	8541a503          	lw	a0,-1964(gp) # 200004ac <g_psram_mirror_base>
    3b2e:	8082                	ret

00003b30 <SCC_GetLevel>:
    3b30:	8601a503          	lw	a0,-1952(gp) # 200004b8 <s_q_head>
    3b34:	85c1a783          	lw	a5,-1956(gp) # 200004b4 <s_q_tail>
    3b38:	8d1d                	sub	a0,a0,a5
    3b3a:	03f57513          	andi	a0,a0,63
    3b3e:	8082                	ret

00003b40 <TIM4_IRQHandler>:
    3b40:	40001537          	lui	a0,0x40001
    3b44:	1141                	addi	sp,sp,-16
    3b46:	4585                	li	a1,1
    3b48:	80050513          	addi	a0,a0,-2048 # 40000800 <_eusrstack+0x1ffde800>
    3b4c:	c622                	sw	s0,12(sp)
    3b4e:	c426                	sw	s1,8(sp)
    3b50:	c24a                	sw	s2,4(sp)
    3b52:	c04e                	sw	s3,0(sp)
    3b54:	2a3000ef          	jal	45f6 <TIM_GetITStatus>
    3b58:	c915                	beqz	a0,3b8c <TIM4_IRQHandler+0x4c>
    3b5a:	40001537          	lui	a0,0x40001
    3b5e:	4585                	li	a1,1
    3b60:	80050513          	addi	a0,a0,-2048 # 40000800 <_eusrstack+0x1ffde800>
    3b64:	2a7000ef          	jal	460a <TIM_ClearITPendingBit>
    3b68:	4d418493          	addi	s1,gp,1236 # 2000112c <s_scc_queue>
    3b6c:	85c1a703          	lw	a4,-1956(gp) # 200004b4 <s_q_tail>
    3b70:	8601a783          	lw	a5,-1952(gp) # 200004b8 <s_q_head>
    3b74:	8641a503          	lw	a0,-1948(gp) # 200004bc <s_scc>
    3b78:	02f71163          	bne	a4,a5,3b9a <TIM4_IRQHandler+0x5a>
    3b7c:	c93ff0ef          	jal	380e <SCC_calc>
    3b80:	67a1                	lui	a5,0x8
    3b82:	07a1                	addi	a5,a5,8 # 8008 <Run16kASCII+0x90>
    3b84:	953e                	add	a0,a0,a5
    3b86:	8111                	srli	a0,a0,0x4
    3b88:	84a1ac23          	sw	a0,-1960(gp) # 200004b0 <Dual_DAC_Value>
    3b8c:	4432                	lw	s0,12(sp)
    3b8e:	44a2                	lw	s1,8(sp)
    3b90:	4912                	lw	s2,4(sp)
    3b92:	4982                	lw	s3,0(sp)
    3b94:	0141                	addi	sp,sp,16
    3b96:	30200073          	mret
    3b9a:	85c1a783          	lw	a5,-1956(gp) # 200004b4 <s_q_tail>
    3b9e:	2097c7b3          	sh2add	a5,a5,s1
    3ba2:	438c                	lw	a1,0(a5)
    3ba4:	85c1a783          	lw	a5,-1956(gp) # 200004b4 <s_q_tail>
    3ba8:	0805c633          	zext.h	a2,a1
    3bac:	0785                	addi	a5,a5,1
    3bae:	03f7f793          	andi	a5,a5,63
    3bb2:	81c1                	srli	a1,a1,0x10
    3bb4:	84f1ae23          	sw	a5,-1956(gp) # 200004b4 <s_q_tail>
    3bb8:	e43ff0ef          	jal	39fa <SCC_write>
    3bbc:	bf45                	j	3b6c <TIM4_IRQHandler+0x2c>

00003bbe <SCC_Init>:
    3bbe:	e16fc2ef          	jal	t0,1d4 <__riscv_save_0>
    3bc2:	8641a503          	lw	a0,-1948(gp) # 200004bc <s_scc>
    3bc6:	715d                	addi	sp,sp,-80
    3bc8:	e50d                	bnez	a0,3bf2 <SCC_Init+0x34>
    3bca:	1c000613          	li	a2,448
    3bce:	4581                	li	a1,0
    3bd0:	5d418513          	addi	a0,gp,1492 # 2000122c <s_scc_core>
    3bd4:	e34fc0ef          	jal	208 <memset>
    3bd8:	00364737          	lui	a4,0x364
    3bdc:	d7d70713          	addi	a4,a4,-643 # 363d7d <_data_lma+0x35b585>
    3be0:	c118                	sw	a4,0(a0)
    3be2:	672d                	lui	a4,0xb
    3be4:	c4470713          	addi	a4,a4,-956 # ac44 <_data_lma+0x244c>
    3be8:	c158                	sw	a4,4(a0)
    3bea:	4705                	li	a4,1
    3bec:	c958                	sw	a4,20(a0)
    3bee:	86a1a223          	sw	a0,-1948(gp) # 200004bc <s_scc>
    3bf2:	b9bff0ef          	jal	378c <SCC_reset>
    3bf6:	8641a503          	lw	a0,-1948(gp) # 200004bc <s_scc>
    3bfa:	4581                	li	a1,0
    3bfc:	b8bff0ef          	jal	3786 <SCC_set_quality>
    3c00:	8641a503          	lw	a0,-1948(gp) # 200004bc <s_scc>
    3c04:	4581                	li	a1,0
    3c06:	4405                	li	s0,1
    3c08:	ed9ff0ef          	jal	3ae0 <SCC_set_type>
    3c0c:	8601a023          	sw	zero,-1952(gp) # 200004b8 <s_q_head>
    3c10:	4585                	li	a1,1
    3c12:	4509                	li	a0,2
    3c14:	8401ae23          	sw	zero,-1956(gp) # 200004b4 <s_q_tail>
    3c18:	0b3000ef          	jal	44ca <RCC_HBPeriphClockCmd>
    3c1c:	20000537          	lui	a0,0x20000
    3c20:	4585                	li	a1,1
    3c22:	0511                	addi	a0,a0,4 # 20000004 <_data_lma+0x1fff780c>
    3c24:	0d3000ef          	jal	44f6 <RCC_PB1PeriphClockCmd>
    3c28:	400117b7          	lui	a5,0x40011
    3c2c:	80078793          	addi	a5,a5,-2048 # 40010800 <_eusrstack+0x1ffee800>
    3c30:	4398                	lw	a4,0(a5)
    3c32:	fff106b7          	lui	a3,0xfff10
    3c36:	16fd                	addi	a3,a3,-1 # fff0ffff <_eusrstack+0xdfeedfff>
    3c38:	8f75                	and	a4,a4,a3
    3c3a:	c398                	sw	a4,0(a5)
    3c3c:	02c00613          	li	a2,44
    3c40:	084c                	addi	a1,sp,20
    3c42:	4501                	li	a0,0
    3c44:	ca32                	sw	a2,20(sp)
    3c46:	cc02                	sw	zero,24(sp)
    3c48:	ce02                	sw	zero,28(sp)
    3c4a:	d002                	sw	zero,32(sp)
    3c4c:	2ed1                	jal	4020 <DAC_Init>
    3c4e:	4585                	li	a1,1
    3c50:	4501                	li	a0,0
    3c52:	2ef5                	jal	404e <DAC_Cmd>
    3c54:	4585                	li	a1,1
    3c56:	4501                	li	a0,0
    3c58:	2901                	jal	4068 <DAC_DMACmd>
    3c5a:	4581                	li	a1,0
    3c5c:	4501                	li	a0,0
    3c5e:	212d                	jal	4088 <DAC_SetChannel1Data>
    3c60:	02c00613          	li	a2,44
    3c64:	4581                	li	a1,0
    3c66:	1048                	addi	a0,sp,36
    3c68:	da0fc0ef          	jal	208 <memset>
    3c6c:	1048                	addi	a0,sp,36
    3c6e:	29ad                	jal	40e8 <DMA_StructInit>
    3c70:	400077b7          	lui	a5,0x40007
    3c74:	42078793          	addi	a5,a5,1056 # 40007420 <_eusrstack+0x1ffe5420>
    3c78:	d23e                	sw	a5,36(sp)
    3c7a:	85818793          	addi	a5,gp,-1960 # 200004b0 <Dual_DAC_Value>
    3c7e:	d43e                	sw	a5,40(sp)
    3c80:	47c1                	li	a5,16
    3c82:	d63e                	sw	a5,44(sp)
    3c84:	08000793          	li	a5,128
    3c88:	dc3e                	sw	a5,56(sp)
    3c8a:	20000793          	li	a5,512
    3c8e:	de3e                	sw	a5,60(sp)
    3c90:	28b01793          	bseti	a5,zero,0xb
    3c94:	c0be                	sw	a5,64(sp)
    3c96:	40020537          	lui	a0,0x40020
    3c9a:	02000793          	li	a5,32
    3c9e:	c2be                	sw	a5,68(sp)
    3ca0:	104c                	addi	a1,sp,36
    3ca2:	678d                	lui	a5,0x3
    3ca4:	43050513          	addi	a0,a0,1072 # 40020430 <_eusrstack+0x1fffe430>
    3ca8:	c4be                	sw	a5,72(sp)
    3caa:	d822                	sw	s0,48(sp)
    3cac:	da02                	sw	zero,52(sp)
    3cae:	c682                	sw	zero,76(sp)
    3cb0:	2101                	jal	40b0 <DMA_Init>
    3cb2:	40020537          	lui	a0,0x40020
    3cb6:	85a2                	mv	a1,s0
    3cb8:	43050513          	addi	a0,a0,1072 # 40020430 <_eusrstack+0x1fffe430>
    3cbc:	29a9                	jal	4116 <DMA_Cmd>
    3cbe:	400217b7          	lui	a5,0x40021
    3cc2:	43dc                	lw	a5,4(a5)
    3cc4:	8681a703          	lw	a4,-1944(gp) # 200004c0 <HCLKClock>
    3cc8:	7007f793          	andi	a5,a5,1792
    3ccc:	00f037b3          	snez	a5,a5
    3cd0:	97a2                	add	a5,a5,s0
    3cd2:	02e787b3          	mul	a5,a5,a4
    3cd6:	c402                	sw	zero,8(sp)
    3cd8:	c602                	sw	zero,12(sp)
    3cda:	00011823          	sh	zero,16(sp)
    3cde:	c3d9                	beqz	a5,3d64 <SCC_Init+0x1a6>
    3ce0:	6715                	lui	a4,0x5
    3ce2:	62270713          	addi	a4,a4,1570 # 5622 <_malloc_r+0xa0>
    3ce6:	66d9                	lui	a3,0x16
    3ce8:	97ba                	add	a5,a5,a4
    3cea:	88768693          	addi	a3,a3,-1913 # 15887 <_data_lma+0xd08f>
    3cee:	4709                	li	a4,2
    3cf0:	00f6fd63          	bgeu	a3,a5,3d0a <SCC_Init+0x14c>
    3cf4:	6741                	lui	a4,0x10
    3cf6:	ac4406b7          	lui	a3,0xac440
    3cfa:	177d                	addi	a4,a4,-1 # ffff <_data_lma+0x7807>
    3cfc:	00d7f763          	bgeu	a5,a3,3d0a <SCC_Init+0x14c>
    3d00:	672d                	lui	a4,0xb
    3d02:	c4470713          	addi	a4,a4,-956 # ac44 <_data_lma+0x244c>
    3d06:	02e7d733          	divu	a4,a5,a4
    3d0a:	40001537          	lui	a0,0x40001
    3d0e:	177d                	addi	a4,a4,-1
    3d10:	002c                	addi	a1,sp,8
    3d12:	80050513          	addi	a0,a0,-2048 # 40000800 <_eusrstack+0x1ffde800>
    3d16:	8678                	sh	a4,12(sp)
    3d18:	00b000ef          	jal	4522 <TIM_TimeBaseInit>
    3d1c:	40001537          	lui	a0,0x40001
    3d20:	02000593          	li	a1,32
    3d24:	80050513          	addi	a0,a0,-2048 # 40000800 <_eusrstack+0x1ffde800>
    3d28:	0bb000ef          	jal	45e2 <TIM_SelectOutputTrigger>
    3d2c:	40001537          	lui	a0,0x40001
    3d30:	4585                	li	a1,1
    3d32:	80050513          	addi	a0,a0,-2048 # 40000800 <_eusrstack+0x1ffde800>
    3d36:	087000ef          	jal	45bc <TIM_Cmd>
    3d3a:	4605                	li	a2,1
    3d3c:	40001537          	lui	a0,0x40001
    3d40:	85b2                	mv	a1,a2
    3d42:	80050513          	addi	a0,a0,-2048 # 40000800 <_eusrstack+0x1ffde800>
    3d46:	08b000ef          	jal	45d0 <TIM_ITConfig>
    3d4a:	e000e7b7          	lui	a5,0xe000e
    3d4e:	fc000713          	li	a4,-64
    3d52:	42e78723          	sb	a4,1070(a5) # e000e42e <_eusrstack+0xbffec42e>
    3d56:	6711                	lui	a4,0x4
    3d58:	10e7a223          	sw	a4,260(a5)
    3d5c:	4501                	li	a0,0
    3d5e:	6161                	addi	sp,sp,80
    3d60:	c9cfc06f          	j	1fc <__riscv_restore_0>
    3d64:	044b07b7          	lui	a5,0x44b0
    3d68:	82278793          	addi	a5,a5,-2014 # 44af822 <_data_lma+0x44a702a>
    3d6c:	bf51                	j	3d00 <SCC_Init+0x142>

00003d6e <SystemInit>:
    3d6e:	c66fc2ef          	jal	t0,1d4 <__riscv_save_0>
    3d72:	40021437          	lui	s0,0x40021
    3d76:	401c                	lw	a5,0(s0)
    3d78:	1141                	addi	sp,sp,-16
    3d7a:	80ff0737          	lui	a4,0x80ff0
    3d7e:	0017e793          	ori	a5,a5,1
    3d82:	c01c                	sw	a5,0(s0)
    3d84:	405c                	lw	a5,4(s0)
    3d86:	8ff9                	and	a5,a5,a4
    3d88:	c05c                	sw	a5,4(s0)
    3d8a:	405c                	lw	a5,4(s0)
    3d8c:	8bb1                	andi	a5,a5,12
    3d8e:	fff5                	bnez	a5,3d8a <SystemInit+0x1c>
    3d90:	401c                	lw	a5,0(s0)
    3d92:	fea70737          	lui	a4,0xfea70
    3d96:	177d                	addi	a4,a4,-1 # fea6ffff <_eusrstack+0xdea4dfff>
    3d98:	8ff9                	and	a5,a5,a4
    3d9a:	c01c                	sw	a5,0(s0)
    3d9c:	401c                	lw	a5,0(s0)
    3d9e:	ffc10737          	lui	a4,0xffc10
    3da2:	177d                	addi	a4,a4,-1 # ffc0ffff <_eusrstack+0xdfbedfff>
    3da4:	49279793          	bclri	a5,a5,0x12
    3da8:	c01c                	sw	a5,0(s0)
    3daa:	405c                	lw	a5,4(s0)
    3dac:	8ff9                	and	a5,a5,a4
    3dae:	c05c                	sw	a5,4(s0)
    3db0:	545c                	lw	a5,44(s0)
    3db2:	03f12737          	lui	a4,0x3f12
    3db6:	80070713          	addi	a4,a4,-2048 # 3f11800 <_data_lma+0x3f09008>
    3dba:	48c79793          	bclri	a5,a5,0xc
    3dbe:	d45c                	sw	a5,44(s0)
    3dc0:	545c                	lw	a5,44(s0)
    3dc2:	8ff9                	and	a5,a5,a4
    3dc4:	d45c                	sw	a5,44(s0)
    3dc6:	405c                	lw	a5,4(s0)
    3dc8:	29d79793          	bseti	a5,a5,0x1d
    3dcc:	c05c                	sw	a5,4(s0)
    3dce:	02042823          	sw	zero,48(s0) # 40021030 <_eusrstack+0x1ffff030>
    3dd2:	008f07b7          	lui	a5,0x8f0
    3dd6:	c41c                	sw	a5,8(s0)
    3dd8:	2901                	jal	41e8 <GPIO_IPD_Unused>
    3dda:	c202                	sw	zero,4(sp)
    3ddc:	c402                	sw	zero,8(sp)
    3dde:	c602                	sw	zero,12(sp)
    3de0:	401c                	lw	a5,0(s0)
    3de2:	40021737          	lui	a4,0x40021
    3de6:	00020637          	lui	a2,0x20
    3dea:	29079793          	bseti	a5,a5,0x10
    3dee:	c01c                	sw	a5,0(s0)
    3df0:	6699                	lui	a3,0x6
    3df2:	431c                	lw	a5,0(a4)
    3df4:	8ff1                	and	a5,a5,a2
    3df6:	c43e                	sw	a5,8(sp)
    3df8:	4792                	lw	a5,4(sp)
    3dfa:	0785                	addi	a5,a5,1 # 8f0001 <_data_lma+0x8e7809>
    3dfc:	c23e                	sw	a5,4(sp)
    3dfe:	47a2                	lw	a5,8(sp)
    3e00:	e781                	bnez	a5,3e08 <SystemInit+0x9a>
    3e02:	4792                	lw	a5,4(sp)
    3e04:	fed797e3          	bne	a5,a3,3df2 <SystemInit+0x84>
    3e08:	4318                	lw	a4,0(a4)
    3e0a:	4785                	li	a5,1
    3e0c:	00e71693          	slli	a3,a4,0xe
    3e10:	0606da63          	bgez	a3,3e84 <SystemInit+0x116>
    3e14:	c43e                	sw	a5,8(sp)
    3e16:	4722                	lw	a4,8(sp)
    3e18:	06f71363          	bne	a4,a5,3e7e <SystemInit+0x110>
    3e1c:	400217b7          	lui	a5,0x40021
    3e20:	43d8                	lw	a4,4(a5)
    3e22:	45670637          	lui	a2,0x45670
    3e26:	12360613          	addi	a2,a2,291 # 45670123 <_eusrstack+0x2564e123>
    3e2a:	c3d8                	sw	a4,4(a5)
    3e2c:	43d8                	lw	a4,4(a5)
    3e2e:	cdef96b7          	lui	a3,0xcdef9
    3e32:	9ab68693          	addi	a3,a3,-1621 # cdef89ab <_eusrstack+0xaded69ab>
    3e36:	c3d8                	sw	a4,4(a5)
    3e38:	43d8                	lw	a4,4(a5)
    3e3a:	c3d8                	sw	a4,4(a5)
    3e3c:	40022737          	lui	a4,0x40022
    3e40:	c350                	sw	a2,4(a4)
    3e42:	c354                	sw	a3,4(a4)
    3e44:	d350                	sw	a2,36(a4)
    3e46:	d354                	sw	a3,36(a4)
    3e48:	4b14                	lw	a3,16(a4)
    3e4a:	c636                	sw	a3,12(sp)
    3e4c:	46b2                	lw	a3,12(sp)
    3e4e:	49969693          	bclri	a3,a3,0x19
    3e52:	49a69693          	bclri	a3,a3,0x1a
    3e56:	c636                	sw	a3,12(sp)
    3e58:	46b2                	lw	a3,12(sp)
    3e5a:	c636                	sw	a3,12(sp)
    3e5c:	46b2                	lw	a3,12(sp)
    3e5e:	cb14                	sw	a3,16(a4)
    3e60:	4b14                	lw	a3,16(a4)
    3e62:	0806e693          	ori	a3,a3,128
    3e66:	28f69693          	bseti	a3,a3,0xf
    3e6a:	cb14                	sw	a3,16(a4)
    3e6c:	43d8                	lw	a4,4(a5)
    3e6e:	4691                	li	a3,4
    3e70:	00176713          	ori	a4,a4,1
    3e74:	c3d8                	sw	a4,4(a5)
    3e76:	43d8                	lw	a4,4(a5)
    3e78:	8b31                	andi	a4,a4,12
    3e7a:	fed71ee3          	bne	a4,a3,3e76 <SystemInit+0x108>
    3e7e:	0141                	addi	sp,sp,16
    3e80:	b7cfc06f          	j	1fc <__riscv_restore_0>
    3e84:	c402                	sw	zero,8(sp)
    3e86:	bf41                	j	3e16 <SystemInit+0xa8>

00003e88 <SystemCoreClockUpdate>:
    3e88:	400215b7          	lui	a1,0x40021
    3e8c:	41d4                	lw	a3,4(a1)
    3e8e:	55d0                	lw	a2,44(a1)
    3e90:	017d87b7          	lui	a5,0x17d8
    3e94:	8ab1                	andi	a3,a3,12
    3e96:	4511                	li	a0,4
    3e98:	20000737          	lui	a4,0x20000
    3e9c:	84078793          	addi	a5,a5,-1984 # 17d7840 <_data_lma+0x17cf048>
    3ea0:	06a68b63          	beq	a3,a0,3f16 <SystemCoreClockUpdate+0x8e>
    3ea4:	013137b7          	lui	a5,0x1313
    3ea8:	4521                	li	a0,8
    3eaa:	d0078793          	addi	a5,a5,-768 # 1312d00 <_data_lma+0x130a508>
    3eae:	06a69463          	bne	a3,a0,3f16 <SystemCoreClockUpdate+0x8e>
    3eb2:	0045a883          	lw	a7,4(a1) # 40021004 <_eusrstack+0x1ffff004>
    3eb6:	55d4                	lw	a3,44(a1)
    3eb8:	41c8                	lw	a0,4(a1)
    3eba:	67b9                	lui	a5,0xe
    3ebc:	8e7d                	and	a2,a2,a5
    3ebe:	8145                	srli	a0,a0,0x11
    3ec0:	67a1                	lui	a5,0x8
    3ec2:	01f57593          	andi	a1,a0,31
    3ec6:	a9878793          	addi	a5,a5,-1384 # 7a98 <PLLMULTB>
    3eca:	97ae                	add	a5,a5,a1
    3ecc:	239c                	lbu	a5,0(a5)
    3ece:	82a1                	srli	a3,a3,0x8
    3ed0:	8a9d                	andi	a3,a3,7
    3ed2:	ffb58813          	addi	a6,a1,-5
    3ed6:	4339                	li	t1,14
    3ed8:	0685                	addi	a3,a3,1
    3eda:	0ff7f793          	zext.b	a5,a5
    3ede:	4581                	li	a1,0
    3ee0:	01036463          	bltu	t1,a6,3ee8 <SystemCoreClockUpdate+0x60>
    3ee4:	00157593          	andi	a1,a0,1
    3ee8:	6511                	lui	a0,0x4
    3eea:	06a60063          	beq	a2,a0,3f4a <SystemCoreClockUpdate+0xc2>
    3eee:	00c56a63          	bltu	a0,a2,3f02 <SystemCoreClockUpdate+0x7a>
    3ef2:	e639                	bnez	a2,3f40 <SystemCoreClockUpdate+0xb8>
    3ef4:	1c9c47b7          	lui	a5,0x1c9c4
    3ef8:	80078793          	addi	a5,a5,-2048 # 1c9c3800 <_data_lma+0x1c9bb008>
    3efc:	44f72e23          	sw	a5,1116(a4) # 2000045c <SystemClock>
    3f00:	a039                	j	3f0e <SystemCoreClockUpdate+0x86>
    3f02:	6519                	lui	a0,0x6
    3f04:	04a60663          	beq	a2,a0,3f50 <SystemCoreClockUpdate+0xc8>
    3f08:	6531                	lui	a0,0xc
    3f0a:	04a60863          	beq	a2,a0,3f5a <SystemCoreClockUpdate+0xd2>
    3f0e:	45c72783          	lw	a5,1116(a4)
    3f12:	02d7d7b3          	divu	a5,a5,a3
    3f16:	44f72e23          	sw	a5,1116(a4)
    3f1a:	40021737          	lui	a4,0x40021
    3f1e:	4354                	lw	a3,4(a4)
    3f20:	6721                	lui	a4,0x8
    3f22:	ab870713          	addi	a4,a4,-1352 # 7ab8 <HBPrescTable>
    3f26:	8291                	srli	a3,a3,0x4
    3f28:	8abd                	andi	a3,a3,15
    3f2a:	9736                	add	a4,a4,a3
    3f2c:	2318                	lbu	a4,0(a4)
    3f2e:	00e7d7b3          	srl	a5,a5,a4
    3f32:	20000737          	lui	a4,0x20000
    3f36:	44f72c23          	sw	a5,1112(a4) # 20000458 <SystemCoreClock>
    3f3a:	86f1a423          	sw	a5,-1944(gp) # 200004c0 <HCLKClock>
    3f3e:	8082                	ret
    3f40:	1dcd67b7          	lui	a5,0x1dcd6
    3f44:	50078793          	addi	a5,a5,1280 # 1dcd6500 <_data_lma+0x1dccdd08>
    3f48:	bf55                	j	3efc <SystemCoreClockUpdate+0x74>
    3f4a:	1312d7b7          	lui	a5,0x1312d
    3f4e:	b77d                	j	3efc <SystemCoreClockUpdate+0x74>
    3f50:	13d937b7          	lui	a5,0x13d93
    3f54:	d4078793          	addi	a5,a5,-704 # 13d92d40 <_data_lma+0x13d8a548>
    3f58:	b755                	j	3efc <SystemCoreClockUpdate+0x74>
    3f5a:	00f89613          	slli	a2,a7,0xf
    3f5e:	00064c63          	bltz	a2,3f76 <SystemCoreClockUpdate+0xee>
    3f62:	01313637          	lui	a2,0x1313
    3f66:	d0060613          	addi	a2,a2,-768 # 1312d00 <_data_lma+0x130a508>
    3f6a:	02c787b3          	mul	a5,a5,a2
    3f6e:	0585                	addi	a1,a1,1
    3f70:	02b7d7b3          	divu	a5,a5,a1
    3f74:	b761                	j	3efc <SystemCoreClockUpdate+0x74>
    3f76:	017d8637          	lui	a2,0x17d8
    3f7a:	84060613          	addi	a2,a2,-1984 # 17d7840 <_data_lma+0x17cf048>
    3f7e:	b7f5                	j	3f6a <SystemCoreClockUpdate+0xe2>

00003f80 <ADC1_2_IRQHandler>:
    3f80:	a001                	j	3f80 <ADC1_2_IRQHandler>

00003f82 <handle_reset>:
    3f82:	1fffd197          	auipc	gp,0x1fffd
    3f86:	cd618193          	addi	gp,gp,-810 # 20000c58 <__global_pointer$>
    3f8a:	2001e117          	auipc	sp,0x2001e
    3f8e:	07610113          	addi	sp,sp,118 # 20022000 <_eusrstack>
    3f92:	00005517          	auipc	a0,0x5
    3f96:	86650513          	addi	a0,a0,-1946 # 87f8 <_data_lma>
    3f9a:	1fffc597          	auipc	a1,0x1fffc
    3f9e:	46658593          	addi	a1,a1,1126 # 20000400 <_impure_data>
    3fa2:	1fffc617          	auipc	a2,0x1fffc
    3fa6:	4da60613          	addi	a2,a2,1242 # 2000047c <block_size>
    3faa:	00c5fa63          	bgeu	a1,a2,3fbe <handle_reset+0x3c>
    3fae:	00052283          	lw	t0,0(a0)
    3fb2:	0055a023          	sw	t0,0(a1)
    3fb6:	0511                	addi	a0,a0,4
    3fb8:	0591                	addi	a1,a1,4
    3fba:	fec5eae3          	bltu	a1,a2,3fae <handle_reset+0x2c>
    3fbe:	82418513          	addi	a0,gp,-2012 # 2000047c <block_size>
    3fc2:	1fffd597          	auipc	a1,0x1fffd
    3fc6:	56258593          	addi	a1,a1,1378 # 20001524 <_ebss>
    3fca:	00b57763          	bgeu	a0,a1,3fd8 <handle_reset+0x56>
    3fce:	00052023          	sw	zero,0(a0)
    3fd2:	0511                	addi	a0,a0,4
    3fd4:	feb56de3          	bltu	a0,a1,3fce <handle_reset+0x4c>
    3fd8:	10000293          	li	t0,256
    3fdc:	8052b073          	csrc	0x805,t0
    3fe0:	02100293          	li	t0,33
    3fe4:	bc029073          	csrw	0xbc0,t0
    3fe8:	4285                	li	t0,1
    3fea:	bc129073          	csrw	0xbc1,t0
    3fee:	429d                	li	t0,7
    3ff0:	80429073          	csrw	0x804,t0
    3ff4:	68800293          	li	t0,1672
    3ff8:	30029073          	csrw	mstatus,t0
    3ffc:	ffffc297          	auipc	t0,0xffffc
    4000:	00428293          	addi	t0,t0,4 # 0 <_sinit>
    4004:	0032e293          	ori	t0,t0,3
    4008:	30529073          	csrw	mtvec,t0
    400c:	d63ff0ef          	jal	3d6e <SystemInit>
    4010:	00000297          	auipc	t0,0x0
    4014:	ad428293          	addi	t0,t0,-1324 # 3ae4 <main>
    4018:	34129073          	csrw	mepc,t0
    401c:	30200073          	mret

00004020 <DAC_Init>:
    4020:	400076b7          	lui	a3,0x40007
    4024:	40068693          	addi	a3,a3,1024 # 40007400 <_eusrstack+0x1ffe5400>
    4028:	429c                	lw	a5,0(a3)
    402a:	6705                	lui	a4,0x1
    402c:	1779                	addi	a4,a4,-2 # ffe <mount_volume.isra.0+0x28e>
    402e:	00a71733          	sll	a4,a4,a0
    4032:	41d0                	lw	a2,4(a1)
    4034:	40e7f733          	andn	a4,a5,a4
    4038:	419c                	lw	a5,0(a1)
    403a:	8fd1                	or	a5,a5,a2
    403c:	4590                	lw	a2,8(a1)
    403e:	8fd1                	or	a5,a5,a2
    4040:	45d0                	lw	a2,12(a1)
    4042:	8fd1                	or	a5,a5,a2
    4044:	00a797b3          	sll	a5,a5,a0
    4048:	8fd9                	or	a5,a5,a4
    404a:	c29c                	sw	a5,0(a3)
    404c:	8082                	ret

0000404e <DAC_Cmd>:
    404e:	400077b7          	lui	a5,0x40007
    4052:	40078793          	addi	a5,a5,1024 # 40007400 <_eusrstack+0x1ffe5400>
    4056:	4398                	lw	a4,0(a5)
    4058:	c589                	beqz	a1,4062 <DAC_Cmd+0x14>
    405a:	28a71733          	bset	a4,a4,a0
    405e:	c398                	sw	a4,0(a5)
    4060:	8082                	ret
    4062:	48a71733          	bclr	a4,a4,a0
    4066:	bfe5                	j	405e <DAC_Cmd+0x10>

00004068 <DAC_DMACmd>:
    4068:	6785                	lui	a5,0x1
    406a:	00a79533          	sll	a0,a5,a0
    406e:	400077b7          	lui	a5,0x40007
    4072:	40078793          	addi	a5,a5,1024 # 40007400 <_eusrstack+0x1ffe5400>
    4076:	4398                	lw	a4,0(a5)
    4078:	c581                	beqz	a1,4080 <DAC_DMACmd+0x18>
    407a:	8f49                	or	a4,a4,a0
    407c:	c398                	sw	a4,0(a5)
    407e:	8082                	ret
    4080:	40a77533          	andn	a0,a4,a0
    4084:	c388                	sw	a0,0(a5)
    4086:	8082                	ret

00004088 <DAC_SetChannel1Data>:
    4088:	1141                	addi	sp,sp,-16
    408a:	400077b7          	lui	a5,0x40007
    408e:	c602                	sw	zero,12(sp)
    4090:	40078793          	addi	a5,a5,1024 # 40007400 <_eusrstack+0x1ffe5400>
    4094:	c63e                	sw	a5,12(sp)
    4096:	47b2                	lw	a5,12(sp)
    4098:	07a1                	addi	a5,a5,8
    409a:	97aa                	add	a5,a5,a0
    409c:	c63e                	sw	a5,12(sp)
    409e:	47b2                	lw	a5,12(sp)
    40a0:	c38c                	sw	a1,0(a5)
    40a2:	0141                	addi	sp,sp,16
    40a4:	8082                	ret

000040a6 <DBGMCU_GetCHIPID>:
    40a6:	1ffff7b7          	lui	a5,0x1ffff
    40aa:	7047a503          	lw	a0,1796(a5) # 1ffff704 <_data_lma+0x1fff6f0c>
    40ae:	8082                	ret

000040b0 <DMA_Init>:
    40b0:	4118                	lw	a4,0(a0)
    40b2:	77e1                	lui	a5,0xffff8
    40b4:	07bd                	addi	a5,a5,15 # ffff800f <_eusrstack+0xdffd600f>
    40b6:	5194                	lw	a3,32(a1)
    40b8:	8f7d                	and	a4,a4,a5
    40ba:	459c                	lw	a5,8(a1)
    40bc:	8fd5                	or	a5,a5,a3
    40be:	4994                	lw	a3,16(a1)
    40c0:	8fd5                	or	a5,a5,a3
    40c2:	49d4                	lw	a3,20(a1)
    40c4:	8fd5                	or	a5,a5,a3
    40c6:	4d94                	lw	a3,24(a1)
    40c8:	8fd5                	or	a5,a5,a3
    40ca:	4dd4                	lw	a3,28(a1)
    40cc:	8fd5                	or	a5,a5,a3
    40ce:	51d4                	lw	a3,36(a1)
    40d0:	8fd5                	or	a5,a5,a3
    40d2:	5594                	lw	a3,40(a1)
    40d4:	8fd5                	or	a5,a5,a3
    40d6:	8fd9                	or	a5,a5,a4
    40d8:	c11c                	sw	a5,0(a0)
    40da:	45dc                	lw	a5,12(a1)
    40dc:	c15c                	sw	a5,4(a0)
    40de:	419c                	lw	a5,0(a1)
    40e0:	c51c                	sw	a5,8(a0)
    40e2:	41dc                	lw	a5,4(a1)
    40e4:	c55c                	sw	a5,12(a0)
    40e6:	8082                	ret

000040e8 <DMA_StructInit>:
    40e8:	00052023          	sw	zero,0(a0)
    40ec:	00052223          	sw	zero,4(a0)
    40f0:	00052423          	sw	zero,8(a0)
    40f4:	00052623          	sw	zero,12(a0)
    40f8:	00052823          	sw	zero,16(a0)
    40fc:	00052a23          	sw	zero,20(a0)
    4100:	00052c23          	sw	zero,24(a0)
    4104:	00052e23          	sw	zero,28(a0)
    4108:	02052023          	sw	zero,32(a0)
    410c:	02052223          	sw	zero,36(a0)
    4110:	02052423          	sw	zero,40(a0)
    4114:	8082                	ret

00004116 <DMA_Cmd>:
    4116:	411c                	lw	a5,0(a0)
    4118:	c589                	beqz	a1,4122 <DMA_Cmd+0xc>
    411a:	0017e793          	ori	a5,a5,1
    411e:	c11c                	sw	a5,0(a0)
    4120:	8082                	ret
    4122:	6741                	lui	a4,0x10
    4124:	1779                	addi	a4,a4,-2 # fffe <_data_lma+0x7806>
    4126:	8ff9                	and	a5,a5,a4
    4128:	bfdd                	j	411e <DMA_Cmd+0x8>

0000412a <GPIO_Init>:
    412a:	459c                	lw	a5,8(a1)
    412c:	0107f713          	andi	a4,a5,16
    4130:	00f7f813          	andi	a6,a5,15
    4134:	c701                	beqz	a4,413c <GPIO_Init+0x12>
    4136:	41d8                	lw	a4,4(a1)
    4138:	00e86833          	or	a6,a6,a4
    413c:	2192                	lhu	a2,0(a1)
    413e:	0ff67713          	zext.b	a4,a2
    4142:	cf1d                	beqz	a4,4180 <GPIO_Init+0x56>
    4144:	4114                	lw	a3,0(a0)
    4146:	4701                	li	a4,0
    4148:	4e3d                	li	t3,15
    414a:	02800e93          	li	t4,40
    414e:	04800f13          	li	t5,72
    4152:	4321                	li	t1,8
    4154:	48e655b3          	bext	a1,a2,a4
    4158:	28e018b3          	bset	a7,zero,a4
    415c:	cd91                	beqz	a1,4178 <GPIO_Init+0x4e>
    415e:	00271593          	slli	a1,a4,0x2
    4162:	00be1fb3          	sll	t6,t3,a1
    4166:	41f6f6b3          	andn	a3,a3,t6
    416a:	00b815b3          	sll	a1,a6,a1
    416e:	8ecd                	or	a3,a3,a1
    4170:	05d79e63          	bne	a5,t4,41cc <GPIO_Init+0xa2>
    4174:	01152a23          	sw	a7,20(a0)
    4178:	0705                	addi	a4,a4,1
    417a:	fc671de3          	bne	a4,t1,4154 <GPIO_Init+0x2a>
    417e:	c114                	sw	a3,0(a0)
    4180:	0ff00713          	li	a4,255
    4184:	04c77363          	bgeu	a4,a2,41ca <GPIO_Init+0xa0>
    4188:	4158                	lw	a4,4(a0)
    418a:	4681                	li	a3,0
    418c:	4e3d                	li	t3,15
    418e:	02800e93          	li	t4,40
    4192:	04800f13          	li	t5,72
    4196:	4321                	li	t1,8
    4198:	00868593          	addi	a1,a3,8
    419c:	48b65fb3          	bext	t6,a2,a1
    41a0:	28b018b3          	bset	a7,zero,a1
    41a4:	000f8f63          	beqz	t6,41c2 <GPIO_Init+0x98>
    41a8:	00269593          	slli	a1,a3,0x2
    41ac:	00be1fb3          	sll	t6,t3,a1
    41b0:	41f77733          	andn	a4,a4,t6
    41b4:	00b815b3          	sll	a1,a6,a1
    41b8:	8f4d                	or	a4,a4,a1
    41ba:	01d79e63          	bne	a5,t4,41d6 <GPIO_Init+0xac>
    41be:	01152a23          	sw	a7,20(a0)
    41c2:	0685                	addi	a3,a3,1
    41c4:	fc669ae3          	bne	a3,t1,4198 <GPIO_Init+0x6e>
    41c8:	c158                	sw	a4,4(a0)
    41ca:	8082                	ret
    41cc:	fbe796e3          	bne	a5,t5,4178 <GPIO_Init+0x4e>
    41d0:	01152823          	sw	a7,16(a0)
    41d4:	b755                	j	4178 <GPIO_Init+0x4e>
    41d6:	ffe796e3          	bne	a5,t5,41c2 <GPIO_Init+0x98>
    41da:	01152823          	sw	a7,16(a0)
    41de:	b7d5                	j	41c2 <GPIO_Init+0x98>

000041e0 <GPIO_SetBits>:
    41e0:	c90c                	sw	a1,16(a0)
    41e2:	8082                	ret

000041e4 <GPIO_ResetBits>:
    41e4:	c94c                	sw	a1,20(a0)
    41e6:	8082                	ret

000041e8 <GPIO_IPD_Unused>:
    41e8:	fedfb2ef          	jal	t0,1d4 <__riscv_save_0>
    41ec:	1141                	addi	sp,sp,-16
    41ee:	4585                	li	a1,1
    41f0:	07c00513          	li	a0,124
    41f4:	c202                	sw	zero,4(sp)
    41f6:	c402                	sw	zero,8(sp)
    41f8:	c602                	sw	zero,12(sp)
    41fa:	24dd                	jal	44e0 <RCC_PB2PeriphClockCmd>
    41fc:	1ffff7b7          	lui	a5,0x1ffff
    4200:	7047a783          	lw	a5,1796(a5) # 1ffff704 <_data_lma+0x1fff6f0c>
    4204:	46730737          	lui	a4,0x46730
    4208:	f0f7f793          	andi	a5,a5,-241
    420c:	10e78163          	beq	a5,a4,430e <GPIO_IPD_Unused+0x126>
    4210:	00f76f63          	bltu	a4,a5,422e <GPIO_IPD_Unused+0x46>
    4214:	46710737          	lui	a4,0x46710
    4218:	0705                	addi	a4,a4,1 # 46710001 <_eusrstack+0x266ee001>
    421a:	0ae78563          	beq	a5,a4,42c4 <GPIO_IPD_Unused+0xdc>
    421e:	46720737          	lui	a4,0x46720
    4222:	0709                	addi	a4,a4,2 # 46720002 <_eusrstack+0x266fe002>
    4224:	04e78663          	beq	a5,a4,4270 <GPIO_IPD_Unused+0x88>
    4228:	0141                	addi	sp,sp,16
    422a:	fd3fb06f          	j	1fc <__riscv_restore_0>
    422e:	46740737          	lui	a4,0x46740
    4232:	0705                	addi	a4,a4,1 # 46740001 <_eusrstack+0x2671e001>
    4234:	0ce78063          	beq	a5,a4,42f4 <GPIO_IPD_Unused+0x10c>
    4238:	46750737          	lui	a4,0x46750
    423c:	0709                	addi	a4,a4,2 # 46750002 <_eusrstack+0x2672e002>
    423e:	fee795e3          	bne	a5,a4,4228 <GPIO_IPD_Unused+0x40>
    4242:	4791                	li	a5,4
    4244:	40011537          	lui	a0,0x40011
    4248:	827c                	sh	a5,4(sp)
    424a:	004c                	addi	a1,sp,4
    424c:	02800793          	li	a5,40
    4250:	c0050513          	addi	a0,a0,-1024 # 40010c00 <_eusrstack+0x1ffeec00>
    4254:	c63e                	sw	a5,12(sp)
    4256:	ed5ff0ef          	jal	412a <GPIO_Init>
    425a:	3c000793          	li	a5,960
    425e:	004c                	addi	a1,sp,4
    4260:	40011537          	lui	a0,0x40011
    4264:	827c                	sh	a5,4(sp)
    4266:	ec5ff0ef          	jal	412a <GPIO_Init>
    426a:	6791                	lui	a5,0x4
    426c:	17ed                	addi	a5,a5,-5 # 3ffb <handle_reset+0x79>
    426e:	a805                	j	429e <GPIO_IPD_Unused+0xb6>
    4270:	4791                	li	a5,4
    4272:	40011537          	lui	a0,0x40011
    4276:	827c                	sh	a5,4(sp)
    4278:	004c                	addi	a1,sp,4
    427a:	02800793          	li	a5,40
    427e:	c0050513          	addi	a0,a0,-1024 # 40010c00 <_eusrstack+0x1ffeec00>
    4282:	c63e                	sw	a5,12(sp)
    4284:	ea7ff0ef          	jal	412a <GPIO_Init>
    4288:	3c000793          	li	a5,960
    428c:	004c                	addi	a1,sp,4
    428e:	40011537          	lui	a0,0x40011
    4292:	827c                	sh	a5,4(sp)
    4294:	e97ff0ef          	jal	412a <GPIO_Init>
    4298:	6791                	lui	a5,0x4
    429a:	efb78793          	addi	a5,a5,-261 # 3efb <SystemCoreClockUpdate+0x73>
    429e:	40011537          	lui	a0,0x40011
    42a2:	004c                	addi	a1,sp,4
    42a4:	40050513          	addi	a0,a0,1024 # 40011400 <_eusrstack+0x1ffef400>
    42a8:	827c                	sh	a5,4(sp)
    42aa:	e81ff0ef          	jal	412a <GPIO_Init>
    42ae:	6789                	lui	a5,0x2
    42b0:	17fd                	addi	a5,a5,-1 # 1fff <scsi_read_capacity10_once+0x77>
    42b2:	827c                	sh	a5,4(sp)
    42b4:	40012537          	lui	a0,0x40012
    42b8:	004c                	addi	a1,sp,4
    42ba:	80050513          	addi	a0,a0,-2048 # 40011800 <_eusrstack+0x1ffef800>
    42be:	e6dff0ef          	jal	412a <GPIO_Init>
    42c2:	b79d                	j	4228 <GPIO_IPD_Unused+0x40>
    42c4:	3c000793          	li	a5,960
    42c8:	827c                	sh	a5,4(sp)
    42ca:	004c                	addi	a1,sp,4
    42cc:	02800793          	li	a5,40
    42d0:	40011537          	lui	a0,0x40011
    42d4:	c63e                	sw	a5,12(sp)
    42d6:	e55ff0ef          	jal	412a <GPIO_Init>
    42da:	efb00793          	li	a5,-261
    42de:	40011537          	lui	a0,0x40011
    42e2:	004c                	addi	a1,sp,4
    42e4:	40050513          	addi	a0,a0,1024 # 40011400 <_eusrstack+0x1ffef400>
    42e8:	827c                	sh	a5,4(sp)
    42ea:	e41ff0ef          	jal	412a <GPIO_Init>
    42ee:	0fc00793          	li	a5,252
    42f2:	b7c1                	j	42b2 <GPIO_IPD_Unused+0xca>
    42f4:	3c000793          	li	a5,960
    42f8:	827c                	sh	a5,4(sp)
    42fa:	004c                	addi	a1,sp,4
    42fc:	02800793          	li	a5,40
    4300:	40011537          	lui	a0,0x40011
    4304:	c63e                	sw	a5,12(sp)
    4306:	e25ff0ef          	jal	412a <GPIO_Init>
    430a:	57ed                	li	a5,-5
    430c:	bfc9                	j	42de <GPIO_IPD_Unused+0xf6>
    430e:	08000793          	li	a5,128
    4312:	827c                	sh	a5,4(sp)
    4314:	02800793          	li	a5,40
    4318:	c63e                	sw	a5,12(sp)
    431a:	bf69                	j	42b4 <GPIO_IPD_Unused+0xcc>

0000431c <PSRAMDMASet>:
    431c:	40024737          	lui	a4,0x40024
    4320:	40070713          	addi	a4,a4,1024 # 40024400 <_eusrstack+0x20002400>
    4324:	d308                	sw	a0,32(a4)
    4326:	d34c                	sw	a1,36(a4)
    4328:	4a1c                	lw	a5,16(a2)
    432a:	cf5c                	sw	a5,28(a4)
    432c:	421c                	lw	a5,0(a2)
    432e:	4614                	lw	a3,8(a2)
    4330:	0792                	slli	a5,a5,0x4
    4332:	06c2                	slli	a3,a3,0x10
    4334:	8fd5                	or	a5,a5,a3
    4336:	4254                	lw	a3,4(a2)
    4338:	8fd5                	or	a5,a5,a3
    433a:	4654                	lw	a3,12(a2)
    433c:	06d2                	slli	a3,a3,0x14
    433e:	8fd5                	or	a5,a5,a3
    4340:	cf1c                	sw	a5,24(a4)
    4342:	8082                	ret

00004344 <PSRAM_DMA_Cmd>:
    4344:	400247b7          	lui	a5,0x40024
    4348:	40078793          	addi	a5,a5,1024 # 40024400 <_eusrstack+0x20002400>
    434c:	4f98                	lw	a4,24(a5)
    434e:	c509                	beqz	a0,4358 <PSRAM_DMA_Cmd+0x14>
    4350:	00176713          	ori	a4,a4,1
    4354:	cf98                	sw	a4,24(a5)
    4356:	8082                	ret
    4358:	9b79                	andi	a4,a4,-2
    435a:	bfed                	j	4354 <PSRAM_DMA_Cmd+0x10>

0000435c <PSRAM_ClearITPendingBit>:
    435c:	400247b7          	lui	a5,0x40024
    4360:	40078793          	addi	a5,a5,1024 # 40024400 <_eusrstack+0x20002400>
    4364:	d788                	sw	a0,40(a5)
    4366:	8082                	ret

00004368 <PWR_VDD18LevelConfig>:
    4368:	400247b7          	lui	a5,0x40024
    436c:	80078793          	addi	a5,a5,-2048 # 40023800 <_eusrstack+0x20001800>
    4370:	4398                	lw	a4,0(a5)
    4372:	48c71713          	bclri	a4,a4,0xc
    4376:	c398                	sw	a4,0(a5)
    4378:	4398                	lw	a4,0(a5)
    437a:	8f49                	or	a4,a4,a0
    437c:	c398                	sw	a4,0(a5)
    437e:	8082                	ret

00004380 <RCC_GetClocksFreq>:
    4380:	400216b7          	lui	a3,0x40021
    4384:	42d0                	lw	a2,4(a3)
    4386:	56d8                	lw	a4,44(a3)
    4388:	017d87b7          	lui	a5,0x17d8
    438c:	8a31                	andi	a2,a2,12
    438e:	4591                	li	a1,4
    4390:	84078793          	addi	a5,a5,-1984 # 17d7840 <_data_lma+0x17cf048>
    4394:	06b60a63          	beq	a2,a1,4408 <RCC_GetClocksFreq+0x88>
    4398:	013137b7          	lui	a5,0x1313
    439c:	45a1                	li	a1,8
    439e:	d0078793          	addi	a5,a5,-768 # 1312d00 <_data_lma+0x130a508>
    43a2:	06b61363          	bne	a2,a1,4408 <RCC_GetClocksFreq+0x88>
    43a6:	67b9                	lui	a5,0xe
    43a8:	0046a883          	lw	a7,4(a3) # 40021004 <_eusrstack+0x1ffff004>
    43ac:	8f7d                	and	a4,a4,a5
    43ae:	56dc                	lw	a5,44(a3)
    43b0:	42d0                	lw	a2,4(a3)
    43b2:	4339                	li	t1,14
    43b4:	83a1                	srli	a5,a5,0x8
    43b6:	8b9d                	andi	a5,a5,7
    43b8:	00178813          	addi	a6,a5,1 # e001 <_data_lma+0x5809>
    43bc:	8245                	srli	a2,a2,0x11
    43be:	67a1                	lui	a5,0x8
    43c0:	01f67693          	andi	a3,a2,31
    43c4:	ac878793          	addi	a5,a5,-1336 # 7ac8 <PLLMULTB>
    43c8:	97b6                	add	a5,a5,a3
    43ca:	239c                	lbu	a5,0(a5)
    43cc:	ffb68593          	addi	a1,a3,-5
    43d0:	4681                	li	a3,0
    43d2:	0ff7f793          	zext.b	a5,a5
    43d6:	00b36463          	bltu	t1,a1,43de <RCC_GetClocksFreq+0x5e>
    43da:	00167693          	andi	a3,a2,1
    43de:	6611                	lui	a2,0x4
    43e0:	0ac70a63          	beq	a4,a2,4494 <RCC_GetClocksFreq+0x114>
    43e4:	00e66963          	bltu	a2,a4,43f6 <RCC_GetClocksFreq+0x76>
    43e8:	e34d                	bnez	a4,448a <RCC_GetClocksFreq+0x10a>
    43ea:	1c9c47b7          	lui	a5,0x1c9c4
    43ee:	80078793          	addi	a5,a5,-2048 # 1c9c3800 <_data_lma+0x1c9bb008>
    43f2:	c11c                	sw	a5,0(a0)
    43f4:	a039                	j	4402 <RCC_GetClocksFreq+0x82>
    43f6:	6619                	lui	a2,0x6
    43f8:	0ac70163          	beq	a4,a2,449a <RCC_GetClocksFreq+0x11a>
    43fc:	6631                	lui	a2,0xc
    43fe:	0ac70363          	beq	a4,a2,44a4 <RCC_GetClocksFreq+0x124>
    4402:	411c                	lw	a5,0(a0)
    4404:	0307d7b3          	divu	a5,a5,a6
    4408:	c11c                	sw	a5,0(a0)
    440a:	40021637          	lui	a2,0x40021
    440e:	4254                	lw	a3,4(a2)
    4410:	6721                	lui	a4,0x8
    4412:	ae870713          	addi	a4,a4,-1304 # 7ae8 <HBPrescTable>
    4416:	8291                	srli	a3,a3,0x4
    4418:	8abd                	andi	a3,a3,15
    441a:	9736                	add	a4,a4,a3
    441c:	2318                	lbu	a4,0(a4)
    441e:	00e7d7b3          	srl	a5,a5,a4
    4422:	c15c                	sw	a5,4(a0)
    4424:	4254                	lw	a3,4(a2)
    4426:	81c18713          	addi	a4,gp,-2020 # 20000474 <PBPrescTable>
    442a:	82a1                	srli	a3,a3,0x8
    442c:	8a9d                	andi	a3,a3,7
    442e:	96ba                	add	a3,a3,a4
    4430:	2294                	lbu	a3,0(a3)
    4432:	00d7d6b3          	srl	a3,a5,a3
    4436:	c514                	sw	a3,8(a0)
    4438:	4254                	lw	a3,4(a2)
    443a:	82ad                	srli	a3,a3,0xb
    443c:	8a9d                	andi	a3,a3,7
    443e:	96ba                	add	a3,a3,a4
    4440:	2294                	lbu	a3,0(a3)
    4442:	00d7d6b3          	srl	a3,a5,a3
    4446:	c554                	sw	a3,12(a0)
    4448:	4254                	lw	a3,4(a2)
    444a:	00369593          	slli	a1,a3,0x3
    444e:	0005da63          	bgez	a1,4462 <RCC_GetClocksFreq+0xe2>
    4452:	5a14                	lw	a3,48(a2)
    4454:	1c9c47b7          	lui	a5,0x1c9c4
    4458:	80078793          	addi	a5,a5,-2048 # 1c9c3800 <_data_lma+0x1c9bb008>
    445c:	0685                	addi	a3,a3,1
    445e:	02d7d7b3          	divu	a5,a5,a3
    4462:	40021637          	lui	a2,0x40021
    4466:	4254                	lw	a3,4(a2)
    4468:	82ad                	srli	a3,a3,0xb
    446a:	8a9d                	andi	a3,a3,7
    446c:	9736                	add	a4,a4,a3
    446e:	230c                	lbu	a1,0(a4)
    4470:	4258                	lw	a4,4(a2)
    4472:	81818693          	addi	a3,gp,-2024 # 20000470 <ADCPrescTable>
    4476:	8339                	srli	a4,a4,0xe
    4478:	8b0d                	andi	a4,a4,3
    447a:	9736                	add	a4,a4,a3
    447c:	2318                	lbu	a4,0(a4)
    447e:	00b7d7b3          	srl	a5,a5,a1
    4482:	02e7d7b3          	divu	a5,a5,a4
    4486:	c91c                	sw	a5,16(a0)
    4488:	8082                	ret
    448a:	1dcd67b7          	lui	a5,0x1dcd6
    448e:	50078793          	addi	a5,a5,1280 # 1dcd6500 <_data_lma+0x1dccdd08>
    4492:	b785                	j	43f2 <RCC_GetClocksFreq+0x72>
    4494:	1312d7b7          	lui	a5,0x1312d
    4498:	bfa9                	j	43f2 <RCC_GetClocksFreq+0x72>
    449a:	13d937b7          	lui	a5,0x13d93
    449e:	d4078793          	addi	a5,a5,-704 # 13d92d40 <_data_lma+0x13d8a548>
    44a2:	bf81                	j	43f2 <RCC_GetClocksFreq+0x72>
    44a4:	00f89713          	slli	a4,a7,0xf
    44a8:	00074c63          	bltz	a4,44c0 <RCC_GetClocksFreq+0x140>
    44ac:	01313737          	lui	a4,0x1313
    44b0:	d0070713          	addi	a4,a4,-768 # 1312d00 <_data_lma+0x130a508>
    44b4:	02e787b3          	mul	a5,a5,a4
    44b8:	0685                	addi	a3,a3,1
    44ba:	02d7d7b3          	divu	a5,a5,a3
    44be:	bf15                	j	43f2 <RCC_GetClocksFreq+0x72>
    44c0:	017d8737          	lui	a4,0x17d8
    44c4:	84070713          	addi	a4,a4,-1984 # 17d7840 <_data_lma+0x17cf048>
    44c8:	b7f5                	j	44b4 <RCC_GetClocksFreq+0x134>

000044ca <RCC_HBPeriphClockCmd>:
    44ca:	400217b7          	lui	a5,0x40021
    44ce:	4bd8                	lw	a4,20(a5)
    44d0:	c581                	beqz	a1,44d8 <RCC_HBPeriphClockCmd+0xe>
    44d2:	8f49                	or	a4,a4,a0
    44d4:	cbd8                	sw	a4,20(a5)
    44d6:	8082                	ret
    44d8:	40a77533          	andn	a0,a4,a0
    44dc:	cbc8                	sw	a0,20(a5)
    44de:	8082                	ret

000044e0 <RCC_PB2PeriphClockCmd>:
    44e0:	400217b7          	lui	a5,0x40021
    44e4:	4f98                	lw	a4,24(a5)
    44e6:	c581                	beqz	a1,44ee <RCC_PB2PeriphClockCmd+0xe>
    44e8:	8f49                	or	a4,a4,a0
    44ea:	cf98                	sw	a4,24(a5)
    44ec:	8082                	ret
    44ee:	40a77533          	andn	a0,a4,a0
    44f2:	cf88                	sw	a0,24(a5)
    44f4:	8082                	ret

000044f6 <RCC_PB1PeriphClockCmd>:
    44f6:	400217b7          	lui	a5,0x40021
    44fa:	4fd8                	lw	a4,28(a5)
    44fc:	c581                	beqz	a1,4504 <RCC_PB1PeriphClockCmd+0xe>
    44fe:	8f49                	or	a4,a4,a0
    4500:	cfd8                	sw	a4,28(a5)
    4502:	8082                	ret
    4504:	40a77533          	andn	a0,a4,a0
    4508:	cfc8                	sw	a0,28(a5)
    450a:	8082                	ret

0000450c <RCC_UTMI1cmd>:
    450c:	400217b7          	lui	a5,0x40021
    4510:	57d8                	lw	a4,44(a5)
    4512:	c509                	beqz	a0,451c <RCC_UTMI1cmd+0x10>
    4514:	29e71713          	bseti	a4,a4,0x1e
    4518:	d7d8                	sw	a4,44(a5)
    451a:	8082                	ret
    451c:	49e71713          	bclri	a4,a4,0x1e
    4520:	bfe5                	j	4518 <RCC_UTMI1cmd+0xc>

00004522 <TIM_TimeBaseInit>:
    4522:	bffed637          	lui	a2,0xbffed
    4526:	40060613          	addi	a2,a2,1024 # bffed400 <_eusrstack+0x9ffcb400>
    452a:	c00006b7          	lui	a3,0xc0000
    452e:	c0000737          	lui	a4,0xc0000
    4532:	962a                	add	a2,a2,a0
    4534:	96aa                	add	a3,a3,a0
    4536:	c0070713          	addi	a4,a4,-1024 # bffffc00 <_eusrstack+0x9ffddc00>
    453a:	00163613          	seqz	a2,a2
    453e:	0016b693          	seqz	a3,a3
    4542:	972a                	add	a4,a4,a0
    4544:	8ed1                	or	a3,a3,a2
    4546:	00173713          	seqz	a4,a4
    454a:	8f55                	or	a4,a4,a3
    454c:	c00006b7          	lui	a3,0xc0000
    4550:	80068693          	addi	a3,a3,-2048 # bffff800 <_eusrstack+0x9ffdd800>
    4554:	96aa                	add	a3,a3,a0
    4556:	0016b693          	seqz	a3,a3
    455a:	8ed9                	or	a3,a3,a4
    455c:	bffff737          	lui	a4,0xbffff
    4560:	40070713          	addi	a4,a4,1024 # bffff400 <_eusrstack+0x9ffdd400>
    4564:	972a                	add	a4,a4,a0
    4566:	bffed837          	lui	a6,0xbffed
    456a:	00173713          	seqz	a4,a4
    456e:	211e                	lhu	a5,0(a0)
    4570:	c0080813          	addi	a6,a6,-1024 # bffecc00 <_eusrstack+0x9ffcac00>
    4574:	8f55                	or	a4,a4,a3
    4576:	982a                	add	a6,a6,a0
    4578:	e319                	bnez	a4,457e <TIM_TimeBaseInit+0x5c>
    457a:	00081663          	bnez	a6,4586 <TIM_TimeBaseInit+0x64>
    457e:	21ba                	lhu	a4,2(a1)
    4580:	f8f7f793          	andi	a5,a5,-113
    4584:	8fd9                	or	a5,a5,a4
    4586:	bffff737          	lui	a4,0xbffff
    458a:	c0070713          	addi	a4,a4,-1024 # bfffec00 <_eusrstack+0x9ffdcc00>
    458e:	972a                	add	a4,a4,a0
    4590:	cb09                	beqz	a4,45a2 <TIM_TimeBaseInit+0x80>
    4592:	bffff737          	lui	a4,0xbffff
    4596:	972a                	add	a4,a4,a0
    4598:	c709                	beqz	a4,45a2 <TIM_TimeBaseInit+0x80>
    459a:	21fa                	lhu	a4,6(a1)
    459c:	cff7f793          	andi	a5,a5,-769
    45a0:	8fd9                	or	a5,a5,a4
    45a2:	a11e                	sh	a5,0(a0)
    45a4:	21de                	lhu	a5,4(a1)
    45a6:	b55e                	sh	a5,44(a0)
    45a8:	219e                	lhu	a5,0(a1)
    45aa:	b51e                	sh	a5,40(a0)
    45ac:	e219                	bnez	a2,45b2 <TIM_TimeBaseInit+0x90>
    45ae:	00081463          	bnez	a6,45b6 <TIM_TimeBaseInit+0x94>
    45b2:	259c                	lbu	a5,8(a1)
    45b4:	b91e                	sh	a5,48(a0)
    45b6:	4785                	li	a5,1
    45b8:	a95e                	sh	a5,20(a0)
    45ba:	8082                	ret

000045bc <TIM_Cmd>:
    45bc:	211e                	lhu	a5,0(a0)
    45be:	c589                	beqz	a1,45c8 <TIM_Cmd+0xc>
    45c0:	0017e793          	ori	a5,a5,1
    45c4:	a11e                	sh	a5,0(a0)
    45c6:	8082                	ret
    45c8:	6741                	lui	a4,0x10
    45ca:	1779                	addi	a4,a4,-2 # fffe <_data_lma+0x7806>
    45cc:	8ff9                	and	a5,a5,a4
    45ce:	bfdd                	j	45c4 <TIM_Cmd+0x8>

000045d0 <TIM_ITConfig>:
    45d0:	255e                	lhu	a5,12(a0)
    45d2:	c601                	beqz	a2,45da <TIM_ITConfig+0xa>
    45d4:	8fcd                	or	a5,a5,a1
    45d6:	a55e                	sh	a5,12(a0)
    45d8:	8082                	ret
    45da:	40b7f5b3          	andn	a1,a5,a1
    45de:	a54e                	sh	a1,12(a0)
    45e0:	8082                	ret

000045e2 <TIM_SelectOutputTrigger>:
    45e2:	215e                	lhu	a5,4(a0)
    45e4:	6741                	lui	a4,0x10
    45e6:	f8f70713          	addi	a4,a4,-113 # ff8f <_data_lma+0x7797>
    45ea:	8ff9                	and	a5,a5,a4
    45ec:	a15e                	sh	a5,4(a0)
    45ee:	215e                	lhu	a5,4(a0)
    45f0:	8fcd                	or	a5,a5,a1
    45f2:	a15e                	sh	a5,4(a0)
    45f4:	8082                	ret

000045f6 <TIM_GetITStatus>:
    45f6:	291e                	lhu	a5,16(a0)
    45f8:	254a                	lhu	a0,12(a0)
    45fa:	8fed                	and	a5,a5,a1
    45fc:	8d6d                	and	a0,a0,a1
    45fe:	00f037b3          	snez	a5,a5
    4602:	00a03533          	snez	a0,a0
    4606:	8d7d                	and	a0,a0,a5
    4608:	8082                	ret

0000460a <TIM_ClearITPendingBit>:
    460a:	fff5c593          	not	a1,a1
    460e:	a90e                	sh	a1,16(a0)
    4610:	8082                	ret

00004612 <USART_Init>:
    4612:	bc3fb2ef          	jal	t0,1d4 <__riscv_save_0>
    4616:	259e                	lhu	a5,8(a1)
    4618:	673d                	lui	a4,0xf
    461a:	1101                	addi	sp,sp,-32
    461c:	8007f693          	andi	a3,a5,-2048
    4620:	48b69693          	bclri	a3,a3,0xb
    4624:	842a                	mv	s0,a0
    4626:	84ae                	mv	s1,a1
    4628:	00e69a63          	bne	a3,a4,463c <USART_Init+0x2a>
    462c:	2d5a                	lhu	a4,28(a0)
    462e:	8bb1                	andi	a5,a5,12
    4630:	9b4d                	andi	a4,a4,-13
    4632:	8fd9                	or	a5,a5,a4
    4634:	ad5e                	sh	a5,28(a0)
    4636:	00059423          	sh	zero,8(a1)
    463a:	4781                	li	a5,0
    463c:	2816                	lhu	a3,16(s0)
    463e:	20fa                	lhu	a4,6(s1)
    4640:	0068                	addi	a0,sp,12
    4642:	48c69693          	bclri	a3,a3,0xc
    4646:	48d69693          	bclri	a3,a3,0xd
    464a:	8f55                	or	a4,a4,a3
    464c:	a81a                	sh	a4,16(s0)
    464e:	2456                	lhu	a3,12(s0)
    4650:	670d                	lui	a4,0x3
    4652:	9f370713          	addi	a4,a4,-1549 # 29f3 <USB_TryEnsureMounted+0x5f>
    4656:	8ef9                	and	a3,a3,a4
    4658:	20da                	lhu	a4,4(s1)
    465a:	8f55                	or	a4,a4,a3
    465c:	24b6                	lhu	a3,10(s1)
    465e:	8f55                	or	a4,a4,a3
    4660:	8fd9                	or	a5,a5,a4
    4662:	a45e                	sh	a5,12(s0)
    4664:	285a                	lhu	a4,20(s0)
    4666:	24de                	lhu	a5,12(s1)
    4668:	cff77713          	andi	a4,a4,-769
    466c:	8fd9                	or	a5,a5,a4
    466e:	a85e                	sh	a5,20(s0)
    4670:	d11ff0ef          	jal	4380 <RCC_GetClocksFreq>
    4674:	400147b7          	lui	a5,0x40014
    4678:	80078793          	addi	a5,a5,-2048 # 40013800 <_eusrstack+0x1fff1800>
    467c:	02f41f63          	bne	s0,a5,46ba <USART_Init+0xa8>
    4680:	47e2                	lw	a5,24(sp)
    4682:	4565                	li	a0,25
    4684:	02a7b5b3          	mulhu	a1,a5,a0
    4688:	4090                	lw	a2,0(s1)
    468a:	4681                	li	a3,0
    468c:	060a                	slli	a2,a2,0x2
    468e:	02a78533          	mul	a0,a5,a0
    4692:	2c31                	jal	48ae <__udivdi3>
    4694:	06400713          	li	a4,100
    4698:	02e557b3          	divu	a5,a0,a4
    469c:	63f00693          	li	a3,1599
    46a0:	02e57533          	remu	a0,a0,a4
    46a4:	0792                	slli	a5,a5,0x4
    46a6:	0512                	slli	a0,a0,0x4
    46a8:	03250513          	addi	a0,a0,50 # 40011032 <_eusrstack+0x1ffef032>
    46ac:	00a6f963          	bgeu	a3,a0,46be <USART_Init+0xac>
    46b0:	07c1                	addi	a5,a5,16
    46b2:	a41e                	sh	a5,8(s0)
    46b4:	6105                	addi	sp,sp,32
    46b6:	b47fb06f          	j	1fc <__riscv_restore_0>
    46ba:	47d2                	lw	a5,20(sp)
    46bc:	b7d9                	j	4682 <USART_Init+0x70>
    46be:	02e55533          	divu	a0,a0,a4
    46c2:	8fc9                	or	a5,a5,a0
    46c4:	b7fd                	j	46b2 <USART_Init+0xa0>

000046c6 <USART_Cmd>:
    46c6:	255e                	lhu	a5,12(a0)
    46c8:	c589                	beqz	a1,46d2 <USART_Cmd+0xc>
    46ca:	28d79793          	bseti	a5,a5,0xd
    46ce:	a55e                	sh	a5,12(a0)
    46d0:	8082                	ret
    46d2:	6739                	lui	a4,0xe
    46d4:	177d                	addi	a4,a4,-1 # dfff <_data_lma+0x5807>
    46d6:	8ff9                	and	a5,a5,a4
    46d8:	bfdd                	j	46ce <USART_Cmd+0x8>

000046da <USART_SendData>:
    46da:	1ff5f593          	andi	a1,a1,511
    46de:	a14e                	sh	a1,4(a0)
    46e0:	8082                	ret

000046e2 <USART_ReceiveData>:
    46e2:	214a                	lhu	a0,4(a0)
    46e4:	1ff57513          	andi	a0,a0,511
    46e8:	8082                	ret

000046ea <USART_GetFlagStatus>:
    46ea:	210a                	lhu	a0,0(a0)
    46ec:	8d6d                	and	a0,a0,a1
    46ee:	00a03533          	snez	a0,a0
    46f2:	8082                	ret

000046f4 <USART_GetITStatus>:
    46f4:	0ff5f713          	zext.b	a4,a1
    46f8:	8315                	srli	a4,a4,0x5
    46fa:	4685                	li	a3,1
    46fc:	28b017b3          	bset	a5,zero,a1
    4700:	00d71c63          	bne	a4,a3,4718 <USART_GetITStatus+0x24>
    4704:	255a                	lhu	a4,12(a0)
    4706:	8ff9                	and	a5,a5,a4
    4708:	210a                	lhu	a0,0(a0)
    470a:	81a1                	srli	a1,a1,0x8
    470c:	00f037b3          	snez	a5,a5
    4710:	48b55533          	bext	a0,a0,a1
    4714:	8d7d                	and	a0,a0,a5
    4716:	8082                	ret
    4718:	4689                	li	a3,2
    471a:	00d71463          	bne	a4,a3,4722 <USART_GetITStatus+0x2e>
    471e:	291a                	lhu	a4,16(a0)
    4720:	b7dd                	j	4706 <USART_GetITStatus+0x12>
    4722:	468d                	li	a3,3
    4724:	00d71463          	bne	a4,a3,472c <USART_GetITStatus+0x38>
    4728:	295a                	lhu	a4,20(a0)
    472a:	bff1                	j	4706 <USART_GetITStatus+0x12>
    472c:	4691                	li	a3,4
    472e:	fcd71de3          	bne	a4,a3,4708 <USART_GetITStatus+0x14>
    4732:	2d5a                	lhu	a4,28(a0)
    4734:	bfc9                	j	4706 <USART_GetITStatus+0x12>

00004736 <USART_ClearITPendingBit>:
    4736:	81a1                	srli	a1,a1,0x8
    4738:	28b015b3          	bset	a1,zero,a1
    473c:	fff5c593          	not	a1,a1
    4740:	a10e                	sh	a1,0(a0)
    4742:	8082                	ret

00004744 <Delay_Init>:
    4744:	200007b7          	lui	a5,0x20000
    4748:	4587a783          	lw	a5,1112(a5) # 20000458 <SystemCoreClock>
    474c:	007a1737          	lui	a4,0x7a1
    4750:	20070713          	addi	a4,a4,512 # 7a1200 <_data_lma+0x798a08>
    4754:	02e7d7b3          	divu	a5,a5,a4
    4758:	0ff7f793          	zext.b	a5,a5
    475c:	86f18723          	sb	a5,-1938(gp) # 200004c6 <p_us>
    4760:	3e800713          	li	a4,1000
    4764:	02e787b3          	mul	a5,a5,a4
    4768:	86f19623          	sh	a5,-1940(gp) # 200004c4 <p_ms>
    476c:	8082                	ret

0000476e <Delay_Us>:
    476e:	e000f7b7          	lui	a5,0xe000f
    4772:	43d8                	lw	a4,4(a5)
    4774:	9b79                	andi	a4,a4,-2
    4776:	c3d8                	sw	a4,4(a5)
    4778:	86e1c703          	lbu	a4,-1938(gp) # 200004c6 <p_us>
    477c:	02a70733          	mul	a4,a4,a0
    4780:	cb98                	sw	a4,16(a5)
    4782:	4398                	lw	a4,0(a5)
    4784:	01076713          	ori	a4,a4,16
    4788:	c398                	sw	a4,0(a5)
    478a:	4398                	lw	a4,0(a5)
    478c:	02176713          	ori	a4,a4,33
    4790:	c398                	sw	a4,0(a5)
    4792:	43d8                	lw	a4,4(a5)
    4794:	8b05                	andi	a4,a4,1
    4796:	df75                	beqz	a4,4792 <Delay_Us+0x24>
    4798:	4398                	lw	a4,0(a5)
    479a:	9b79                	andi	a4,a4,-2
    479c:	c398                	sw	a4,0(a5)
    479e:	8082                	ret

000047a0 <Delay_Ms>:
    47a0:	e000f7b7          	lui	a5,0xe000f
    47a4:	43d8                	lw	a4,4(a5)
    47a6:	9b79                	andi	a4,a4,-2
    47a8:	c3d8                	sw	a4,4(a5)
    47aa:	86c1d703          	lhu	a4,-1940(gp) # 200004c4 <p_ms>
    47ae:	02a70733          	mul	a4,a4,a0
    47b2:	cb98                	sw	a4,16(a5)
    47b4:	4398                	lw	a4,0(a5)
    47b6:	01076713          	ori	a4,a4,16
    47ba:	c398                	sw	a4,0(a5)
    47bc:	4398                	lw	a4,0(a5)
    47be:	02176713          	ori	a4,a4,33
    47c2:	c398                	sw	a4,0(a5)
    47c4:	43d8                	lw	a4,4(a5)
    47c6:	8b05                	andi	a4,a4,1
    47c8:	df75                	beqz	a4,47c4 <Delay_Ms+0x24>
    47ca:	4398                	lw	a4,0(a5)
    47cc:	9b79                	andi	a4,a4,-2
    47ce:	c398                	sw	a4,0(a5)
    47d0:	8082                	ret

000047d2 <USART_Printf_Init>:
    47d2:	a03fb2ef          	jal	t0,1d4 <__riscv_save_0>
    47d6:	842a                	mv	s0,a0
    47d8:	6511                	lui	a0,0x4
    47da:	1101                	addi	sp,sp,-32
    47dc:	4585                	li	a1,1
    47de:	0511                	addi	a0,a0,4 # 4004 <handle_reset+0x82>
    47e0:	c202                	sw	zero,4(sp)
    47e2:	c402                	sw	zero,8(sp)
    47e4:	c602                	sw	zero,12(sp)
    47e6:	c802                	sw	zero,16(sp)
    47e8:	ca02                	sw	zero,20(sp)
    47ea:	cc02                	sw	zero,24(sp)
    47ec:	ce02                	sw	zero,28(sp)
    47ee:	cf3ff0ef          	jal	44e0 <RCC_PB2PeriphClockCmd>
    47f2:	20000793          	li	a5,512
    47f6:	827c                	sh	a5,4(sp)
    47f8:	40011537          	lui	a0,0x40011
    47fc:	478d                	li	a5,3
    47fe:	c43e                	sw	a5,8(sp)
    4800:	004c                	addi	a1,sp,4
    4802:	47e1                	li	a5,24
    4804:	80050513          	addi	a0,a0,-2048 # 40010800 <_eusrstack+0x1ffee800>
    4808:	c63e                	sw	a5,12(sp)
    480a:	921ff0ef          	jal	412a <GPIO_Init>
    480e:	40014537          	lui	a0,0x40014
    4812:	000807b7          	lui	a5,0x80
    4816:	080c                	addi	a1,sp,16
    4818:	80050513          	addi	a0,a0,-2048 # 40013800 <_eusrstack+0x1fff1800>
    481c:	cc3e                	sw	a5,24(sp)
    481e:	c822                	sw	s0,16(sp)
    4820:	ca02                	sw	zero,20(sp)
    4822:	00011e23          	sh	zero,28(sp)
    4826:	dedff0ef          	jal	4612 <USART_Init>
    482a:	40014537          	lui	a0,0x40014
    482e:	4585                	li	a1,1
    4830:	80050513          	addi	a0,a0,-2048 # 40013800 <_eusrstack+0x1fff1800>
    4834:	e93ff0ef          	jal	46c6 <USART_Cmd>
    4838:	6105                	addi	sp,sp,32
    483a:	9c3fb06f          	j	1fc <__riscv_restore_0>

0000483e <_write>:
    483e:	997fb2ef          	jal	t0,1d4 <__riscv_save_0>
    4842:	892e                	mv	s2,a1
    4844:	84b2                	mv	s1,a2
    4846:	4401                	li	s0,0
    4848:	00944563          	blt	s0,s1,4852 <_write+0x14>
    484c:	8526                	mv	a0,s1
    484e:	9affb06f          	j	1fc <__riscv_restore_0>
    4852:	40014537          	lui	a0,0x40014
    4856:	04000593          	li	a1,64
    485a:	80050513          	addi	a0,a0,-2048 # 40013800 <_eusrstack+0x1fff1800>
    485e:	e8dff0ef          	jal	46ea <USART_GetFlagStatus>
    4862:	d965                	beqz	a0,4852 <_write+0x14>
    4864:	008907b3          	add	a5,s2,s0
    4868:	00078583          	lb	a1,0(a5) # 80000 <_data_lma+0x77808>
    486c:	40014537          	lui	a0,0x40014
    4870:	80050513          	addi	a0,a0,-2048 # 40013800 <_eusrstack+0x1fff1800>
    4874:	0805c5b3          	zext.h	a1,a1
    4878:	e63ff0ef          	jal	46da <USART_SendData>
    487c:	0405                	addi	s0,s0,1
    487e:	b7e9                	j	4848 <_write+0xa>

00004880 <_sbrk>:
    4880:	200006b7          	lui	a3,0x20000
    4884:	87aa                	mv	a5,a0
    4886:	4606a503          	lw	a0,1120(a3) # 20000460 <curbrk.0>
    488a:	20022737          	lui	a4,0x20022
    488e:	80070713          	addi	a4,a4,-2048 # 20021800 <_heap_end>
    4892:	97aa                	add	a5,a5,a0
    4894:	00f76b63          	bltu	a4,a5,48aa <_sbrk+0x2a>
    4898:	20001737          	lui	a4,0x20001
    489c:	52470713          	addi	a4,a4,1316 # 20001524 <_ebss>
    48a0:	00e7e563          	bltu	a5,a4,48aa <_sbrk+0x2a>
    48a4:	46f6a023          	sw	a5,1120(a3)
    48a8:	8082                	ret
    48aa:	557d                	li	a0,-1
    48ac:	8082                	ret

000048ae <__udivdi3>:
    48ae:	8732                	mv	a4,a2
    48b0:	88b6                	mv	a7,a3
    48b2:	882a                	mv	a6,a0
    48b4:	832e                	mv	t1,a1
    48b6:	1a069c63          	bnez	a3,4a6e <__udivdi3+0x1c0>
    48ba:	67a1                	lui	a5,0x8
    48bc:	b3478793          	addi	a5,a5,-1228 # 7b34 <__clz_tab>
    48c0:	0ac5f863          	bgeu	a1,a2,4970 <__udivdi3+0xc2>
    48c4:	66c1                	lui	a3,0x10
    48c6:	08d67b63          	bgeu	a2,a3,495c <__udivdi3+0xae>
    48ca:	10063693          	sltiu	a3,a2,256
    48ce:	0016b693          	seqz	a3,a3
    48d2:	068e                	slli	a3,a3,0x3
    48d4:	00d65e33          	srl	t3,a2,a3
    48d8:	97f2                	add	a5,a5,t3
    48da:	239c                	lbu	a5,0(a5)
    48dc:	97b6                	add	a5,a5,a3
    48de:	02000693          	li	a3,32
    48e2:	00d78d63          	beq	a5,a3,48fc <__udivdi3+0x4e>
    48e6:	8e9d                	sub	a3,a3,a5
    48e8:	00d59333          	sll	t1,a1,a3
    48ec:	00f557b3          	srl	a5,a0,a5
    48f0:	00d61733          	sll	a4,a2,a3
    48f4:	0067e333          	or	t1,a5,t1
    48f8:	00d51833          	sll	a6,a0,a3
    48fc:	01075513          	srli	a0,a4,0x10
    4900:	02a357b3          	divu	a5,t1,a0
    4904:	080745b3          	zext.h	a1,a4
    4908:	01085693          	srli	a3,a6,0x10
    490c:	02a37333          	remu	t1,t1,a0
    4910:	02f58633          	mul	a2,a1,a5
    4914:	0342                	slli	t1,t1,0x10
    4916:	0066e6b3          	or	a3,a3,t1
    491a:	00c6f863          	bgeu	a3,a2,492a <__udivdi3+0x7c>
    491e:	96ba                	add	a3,a3,a4
    4920:	00c6f463          	bgeu	a3,a2,4928 <__udivdi3+0x7a>
    4924:	04e6f363          	bgeu	a3,a4,496a <__udivdi3+0xbc>
    4928:	17fd                	addi	a5,a5,-1
    492a:	8e91                	sub	a3,a3,a2
    492c:	02a6d633          	divu	a2,a3,a0
    4930:	08084833          	zext.h	a6,a6
    4934:	02a6f6b3          	remu	a3,a3,a0
    4938:	02c585b3          	mul	a1,a1,a2
    493c:	06c2                	slli	a3,a3,0x10
    493e:	00d86833          	or	a6,a6,a3
    4942:	00b87863          	bgeu	a6,a1,4952 <__udivdi3+0xa4>
    4946:	983a                	add	a6,a6,a4
    4948:	00b87463          	bgeu	a6,a1,4950 <__udivdi3+0xa2>
    494c:	10e87f63          	bgeu	a6,a4,4a6a <__udivdi3+0x1bc>
    4950:	167d                	addi	a2,a2,-1
    4952:	07c2                	slli	a5,a5,0x10
    4954:	8fd1                	or	a5,a5,a2
    4956:	853e                	mv	a0,a5
    4958:	85c6                	mv	a1,a7
    495a:	8082                	ret
    495c:	01000e37          	lui	t3,0x1000
    4960:	46e1                	li	a3,24
    4962:	f7c679e3          	bgeu	a2,t3,48d4 <__udivdi3+0x26>
    4966:	46c1                	li	a3,16
    4968:	b7b5                	j	48d4 <__udivdi3+0x26>
    496a:	17f9                	addi	a5,a5,-2
    496c:	96ba                	add	a3,a3,a4
    496e:	bf75                	j	492a <__udivdi3+0x7c>
    4970:	4681                	li	a3,0
    4972:	ca09                	beqz	a2,4984 <__udivdi3+0xd6>
    4974:	66c1                	lui	a3,0x10
    4976:	04d67c63          	bgeu	a2,a3,49ce <__udivdi3+0x120>
    497a:	10063693          	sltiu	a3,a2,256
    497e:	0016b693          	seqz	a3,a3
    4982:	068e                	slli	a3,a3,0x3
    4984:	00d658b3          	srl	a7,a2,a3
    4988:	97c6                	add	a5,a5,a7
    498a:	239c                	lbu	a5,0(a5)
    498c:	97b6                	add	a5,a5,a3
    498e:	02000693          	li	a3,32
    4992:	04d79563          	bne	a5,a3,49dc <__udivdi3+0x12e>
    4996:	40c58633          	sub	a2,a1,a2
    499a:	4885                	li	a7,1
    499c:	01075513          	srli	a0,a4,0x10
    49a0:	02a657b3          	divu	a5,a2,a0
    49a4:	080745b3          	zext.h	a1,a4
    49a8:	01085693          	srli	a3,a6,0x10
    49ac:	02a67633          	remu	a2,a2,a0
    49b0:	02f58333          	mul	t1,a1,a5
    49b4:	0642                	slli	a2,a2,0x10
    49b6:	8ed1                	or	a3,a3,a2
    49b8:	0066f863          	bgeu	a3,t1,49c8 <__udivdi3+0x11a>
    49bc:	96ba                	add	a3,a3,a4
    49be:	0066f463          	bgeu	a3,t1,49c6 <__udivdi3+0x118>
    49c2:	0ae6f163          	bgeu	a3,a4,4a64 <__udivdi3+0x1b6>
    49c6:	17fd                	addi	a5,a5,-1
    49c8:	406686b3          	sub	a3,a3,t1
    49cc:	b785                	j	492c <__udivdi3+0x7e>
    49ce:	010008b7          	lui	a7,0x1000
    49d2:	46e1                	li	a3,24
    49d4:	fb1678e3          	bgeu	a2,a7,4984 <__udivdi3+0xd6>
    49d8:	46c1                	li	a3,16
    49da:	b76d                	j	4984 <__udivdi3+0xd6>
    49dc:	40f68833          	sub	a6,a3,a5
    49e0:	01061733          	sll	a4,a2,a6
    49e4:	00f5d6b3          	srl	a3,a1,a5
    49e8:	010595b3          	sll	a1,a1,a6
    49ec:	00f557b3          	srl	a5,a0,a5
    49f0:	01051833          	sll	a6,a0,a6
    49f4:	01075513          	srli	a0,a4,0x10
    49f8:	02a6d8b3          	divu	a7,a3,a0
    49fc:	08074633          	zext.h	a2,a4
    4a00:	8fcd                	or	a5,a5,a1
    4a02:	02a6f6b3          	remu	a3,a3,a0
    4a06:	03160333          	mul	t1,a2,a7
    4a0a:	01069593          	slli	a1,a3,0x10
    4a0e:	0107d693          	srli	a3,a5,0x10
    4a12:	8ecd                	or	a3,a3,a1
    4a14:	0066f863          	bgeu	a3,t1,4a24 <__udivdi3+0x176>
    4a18:	96ba                	add	a3,a3,a4
    4a1a:	0066f463          	bgeu	a3,t1,4a22 <__udivdi3+0x174>
    4a1e:	02e6fd63          	bgeu	a3,a4,4a58 <__udivdi3+0x1aa>
    4a22:	18fd                	addi	a7,a7,-1 # ffffff <_data_lma+0xff7807>
    4a24:	406686b3          	sub	a3,a3,t1
    4a28:	02a6d5b3          	divu	a1,a3,a0
    4a2c:	0807c7b3          	zext.h	a5,a5
    4a30:	02a6f6b3          	remu	a3,a3,a0
    4a34:	02b60633          	mul	a2,a2,a1
    4a38:	06c2                	slli	a3,a3,0x10
    4a3a:	8fd5                	or	a5,a5,a3
    4a3c:	00c7f863          	bgeu	a5,a2,4a4c <__udivdi3+0x19e>
    4a40:	97ba                	add	a5,a5,a4
    4a42:	00c7f463          	bgeu	a5,a2,4a4a <__udivdi3+0x19c>
    4a46:	00e7fc63          	bgeu	a5,a4,4a5e <__udivdi3+0x1b0>
    4a4a:	15fd                	addi	a1,a1,-1
    4a4c:	08c2                	slli	a7,a7,0x10
    4a4e:	40c78633          	sub	a2,a5,a2
    4a52:	00b8e8b3          	or	a7,a7,a1
    4a56:	b799                	j	499c <__udivdi3+0xee>
    4a58:	18f9                	addi	a7,a7,-2
    4a5a:	96ba                	add	a3,a3,a4
    4a5c:	b7e1                	j	4a24 <__udivdi3+0x176>
    4a5e:	15f9                	addi	a1,a1,-2
    4a60:	97ba                	add	a5,a5,a4
    4a62:	b7ed                	j	4a4c <__udivdi3+0x19e>
    4a64:	17f9                	addi	a5,a5,-2
    4a66:	96ba                	add	a3,a3,a4
    4a68:	b785                	j	49c8 <__udivdi3+0x11a>
    4a6a:	1679                	addi	a2,a2,-2
    4a6c:	b5dd                	j	4952 <__udivdi3+0xa4>
    4a6e:	12d5e463          	bltu	a1,a3,4b96 <__udivdi3+0x2e8>
    4a72:	67c1                	lui	a5,0x10
    4a74:	02f6fc63          	bgeu	a3,a5,4aac <__udivdi3+0x1fe>
    4a78:	1006b793          	sltiu	a5,a3,256
    4a7c:	0017b793          	seqz	a5,a5
    4a80:	078e                	slli	a5,a5,0x3
    4a82:	6721                	lui	a4,0x8
    4a84:	00f6d833          	srl	a6,a3,a5
    4a88:	b3470713          	addi	a4,a4,-1228 # 7b34 <__clz_tab>
    4a8c:	9742                	add	a4,a4,a6
    4a8e:	2318                	lbu	a4,0(a4)
    4a90:	02000813          	li	a6,32
    4a94:	973e                	add	a4,a4,a5
    4a96:	03071263          	bne	a4,a6,4aba <__udivdi3+0x20c>
    4a9a:	00c537b3          	sltu	a5,a0,a2
    4a9e:	0017b793          	seqz	a5,a5
    4aa2:	00b6b6b3          	sltu	a3,a3,a1
    4aa6:	8fd5                	or	a5,a5,a3
    4aa8:	4881                	li	a7,0
    4aaa:	b575                	j	4956 <__udivdi3+0xa8>
    4aac:	01000737          	lui	a4,0x1000
    4ab0:	47e1                	li	a5,24
    4ab2:	fce6f8e3          	bgeu	a3,a4,4a82 <__udivdi3+0x1d4>
    4ab6:	47c1                	li	a5,16
    4ab8:	b7e9                	j	4a82 <__udivdi3+0x1d4>
    4aba:	40e80833          	sub	a6,a6,a4
    4abe:	00e658b3          	srl	a7,a2,a4
    4ac2:	010696b3          	sll	a3,a3,a6
    4ac6:	00d8e8b3          	or	a7,a7,a3
    4aca:	0108de13          	srli	t3,a7,0x10
    4ace:	00e5d6b3          	srl	a3,a1,a4
    4ad2:	03c6d7b3          	divu	a5,a3,t3
    4ad6:	0808c333          	zext.h	t1,a7
    4ada:	010595b3          	sll	a1,a1,a6
    4ade:	00e55733          	srl	a4,a0,a4
    4ae2:	8f4d                	or	a4,a4,a1
    4ae4:	01061633          	sll	a2,a2,a6
    4ae8:	03c6f6b3          	remu	a3,a3,t3
    4aec:	02f30eb3          	mul	t4,t1,a5
    4af0:	01069593          	slli	a1,a3,0x10
    4af4:	01075693          	srli	a3,a4,0x10
    4af8:	8ecd                	or	a3,a3,a1
    4afa:	01d6f863          	bgeu	a3,t4,4b0a <__udivdi3+0x25c>
    4afe:	96c6                	add	a3,a3,a7
    4b00:	01d6f463          	bgeu	a3,t4,4b08 <__udivdi3+0x25a>
    4b04:	0916f363          	bgeu	a3,a7,4b8a <__udivdi3+0x2dc>
    4b08:	17fd                	addi	a5,a5,-1 # ffff <_data_lma+0x7807>
    4b0a:	41d686b3          	sub	a3,a3,t4
    4b0e:	03c6d5b3          	divu	a1,a3,t3
    4b12:	08074733          	zext.h	a4,a4
    4b16:	03c6f6b3          	remu	a3,a3,t3
    4b1a:	02b30333          	mul	t1,t1,a1
    4b1e:	06c2                	slli	a3,a3,0x10
    4b20:	8f55                	or	a4,a4,a3
    4b22:	00677863          	bgeu	a4,t1,4b32 <__udivdi3+0x284>
    4b26:	9746                	add	a4,a4,a7
    4b28:	00677463          	bgeu	a4,t1,4b30 <__udivdi3+0x282>
    4b2c:	07177263          	bgeu	a4,a7,4b90 <__udivdi3+0x2e2>
    4b30:	15fd                	addi	a1,a1,-1
    4b32:	07c2                	slli	a5,a5,0x10
    4b34:	8fcd                	or	a5,a5,a1
    4b36:	0107d893          	srli	a7,a5,0x10
    4b3a:	0805c5b3          	zext.h	a1,a1
    4b3e:	40670733          	sub	a4,a4,t1
    4b42:	08064333          	zext.h	t1,a2
    4b46:	8241                	srli	a2,a2,0x10
    4b48:	02658e33          	mul	t3,a1,t1
    4b4c:	02688333          	mul	t1,a7,t1
    4b50:	010e5693          	srli	a3,t3,0x10
    4b54:	02c585b3          	mul	a1,a1,a2
    4b58:	959a                	add	a1,a1,t1
    4b5a:	96ae                	add	a3,a3,a1
    4b5c:	02c888b3          	mul	a7,a7,a2
    4b60:	0066f463          	bgeu	a3,t1,4b68 <__udivdi3+0x2ba>
    4b64:	6641                	lui	a2,0x10
    4b66:	98b2                	add	a7,a7,a2
    4b68:	0106d613          	srli	a2,a3,0x10
    4b6c:	9646                	add	a2,a2,a7
    4b6e:	00c76c63          	bltu	a4,a2,4b86 <__udivdi3+0x2d8>
    4b72:	06c2                	slli	a3,a3,0x10
    4b74:	080e4e33          	zext.h	t3,t3
    4b78:	01051533          	sll	a0,a0,a6
    4b7c:	96f2                	add	a3,a3,t3
    4b7e:	f2d575e3          	bgeu	a0,a3,4aa8 <__udivdi3+0x1fa>
    4b82:	f2c713e3          	bne	a4,a2,4aa8 <__udivdi3+0x1fa>
    4b86:	17fd                	addi	a5,a5,-1
    4b88:	b705                	j	4aa8 <__udivdi3+0x1fa>
    4b8a:	17f9                	addi	a5,a5,-2
    4b8c:	96c6                	add	a3,a3,a7
    4b8e:	bfb5                	j	4b0a <__udivdi3+0x25c>
    4b90:	15f9                	addi	a1,a1,-2
    4b92:	9746                	add	a4,a4,a7
    4b94:	bf79                	j	4b32 <__udivdi3+0x284>
    4b96:	4881                	li	a7,0
    4b98:	4781                	li	a5,0
    4b9a:	bb75                	j	4956 <__udivdi3+0xa8>

00004b9c <__divdf3>:
    4b9c:	1141                	addi	sp,sp,-16
    4b9e:	0145d813          	srli	a6,a1,0x14
    4ba2:	00c59793          	slli	a5,a1,0xc
    4ba6:	c622                	sw	s0,12(sp)
    4ba8:	c426                	sw	s1,8(sp)
    4baa:	7ff87813          	andi	a6,a6,2047
    4bae:	83b1                	srli	a5,a5,0xc
    4bb0:	81fd                	srli	a1,a1,0x1f
    4bb2:	06080f63          	beqz	a6,4c30 <__divdf3+0x94>
    4bb6:	7ff00893          	li	a7,2047
    4bba:	0d180463          	beq	a6,a7,4c82 <__divdf3+0xe6>
    4bbe:	01d55313          	srli	t1,a0,0x1d
    4bc2:	078e                	slli	a5,a5,0x3
    4bc4:	00f36333          	or	t1,t1,a5
    4bc8:	29731313          	bseti	t1,t1,0x17
    4bcc:	00351713          	slli	a4,a0,0x3
    4bd0:	c0180e13          	addi	t3,a6,-1023
    4bd4:	4e81                	li	t4,0
    4bd6:	0146d513          	srli	a0,a3,0x14
    4bda:	00c69793          	slli	a5,a3,0xc
    4bde:	7ff57513          	andi	a0,a0,2047
    4be2:	83b1                	srli	a5,a5,0xc
    4be4:	82fd                	srli	a3,a3,0x1f
    4be6:	cd5d                	beqz	a0,4ca4 <__divdf3+0x108>
    4be8:	7ff00813          	li	a6,2047
    4bec:	11050663          	beq	a0,a6,4cf8 <__divdf3+0x15c>
    4bf0:	01d65813          	srli	a6,a2,0x1d
    4bf4:	078e                	slli	a5,a5,0x3
    4bf6:	00f867b3          	or	a5,a6,a5
    4bfa:	29779793          	bseti	a5,a5,0x17
    4bfe:	00361293          	slli	t0,a2,0x3
    4c02:	c0150813          	addi	a6,a0,-1023
    4c06:	4881                	li	a7,0
    4c08:	410e0633          	sub	a2,t3,a6
    4c0c:	002e9813          	slli	a6,t4,0x2
    4c10:	01186833          	or	a6,a6,a7
    4c14:	187d                	addi	a6,a6,-1
    4c16:	4e39                	li	t3,14
    4c18:	00d5c533          	xor	a0,a1,a3
    4c1c:	0f0e6e63          	bltu	t3,a6,4d18 <__divdf3+0x17c>
    4c20:	6e21                	lui	t3,0x8
    4c22:	af8e0e13          	addi	t3,t3,-1288 # 7af8 <HBPrescTable+0x10>
    4c26:	21c84833          	sh2add	a6,a6,t3
    4c2a:	00082803          	lw	a6,0(a6)
    4c2e:	8802                	jr	a6
    4c30:	00a7e333          	or	t1,a5,a0
    4c34:	04030f63          	beqz	t1,4c92 <__divdf3+0xf6>
    4c38:	cb85                	beqz	a5,4c68 <__divdf3+0xcc>
    4c3a:	60079713          	clz	a4,a5
    4c3e:	ff570813          	addi	a6,a4,-11 # fffff5 <_data_lma+0xff77fd>
    4c42:	4375                	li	t1,29
    4c44:	ff870893          	addi	a7,a4,-8
    4c48:	41030333          	sub	t1,t1,a6
    4c4c:	011797b3          	sll	a5,a5,a7
    4c50:	00655333          	srl	t1,a0,t1
    4c54:	00f36333          	or	t1,t1,a5
    4c58:	011517b3          	sll	a5,a0,a7
    4c5c:	c0d00813          	li	a6,-1011
    4c60:	40e80e33          	sub	t3,a6,a4
    4c64:	873e                	mv	a4,a5
    4c66:	b7bd                	j	4bd4 <__divdf3+0x38>
    4c68:	60051313          	clz	t1,a0
    4c6c:	01530813          	addi	a6,t1,21
    4c70:	48f1                	li	a7,28
    4c72:	02030713          	addi	a4,t1,32
    4c76:	fd08d6e3          	bge	a7,a6,4c42 <__divdf3+0xa6>
    4c7a:	1361                	addi	t1,t1,-8
    4c7c:	00651333          	sll	t1,a0,t1
    4c80:	bff1                	j	4c5c <__divdf3+0xc0>
    4c82:	00a7e333          	or	t1,a5,a0
    4c86:	00031a63          	bnez	t1,4c9a <__divdf3+0xfe>
    4c8a:	4701                	li	a4,0
    4c8c:	8e42                	mv	t3,a6
    4c8e:	4e89                	li	t4,2
    4c90:	b799                	j	4bd6 <__divdf3+0x3a>
    4c92:	4701                	li	a4,0
    4c94:	4e01                	li	t3,0
    4c96:	4e85                	li	t4,1
    4c98:	bf3d                	j	4bd6 <__divdf3+0x3a>
    4c9a:	872a                	mv	a4,a0
    4c9c:	833e                	mv	t1,a5
    4c9e:	8e42                	mv	t3,a6
    4ca0:	4e8d                	li	t4,3
    4ca2:	bf15                	j	4bd6 <__divdf3+0x3a>
    4ca4:	00c7e2b3          	or	t0,a5,a2
    4ca8:	06028063          	beqz	t0,4d08 <__divdf3+0x16c>
    4cac:	cb8d                	beqz	a5,4cde <__divdf3+0x142>
    4cae:	60079813          	clz	a6,a5
    4cb2:	ff580f13          	addi	t5,a6,-11
    4cb6:	48f5                	li	a7,29
    4cb8:	ff880513          	addi	a0,a6,-8
    4cbc:	41e888b3          	sub	a7,a7,t5
    4cc0:	00a797b3          	sll	a5,a5,a0
    4cc4:	011658b3          	srl	a7,a2,a7
    4cc8:	00f8e8b3          	or	a7,a7,a5
    4ccc:	00a617b3          	sll	a5,a2,a0
    4cd0:	c0d00513          	li	a0,-1011
    4cd4:	82be                	mv	t0,a5
    4cd6:	41050833          	sub	a6,a0,a6
    4cda:	87c6                	mv	a5,a7
    4cdc:	b72d                	j	4c06 <__divdf3+0x6a>
    4cde:	60061513          	clz	a0,a2
    4ce2:	01550f13          	addi	t5,a0,21
    4ce6:	48f1                	li	a7,28
    4ce8:	02050813          	addi	a6,a0,32
    4cec:	fde8d5e3          	bge	a7,t5,4cb6 <__divdf3+0x11a>
    4cf0:	1561                	addi	a0,a0,-8
    4cf2:	00a618b3          	sll	a7,a2,a0
    4cf6:	bfe9                	j	4cd0 <__divdf3+0x134>
    4cf8:	00c7e2b3          	or	t0,a5,a2
    4cfc:	00029a63          	bnez	t0,4d10 <__divdf3+0x174>
    4d00:	4781                	li	a5,0
    4d02:	882a                	mv	a6,a0
    4d04:	4889                	li	a7,2
    4d06:	b709                	j	4c08 <__divdf3+0x6c>
    4d08:	4781                	li	a5,0
    4d0a:	4801                	li	a6,0
    4d0c:	4885                	li	a7,1
    4d0e:	bded                	j	4c08 <__divdf3+0x6c>
    4d10:	82b2                	mv	t0,a2
    4d12:	882a                	mv	a6,a0
    4d14:	488d                	li	a7,3
    4d16:	bdcd                	j	4c08 <__divdf3+0x6c>
    4d18:	0067e663          	bltu	a5,t1,4d24 <__divdf3+0x188>
    4d1c:	24f31f63          	bne	t1,a5,4f7a <__divdf3+0x3de>
    4d20:	24576d63          	bltu	a4,t0,4f7a <__divdf3+0x3de>
    4d24:	01f31813          	slli	a6,t1,0x1f
    4d28:	00175693          	srli	a3,a4,0x1
    4d2c:	01f71593          	slli	a1,a4,0x1f
    4d30:	00135313          	srli	t1,t1,0x1
    4d34:	00d86733          	or	a4,a6,a3
    4d38:	00879e13          	slli	t3,a5,0x8
    4d3c:	0182d693          	srli	a3,t0,0x18
    4d40:	01c6e6b3          	or	a3,a3,t3
    4d44:	010e5e13          	srli	t3,t3,0x10
    4d48:	03c35833          	divu	a6,t1,t3
    4d4c:	0806cfb3          	zext.h	t6,a3
    4d50:	01075793          	srli	a5,a4,0x10
    4d54:	00829893          	slli	a7,t0,0x8
    4d58:	03c37333          	remu	t1,t1,t3
    4d5c:	030f8eb3          	mul	t4,t6,a6
    4d60:	0342                	slli	t1,t1,0x10
    4d62:	0067e7b3          	or	a5,a5,t1
    4d66:	01d7f863          	bgeu	a5,t4,4d76 <__divdf3+0x1da>
    4d6a:	97b6                	add	a5,a5,a3
    4d6c:	00d7e463          	bltu	a5,a3,4d74 <__divdf3+0x1d8>
    4d70:	21d7e863          	bltu	a5,t4,4f80 <__divdf3+0x3e4>
    4d74:	187d                	addi	a6,a6,-1
    4d76:	41d787b3          	sub	a5,a5,t4
    4d7a:	03c7d333          	divu	t1,a5,t3
    4d7e:	08074733          	zext.h	a4,a4
    4d82:	03c7f7b3          	remu	a5,a5,t3
    4d86:	026f8eb3          	mul	t4,t6,t1
    4d8a:	07c2                	slli	a5,a5,0x10
    4d8c:	8f5d                	or	a4,a4,a5
    4d8e:	01d77863          	bgeu	a4,t4,4d9e <__divdf3+0x202>
    4d92:	9736                	add	a4,a4,a3
    4d94:	01d77463          	bgeu	a4,t4,4d9c <__divdf3+0x200>
    4d98:	1ed77763          	bgeu	a4,a3,4f86 <__divdf3+0x3ea>
    4d9c:	137d                	addi	t1,t1,-1
    4d9e:	0842                	slli	a6,a6,0x10
    4da0:	00686833          	or	a6,a6,t1
    4da4:	01085793          	srli	a5,a6,0x10
    4da8:	08084333          	zext.h	t1,a6
    4dac:	0808cf33          	zext.h	t5,a7
    4db0:	41d70733          	sub	a4,a4,t4
    4db4:	0108de93          	srli	t4,a7,0x10
    4db8:	03e303b3          	mul	t2,t1,t5
    4dbc:	03e78433          	mul	s0,a5,t5
    4dc0:	026e8333          	mul	t1,t4,t1
    4dc4:	008302b3          	add	t0,t1,s0
    4dc8:	0103d313          	srli	t1,t2,0x10
    4dcc:	9316                	add	t1,t1,t0
    4dce:	03d787b3          	mul	a5,a5,t4
    4dd2:	00837463          	bgeu	t1,s0,4dda <__divdf3+0x23e>
    4dd6:	62c1                	lui	t0,0x10
    4dd8:	9796                	add	a5,a5,t0
    4dda:	01035293          	srli	t0,t1,0x10
    4dde:	0803c3b3          	zext.h	t2,t2
    4de2:	0342                	slli	t1,t1,0x10
    4de4:	92be                	add	t0,t0,a5
    4de6:	931e                	add	t1,t1,t2
    4de8:	00576663          	bltu	a4,t0,4df4 <__divdf3+0x258>
    4dec:	1a571063          	bne	a4,t0,4f8c <__divdf3+0x3f0>
    4df0:	1865fe63          	bgeu	a1,t1,4f8c <__divdf3+0x3f0>
    4df4:	011583b3          	add	t2,a1,a7
    4df8:	00b3b433          	sltu	s0,t2,a1
    4dfc:	00d404b3          	add	s1,s0,a3
    4e00:	9726                	add	a4,a4,s1
    4e02:	fff80793          	addi	a5,a6,-1
    4e06:	859e                	mv	a1,t2
    4e08:	00e6e563          	bltu	a3,a4,4e12 <__divdf3+0x276>
    4e0c:	e00d                	bnez	s0,4e2e <__divdf3+0x292>
    4e0e:	02e69063          	bne	a3,a4,4e2e <__divdf3+0x292>
    4e12:	00576663          	bltu	a4,t0,4e1e <__divdf3+0x282>
    4e16:	00e29c63          	bne	t0,a4,4e2e <__divdf3+0x292>
    4e1a:	0063fa63          	bgeu	t2,t1,4e2e <__divdf3+0x292>
    4e1e:	007885b3          	add	a1,a7,t2
    4e22:	ffe80793          	addi	a5,a6,-2
    4e26:	0115b833          	sltu	a6,a1,a7
    4e2a:	9836                	add	a6,a6,a3
    4e2c:	9742                	add	a4,a4,a6
    4e2e:	40658333          	sub	t1,a1,t1
    4e32:	40570733          	sub	a4,a4,t0
    4e36:	0065b5b3          	sltu	a1,a1,t1
    4e3a:	8f0d                	sub	a4,a4,a1
    4e3c:	52fd                	li	t0,-1
    4e3e:	0ce68c63          	beq	a3,a4,4f16 <__divdf3+0x37a>
    4e42:	03c75833          	divu	a6,a4,t3
    4e46:	01035593          	srli	a1,t1,0x10
    4e4a:	03c77733          	remu	a4,a4,t3
    4e4e:	030f82b3          	mul	t0,t6,a6
    4e52:	0742                	slli	a4,a4,0x10
    4e54:	8dd9                	or	a1,a1,a4
    4e56:	0055f863          	bgeu	a1,t0,4e66 <__divdf3+0x2ca>
    4e5a:	95b6                	add	a1,a1,a3
    4e5c:	00d5e463          	bltu	a1,a3,4e64 <__divdf3+0x2c8>
    4e60:	1255e863          	bltu	a1,t0,4f90 <__divdf3+0x3f4>
    4e64:	187d                	addi	a6,a6,-1
    4e66:	405585b3          	sub	a1,a1,t0
    4e6a:	03c5d2b3          	divu	t0,a1,t3
    4e6e:	08034733          	zext.h	a4,t1
    4e72:	03c5f5b3          	remu	a1,a1,t3
    4e76:	025f8fb3          	mul	t6,t6,t0
    4e7a:	05c2                	slli	a1,a1,0x10
    4e7c:	8f4d                	or	a4,a4,a1
    4e7e:	01f77863          	bgeu	a4,t6,4e8e <__divdf3+0x2f2>
    4e82:	9736                	add	a4,a4,a3
    4e84:	01f77463          	bgeu	a4,t6,4e8c <__divdf3+0x2f0>
    4e88:	10d77763          	bgeu	a4,a3,4f96 <__divdf3+0x3fa>
    4e8c:	12fd                	addi	t0,t0,-1 # ffff <_data_lma+0x7807>
    4e8e:	01081593          	slli	a1,a6,0x10
    4e92:	0055e5b3          	or	a1,a1,t0
    4e96:	0805c833          	zext.h	a6,a1
    4e9a:	0105de13          	srli	t3,a1,0x10
    4e9e:	41f70733          	sub	a4,a4,t6
    4ea2:	030f0fb3          	mul	t6,t5,a6
    4ea6:	03ee0f33          	mul	t5,t3,t5
    4eaa:	03ce8e33          	mul	t3,t4,t3
    4eae:	030e8eb3          	mul	t4,t4,a6
    4eb2:	010fd813          	srli	a6,t6,0x10
    4eb6:	9efa                	add	t4,t4,t5
    4eb8:	9876                	add	a6,a6,t4
    4eba:	01e87463          	bgeu	a6,t5,4ec2 <__divdf3+0x326>
    4ebe:	6341                	lui	t1,0x10
    4ec0:	9e1a                	add	t3,t3,t1
    4ec2:	01085313          	srli	t1,a6,0x10
    4ec6:	080fcfb3          	zext.h	t6,t6
    4eca:	0842                	slli	a6,a6,0x10
    4ecc:	9372                	add	t1,t1,t3
    4ece:	987e                	add	a6,a6,t6
    4ed0:	00676663          	bltu	a4,t1,4edc <__divdf3+0x340>
    4ed4:	02671f63          	bne	a4,t1,4f12 <__divdf3+0x376>
    4ed8:	0c080263          	beqz	a6,4f9c <__divdf3+0x400>
    4edc:	00e68e33          	add	t3,a3,a4
    4ee0:	fff58293          	addi	t0,a1,-1
    4ee4:	8772                	mv	a4,t3
    4ee6:	02de6163          	bltu	t3,a3,4f08 <__divdf3+0x36c>
    4eea:	006e6663          	bltu	t3,t1,4ef6 <__divdf3+0x35a>
    4eee:	026e1163          	bne	t3,t1,4f10 <__divdf3+0x374>
    4ef2:	0108fb63          	bgeu	a7,a6,4f08 <__divdf3+0x36c>
    4ef6:	ffe58293          	addi	t0,a1,-2
    4efa:	00189593          	slli	a1,a7,0x1
    4efe:	0115b733          	sltu	a4,a1,a7
    4f02:	9736                	add	a4,a4,a3
    4f04:	9772                	add	a4,a4,t3
    4f06:	88ae                	mv	a7,a1
    4f08:	01089463          	bne	a7,a6,4f10 <__divdf3+0x374>
    4f0c:	00670563          	beq	a4,t1,4f16 <__divdf3+0x37a>
    4f10:	8596                	mv	a1,t0
    4f12:	0015e293          	ori	t0,a1,1
    4f16:	3ff60713          	addi	a4,a2,1023 # 103ff <_data_lma+0x7c07>
    4f1a:	0ae05663          	blez	a4,4fc6 <__divdf3+0x42a>
    4f1e:	0072f693          	andi	a3,t0,7
    4f22:	ce81                	beqz	a3,4f3a <__divdf3+0x39e>
    4f24:	00f2f693          	andi	a3,t0,15
    4f28:	4591                	li	a1,4
    4f2a:	00b68863          	beq	a3,a1,4f3a <__divdf3+0x39e>
    4f2e:	00b286b3          	add	a3,t0,a1
    4f32:	0056b5b3          	sltu	a1,a3,t0
    4f36:	97ae                	add	a5,a5,a1
    4f38:	82b6                	mv	t0,a3
    4f3a:	00779693          	slli	a3,a5,0x7
    4f3e:	0006d663          	bgez	a3,4f4a <__divdf3+0x3ae>
    4f42:	49879793          	bclri	a5,a5,0x18
    4f46:	40060713          	addi	a4,a2,1024
    4f4a:	7fe00693          	li	a3,2046
    4f4e:	10e6cc63          	blt	a3,a4,5066 <__divdf3+0x4ca>
    4f52:	01d79693          	slli	a3,a5,0x1d
    4f56:	0032d293          	srli	t0,t0,0x3
    4f5a:	0056e6b3          	or	a3,a3,t0
    4f5e:	838d                	srli	a5,a5,0x3
    4f60:	07b2                	slli	a5,a5,0xc
    4f62:	4432                	lw	s0,12(sp)
    4f64:	83b1                	srli	a5,a5,0xc
    4f66:	0752                	slli	a4,a4,0x14
    4f68:	057e                	slli	a0,a0,0x1f
    4f6a:	8f5d                	or	a4,a4,a5
    4f6c:	00a767b3          	or	a5,a4,a0
    4f70:	44a2                	lw	s1,8(sp)
    4f72:	8536                	mv	a0,a3
    4f74:	85be                	mv	a1,a5
    4f76:	0141                	addi	sp,sp,16
    4f78:	8082                	ret
    4f7a:	167d                	addi	a2,a2,-1
    4f7c:	4581                	li	a1,0
    4f7e:	bb6d                	j	4d38 <__divdf3+0x19c>
    4f80:	1879                	addi	a6,a6,-2
    4f82:	97b6                	add	a5,a5,a3
    4f84:	bbcd                	j	4d76 <__divdf3+0x1da>
    4f86:	1379                	addi	t1,t1,-2 # fffe <_data_lma+0x7806>
    4f88:	9736                	add	a4,a4,a3
    4f8a:	bd11                	j	4d9e <__divdf3+0x202>
    4f8c:	87c2                	mv	a5,a6
    4f8e:	b545                	j	4e2e <__divdf3+0x292>
    4f90:	1879                	addi	a6,a6,-2
    4f92:	95b6                	add	a1,a1,a3
    4f94:	bdc9                	j	4e66 <__divdf3+0x2ca>
    4f96:	12f9                	addi	t0,t0,-2
    4f98:	9736                	add	a4,a4,a3
    4f9a:	bdd5                	j	4e8e <__divdf3+0x2f2>
    4f9c:	4881                	li	a7,0
    4f9e:	82ae                	mv	t0,a1
    4fa0:	b7a5                	j	4f08 <__divdf3+0x36c>
    4fa2:	8536                	mv	a0,a3
    4fa4:	8ec6                	mv	t4,a7
    4fa6:	4709                	li	a4,2
    4fa8:	0aee8f63          	beq	t4,a4,5066 <__divdf3+0x4ca>
    4fac:	470d                	li	a4,3
    4fae:	0aee8563          	beq	t4,a4,5058 <__divdf3+0x4bc>
    4fb2:	4705                	li	a4,1
    4fb4:	f6ee91e3          	bne	t4,a4,4f16 <__divdf3+0x37a>
    4fb8:	4781                	li	a5,0
    4fba:	4681                	li	a3,0
    4fbc:	a0b5                	j	5028 <__divdf3+0x48c>
    4fbe:	852e                	mv	a0,a1
    4fc0:	879a                	mv	a5,t1
    4fc2:	82ba                	mv	t0,a4
    4fc4:	b7cd                	j	4fa6 <__divdf3+0x40a>
    4fc6:	c33d                	beqz	a4,502c <__divdf3+0x490>
    4fc8:	fc900693          	li	a3,-55
    4fcc:	fed746e3          	blt	a4,a3,4fb8 <__divdf3+0x41c>
    4fd0:	5689                	li	a3,-30
    4fd2:	04d74f63          	blt	a4,a3,5030 <__divdf3+0x494>
    4fd6:	4685                	li	a3,1
    4fd8:	8e99                	sub	a3,a3,a4
    4fda:	41e60613          	addi	a2,a2,1054
    4fde:	00d2d733          	srl	a4,t0,a3
    4fe2:	00c292b3          	sll	t0,t0,a2
    4fe6:	005032b3          	snez	t0,t0
    4fea:	00c79633          	sll	a2,a5,a2
    4fee:	00c2e2b3          	or	t0,t0,a2
    4ff2:	00576733          	or	a4,a4,t0
    4ff6:	00d7d7b3          	srl	a5,a5,a3
    4ffa:	00777693          	andi	a3,a4,7
    4ffe:	ce81                	beqz	a3,5016 <__divdf3+0x47a>
    5000:	00f77693          	andi	a3,a4,15
    5004:	4611                	li	a2,4
    5006:	00c68863          	beq	a3,a2,5016 <__divdf3+0x47a>
    500a:	00c706b3          	add	a3,a4,a2
    500e:	00e6b633          	sltu	a2,a3,a4
    5012:	97b2                	add	a5,a5,a2
    5014:	8736                	mv	a4,a3
    5016:	00879693          	slli	a3,a5,0x8
    501a:	0406cb63          	bltz	a3,5070 <__divdf3+0x4d4>
    501e:	01d79693          	slli	a3,a5,0x1d
    5022:	830d                	srli	a4,a4,0x3
    5024:	8ed9                	or	a3,a3,a4
    5026:	838d                	srli	a5,a5,0x3
    5028:	4701                	li	a4,0
    502a:	bf1d                	j	4f60 <__divdf3+0x3c4>
    502c:	4685                	li	a3,1
    502e:	b775                	j	4fda <__divdf3+0x43e>
    5030:	5805                	li	a6,-31
    5032:	40e806b3          	sub	a3,a6,a4
    5036:	00d7d6b3          	srl	a3,a5,a3
    503a:	4581                	li	a1,0
    503c:	01070663          	beq	a4,a6,5048 <__divdf3+0x4ac>
    5040:	43e60613          	addi	a2,a2,1086
    5044:	00c795b3          	sll	a1,a5,a2
    5048:	0055e5b3          	or	a1,a1,t0
    504c:	00b035b3          	snez	a1,a1
    5050:	00b6e733          	or	a4,a3,a1
    5054:	4781                	li	a5,0
    5056:	b755                	j	4ffa <__divdf3+0x45e>
    5058:	000807b7          	lui	a5,0x80
    505c:	4681                	li	a3,0
    505e:	7ff00713          	li	a4,2047
    5062:	4501                	li	a0,0
    5064:	bdf5                	j	4f60 <__divdf3+0x3c4>
    5066:	4781                	li	a5,0
    5068:	4681                	li	a3,0
    506a:	7ff00713          	li	a4,2047
    506e:	bdcd                	j	4f60 <__divdf3+0x3c4>
    5070:	4781                	li	a5,0
    5072:	4681                	li	a3,0
    5074:	4705                	li	a4,1
    5076:	b5ed                	j	4f60 <__divdf3+0x3c4>

00005078 <__muldf3>:
    5078:	1141                	addi	sp,sp,-16
    507a:	0145d793          	srli	a5,a1,0x14
    507e:	00c59813          	slli	a6,a1,0xc
    5082:	c622                	sw	s0,12(sp)
    5084:	c426                	sw	s1,8(sp)
    5086:	c24a                	sw	s2,4(sp)
    5088:	7ff7f793          	andi	a5,a5,2047
    508c:	00c85813          	srli	a6,a6,0xc
    5090:	81fd                	srli	a1,a1,0x1f
    5092:	cbc9                	beqz	a5,5124 <__muldf3+0xac>
    5094:	7ff00713          	li	a4,2047
    5098:	0ee78163          	beq	a5,a4,517a <__muldf3+0x102>
    509c:	01d55713          	srli	a4,a0,0x1d
    50a0:	080e                	slli	a6,a6,0x3
    50a2:	01076833          	or	a6,a4,a6
    50a6:	29781813          	bseti	a6,a6,0x17
    50aa:	00351e93          	slli	t4,a0,0x3
    50ae:	c0178313          	addi	t1,a5,-1023 # 7fc01 <_data_lma+0x77409>
    50b2:	4f01                	li	t5,0
    50b4:	0146d513          	srli	a0,a3,0x14
    50b8:	00c69793          	slli	a5,a3,0xc
    50bc:	7ff57513          	andi	a0,a0,2047
    50c0:	83b1                	srli	a5,a5,0xc
    50c2:	82fd                	srli	a3,a3,0x1f
    50c4:	c979                	beqz	a0,519a <__muldf3+0x122>
    50c6:	7ff00713          	li	a4,2047
    50ca:	12e50163          	beq	a0,a4,51ec <__muldf3+0x174>
    50ce:	01d65713          	srli	a4,a2,0x1d
    50d2:	078e                	slli	a5,a5,0x3
    50d4:	8fd9                	or	a5,a5,a4
    50d6:	29779793          	bseti	a5,a5,0x17
    50da:	00361713          	slli	a4,a2,0x3
    50de:	c0150513          	addi	a0,a0,-1023
    50e2:	4e01                	li	t3,0
    50e4:	00a30633          	add	a2,t1,a0
    50e8:	002f1513          	slli	a0,t5,0x2
    50ec:	01c56533          	or	a0,a0,t3
    50f0:	48a9                	li	a7,10
    50f2:	00160313          	addi	t1,a2,1
    50f6:	12a8c763          	blt	a7,a0,5224 <__muldf3+0x1ac>
    50fa:	4889                	li	a7,2
    50fc:	8db5                	xor	a1,a1,a3
    50fe:	10a8c463          	blt	a7,a0,5206 <__muldf3+0x18e>
    5102:	157d                	addi	a0,a0,-1
    5104:	4685                	li	a3,1
    5106:	12a6e863          	bltu	a3,a0,5236 <__muldf3+0x1be>
    510a:	8f72                	mv	t5,t3
    510c:	4689                	li	a3,2
    510e:	36df0c63          	beq	t5,a3,5486 <__muldf3+0x40e>
    5112:	468d                	li	a3,3
    5114:	36df0563          	beq	t5,a3,547e <__muldf3+0x406>
    5118:	4685                	li	a3,1
    511a:	26df1063          	bne	t5,a3,537a <__muldf3+0x302>
    511e:	4781                	li	a5,0
    5120:	4881                	li	a7,0
    5122:	a615                	j	5446 <__muldf3+0x3ce>
    5124:	00a86eb3          	or	t4,a6,a0
    5128:	060e8163          	beqz	t4,518a <__muldf3+0x112>
    512c:	02080a63          	beqz	a6,5160 <__muldf3+0xe8>
    5130:	60081713          	clz	a4,a6
    5134:	ff570893          	addi	a7,a4,-11
    5138:	47f5                	li	a5,29
    513a:	ff870313          	addi	t1,a4,-8
    513e:	411787b3          	sub	a5,a5,a7
    5142:	00681833          	sll	a6,a6,t1
    5146:	00f557b3          	srl	a5,a0,a5
    514a:	0107e7b3          	or	a5,a5,a6
    514e:	00651833          	sll	a6,a0,t1
    5152:	c0d00313          	li	t1,-1011
    5156:	8ec2                	mv	t4,a6
    5158:	40e30333          	sub	t1,t1,a4
    515c:	883e                	mv	a6,a5
    515e:	bf91                	j	50b2 <__muldf3+0x3a>
    5160:	60051793          	clz	a5,a0
    5164:	01578893          	addi	a7,a5,21
    5168:	4371                	li	t1,28
    516a:	02078713          	addi	a4,a5,32
    516e:	fd1355e3          	bge	t1,a7,5138 <__muldf3+0xc0>
    5172:	17e1                	addi	a5,a5,-8
    5174:	00f517b3          	sll	a5,a0,a5
    5178:	bfe9                	j	5152 <__muldf3+0xda>
    517a:	00a86eb3          	or	t4,a6,a0
    517e:	000e9a63          	bnez	t4,5192 <__muldf3+0x11a>
    5182:	4801                	li	a6,0
    5184:	833e                	mv	t1,a5
    5186:	4f09                	li	t5,2
    5188:	b735                	j	50b4 <__muldf3+0x3c>
    518a:	4801                	li	a6,0
    518c:	4301                	li	t1,0
    518e:	4f05                	li	t5,1
    5190:	b715                	j	50b4 <__muldf3+0x3c>
    5192:	8eaa                	mv	t4,a0
    5194:	833e                	mv	t1,a5
    5196:	4f0d                	li	t5,3
    5198:	bf31                	j	50b4 <__muldf3+0x3c>
    519a:	00c7e733          	or	a4,a5,a2
    519e:	cf29                	beqz	a4,51f8 <__muldf3+0x180>
    51a0:	cb8d                	beqz	a5,51d2 <__muldf3+0x15a>
    51a2:	60079e13          	clz	t3,a5
    51a6:	ff5e0513          	addi	a0,t3,-11
    51aa:	48f5                	li	a7,29
    51ac:	ff8e0713          	addi	a4,t3,-8
    51b0:	40a888b3          	sub	a7,a7,a0
    51b4:	00e797b3          	sll	a5,a5,a4
    51b8:	011658b3          	srl	a7,a2,a7
    51bc:	00f8e8b3          	or	a7,a7,a5
    51c0:	00e617b3          	sll	a5,a2,a4
    51c4:	c0d00513          	li	a0,-1011
    51c8:	873e                	mv	a4,a5
    51ca:	41c50533          	sub	a0,a0,t3
    51ce:	87c6                	mv	a5,a7
    51d0:	bf09                	j	50e2 <__muldf3+0x6a>
    51d2:	60061713          	clz	a4,a2
    51d6:	01570513          	addi	a0,a4,21
    51da:	48f1                	li	a7,28
    51dc:	02070e13          	addi	t3,a4,32
    51e0:	fca8d5e3          	bge	a7,a0,51aa <__muldf3+0x132>
    51e4:	1761                	addi	a4,a4,-8
    51e6:	00e618b3          	sll	a7,a2,a4
    51ea:	bfe9                	j	51c4 <__muldf3+0x14c>
    51ec:	00c7e733          	or	a4,a5,a2
    51f0:	eb01                	bnez	a4,5200 <__muldf3+0x188>
    51f2:	4781                	li	a5,0
    51f4:	4e09                	li	t3,2
    51f6:	b5fd                	j	50e4 <__muldf3+0x6c>
    51f8:	4781                	li	a5,0
    51fa:	4501                	li	a0,0
    51fc:	4e05                	li	t3,1
    51fe:	b5dd                	j	50e4 <__muldf3+0x6c>
    5200:	8732                	mv	a4,a2
    5202:	4e0d                	li	t3,3
    5204:	b5c5                	j	50e4 <__muldf3+0x6c>
    5206:	28a01533          	bset	a0,zero,a0
    520a:	53057893          	andi	a7,a0,1328
    520e:	02089163          	bnez	a7,5230 <__muldf3+0x1b8>
    5212:	24057f13          	andi	t5,a0,576
    5216:	240f1e63          	bnez	t5,5472 <__muldf3+0x3fa>
    521a:	08857513          	andi	a0,a0,136
    521e:	cd01                	beqz	a0,5236 <__muldf3+0x1be>
    5220:	85b6                	mv	a1,a3
    5222:	b5e5                	j	510a <__muldf3+0x92>
    5224:	463d                	li	a2,15
    5226:	24c50c63          	beq	a0,a2,547e <__muldf3+0x406>
    522a:	462d                	li	a2,11
    522c:	fec50ae3          	beq	a0,a2,5220 <__muldf3+0x1a8>
    5230:	87c2                	mv	a5,a6
    5232:	8776                	mv	a4,t4
    5234:	bde1                	j	510c <__muldf3+0x94>
    5236:	010ede13          	srli	t3,t4,0x10
    523a:	01075693          	srli	a3,a4,0x10
    523e:	080eceb3          	zext.h	t4,t4
    5242:	080743b3          	zext.h	t2,a4
    5246:	027e8733          	mul	a4,t4,t2
    524a:	027e0fb3          	mul	t6,t3,t2
    524e:	01075893          	srli	a7,a4,0x10
    5252:	03d68f33          	mul	t5,a3,t4
    5256:	9f7e                	add	t5,t5,t6
    5258:	98fa                	add	a7,a7,t5
    525a:	02de0533          	mul	a0,t3,a3
    525e:	01f8f463          	bgeu	a7,t6,5266 <__muldf3+0x1ee>
    5262:	6f41                	lui	t5,0x10
    5264:	957a                	add	a0,a0,t5
    5266:	08074733          	zext.h	a4,a4
    526a:	0108d413          	srli	s0,a7,0x10
    526e:	08c2                	slli	a7,a7,0x10
    5270:	0807cfb3          	zext.h	t6,a5
    5274:	98ba                	add	a7,a7,a4
    5276:	0107d713          	srli	a4,a5,0x10
    527a:	03fe82b3          	mul	t0,t4,t6
    527e:	03fe07b3          	mul	a5,t3,t6
    5282:	0102df13          	srli	t5,t0,0x10
    5286:	03d70eb3          	mul	t4,a4,t4
    528a:	9ebe                	add	t4,t4,a5
    528c:	9f76                	add	t5,t5,t4
    528e:	02ee0e33          	mul	t3,t3,a4
    5292:	00ff7463          	bgeu	t5,a5,529a <__muldf3+0x222>
    5296:	67c1                	lui	a5,0x10
    5298:	9e3e                	add	t3,t3,a5
    529a:	080844b3          	zext.h	s1,a6
    529e:	010f5e93          	srli	t4,t5,0x10
    52a2:	010f1793          	slli	a5,t5,0x10
    52a6:	01085f13          	srli	t5,a6,0x10
    52aa:	0802c2b3          	zext.h	t0,t0
    52ae:	9796                	add	a5,a5,t0
    52b0:	02748933          	mul	s2,s1,t2
    52b4:	9ef2                	add	t4,t4,t3
    52b6:	943e                	add	s0,s0,a5
    52b8:	027f03b3          	mul	t2,t5,t2
    52bc:	01095293          	srli	t0,s2,0x10
    52c0:	03e68833          	mul	a6,a3,t5
    52c4:	029686b3          	mul	a3,a3,s1
    52c8:	969e                	add	a3,a3,t2
    52ca:	9696                	add	a3,a3,t0
    52cc:	0076f463          	bgeu	a3,t2,52d4 <__muldf3+0x25c>
    52d0:	6e41                	lui	t3,0x10
    52d2:	9872                	add	a6,a6,t3
    52d4:	03f482b3          	mul	t0,s1,t6
    52d8:	0106de13          	srli	t3,a3,0x10
    52dc:	9e42                	add	t3,t3,a6
    52de:	01069813          	slli	a6,a3,0x10
    52e2:	08094933          	zext.h	s2,s2
    52e6:	984a                	add	a6,a6,s2
    52e8:	03ff0fb3          	mul	t6,t5,t6
    52ec:	0102d693          	srli	a3,t0,0x10
    52f0:	03e70f33          	mul	t5,a4,t5
    52f4:	02970733          	mul	a4,a4,s1
    52f8:	977e                	add	a4,a4,t6
    52fa:	96ba                	add	a3,a3,a4
    52fc:	01f6f463          	bgeu	a3,t6,5304 <__muldf3+0x28c>
    5300:	6741                	lui	a4,0x10
    5302:	9f3a                	add	t5,t5,a4
    5304:	01069713          	slli	a4,a3,0x10
    5308:	0802c2b3          	zext.h	t0,t0
    530c:	9522                	add	a0,a0,s0
    530e:	9716                	add	a4,a4,t0
    5310:	9eba                	add	t4,t4,a4
    5312:	00f537b3          	sltu	a5,a0,a5
    5316:	97f6                	add	a5,a5,t4
    5318:	982a                	add	a6,a6,a0
    531a:	9e3e                	add	t3,t3,a5
    531c:	00eeb733          	sltu	a4,t4,a4
    5320:	00a83533          	sltu	a0,a6,a0
    5324:	01d7beb3          	sltu	t4,a5,t4
    5328:	9572                	add	a0,a0,t3
    532a:	82c1                	srli	a3,a3,0x10
    532c:	01d76733          	or	a4,a4,t4
    5330:	9736                	add	a4,a4,a3
    5332:	00fe36b3          	sltu	a3,t3,a5
    5336:	01c53e33          	sltu	t3,a0,t3
    533a:	01c6e6b3          	or	a3,a3,t3
    533e:	96ba                	add	a3,a3,a4
    5340:	00981713          	slli	a4,a6,0x9
    5344:	01176733          	or	a4,a4,a7
    5348:	96fa                	add	a3,a3,t5
    534a:	00e03733          	snez	a4,a4
    534e:	01785813          	srli	a6,a6,0x17
    5352:	06a6                	slli	a3,a3,0x9
    5354:	01755793          	srli	a5,a0,0x17
    5358:	01076733          	or	a4,a4,a6
    535c:	0526                	slli	a0,a0,0x9
    535e:	8f49                	or	a4,a4,a0
    5360:	00769513          	slli	a0,a3,0x7
    5364:	8fd5                	or	a5,a5,a3
    5366:	06055c63          	bgez	a0,53de <__muldf3+0x366>
    536a:	00175693          	srli	a3,a4,0x1
    536e:	8b05                	andi	a4,a4,1
    5370:	8ed9                	or	a3,a3,a4
    5372:	01f79713          	slli	a4,a5,0x1f
    5376:	8f55                	or	a4,a4,a3
    5378:	8385                	srli	a5,a5,0x1
    537a:	3ff30693          	addi	a3,t1,1023
    537e:	06d05263          	blez	a3,53e2 <__muldf3+0x36a>
    5382:	00777613          	andi	a2,a4,7
    5386:	ce01                	beqz	a2,539e <__muldf3+0x326>
    5388:	00f77613          	andi	a2,a4,15
    538c:	4511                	li	a0,4
    538e:	00a60863          	beq	a2,a0,539e <__muldf3+0x326>
    5392:	00a70633          	add	a2,a4,a0
    5396:	00e63533          	sltu	a0,a2,a4
    539a:	97aa                	add	a5,a5,a0
    539c:	8732                	mv	a4,a2
    539e:	00779613          	slli	a2,a5,0x7
    53a2:	00065663          	bgez	a2,53ae <__muldf3+0x336>
    53a6:	49879793          	bclri	a5,a5,0x18
    53aa:	40030693          	addi	a3,t1,1024
    53ae:	7fe00613          	li	a2,2046
    53b2:	0cd64a63          	blt	a2,a3,5486 <__muldf3+0x40e>
    53b6:	01d79893          	slli	a7,a5,0x1d
    53ba:	830d                	srli	a4,a4,0x3
    53bc:	00e8e8b3          	or	a7,a7,a4
    53c0:	838d                	srli	a5,a5,0x3
    53c2:	07b2                	slli	a5,a5,0xc
    53c4:	4432                	lw	s0,12(sp)
    53c6:	83b1                	srli	a5,a5,0xc
    53c8:	06d2                	slli	a3,a3,0x14
    53ca:	05fe                	slli	a1,a1,0x1f
    53cc:	8edd                	or	a3,a3,a5
    53ce:	00b6e7b3          	or	a5,a3,a1
    53d2:	44a2                	lw	s1,8(sp)
    53d4:	4912                	lw	s2,4(sp)
    53d6:	8546                	mv	a0,a7
    53d8:	85be                	mv	a1,a5
    53da:	0141                	addi	sp,sp,16
    53dc:	8082                	ret
    53de:	8332                	mv	t1,a2
    53e0:	bf69                	j	537a <__muldf3+0x302>
    53e2:	c6a5                	beqz	a3,544a <__muldf3+0x3d2>
    53e4:	fc900613          	li	a2,-55
    53e8:	d2c6cbe3          	blt	a3,a2,511e <__muldf3+0xa6>
    53ec:	5609                	li	a2,-30
    53ee:	06c6c063          	blt	a3,a2,544e <__muldf3+0x3d6>
    53f2:	4605                	li	a2,1
    53f4:	40d606b3          	sub	a3,a2,a3
    53f8:	41e30313          	addi	t1,t1,1054
    53fc:	00d75633          	srl	a2,a4,a3
    5400:	00671733          	sll	a4,a4,t1
    5404:	00e03733          	snez	a4,a4
    5408:	00679333          	sll	t1,a5,t1
    540c:	00676733          	or	a4,a4,t1
    5410:	8f51                	or	a4,a4,a2
    5412:	00d7d7b3          	srl	a5,a5,a3
    5416:	00777693          	andi	a3,a4,7
    541a:	ce81                	beqz	a3,5432 <__muldf3+0x3ba>
    541c:	00f77693          	andi	a3,a4,15
    5420:	4611                	li	a2,4
    5422:	00c68863          	beq	a3,a2,5432 <__muldf3+0x3ba>
    5426:	00c706b3          	add	a3,a4,a2
    542a:	00e6b633          	sltu	a2,a3,a4
    542e:	97b2                	add	a5,a5,a2
    5430:	8736                	mv	a4,a3
    5432:	00879693          	slli	a3,a5,0x8
    5436:	0406cd63          	bltz	a3,5490 <__muldf3+0x418>
    543a:	01d79893          	slli	a7,a5,0x1d
    543e:	830d                	srli	a4,a4,0x3
    5440:	00e8e8b3          	or	a7,a7,a4
    5444:	838d                	srli	a5,a5,0x3
    5446:	4681                	li	a3,0
    5448:	bfad                	j	53c2 <__muldf3+0x34a>
    544a:	4685                	li	a3,1
    544c:	b775                	j	53f8 <__muldf3+0x380>
    544e:	5805                	li	a6,-31
    5450:	40d80633          	sub	a2,a6,a3
    5454:	00c7d633          	srl	a2,a5,a2
    5458:	4501                	li	a0,0
    545a:	01068663          	beq	a3,a6,5466 <__muldf3+0x3ee>
    545e:	43e30313          	addi	t1,t1,1086
    5462:	00679533          	sll	a0,a5,t1
    5466:	8f49                	or	a4,a4,a0
    5468:	00e03733          	snez	a4,a4
    546c:	8f51                	or	a4,a4,a2
    546e:	4781                	li	a5,0
    5470:	b75d                	j	5416 <__muldf3+0x39e>
    5472:	000807b7          	lui	a5,0x80
    5476:	7ff00693          	li	a3,2047
    547a:	4581                	li	a1,0
    547c:	b799                	j	53c2 <__muldf3+0x34a>
    547e:	000807b7          	lui	a5,0x80
    5482:	4881                	li	a7,0
    5484:	bfcd                	j	5476 <__muldf3+0x3fe>
    5486:	4781                	li	a5,0
    5488:	4881                	li	a7,0
    548a:	7ff00693          	li	a3,2047
    548e:	bf15                	j	53c2 <__muldf3+0x34a>
    5490:	4781                	li	a5,0
    5492:	4881                	li	a7,0
    5494:	4685                	li	a3,1
    5496:	b735                	j	53c2 <__muldf3+0x34a>

00005498 <__fixunsdfsi>:
    5498:	0145d713          	srli	a4,a1,0x14
    549c:	00c59793          	slli	a5,a1,0xc
    54a0:	7ff77713          	andi	a4,a4,2047
    54a4:	3fe00693          	li	a3,1022
    54a8:	862a                	mv	a2,a0
    54aa:	83b1                	srli	a5,a5,0xc
    54ac:	81fd                	srli	a1,a1,0x1f
    54ae:	04e6d263          	bge	a3,a4,54f2 <__fixunsdfsi+0x5a>
    54b2:	41f00693          	li	a3,1055
    54b6:	8e8d                	sub	a3,a3,a1
    54b8:	fff58513          	addi	a0,a1,-1
    54bc:	02d75c63          	bge	a4,a3,54f4 <__fixunsdfsi+0x5c>
    54c0:	4501                	li	a0,0
    54c2:	e98d                	bnez	a1,54f4 <__fixunsdfsi+0x5c>
    54c4:	41300693          	li	a3,1043
    54c8:	29479793          	bseti	a5,a5,0x14
    54cc:	00e6df63          	bge	a3,a4,54ea <__fixunsdfsi+0x52>
    54d0:	bed70693          	addi	a3,a4,-1043 # fbed <_data_lma+0x73f5>
    54d4:	00d797b3          	sll	a5,a5,a3
    54d8:	43300693          	li	a3,1075
    54dc:	40e68733          	sub	a4,a3,a4
    54e0:	00e65633          	srl	a2,a2,a4
    54e4:	00c7e533          	or	a0,a5,a2
    54e8:	8082                	ret
    54ea:	8e99                	sub	a3,a3,a4
    54ec:	00d7d533          	srl	a0,a5,a3
    54f0:	8082                	ret
    54f2:	4501                	li	a0,0
    54f4:	8082                	ret

000054f6 <__floatunsidf>:
    54f6:	c91d                	beqz	a0,552c <__floatunsidf+0x36>
    54f8:	60051713          	clz	a4,a0
    54fc:	41e00693          	li	a3,1054
    5500:	47a9                	li	a5,10
    5502:	8e99                	sub	a3,a3,a4
    5504:	00e7cf63          	blt	a5,a4,5522 <__floatunsidf+0x2c>
    5508:	47ad                	li	a5,11
    550a:	8f99                	sub	a5,a5,a4
    550c:	0755                	addi	a4,a4,21
    550e:	00f557b3          	srl	a5,a0,a5
    5512:	00e51533          	sll	a0,a0,a4
    5516:	07b2                	slli	a5,a5,0xc
    5518:	06d2                	slli	a3,a3,0x14
    551a:	83b1                	srli	a5,a5,0xc
    551c:	00f6e5b3          	or	a1,a3,a5
    5520:	8082                	ret
    5522:	1755                	addi	a4,a4,-11
    5524:	00e517b3          	sll	a5,a0,a4
    5528:	4501                	li	a0,0
    552a:	b7f5                	j	5516 <__floatunsidf+0x20>
    552c:	4781                	li	a5,0
    552e:	4681                	li	a3,0
    5530:	b7dd                	j	5516 <__floatunsidf+0x20>

00005532 <sbrk_aligned>:
    5532:	1141                	addi	sp,sp,-16
    5534:	c422                	sw	s0,8(sp)
    5536:	8701a783          	lw	a5,-1936(gp) # 200004c8 <__malloc_sbrk_start>
    553a:	c226                	sw	s1,4(sp)
    553c:	c04a                	sw	s2,0(sp)
    553e:	c606                	sw	ra,12(sp)
    5540:	892a                	mv	s2,a0
    5542:	84ae                	mv	s1,a1
    5544:	e789                	bnez	a5,554e <sbrk_aligned+0x1c>
    5546:	4581                	li	a1,0
    5548:	2665                	jal	58f0 <_sbrk_r>
    554a:	86a1a823          	sw	a0,-1936(gp) # 200004c8 <__malloc_sbrk_start>
    554e:	85a6                	mv	a1,s1
    5550:	854a                	mv	a0,s2
    5552:	2e79                	jal	58f0 <_sbrk_r>
    5554:	54fd                	li	s1,-1
    5556:	00951a63          	bne	a0,s1,556a <sbrk_aligned+0x38>
    555a:	547d                	li	s0,-1
    555c:	40b2                	lw	ra,12(sp)
    555e:	8522                	mv	a0,s0
    5560:	4422                	lw	s0,8(sp)
    5562:	4492                	lw	s1,4(sp)
    5564:	4902                	lw	s2,0(sp)
    5566:	0141                	addi	sp,sp,16
    5568:	8082                	ret
    556a:	00350413          	addi	s0,a0,3
    556e:	9871                	andi	s0,s0,-4
    5570:	fe8506e3          	beq	a0,s0,555c <sbrk_aligned+0x2a>
    5574:	40a405b3          	sub	a1,s0,a0
    5578:	854a                	mv	a0,s2
    557a:	2e9d                	jal	58f0 <_sbrk_r>
    557c:	fe9510e3          	bne	a0,s1,555c <sbrk_aligned+0x2a>
    5580:	bfe9                	j	555a <sbrk_aligned+0x28>

00005582 <_malloc_r>:
    5582:	1101                	addi	sp,sp,-32
    5584:	ca26                	sw	s1,20(sp)
    5586:	00358493          	addi	s1,a1,3
    558a:	98f1                	andi	s1,s1,-4
    558c:	04a1                	addi	s1,s1,8
    558e:	47b1                	li	a5,12
    5590:	c84a                	sw	s2,16(sp)
    5592:	ce06                	sw	ra,28(sp)
    5594:	cc22                	sw	s0,24(sp)
    5596:	c64e                	sw	s3,12(sp)
    5598:	c452                	sw	s4,8(sp)
    559a:	0af4f4b3          	maxu	s1,s1,a5
    559e:	892a                	mv	s2,a0
    55a0:	0004c463          	bltz	s1,55a8 <_malloc_r+0x26>
    55a4:	00b4fd63          	bgeu	s1,a1,55be <_malloc_r+0x3c>
    55a8:	00f92023          	sw	a5,0(s2) # 80000000 <_eusrstack+0x5ffde000>
    55ac:	4501                	li	a0,0
    55ae:	40f2                	lw	ra,28(sp)
    55b0:	4462                	lw	s0,24(sp)
    55b2:	44d2                	lw	s1,20(sp)
    55b4:	4942                	lw	s2,16(sp)
    55b6:	49b2                	lw	s3,12(sp)
    55b8:	4a22                	lw	s4,8(sp)
    55ba:	6105                	addi	sp,sp,32
    55bc:	8082                	ret
    55be:	28e1                	jal	5696 <__malloc_lock>
    55c0:	8741a783          	lw	a5,-1932(gp) # 200004cc <__malloc_free_list>
    55c4:	843e                	mv	s0,a5
    55c6:	e829                	bnez	s0,5618 <_malloc_r+0x96>
    55c8:	85a6                	mv	a1,s1
    55ca:	854a                	mv	a0,s2
    55cc:	f67ff0ef          	jal	5532 <sbrk_aligned>
    55d0:	57fd                	li	a5,-1
    55d2:	842a                	mv	s0,a0
    55d4:	0af51f63          	bne	a0,a5,5692 <_malloc_r+0x110>
    55d8:	8741a403          	lw	s0,-1932(gp) # 200004cc <__malloc_free_list>
    55dc:	87a2                	mv	a5,s0
    55de:	ebd1                	bnez	a5,5672 <_malloc_r+0xf0>
    55e0:	c05d                	beqz	s0,5686 <_malloc_r+0x104>
    55e2:	00042a03          	lw	s4,0(s0)
    55e6:	4581                	li	a1,0
    55e8:	854a                	mv	a0,s2
    55ea:	9a22                	add	s4,s4,s0
    55ec:	2611                	jal	58f0 <_sbrk_r>
    55ee:	08aa1c63          	bne	s4,a0,5686 <_malloc_r+0x104>
    55f2:	401c                	lw	a5,0(s0)
    55f4:	854a                	mv	a0,s2
    55f6:	8c9d                	sub	s1,s1,a5
    55f8:	85a6                	mv	a1,s1
    55fa:	f39ff0ef          	jal	5532 <sbrk_aligned>
    55fe:	57fd                	li	a5,-1
    5600:	08f50363          	beq	a0,a5,5686 <_malloc_r+0x104>
    5604:	401c                	lw	a5,0(s0)
    5606:	97a6                	add	a5,a5,s1
    5608:	c01c                	sw	a5,0(s0)
    560a:	8741a783          	lw	a5,-1932(gp) # 200004cc <__malloc_free_list>
    560e:	43d8                	lw	a4,4(a5)
    5610:	e725                	bnez	a4,5678 <_malloc_r+0xf6>
    5612:	8601aa23          	sw	zero,-1932(gp) # 200004cc <__malloc_free_list>
    5616:	a015                	j	563a <_malloc_r+0xb8>
    5618:	4014                	lw	a3,0(s0)
    561a:	8e85                	sub	a3,a3,s1
    561c:	0406c863          	bltz	a3,566c <_malloc_r+0xea>
    5620:	472d                	li	a4,11
    5622:	02d77d63          	bgeu	a4,a3,565c <_malloc_r+0xda>
    5626:	c004                	sw	s1,0(s0)
    5628:	00940733          	add	a4,s0,s1
    562c:	02879663          	bne	a5,s0,5658 <_malloc_r+0xd6>
    5630:	86e1aa23          	sw	a4,-1932(gp) # 200004cc <__malloc_free_list>
    5634:	405c                	lw	a5,4(s0)
    5636:	c314                	sw	a3,0(a4)
    5638:	c35c                	sw	a5,4(a4)
    563a:	854a                	mv	a0,s2
    563c:	28b1                	jal	5698 <__malloc_unlock>
    563e:	00b40513          	addi	a0,s0,11
    5642:	00440793          	addi	a5,s0,4
    5646:	9961                	andi	a0,a0,-8
    5648:	40f50733          	sub	a4,a0,a5
    564c:	f6f501e3          	beq	a0,a5,55ae <_malloc_r+0x2c>
    5650:	943a                	add	s0,s0,a4
    5652:	8f89                	sub	a5,a5,a0
    5654:	c01c                	sw	a5,0(s0)
    5656:	bfa1                	j	55ae <_malloc_r+0x2c>
    5658:	c3d8                	sw	a4,4(a5)
    565a:	bfe9                	j	5634 <_malloc_r+0xb2>
    565c:	4058                	lw	a4,4(s0)
    565e:	00879563          	bne	a5,s0,5668 <_malloc_r+0xe6>
    5662:	86e1aa23          	sw	a4,-1932(gp) # 200004cc <__malloc_free_list>
    5666:	bfd1                	j	563a <_malloc_r+0xb8>
    5668:	c3d8                	sw	a4,4(a5)
    566a:	bfc1                	j	563a <_malloc_r+0xb8>
    566c:	87a2                	mv	a5,s0
    566e:	4040                	lw	s0,4(s0)
    5670:	bf99                	j	55c6 <_malloc_r+0x44>
    5672:	843e                	mv	s0,a5
    5674:	43dc                	lw	a5,4(a5)
    5676:	b7a5                	j	55de <_malloc_r+0x5c>
    5678:	873e                	mv	a4,a5
    567a:	43dc                	lw	a5,4(a5)
    567c:	fe879ee3          	bne	a5,s0,5678 <_malloc_r+0xf6>
    5680:	00072223          	sw	zero,4(a4)
    5684:	bf5d                	j	563a <_malloc_r+0xb8>
    5686:	47b1                	li	a5,12
    5688:	00f92023          	sw	a5,0(s2)
    568c:	854a                	mv	a0,s2
    568e:	2029                	jal	5698 <__malloc_unlock>
    5690:	bf31                	j	55ac <_malloc_r+0x2a>
    5692:	c104                	sw	s1,0(a0)
    5694:	b75d                	j	563a <_malloc_r+0xb8>

00005696 <__malloc_lock>:
    5696:	8082                	ret

00005698 <__malloc_unlock>:
    5698:	8082                	ret

0000569a <iprintf>:
    569a:	7139                	addi	sp,sp,-64
    569c:	da3e                	sw	a5,52(sp)
    569e:	80c1a783          	lw	a5,-2036(gp) # 20000464 <_impure_ptr>
    56a2:	d432                	sw	a2,40(sp)
    56a4:	d636                	sw	a3,44(sp)
    56a6:	d22e                	sw	a1,36(sp)
    56a8:	d83a                	sw	a4,48(sp)
    56aa:	dc42                	sw	a6,56(sp)
    56ac:	de46                	sw	a7,60(sp)
    56ae:	478c                	lw	a1,8(a5)
    56b0:	1054                	addi	a3,sp,36
    56b2:	862a                	mv	a2,a0
    56b4:	853e                	mv	a0,a5
    56b6:	ce06                	sw	ra,28(sp)
    56b8:	c636                	sw	a3,12(sp)
    56ba:	26bd                	jal	5a28 <_vfiprintf_r>
    56bc:	40f2                	lw	ra,28(sp)
    56be:	6121                	addi	sp,sp,64
    56c0:	8082                	ret

000056c2 <_puts_r>:
    56c2:	511c                	lw	a5,32(a0)
    56c4:	1101                	addi	sp,sp,-32
    56c6:	cc22                	sw	s0,24(sp)
    56c8:	ca26                	sw	s1,20(sp)
    56ca:	c84a                	sw	s2,16(sp)
    56cc:	ce06                	sw	ra,28(sp)
    56ce:	c64e                	sw	s3,12(sp)
    56d0:	4500                	lw	s0,8(a0)
    56d2:	84aa                	mv	s1,a0
    56d4:	892e                	mv	s2,a1
    56d6:	e399                	bnez	a5,56dc <_puts_r+0x1a>
    56d8:	33f000ef          	jal	6216 <__sinit>
    56dc:	245e                	lhu	a5,12(s0)
    56de:	8ba1                	andi	a5,a5,8
    56e0:	c399                	beqz	a5,56e6 <_puts_r+0x24>
    56e2:	481c                	lw	a5,16(s0)
    56e4:	e3b5                	bnez	a5,5748 <_puts_r+0x86>
    56e6:	85a2                	mv	a1,s0
    56e8:	8526                	mv	a0,s1
    56ea:	2229                	jal	57f4 <__swsetup_r>
    56ec:	cd31                	beqz	a0,5748 <_puts_r+0x86>
    56ee:	557d                	li	a0,-1
    56f0:	40f2                	lw	ra,28(sp)
    56f2:	4462                	lw	s0,24(sp)
    56f4:	44d2                	lw	s1,20(sp)
    56f6:	4942                	lw	s2,16(sp)
    56f8:	49b2                	lw	s3,12(sp)
    56fa:	6105                	addi	sp,sp,32
    56fc:	8082                	ret
    56fe:	0007d863          	bgez	a5,570e <_puts_r+0x4c>
    5702:	4c18                	lw	a4,24(s0)
    5704:	02e7cc63          	blt	a5,a4,573c <_puts_r+0x7a>
    5708:	ff658793          	addi	a5,a1,-10
    570c:	cb85                	beqz	a5,573c <_puts_r+0x7a>
    570e:	401c                	lw	a5,0(s0)
    5710:	00178713          	addi	a4,a5,1 # 80001 <_data_lma+0x77809>
    5714:	c018                	sw	a4,0(s0)
    5716:	a38c                	sb	a1,0(a5)
    5718:	0905                	addi	s2,s2,1
    571a:	441c                	lw	a5,8(s0)
    571c:	00094583          	lbu	a1,0(s2)
    5720:	17fd                	addi	a5,a5,-1
    5722:	c41c                	sw	a5,8(s0)
    5724:	fde9                	bnez	a1,56fe <_puts_r+0x3c>
    5726:	0207d363          	bgez	a5,574c <_puts_r+0x8a>
    572a:	8622                	mv	a2,s0
    572c:	45a9                	li	a1,10
    572e:	8526                	mv	a0,s1
    5730:	2815                	jal	5764 <__swbuf_r>
    5732:	57fd                	li	a5,-1
    5734:	faf50de3          	beq	a0,a5,56ee <_puts_r+0x2c>
    5738:	4529                	li	a0,10
    573a:	bf5d                	j	56f0 <_puts_r+0x2e>
    573c:	8622                	mv	a2,s0
    573e:	8526                	mv	a0,s1
    5740:	2015                	jal	5764 <__swbuf_r>
    5742:	fd351be3          	bne	a0,s3,5718 <_puts_r+0x56>
    5746:	b765                	j	56ee <_puts_r+0x2c>
    5748:	59fd                	li	s3,-1
    574a:	bfc1                	j	571a <_puts_r+0x58>
    574c:	401c                	lw	a5,0(s0)
    574e:	00178713          	addi	a4,a5,1
    5752:	c018                	sw	a4,0(s0)
    5754:	4729                	li	a4,10
    5756:	a398                	sb	a4,0(a5)
    5758:	b7c5                	j	5738 <_puts_r+0x76>

0000575a <puts>:
    575a:	85aa                	mv	a1,a0
    575c:	80c1a503          	lw	a0,-2036(gp) # 20000464 <_impure_ptr>
    5760:	f63ff06f          	j	56c2 <_puts_r>

00005764 <__swbuf_r>:
    5764:	1101                	addi	sp,sp,-32
    5766:	cc22                	sw	s0,24(sp)
    5768:	ca26                	sw	s1,20(sp)
    576a:	c64e                	sw	s3,12(sp)
    576c:	ce06                	sw	ra,28(sp)
    576e:	c84a                	sw	s2,16(sp)
    5770:	84aa                	mv	s1,a0
    5772:	89ae                	mv	s3,a1
    5774:	8432                	mv	s0,a2
    5776:	c509                	beqz	a0,5780 <__swbuf_r+0x1c>
    5778:	511c                	lw	a5,32(a0)
    577a:	e399                	bnez	a5,5780 <__swbuf_r+0x1c>
    577c:	29b000ef          	jal	6216 <__sinit>
    5780:	4c1c                	lw	a5,24(s0)
    5782:	c41c                	sw	a5,8(s0)
    5784:	245e                	lhu	a5,12(s0)
    5786:	8ba1                	andi	a5,a5,8
    5788:	c399                	beqz	a5,578e <__swbuf_r+0x2a>
    578a:	481c                	lw	a5,16(s0)
    578c:	ef91                	bnez	a5,57a8 <__swbuf_r+0x44>
    578e:	85a2                	mv	a1,s0
    5790:	8526                	mv	a0,s1
    5792:	208d                	jal	57f4 <__swsetup_r>
    5794:	c911                	beqz	a0,57a8 <__swbuf_r+0x44>
    5796:	597d                	li	s2,-1
    5798:	40f2                	lw	ra,28(sp)
    579a:	4462                	lw	s0,24(sp)
    579c:	44d2                	lw	s1,20(sp)
    579e:	49b2                	lw	s3,12(sp)
    57a0:	854a                	mv	a0,s2
    57a2:	4942                	lw	s2,16(sp)
    57a4:	6105                	addi	sp,sp,32
    57a6:	8082                	ret
    57a8:	481c                	lw	a5,16(s0)
    57aa:	4008                	lw	a0,0(s0)
    57ac:	8d1d                	sub	a0,a0,a5
    57ae:	485c                	lw	a5,20(s0)
    57b0:	00f54763          	blt	a0,a5,57be <__swbuf_r+0x5a>
    57b4:	85a2                	mv	a1,s0
    57b6:	8526                	mv	a0,s1
    57b8:	11f000ef          	jal	60d6 <_fflush_r>
    57bc:	fd69                	bnez	a0,5796 <__swbuf_r+0x32>
    57be:	441c                	lw	a5,8(s0)
    57c0:	0505                	addi	a0,a0,1
    57c2:	0ff9f913          	zext.b	s2,s3
    57c6:	17fd                	addi	a5,a5,-1
    57c8:	c41c                	sw	a5,8(s0)
    57ca:	401c                	lw	a5,0(s0)
    57cc:	00178713          	addi	a4,a5,1
    57d0:	c018                	sw	a4,0(s0)
    57d2:	01378023          	sb	s3,0(a5)
    57d6:	485c                	lw	a5,20(s0)
    57d8:	00a78863          	beq	a5,a0,57e8 <__swbuf_r+0x84>
    57dc:	245e                	lhu	a5,12(s0)
    57de:	8b85                	andi	a5,a5,1
    57e0:	dfc5                	beqz	a5,5798 <__swbuf_r+0x34>
    57e2:	ff690793          	addi	a5,s2,-10
    57e6:	fbcd                	bnez	a5,5798 <__swbuf_r+0x34>
    57e8:	85a2                	mv	a1,s0
    57ea:	8526                	mv	a0,s1
    57ec:	0eb000ef          	jal	60d6 <_fflush_r>
    57f0:	d545                	beqz	a0,5798 <__swbuf_r+0x34>
    57f2:	b755                	j	5796 <__swbuf_r+0x32>

000057f4 <__swsetup_r>:
    57f4:	1141                	addi	sp,sp,-16
    57f6:	c226                	sw	s1,4(sp)
    57f8:	84aa                	mv	s1,a0
    57fa:	80c1a503          	lw	a0,-2036(gp) # 20000464 <_impure_ptr>
    57fe:	c422                	sw	s0,8(sp)
    5800:	c606                	sw	ra,12(sp)
    5802:	842e                	mv	s0,a1
    5804:	c509                	beqz	a0,580e <__swsetup_r+0x1a>
    5806:	511c                	lw	a5,32(a0)
    5808:	e399                	bnez	a5,580e <__swsetup_r+0x1a>
    580a:	20d000ef          	jal	6216 <__sinit>
    580e:	00c41783          	lh	a5,12(s0)
    5812:	0087f713          	andi	a4,a5,8
    5816:	e331                	bnez	a4,585a <__swsetup_r+0x66>
    5818:	0107f713          	andi	a4,a5,16
    581c:	eb01                	bnez	a4,582c <__swsetup_r+0x38>
    581e:	4725                	li	a4,9
    5820:	c098                	sw	a4,0(s1)
    5822:	0407e793          	ori	a5,a5,64
    5826:	a45e                	sh	a5,12(s0)
    5828:	557d                	li	a0,-1
    582a:	a0b5                	j	5896 <__swsetup_r+0xa2>
    582c:	0047f713          	andi	a4,a5,4
    5830:	c315                	beqz	a4,5854 <__swsetup_r+0x60>
    5832:	584c                	lw	a1,52(s0)
    5834:	c989                	beqz	a1,5846 <__swsetup_r+0x52>
    5836:	04440793          	addi	a5,s0,68
    583a:	00f58463          	beq	a1,a5,5842 <__swsetup_r+0x4e>
    583e:	8526                	mv	a0,s1
    5840:	28f1                	jal	591c <_free_r>
    5842:	02042a23          	sw	zero,52(s0)
    5846:	245e                	lhu	a5,12(s0)
    5848:	4818                	lw	a4,16(s0)
    584a:	00042223          	sw	zero,4(s0)
    584e:	fdb7f793          	andi	a5,a5,-37
    5852:	c018                	sw	a4,0(s0)
    5854:	0087e793          	ori	a5,a5,8
    5858:	a45e                	sh	a5,12(s0)
    585a:	481c                	lw	a5,16(s0)
    585c:	ef81                	bnez	a5,5874 <__swsetup_r+0x80>
    585e:	445c                	lw	a5,12(s0)
    5860:	20000713          	li	a4,512
    5864:	2807f793          	andi	a5,a5,640
    5868:	00e78663          	beq	a5,a4,5874 <__swsetup_r+0x80>
    586c:	85a2                	mv	a1,s0
    586e:	8526                	mv	a0,s1
    5870:	271000ef          	jal	62e0 <__smakebuf_r>
    5874:	00c41783          	lh	a5,12(s0)
    5878:	0017f713          	andi	a4,a5,1
    587c:	c315                	beqz	a4,58a0 <__swsetup_r+0xac>
    587e:	4858                	lw	a4,20(s0)
    5880:	00042423          	sw	zero,8(s0)
    5884:	40e00733          	neg	a4,a4
    5888:	cc18                	sw	a4,24(s0)
    588a:	4818                	lw	a4,16(s0)
    588c:	4501                	li	a0,0
    588e:	e701                	bnez	a4,5896 <__swsetup_r+0xa2>
    5890:	0807f713          	andi	a4,a5,128
    5894:	f759                	bnez	a4,5822 <__swsetup_r+0x2e>
    5896:	40b2                	lw	ra,12(sp)
    5898:	4422                	lw	s0,8(sp)
    589a:	4492                	lw	s1,4(sp)
    589c:	0141                	addi	sp,sp,16
    589e:	8082                	ret
    58a0:	0027f713          	andi	a4,a5,2
    58a4:	4681                	li	a3,0
    58a6:	e311                	bnez	a4,58aa <__swsetup_r+0xb6>
    58a8:	4854                	lw	a3,20(s0)
    58aa:	c414                	sw	a3,8(s0)
    58ac:	bff9                	j	588a <__swsetup_r+0x96>

000058ae <memcmp>:
    58ae:	4701                	li	a4,0
    58b0:	00e61463          	bne	a2,a4,58b8 <memcmp+0xa>
    58b4:	4501                	li	a0,0
    58b6:	8082                	ret
    58b8:	00e507b3          	add	a5,a0,a4
    58bc:	0705                	addi	a4,a4,1
    58be:	00e586b3          	add	a3,a1,a4
    58c2:	239c                	lbu	a5,0(a5)
    58c4:	fff6c683          	lbu	a3,-1(a3) # ffff <_data_lma+0x7807>
    58c8:	fed784e3          	beq	a5,a3,58b0 <memcmp+0x2>
    58cc:	40d78533          	sub	a0,a5,a3
    58d0:	8082                	ret

000058d2 <strchr>:
    58d2:	0ff5f593          	zext.b	a1,a1
    58d6:	211c                	lbu	a5,0(a0)
    58d8:	c791                	beqz	a5,58e4 <strchr+0x12>
    58da:	00b79363          	bne	a5,a1,58e0 <strchr+0xe>
    58de:	8082                	ret
    58e0:	0505                	addi	a0,a0,1
    58e2:	bfd5                	j	58d6 <strchr+0x4>
    58e4:	0015b593          	seqz	a1,a1
    58e8:	40b005b3          	neg	a1,a1
    58ec:	8d6d                	and	a0,a0,a1
    58ee:	8082                	ret

000058f0 <_sbrk_r>:
    58f0:	1141                	addi	sp,sp,-16
    58f2:	c422                	sw	s0,8(sp)
    58f4:	c226                	sw	s1,4(sp)
    58f6:	84aa                	mv	s1,a0
    58f8:	852e                	mv	a0,a1
    58fa:	c606                	sw	ra,12(sp)
    58fc:	8601ae23          	sw	zero,-1924(gp) # 200004d4 <errno>
    5900:	f81fe0ef          	jal	4880 <_sbrk>
    5904:	57fd                	li	a5,-1
    5906:	00f51663          	bne	a0,a5,5912 <_sbrk_r+0x22>
    590a:	87c1a783          	lw	a5,-1924(gp) # 200004d4 <errno>
    590e:	c391                	beqz	a5,5912 <_sbrk_r+0x22>
    5910:	c09c                	sw	a5,0(s1)
    5912:	40b2                	lw	ra,12(sp)
    5914:	4422                	lw	s0,8(sp)
    5916:	4492                	lw	s1,4(sp)
    5918:	0141                	addi	sp,sp,16
    591a:	8082                	ret

0000591c <_free_r>:
    591c:	c1c5                	beqz	a1,59bc <_free_r+0xa0>
    591e:	ffc5a783          	lw	a5,-4(a1)
    5922:	1101                	addi	sp,sp,-32
    5924:	cc22                	sw	s0,24(sp)
    5926:	ce06                	sw	ra,28(sp)
    5928:	ffc58413          	addi	s0,a1,-4
    592c:	0007d363          	bgez	a5,5932 <_free_r+0x16>
    5930:	943e                	add	s0,s0,a5
    5932:	c62a                	sw	a0,12(sp)
    5934:	d63ff0ef          	jal	5696 <__malloc_lock>
    5938:	8741a783          	lw	a5,-1932(gp) # 200004cc <__malloc_free_list>
    593c:	4532                	lw	a0,12(sp)
    593e:	eb91                	bnez	a5,5952 <_free_r+0x36>
    5940:	00042223          	sw	zero,4(s0)
    5944:	8681aa23          	sw	s0,-1932(gp) # 200004cc <__malloc_free_list>
    5948:	4462                	lw	s0,24(sp)
    594a:	40f2                	lw	ra,28(sp)
    594c:	6105                	addi	sp,sp,32
    594e:	d4bff06f          	j	5698 <__malloc_unlock>
    5952:	00f47d63          	bgeu	s0,a5,596c <_free_r+0x50>
    5956:	4010                	lw	a2,0(s0)
    5958:	00c406b3          	add	a3,s0,a2
    595c:	00d79663          	bne	a5,a3,5968 <_free_r+0x4c>
    5960:	4394                	lw	a3,0(a5)
    5962:	43dc                	lw	a5,4(a5)
    5964:	96b2                	add	a3,a3,a2
    5966:	c014                	sw	a3,0(s0)
    5968:	c05c                	sw	a5,4(s0)
    596a:	bfe9                	j	5944 <_free_r+0x28>
    596c:	873e                	mv	a4,a5
    596e:	43dc                	lw	a5,4(a5)
    5970:	c399                	beqz	a5,5976 <_free_r+0x5a>
    5972:	fef47de3          	bgeu	s0,a5,596c <_free_r+0x50>
    5976:	4314                	lw	a3,0(a4)
    5978:	00d70633          	add	a2,a4,a3
    597c:	00861f63          	bne	a2,s0,599a <_free_r+0x7e>
    5980:	4010                	lw	a2,0(s0)
    5982:	96b2                	add	a3,a3,a2
    5984:	c314                	sw	a3,0(a4)
    5986:	00d70633          	add	a2,a4,a3
    598a:	fac79fe3          	bne	a5,a2,5948 <_free_r+0x2c>
    598e:	4390                	lw	a2,0(a5)
    5990:	43dc                	lw	a5,4(a5)
    5992:	96b2                	add	a3,a3,a2
    5994:	c314                	sw	a3,0(a4)
    5996:	c35c                	sw	a5,4(a4)
    5998:	bf45                	j	5948 <_free_r+0x2c>
    599a:	00c47563          	bgeu	s0,a2,59a4 <_free_r+0x88>
    599e:	47b1                	li	a5,12
    59a0:	c11c                	sw	a5,0(a0)
    59a2:	b75d                	j	5948 <_free_r+0x2c>
    59a4:	4010                	lw	a2,0(s0)
    59a6:	00c406b3          	add	a3,s0,a2
    59aa:	00d79663          	bne	a5,a3,59b6 <_free_r+0x9a>
    59ae:	4394                	lw	a3,0(a5)
    59b0:	43dc                	lw	a5,4(a5)
    59b2:	96b2                	add	a3,a3,a2
    59b4:	c014                	sw	a3,0(s0)
    59b6:	c05c                	sw	a5,4(s0)
    59b8:	c340                	sw	s0,4(a4)
    59ba:	b779                	j	5948 <_free_r+0x2c>
    59bc:	8082                	ret

000059be <__sfputc_r>:
    59be:	461c                	lw	a5,8(a2)
    59c0:	17fd                	addi	a5,a5,-1
    59c2:	c61c                	sw	a5,8(a2)
    59c4:	0007da63          	bgez	a5,59d8 <__sfputc_r+0x1a>
    59c8:	4e18                	lw	a4,24(a2)
    59ca:	00e7c563          	blt	a5,a4,59d4 <__sfputc_r+0x16>
    59ce:	ff658793          	addi	a5,a1,-10
    59d2:	e399                	bnez	a5,59d8 <__sfputc_r+0x1a>
    59d4:	d91ff06f          	j	5764 <__swbuf_r>
    59d8:	421c                	lw	a5,0(a2)
    59da:	852e                	mv	a0,a1
    59dc:	00178713          	addi	a4,a5,1
    59e0:	c218                	sw	a4,0(a2)
    59e2:	a38c                	sb	a1,0(a5)
    59e4:	8082                	ret

000059e6 <__sfputs_r>:
    59e6:	1101                	addi	sp,sp,-32
    59e8:	cc22                	sw	s0,24(sp)
    59ea:	ca26                	sw	s1,20(sp)
    59ec:	c84a                	sw	s2,16(sp)
    59ee:	c64e                	sw	s3,12(sp)
    59f0:	c452                	sw	s4,8(sp)
    59f2:	ce06                	sw	ra,28(sp)
    59f4:	89aa                	mv	s3,a0
    59f6:	8a2e                	mv	s4,a1
    59f8:	8432                	mv	s0,a2
    59fa:	00d604b3          	add	s1,a2,a3
    59fe:	597d                	li	s2,-1
    5a00:	00941463          	bne	s0,s1,5a08 <__sfputs_r+0x22>
    5a04:	4501                	li	a0,0
    5a06:	a809                	j	5a18 <__sfputs_r+0x32>
    5a08:	200c                	lbu	a1,0(s0)
    5a0a:	8652                	mv	a2,s4
    5a0c:	854e                	mv	a0,s3
    5a0e:	fb1ff0ef          	jal	59be <__sfputc_r>
    5a12:	0405                	addi	s0,s0,1
    5a14:	ff2516e3          	bne	a0,s2,5a00 <__sfputs_r+0x1a>
    5a18:	40f2                	lw	ra,28(sp)
    5a1a:	4462                	lw	s0,24(sp)
    5a1c:	44d2                	lw	s1,20(sp)
    5a1e:	4942                	lw	s2,16(sp)
    5a20:	49b2                	lw	s3,12(sp)
    5a22:	4a22                	lw	s4,8(sp)
    5a24:	6105                	addi	sp,sp,32
    5a26:	8082                	ret

00005a28 <_vfiprintf_r>:
    5a28:	7171                	addi	sp,sp,-176
    5a2a:	d522                	sw	s0,168(sp)
    5a2c:	d326                	sw	s1,164(sp)
    5a2e:	cf4e                	sw	s3,156(sp)
    5a30:	cd52                	sw	s4,152(sp)
    5a32:	d706                	sw	ra,172(sp)
    5a34:	d14a                	sw	s2,160(sp)
    5a36:	cb56                	sw	s5,148(sp)
    5a38:	c95a                	sw	s6,144(sp)
    5a3a:	c75e                	sw	s7,140(sp)
    5a3c:	c562                	sw	s8,136(sp)
    5a3e:	89aa                	mv	s3,a0
    5a40:	84ae                	mv	s1,a1
    5a42:	8432                	mv	s0,a2
    5a44:	8a36                	mv	s4,a3
    5a46:	c509                	beqz	a0,5a50 <_vfiprintf_r+0x28>
    5a48:	511c                	lw	a5,32(a0)
    5a4a:	e399                	bnez	a5,5a50 <_vfiprintf_r+0x28>
    5a4c:	7ca000ef          	jal	6216 <__sinit>
    5a50:	24de                	lhu	a5,12(s1)
    5a52:	8ba1                	andi	a5,a5,8
    5a54:	c3f9                	beqz	a5,5b1a <_vfiprintf_r+0xf2>
    5a56:	489c                	lw	a5,16(s1)
    5a58:	c3e9                	beqz	a5,5b1a <_vfiprintf_r+0xf2>
    5a5a:	02000793          	li	a5,32
    5a5e:	02f10ca3          	sb	a5,57(sp)
    5a62:	6aa1                	lui	s5,0x8
    5a64:	03000793          	li	a5,48
    5a68:	ce52                	sw	s4,28(sp)
    5a6a:	da02                	sw	zero,52(sp)
    5a6c:	02f10d23          	sb	a5,58(sp)
    5a70:	5a7d                	li	s4,-1
    5a72:	90ca8a93          	addi	s5,s5,-1780 # 790c <_read+0x13ba>
    5a76:	4b29                	li	s6,10
    5a78:	8ba2                	mv	s7,s0
    5a7a:	000bc783          	lbu	a5,0(s7)
    5a7e:	00f03c33          	snez	s8,a5
    5a82:	fdb78793          	addi	a5,a5,-37
    5a86:	00f037b3          	snez	a5,a5
    5a8a:	00fc7c33          	and	s8,s8,a5
    5a8e:	0a0c1863          	bnez	s8,5b3e <_vfiprintf_r+0x116>
    5a92:	408b86b3          	sub	a3,s7,s0
    5a96:	008b8e63          	beq	s7,s0,5ab2 <_vfiprintf_r+0x8a>
    5a9a:	8622                	mv	a2,s0
    5a9c:	85a6                	mv	a1,s1
    5a9e:	854e                	mv	a0,s3
    5aa0:	c636                	sw	a3,12(sp)
    5aa2:	f45ff0ef          	jal	59e6 <__sfputs_r>
    5aa6:	19450f63          	beq	a0,s4,5c44 <_vfiprintf_r+0x21c>
    5aaa:	57d2                	lw	a5,52(sp)
    5aac:	46b2                	lw	a3,12(sp)
    5aae:	97b6                	add	a5,a5,a3
    5ab0:	da3e                	sw	a5,52(sp)
    5ab2:	000bc783          	lbu	a5,0(s7)
    5ab6:	18078763          	beqz	a5,5c44 <_vfiprintf_r+0x21c>
    5aba:	001b8413          	addi	s0,s7,1
    5abe:	d002                	sw	zero,32(sp)
    5ac0:	d602                	sw	zero,44(sp)
    5ac2:	d252                	sw	s4,36(sp)
    5ac4:	d402                	sw	zero,40(sp)
    5ac6:	060101a3          	sb	zero,99(sp)
    5aca:	dc82                	sw	zero,120(sp)
    5acc:	200c                	lbu	a1,0(s0)
    5ace:	4615                	li	a2,5
    5ad0:	8556                	mv	a0,s5
    5ad2:	12d000ef          	jal	63fe <memchr>
    5ad6:	5782                	lw	a5,32(sp)
    5ad8:	00140693          	addi	a3,s0,1
    5adc:	e13d                	bnez	a0,5b42 <_vfiprintf_r+0x11a>
    5ade:	0107f713          	andi	a4,a5,16
    5ae2:	c709                	beqz	a4,5aec <_vfiprintf_r+0xc4>
    5ae4:	02000713          	li	a4,32
    5ae8:	06e101a3          	sb	a4,99(sp)
    5aec:	0087f713          	andi	a4,a5,8
    5af0:	c709                	beqz	a4,5afa <_vfiprintf_r+0xd2>
    5af2:	02b00713          	li	a4,43
    5af6:	06e101a3          	sb	a4,99(sp)
    5afa:	2010                	lbu	a2,0(s0)
    5afc:	02a00713          	li	a4,42
    5b00:	04e60863          	beq	a2,a4,5b50 <_vfiprintf_r+0x128>
    5b04:	57b2                	lw	a5,44(sp)
    5b06:	4681                	li	a3,0
    5b08:	4625                	li	a2,9
    5b0a:	2018                	lbu	a4,0(s0)
    5b0c:	fd070713          	addi	a4,a4,-48
    5b10:	08e67463          	bgeu	a2,a4,5b98 <_vfiprintf_r+0x170>
    5b14:	c6b9                	beqz	a3,5b62 <_vfiprintf_r+0x13a>
    5b16:	d63e                	sw	a5,44(sp)
    5b18:	a0a9                	j	5b62 <_vfiprintf_r+0x13a>
    5b1a:	85a6                	mv	a1,s1
    5b1c:	854e                	mv	a0,s3
    5b1e:	cd7ff0ef          	jal	57f4 <__swsetup_r>
    5b22:	dd05                	beqz	a0,5a5a <_vfiprintf_r+0x32>
    5b24:	557d                	li	a0,-1
    5b26:	50ba                	lw	ra,172(sp)
    5b28:	542a                	lw	s0,168(sp)
    5b2a:	549a                	lw	s1,164(sp)
    5b2c:	590a                	lw	s2,160(sp)
    5b2e:	49fa                	lw	s3,156(sp)
    5b30:	4a6a                	lw	s4,152(sp)
    5b32:	4ada                	lw	s5,148(sp)
    5b34:	4b4a                	lw	s6,144(sp)
    5b36:	4bba                	lw	s7,140(sp)
    5b38:	4c2a                	lw	s8,136(sp)
    5b3a:	614d                	addi	sp,sp,176
    5b3c:	8082                	ret
    5b3e:	0b85                	addi	s7,s7,1
    5b40:	bf2d                	j	5a7a <_vfiprintf_r+0x52>
    5b42:	41550533          	sub	a0,a0,s5
    5b46:	28a797b3          	bset	a5,a5,a0
    5b4a:	d03e                	sw	a5,32(sp)
    5b4c:	8436                	mv	s0,a3
    5b4e:	bfbd                	j	5acc <_vfiprintf_r+0xa4>
    5b50:	4772                	lw	a4,28(sp)
    5b52:	00470613          	addi	a2,a4,4
    5b56:	4318                	lw	a4,0(a4)
    5b58:	ce32                	sw	a2,28(sp)
    5b5a:	02074863          	bltz	a4,5b8a <_vfiprintf_r+0x162>
    5b5e:	d63a                	sw	a4,44(sp)
    5b60:	8436                	mv	s0,a3
    5b62:	2018                	lbu	a4,0(s0)
    5b64:	02e00793          	li	a5,46
    5b68:	04f71963          	bne	a4,a5,5bba <_vfiprintf_r+0x192>
    5b6c:	3018                	lbu	a4,1(s0)
    5b6e:	02a00793          	li	a5,42
    5b72:	02f71963          	bne	a4,a5,5ba4 <_vfiprintf_r+0x17c>
    5b76:	47f2                	lw	a5,28(sp)
    5b78:	0409                	addi	s0,s0,2
    5b7a:	00478713          	addi	a4,a5,4
    5b7e:	439c                	lw	a5,0(a5)
    5b80:	ce3a                	sw	a4,28(sp)
    5b82:	0b47e7b3          	max	a5,a5,s4
    5b86:	d23e                	sw	a5,36(sp)
    5b88:	a80d                	j	5bba <_vfiprintf_r+0x192>
    5b8a:	40e00733          	neg	a4,a4
    5b8e:	0027e793          	ori	a5,a5,2
    5b92:	d63a                	sw	a4,44(sp)
    5b94:	d03e                	sw	a5,32(sp)
    5b96:	b7e9                	j	5b60 <_vfiprintf_r+0x138>
    5b98:	036787b3          	mul	a5,a5,s6
    5b9c:	0405                	addi	s0,s0,1
    5b9e:	4685                	li	a3,1
    5ba0:	97ba                	add	a5,a5,a4
    5ba2:	b7a5                	j	5b0a <_vfiprintf_r+0xe2>
    5ba4:	0405                	addi	s0,s0,1
    5ba6:	d202                	sw	zero,36(sp)
    5ba8:	4781                	li	a5,0
    5baa:	46a5                	li	a3,9
    5bac:	2018                	lbu	a4,0(s0)
    5bae:	fd070713          	addi	a4,a4,-48
    5bb2:	06e6f163          	bgeu	a3,a4,5c14 <_vfiprintf_r+0x1ec>
    5bb6:	fc0c18e3          	bnez	s8,5b86 <_vfiprintf_r+0x15e>
    5bba:	200c                	lbu	a1,0(s0)
    5bbc:	6ba1                	lui	s7,0x8
    5bbe:	460d                	li	a2,3
    5bc0:	914b8513          	addi	a0,s7,-1772 # 7914 <_read+0x13c2>
    5bc4:	03b000ef          	jal	63fe <memchr>
    5bc8:	cd09                	beqz	a0,5be2 <_vfiprintf_r+0x1ba>
    5bca:	5782                	lw	a5,32(sp)
    5bcc:	914b8b93          	addi	s7,s7,-1772
    5bd0:	41750533          	sub	a0,a0,s7
    5bd4:	04000713          	li	a4,64
    5bd8:	00a71733          	sll	a4,a4,a0
    5bdc:	8fd9                	or	a5,a5,a4
    5bde:	0405                	addi	s0,s0,1
    5be0:	d03e                	sw	a5,32(sp)
    5be2:	200c                	lbu	a1,0(s0)
    5be4:	6521                	lui	a0,0x8
    5be6:	4619                	li	a2,6
    5be8:	91850513          	addi	a0,a0,-1768 # 7918 <_read+0x13c6>
    5bec:	02b10c23          	sb	a1,56(sp)
    5bf0:	00f000ef          	jal	63fe <memchr>
    5bf4:	cd39                	beqz	a0,5c52 <_vfiprintf_r+0x22a>
    5bf6:	00000793          	li	a5,0
    5bfa:	e79d                	bnez	a5,5c28 <_vfiprintf_r+0x200>
    5bfc:	5702                	lw	a4,32(sp)
    5bfe:	47f2                	lw	a5,28(sp)
    5c00:	10077713          	andi	a4,a4,256
    5c04:	cf11                	beqz	a4,5c20 <_vfiprintf_r+0x1f8>
    5c06:	0791                	addi	a5,a5,4
    5c08:	ce3e                	sw	a5,28(sp)
    5c0a:	57d2                	lw	a5,52(sp)
    5c0c:	0405                	addi	s0,s0,1
    5c0e:	97ca                	add	a5,a5,s2
    5c10:	da3e                	sw	a5,52(sp)
    5c12:	b59d                	j	5a78 <_vfiprintf_r+0x50>
    5c14:	036787b3          	mul	a5,a5,s6
    5c18:	0405                	addi	s0,s0,1
    5c1a:	4c05                	li	s8,1
    5c1c:	97ba                	add	a5,a5,a4
    5c1e:	b779                	j	5bac <_vfiprintf_r+0x184>
    5c20:	079d                	addi	a5,a5,7
    5c22:	9be1                	andi	a5,a5,-8
    5c24:	07a1                	addi	a5,a5,8
    5c26:	b7cd                	j	5c08 <_vfiprintf_r+0x1e0>
    5c28:	6699                	lui	a3,0x6
    5c2a:	0878                	addi	a4,sp,28
    5c2c:	9e668693          	addi	a3,a3,-1562 # 59e6 <__sfputs_r>
    5c30:	8626                	mv	a2,s1
    5c32:	100c                	addi	a1,sp,32
    5c34:	854e                	mv	a0,s3
    5c36:	00000097          	auipc	ra,0x0
    5c3a:	000000e7          	jalr	zero # 0 <_sinit>
    5c3e:	892a                	mv	s2,a0
    5c40:	fd4515e3          	bne	a0,s4,5c0a <_vfiprintf_r+0x1e2>
    5c44:	24de                	lhu	a5,12(s1)
    5c46:	0407f793          	andi	a5,a5,64
    5c4a:	ec079de3          	bnez	a5,5b24 <_vfiprintf_r+0xfc>
    5c4e:	5552                	lw	a0,52(sp)
    5c50:	bdd9                	j	5b26 <_vfiprintf_r+0xfe>
    5c52:	6699                	lui	a3,0x6
    5c54:	0878                	addi	a4,sp,28
    5c56:	9e668693          	addi	a3,a3,-1562 # 59e6 <__sfputs_r>
    5c5a:	8626                	mv	a2,s1
    5c5c:	100c                	addi	a1,sp,32
    5c5e:	854e                	mv	a0,s3
    5c60:	2231                	jal	5d6c <_printf_i>
    5c62:	bff1                	j	5c3e <_vfiprintf_r+0x216>

00005c64 <_printf_common>:
    5c64:	7179                	addi	sp,sp,-48
    5c66:	ce4e                	sw	s3,28(sp)
    5c68:	499c                	lw	a5,16(a1)
    5c6a:	89ba                	mv	s3,a4
    5c6c:	4598                	lw	a4,8(a1)
    5c6e:	d422                	sw	s0,40(sp)
    5c70:	d04a                	sw	s2,32(sp)
    5c72:	c85a                	sw	s6,16(sp)
    5c74:	c65e                	sw	s7,12(sp)
    5c76:	d606                	sw	ra,44(sp)
    5c78:	d226                	sw	s1,36(sp)
    5c7a:	cc52                	sw	s4,24(sp)
    5c7c:	ca56                	sw	s5,20(sp)
    5c7e:	0ae7e7b3          	max	a5,a5,a4
    5c82:	c21c                	sw	a5,0(a2)
    5c84:	0435c703          	lbu	a4,67(a1)
    5c88:	8b2a                	mv	s6,a0
    5c8a:	842e                	mv	s0,a1
    5c8c:	8932                	mv	s2,a2
    5c8e:	8bb6                	mv	s7,a3
    5c90:	c319                	beqz	a4,5c96 <_printf_common+0x32>
    5c92:	0785                	addi	a5,a5,1
    5c94:	c21c                	sw	a5,0(a2)
    5c96:	401c                	lw	a5,0(s0)
    5c98:	0207f793          	andi	a5,a5,32
    5c9c:	c791                	beqz	a5,5ca8 <_printf_common+0x44>
    5c9e:	00092783          	lw	a5,0(s2)
    5ca2:	0789                	addi	a5,a5,2
    5ca4:	00f92023          	sw	a5,0(s2)
    5ca8:	4004                	lw	s1,0(s0)
    5caa:	8899                	andi	s1,s1,6
    5cac:	e891                	bnez	s1,5cc0 <_printf_common+0x5c>
    5cae:	01940a13          	addi	s4,s0,25
    5cb2:	5afd                	li	s5,-1
    5cb4:	445c                	lw	a5,12(s0)
    5cb6:	00092703          	lw	a4,0(s2)
    5cba:	8f99                	sub	a5,a5,a4
    5cbc:	04f4cb63          	blt	s1,a5,5d12 <_printf_common+0xae>
    5cc0:	401c                	lw	a5,0(s0)
    5cc2:	04344683          	lbu	a3,67(s0)
    5cc6:	0207f793          	andi	a5,a5,32
    5cca:	00d036b3          	snez	a3,a3
    5cce:	e7bd                	bnez	a5,5d3c <_printf_common+0xd8>
    5cd0:	04340613          	addi	a2,s0,67
    5cd4:	85de                	mv	a1,s7
    5cd6:	855a                	mv	a0,s6
    5cd8:	9982                	jalr	s3
    5cda:	57fd                	li	a5,-1
    5cdc:	04f50263          	beq	a0,a5,5d20 <_printf_common+0xbc>
    5ce0:	401c                	lw	a5,0(s0)
    5ce2:	4711                	li	a4,4
    5ce4:	4481                	li	s1,0
    5ce6:	8b99                	andi	a5,a5,6
    5ce8:	00e79863          	bne	a5,a4,5cf8 <_printf_common+0x94>
    5cec:	4444                	lw	s1,12(s0)
    5cee:	00092783          	lw	a5,0(s2)
    5cf2:	8c9d                	sub	s1,s1,a5
    5cf4:	0a04e4b3          	max	s1,s1,zero
    5cf8:	441c                	lw	a5,8(s0)
    5cfa:	4818                	lw	a4,16(s0)
    5cfc:	00f75463          	bge	a4,a5,5d04 <_printf_common+0xa0>
    5d00:	8f99                	sub	a5,a5,a4
    5d02:	94be                	add	s1,s1,a5
    5d04:	4901                	li	s2,0
    5d06:	0469                	addi	s0,s0,26
    5d08:	5a7d                	li	s4,-1
    5d0a:	05249863          	bne	s1,s2,5d5a <_printf_common+0xf6>
    5d0e:	4501                	li	a0,0
    5d10:	a809                	j	5d22 <_printf_common+0xbe>
    5d12:	4685                	li	a3,1
    5d14:	8652                	mv	a2,s4
    5d16:	85de                	mv	a1,s7
    5d18:	855a                	mv	a0,s6
    5d1a:	9982                	jalr	s3
    5d1c:	01551e63          	bne	a0,s5,5d38 <_printf_common+0xd4>
    5d20:	557d                	li	a0,-1
    5d22:	50b2                	lw	ra,44(sp)
    5d24:	5422                	lw	s0,40(sp)
    5d26:	5492                	lw	s1,36(sp)
    5d28:	5902                	lw	s2,32(sp)
    5d2a:	49f2                	lw	s3,28(sp)
    5d2c:	4a62                	lw	s4,24(sp)
    5d2e:	4ad2                	lw	s5,20(sp)
    5d30:	4b42                	lw	s6,16(sp)
    5d32:	4bb2                	lw	s7,12(sp)
    5d34:	6145                	addi	sp,sp,48
    5d36:	8082                	ret
    5d38:	0485                	addi	s1,s1,1
    5d3a:	bfad                	j	5cb4 <_printf_common+0x50>
    5d3c:	00d40733          	add	a4,s0,a3
    5d40:	03000613          	li	a2,48
    5d44:	04c701a3          	sb	a2,67(a4)
    5d48:	04544703          	lbu	a4,69(s0)
    5d4c:	00168793          	addi	a5,a3,1
    5d50:	97a2                	add	a5,a5,s0
    5d52:	0689                	addi	a3,a3,2
    5d54:	04e781a3          	sb	a4,67(a5)
    5d58:	bfa5                	j	5cd0 <_printf_common+0x6c>
    5d5a:	4685                	li	a3,1
    5d5c:	8622                	mv	a2,s0
    5d5e:	85de                	mv	a1,s7
    5d60:	855a                	mv	a0,s6
    5d62:	9982                	jalr	s3
    5d64:	fb450ee3          	beq	a0,s4,5d20 <_printf_common+0xbc>
    5d68:	0905                	addi	s2,s2,1
    5d6a:	b745                	j	5d0a <_printf_common+0xa6>

00005d6c <_printf_i>:
    5d6c:	7139                	addi	sp,sp,-64
    5d6e:	dc22                	sw	s0,56(sp)
    5d70:	da26                	sw	s1,52(sp)
    5d72:	d452                	sw	s4,40(sp)
    5d74:	d256                	sw	s5,36(sp)
    5d76:	de06                	sw	ra,60(sp)
    5d78:	d84a                	sw	s2,48(sp)
    5d7a:	d64e                	sw	s3,44(sp)
    5d7c:	2d9c                	lbu	a5,24(a1)
    5d7e:	84b6                	mv	s1,a3
    5d80:	07800693          	li	a3,120
    5d84:	8a2a                	mv	s4,a0
    5d86:	842e                	mv	s0,a1
    5d88:	8ab2                	mv	s5,a2
    5d8a:	00f6ee63          	bltu	a3,a5,5da6 <_printf_i+0x3a>
    5d8e:	06200693          	li	a3,98
    5d92:	04358613          	addi	a2,a1,67
    5d96:	00f6eb63          	bltu	a3,a5,5dac <_printf_i+0x40>
    5d9a:	1a078663          	beqz	a5,5f46 <_printf_i+0x1da>
    5d9e:	05800693          	li	a3,88
    5da2:	16d78463          	beq	a5,a3,5f0a <_printf_i+0x19e>
    5da6:	04240913          	addi	s2,s0,66
    5daa:	a035                	j	5dd6 <_printf_i+0x6a>
    5dac:	f9d78693          	addi	a3,a5,-99
    5db0:	0ff6f693          	zext.b	a3,a3
    5db4:	45d5                	li	a1,21
    5db6:	fed5e8e3          	bltu	a1,a3,5da6 <_printf_i+0x3a>
    5dba:	65a1                	lui	a1,0x8
    5dbc:	c3458593          	addi	a1,a1,-972 # 7c34 <__clz_tab+0x100>
    5dc0:	20b6c6b3          	sh2add	a3,a3,a1
    5dc4:	4294                	lw	a3,0(a3)
    5dc6:	8682                	jr	a3
    5dc8:	431c                	lw	a5,0(a4)
    5dca:	04240913          	addi	s2,s0,66
    5dce:	00478693          	addi	a3,a5,4
    5dd2:	439c                	lw	a5,0(a5)
    5dd4:	c314                	sw	a3,0(a4)
    5dd6:	04f40123          	sb	a5,66(s0)
    5dda:	4785                	li	a5,1
    5ddc:	aa41                	j	5f6c <_printf_i+0x200>
    5dde:	401c                	lw	a5,0(s0)
    5de0:	4308                	lw	a0,0(a4)
    5de2:	0807f693          	andi	a3,a5,128
    5de6:	00450593          	addi	a1,a0,4
    5dea:	c285                	beqz	a3,5e0a <_printf_i+0x9e>
    5dec:	411c                	lw	a5,0(a0)
    5dee:	c30c                	sw	a1,0(a4)
    5df0:	66a1                	lui	a3,0x8
    5df2:	0007d863          	bgez	a5,5e02 <_printf_i+0x96>
    5df6:	02d00713          	li	a4,45
    5dfa:	40f007b3          	neg	a5,a5
    5dfe:	04e401a3          	sb	a4,67(s0)
    5e02:	92068693          	addi	a3,a3,-1760 # 7920 <_read+0x13ce>
    5e06:	4729                	li	a4,10
    5e08:	a089                	j	5e4a <_printf_i+0xde>
    5e0a:	0407f693          	andi	a3,a5,64
    5e0e:	411c                	lw	a5,0(a0)
    5e10:	c30c                	sw	a1,0(a4)
    5e12:	def9                	beqz	a3,5df0 <_printf_i+0x84>
    5e14:	60579793          	sext.h	a5,a5
    5e18:	bfe1                	j	5df0 <_printf_i+0x84>
    5e1a:	400c                	lw	a1,0(s0)
    5e1c:	4314                	lw	a3,0(a4)
    5e1e:	0805f513          	andi	a0,a1,128
    5e22:	429c                	lw	a5,0(a3)
    5e24:	0691                	addi	a3,a3,4
    5e26:	e511                	bnez	a0,5e32 <_printf_i+0xc6>
    5e28:	0405f593          	andi	a1,a1,64
    5e2c:	c199                	beqz	a1,5e32 <_printf_i+0xc6>
    5e2e:	0807c7b3          	zext.h	a5,a5
    5e32:	c314                	sw	a3,0(a4)
    5e34:	2c0c                	lbu	a1,24(s0)
    5e36:	66a1                	lui	a3,0x8
    5e38:	06f00713          	li	a4,111
    5e3c:	92068693          	addi	a3,a3,-1760 # 7920 <_read+0x13ce>
    5e40:	0ce59e63          	bne	a1,a4,5f1c <_printf_i+0x1b0>
    5e44:	4721                	li	a4,8
    5e46:	040401a3          	sb	zero,67(s0)
    5e4a:	404c                	lw	a1,4(s0)
    5e4c:	c40c                	sw	a1,8(s0)
    5e4e:	0005c863          	bltz	a1,5e5e <_printf_i+0xf2>
    5e52:	4008                	lw	a0,0(s0)
    5e54:	8ddd                	or	a1,a1,a5
    5e56:	8932                	mv	s2,a2
    5e58:	996d                	andi	a0,a0,-5
    5e5a:	c008                	sw	a0,0(s0)
    5e5c:	cd91                	beqz	a1,5e78 <_printf_i+0x10c>
    5e5e:	8932                	mv	s2,a2
    5e60:	02e7f5b3          	remu	a1,a5,a4
    5e64:	197d                	addi	s2,s2,-1
    5e66:	95b6                	add	a1,a1,a3
    5e68:	218c                	lbu	a1,0(a1)
    5e6a:	00b90023          	sb	a1,0(s2)
    5e6e:	85be                	mv	a1,a5
    5e70:	02e7d7b3          	divu	a5,a5,a4
    5e74:	fee5f6e3          	bgeu	a1,a4,5e60 <_printf_i+0xf4>
    5e78:	47a1                	li	a5,8
    5e7a:	00f71e63          	bne	a4,a5,5e96 <_printf_i+0x12a>
    5e7e:	401c                	lw	a5,0(s0)
    5e80:	8b85                	andi	a5,a5,1
    5e82:	cb91                	beqz	a5,5e96 <_printf_i+0x12a>
    5e84:	4058                	lw	a4,4(s0)
    5e86:	481c                	lw	a5,16(s0)
    5e88:	00e7c763          	blt	a5,a4,5e96 <_printf_i+0x12a>
    5e8c:	03000793          	li	a5,48
    5e90:	fef90fa3          	sb	a5,-1(s2)
    5e94:	197d                	addi	s2,s2,-1
    5e96:	41260633          	sub	a2,a2,s2
    5e9a:	c810                	sw	a2,16(s0)
    5e9c:	8726                	mv	a4,s1
    5e9e:	86d6                	mv	a3,s5
    5ea0:	0870                	addi	a2,sp,28
    5ea2:	85a2                	mv	a1,s0
    5ea4:	8552                	mv	a0,s4
    5ea6:	dbfff0ef          	jal	5c64 <_printf_common>
    5eaa:	59fd                	li	s3,-1
    5eac:	0d351463          	bne	a0,s3,5f74 <_printf_i+0x208>
    5eb0:	557d                	li	a0,-1
    5eb2:	50f2                	lw	ra,60(sp)
    5eb4:	5462                	lw	s0,56(sp)
    5eb6:	54d2                	lw	s1,52(sp)
    5eb8:	5942                	lw	s2,48(sp)
    5eba:	59b2                	lw	s3,44(sp)
    5ebc:	5a22                	lw	s4,40(sp)
    5ebe:	5a92                	lw	s5,36(sp)
    5ec0:	6121                	addi	sp,sp,64
    5ec2:	8082                	ret
    5ec4:	401c                	lw	a5,0(s0)
    5ec6:	0207e793          	ori	a5,a5,32
    5eca:	c01c                	sw	a5,0(s0)
    5ecc:	66a1                	lui	a3,0x8
    5ece:	07800793          	li	a5,120
    5ed2:	93468693          	addi	a3,a3,-1740 # 7934 <_read+0x13e2>
    5ed6:	04f402a3          	sb	a5,69(s0)
    5eda:	400c                	lw	a1,0(s0)
    5edc:	4308                	lw	a0,0(a4)
    5ede:	0805f813          	andi	a6,a1,128
    5ee2:	411c                	lw	a5,0(a0)
    5ee4:	0511                	addi	a0,a0,4
    5ee6:	00081863          	bnez	a6,5ef6 <_printf_i+0x18a>
    5eea:	0405f813          	andi	a6,a1,64
    5eee:	00080463          	beqz	a6,5ef6 <_printf_i+0x18a>
    5ef2:	0807c7b3          	zext.h	a5,a5
    5ef6:	c308                	sw	a0,0(a4)
    5ef8:	0015f713          	andi	a4,a1,1
    5efc:	c701                	beqz	a4,5f04 <_printf_i+0x198>
    5efe:	0205e593          	ori	a1,a1,32
    5f02:	c00c                	sw	a1,0(s0)
    5f04:	c799                	beqz	a5,5f12 <_printf_i+0x1a6>
    5f06:	4741                	li	a4,16
    5f08:	bf3d                	j	5e46 <_printf_i+0xda>
    5f0a:	66a1                	lui	a3,0x8
    5f0c:	92068693          	addi	a3,a3,-1760 # 7920 <_read+0x13ce>
    5f10:	b7d9                	j	5ed6 <_printf_i+0x16a>
    5f12:	4018                	lw	a4,0(s0)
    5f14:	fdf77713          	andi	a4,a4,-33
    5f18:	c018                	sw	a4,0(s0)
    5f1a:	b7f5                	j	5f06 <_printf_i+0x19a>
    5f1c:	4729                	li	a4,10
    5f1e:	b725                	j	5e46 <_printf_i+0xda>
    5f20:	4014                	lw	a3,0(s0)
    5f22:	431c                	lw	a5,0(a4)
    5f24:	484c                	lw	a1,20(s0)
    5f26:	0806f813          	andi	a6,a3,128
    5f2a:	00478513          	addi	a0,a5,4
    5f2e:	00080663          	beqz	a6,5f3a <_printf_i+0x1ce>
    5f32:	c308                	sw	a0,0(a4)
    5f34:	439c                	lw	a5,0(a5)
    5f36:	c38c                	sw	a1,0(a5)
    5f38:	a039                	j	5f46 <_printf_i+0x1da>
    5f3a:	c308                	sw	a0,0(a4)
    5f3c:	0406f693          	andi	a3,a3,64
    5f40:	439c                	lw	a5,0(a5)
    5f42:	daf5                	beqz	a3,5f36 <_printf_i+0x1ca>
    5f44:	a38e                	sh	a1,0(a5)
    5f46:	00042823          	sw	zero,16(s0)
    5f4a:	8932                	mv	s2,a2
    5f4c:	bf81                	j	5e9c <_printf_i+0x130>
    5f4e:	431c                	lw	a5,0(a4)
    5f50:	4050                	lw	a2,4(s0)
    5f52:	4581                	li	a1,0
    5f54:	00478693          	addi	a3,a5,4
    5f58:	c314                	sw	a3,0(a4)
    5f5a:	0007a903          	lw	s2,0(a5)
    5f5e:	854a                	mv	a0,s2
    5f60:	2979                	jal	63fe <memchr>
    5f62:	c501                	beqz	a0,5f6a <_printf_i+0x1fe>
    5f64:	41250533          	sub	a0,a0,s2
    5f68:	c048                	sw	a0,4(s0)
    5f6a:	405c                	lw	a5,4(s0)
    5f6c:	c81c                	sw	a5,16(s0)
    5f6e:	040401a3          	sb	zero,67(s0)
    5f72:	b72d                	j	5e9c <_printf_i+0x130>
    5f74:	4814                	lw	a3,16(s0)
    5f76:	864a                	mv	a2,s2
    5f78:	85d6                	mv	a1,s5
    5f7a:	8552                	mv	a0,s4
    5f7c:	9482                	jalr	s1
    5f7e:	f33509e3          	beq	a0,s3,5eb0 <_printf_i+0x144>
    5f82:	401c                	lw	a5,0(s0)
    5f84:	8b89                	andi	a5,a5,2
    5f86:	e78d                	bnez	a5,5fb0 <_printf_i+0x244>
    5f88:	4448                	lw	a0,12(s0)
    5f8a:	47f2                	lw	a5,28(sp)
    5f8c:	0af56533          	max	a0,a0,a5
    5f90:	b70d                	j	5eb2 <_printf_i+0x146>
    5f92:	4685                	li	a3,1
    5f94:	85d6                	mv	a1,s5
    5f96:	8552                	mv	a0,s4
    5f98:	c632                	sw	a2,12(sp)
    5f9a:	9482                	jalr	s1
    5f9c:	f1350ae3          	beq	a0,s3,5eb0 <_printf_i+0x144>
    5fa0:	4632                	lw	a2,12(sp)
    5fa2:	0905                	addi	s2,s2,1
    5fa4:	445c                	lw	a5,12(s0)
    5fa6:	4772                	lw	a4,28(sp)
    5fa8:	8f99                	sub	a5,a5,a4
    5faa:	fef944e3          	blt	s2,a5,5f92 <_printf_i+0x226>
    5fae:	bfe9                	j	5f88 <_printf_i+0x21c>
    5fb0:	4901                	li	s2,0
    5fb2:	01940613          	addi	a2,s0,25
    5fb6:	b7fd                	j	5fa4 <_printf_i+0x238>

00005fb8 <__sflush_r>:
    5fb8:	00c59783          	lh	a5,12(a1)
    5fbc:	1101                	addi	sp,sp,-32
    5fbe:	cc22                	sw	s0,24(sp)
    5fc0:	ca26                	sw	s1,20(sp)
    5fc2:	ce06                	sw	ra,28(sp)
    5fc4:	c84a                	sw	s2,16(sp)
    5fc6:	0087f713          	andi	a4,a5,8
    5fca:	84aa                	mv	s1,a0
    5fcc:	842e                	mv	s0,a1
    5fce:	ef5d                	bnez	a4,608c <__sflush_r+0xd4>
    5fd0:	41d8                	lw	a4,4(a1)
    5fd2:	00e04563          	bgtz	a4,5fdc <__sflush_r+0x24>
    5fd6:	41b8                	lw	a4,64(a1)
    5fd8:	0ae05863          	blez	a4,6088 <__sflush_r+0xd0>
    5fdc:	5458                	lw	a4,44(s0)
    5fde:	c74d                	beqz	a4,6088 <__sflush_r+0xd0>
    5fe0:	0004a903          	lw	s2,0(s1)
    5fe4:	01379693          	slli	a3,a5,0x13
    5fe8:	0004a023          	sw	zero,0(s1)
    5fec:	0606dc63          	bgez	a3,6064 <__sflush_r+0xac>
    5ff0:	4870                	lw	a2,84(s0)
    5ff2:	245e                	lhu	a5,12(s0)
    5ff4:	8b91                	andi	a5,a5,4
    5ff6:	c799                	beqz	a5,6004 <__sflush_r+0x4c>
    5ff8:	405c                	lw	a5,4(s0)
    5ffa:	8e1d                	sub	a2,a2,a5
    5ffc:	585c                	lw	a5,52(s0)
    5ffe:	c399                	beqz	a5,6004 <__sflush_r+0x4c>
    6000:	403c                	lw	a5,64(s0)
    6002:	8e1d                	sub	a2,a2,a5
    6004:	545c                	lw	a5,44(s0)
    6006:	500c                	lw	a1,32(s0)
    6008:	4681                	li	a3,0
    600a:	8526                	mv	a0,s1
    600c:	9782                	jalr	a5
    600e:	577d                	li	a4,-1
    6010:	00c41783          	lh	a5,12(s0)
    6014:	00e51c63          	bne	a0,a4,602c <__sflush_r+0x74>
    6018:	4094                	lw	a3,0(s1)
    601a:	4775                	li	a4,29
    601c:	08d76f63          	bltu	a4,a3,60ba <__sflush_r+0x102>
    6020:	20400737          	lui	a4,0x20400
    6024:	0705                	addi	a4,a4,1 # 20400001 <_eusrstack+0x3de001>
    6026:	48d75633          	bext	a2,a4,a3
    602a:	ca41                	beqz	a2,60ba <__sflush_r+0x102>
    602c:	4818                	lw	a4,16(s0)
    602e:	00042223          	sw	zero,4(s0)
    6032:	c018                	sw	a4,0(s0)
    6034:	01379713          	slli	a4,a5,0x13
    6038:	00075863          	bgez	a4,6048 <__sflush_r+0x90>
    603c:	57fd                	li	a5,-1
    603e:	00f51463          	bne	a0,a5,6046 <__sflush_r+0x8e>
    6042:	409c                	lw	a5,0(s1)
    6044:	e391                	bnez	a5,6048 <__sflush_r+0x90>
    6046:	c868                	sw	a0,84(s0)
    6048:	584c                	lw	a1,52(s0)
    604a:	0124a023          	sw	s2,0(s1)
    604e:	cd8d                	beqz	a1,6088 <__sflush_r+0xd0>
    6050:	04440793          	addi	a5,s0,68
    6054:	00f58563          	beq	a1,a5,605e <__sflush_r+0xa6>
    6058:	8526                	mv	a0,s1
    605a:	8c3ff0ef          	jal	591c <_free_r>
    605e:	02042a23          	sw	zero,52(s0)
    6062:	a01d                	j	6088 <__sflush_r+0xd0>
    6064:	500c                	lw	a1,32(s0)
    6066:	4601                	li	a2,0
    6068:	4685                	li	a3,1
    606a:	8526                	mv	a0,s1
    606c:	9702                	jalr	a4
    606e:	57fd                	li	a5,-1
    6070:	862a                	mv	a2,a0
    6072:	f8f510e3          	bne	a0,a5,5ff2 <__sflush_r+0x3a>
    6076:	409c                	lw	a5,0(s1)
    6078:	dfad                	beqz	a5,5ff2 <__sflush_r+0x3a>
    607a:	fe378713          	addi	a4,a5,-29
    607e:	c319                	beqz	a4,6084 <__sflush_r+0xcc>
    6080:	17a9                	addi	a5,a5,-22
    6082:	eb9d                	bnez	a5,60b8 <__sflush_r+0x100>
    6084:	0124a023          	sw	s2,0(s1)
    6088:	4501                	li	a0,0
    608a:	a825                	j	60c2 <__sflush_r+0x10a>
    608c:	4990                	lw	a2,16(a1)
    608e:	de6d                	beqz	a2,6088 <__sflush_r+0xd0>
    6090:	4194                	lw	a3,0(a1)
    6092:	8b8d                	andi	a5,a5,3
    6094:	c190                	sw	a2,0(a1)
    6096:	40c68933          	sub	s2,a3,a2
    609a:	4701                	li	a4,0
    609c:	e391                	bnez	a5,60a0 <__sflush_r+0xe8>
    609e:	49d8                	lw	a4,20(a1)
    60a0:	c418                	sw	a4,8(s0)
    60a2:	ff2053e3          	blez	s2,6088 <__sflush_r+0xd0>
    60a6:	541c                	lw	a5,40(s0)
    60a8:	500c                	lw	a1,32(s0)
    60aa:	86ca                	mv	a3,s2
    60ac:	8526                	mv	a0,s1
    60ae:	c632                	sw	a2,12(sp)
    60b0:	9782                	jalr	a5
    60b2:	4632                	lw	a2,12(sp)
    60b4:	00a04d63          	bgtz	a0,60ce <__sflush_r+0x116>
    60b8:	245e                	lhu	a5,12(s0)
    60ba:	0407e793          	ori	a5,a5,64
    60be:	a45e                	sh	a5,12(s0)
    60c0:	557d                	li	a0,-1
    60c2:	40f2                	lw	ra,28(sp)
    60c4:	4462                	lw	s0,24(sp)
    60c6:	44d2                	lw	s1,20(sp)
    60c8:	4942                	lw	s2,16(sp)
    60ca:	6105                	addi	sp,sp,32
    60cc:	8082                	ret
    60ce:	962a                	add	a2,a2,a0
    60d0:	40a90933          	sub	s2,s2,a0
    60d4:	b7f9                	j	60a2 <__sflush_r+0xea>

000060d6 <_fflush_r>:
    60d6:	499c                	lw	a5,16(a1)
    60d8:	cb8d                	beqz	a5,610a <_fflush_r+0x34>
    60da:	1101                	addi	sp,sp,-32
    60dc:	cc22                	sw	s0,24(sp)
    60de:	ce06                	sw	ra,28(sp)
    60e0:	842a                	mv	s0,a0
    60e2:	c511                	beqz	a0,60ee <_fflush_r+0x18>
    60e4:	511c                	lw	a5,32(a0)
    60e6:	e781                	bnez	a5,60ee <_fflush_r+0x18>
    60e8:	c62e                	sw	a1,12(sp)
    60ea:	2235                	jal	6216 <__sinit>
    60ec:	45b2                	lw	a1,12(sp)
    60ee:	00c59783          	lh	a5,12(a1)
    60f2:	c799                	beqz	a5,6100 <_fflush_r+0x2a>
    60f4:	8522                	mv	a0,s0
    60f6:	4462                	lw	s0,24(sp)
    60f8:	40f2                	lw	ra,28(sp)
    60fa:	6105                	addi	sp,sp,32
    60fc:	ebdff06f          	j	5fb8 <__sflush_r>
    6100:	40f2                	lw	ra,28(sp)
    6102:	4462                	lw	s0,24(sp)
    6104:	4501                	li	a0,0
    6106:	6105                	addi	sp,sp,32
    6108:	8082                	ret
    610a:	4501                	li	a0,0
    610c:	8082                	ret

0000610e <std>:
    610e:	1141                	addi	sp,sp,-16
    6110:	c422                	sw	s0,8(sp)
    6112:	c606                	sw	ra,12(sp)
    6114:	842a                	mv	s0,a0
    6116:	a54e                	sh	a1,12(a0)
    6118:	a572                	sh	a2,14(a0)
    611a:	00052023          	sw	zero,0(a0)
    611e:	00052223          	sw	zero,4(a0)
    6122:	00052423          	sw	zero,8(a0)
    6126:	06052223          	sw	zero,100(a0)
    612a:	00052823          	sw	zero,16(a0)
    612e:	00052a23          	sw	zero,20(a0)
    6132:	00052c23          	sw	zero,24(a0)
    6136:	4621                	li	a2,8
    6138:	4581                	li	a1,0
    613a:	05c50513          	addi	a0,a0,92
    613e:	8cafa0ef          	jal	208 <memset>
    6142:	6799                	lui	a5,0x6
    6144:	35878793          	addi	a5,a5,856 # 6358 <__sread>
    6148:	d05c                	sw	a5,36(s0)
    614a:	6799                	lui	a5,0x6
    614c:	38278793          	addi	a5,a5,898 # 6382 <__swrite>
    6150:	d41c                	sw	a5,40(s0)
    6152:	6799                	lui	a5,0x6
    6154:	3c878793          	addi	a5,a5,968 # 63c8 <__sseek>
    6158:	d45c                	sw	a5,44(s0)
    615a:	6799                	lui	a5,0x6
    615c:	3f878793          	addi	a5,a5,1016 # 63f8 <__sclose>
    6160:	40b2                	lw	ra,12(sp)
    6162:	d000                	sw	s0,32(s0)
    6164:	d81c                	sw	a5,48(s0)
    6166:	4422                	lw	s0,8(sp)
    6168:	0141                	addi	sp,sp,16
    616a:	8082                	ret

0000616c <stdio_exit_handler>:
    616c:	20000637          	lui	a2,0x20000
    6170:	6599                	lui	a1,0x6
    6172:	20000537          	lui	a0,0x20000
    6176:	44c60613          	addi	a2,a2,1100 # 2000044c <__sglue>
    617a:	0d658593          	addi	a1,a1,214 # 60d6 <_fflush_r>
    617e:	40050513          	addi	a0,a0,1024 # 20000400 <_impure_data>
    6182:	a075                	j	622e <_fwalk_sglue>

00006184 <cleanup_stdio>:
    6184:	414c                	lw	a1,4(a0)
    6186:	1141                	addi	sp,sp,-16
    6188:	200017b7          	lui	a5,0x20001
    618c:	c422                	sw	s0,8(sp)
    618e:	c606                	sw	ra,12(sp)
    6190:	3ec78793          	addi	a5,a5,1004 # 200013ec <__sf>
    6194:	842a                	mv	s0,a0
    6196:	00f58463          	beq	a1,a5,619e <cleanup_stdio+0x1a>
    619a:	f3dff0ef          	jal	60d6 <_fflush_r>
    619e:	440c                	lw	a1,8(s0)
    61a0:	200017b7          	lui	a5,0x20001
    61a4:	45478793          	addi	a5,a5,1108 # 20001454 <__sf+0x68>
    61a8:	00f58563          	beq	a1,a5,61b2 <cleanup_stdio+0x2e>
    61ac:	8522                	mv	a0,s0
    61ae:	f29ff0ef          	jal	60d6 <_fflush_r>
    61b2:	444c                	lw	a1,12(s0)
    61b4:	200017b7          	lui	a5,0x20001
    61b8:	4bc78793          	addi	a5,a5,1212 # 200014bc <__sf+0xd0>
    61bc:	00f58863          	beq	a1,a5,61cc <cleanup_stdio+0x48>
    61c0:	8522                	mv	a0,s0
    61c2:	4422                	lw	s0,8(sp)
    61c4:	40b2                	lw	ra,12(sp)
    61c6:	0141                	addi	sp,sp,16
    61c8:	f0fff06f          	j	60d6 <_fflush_r>
    61cc:	40b2                	lw	ra,12(sp)
    61ce:	4422                	lw	s0,8(sp)
    61d0:	0141                	addi	sp,sp,16
    61d2:	8082                	ret

000061d4 <global_stdio_init.part.0>:
    61d4:	6799                	lui	a5,0x6
    61d6:	20001537          	lui	a0,0x20001
    61da:	1141                	addi	sp,sp,-16
    61dc:	16c78793          	addi	a5,a5,364 # 616c <stdio_exit_handler>
    61e0:	4601                	li	a2,0
    61e2:	4591                	li	a1,4
    61e4:	3ec50513          	addi	a0,a0,1004 # 200013ec <__sf>
    61e8:	c606                	sw	ra,12(sp)
    61ea:	86f1ac23          	sw	a5,-1928(gp) # 200004d0 <__stdio_exit_handler>
    61ee:	f21ff0ef          	jal	610e <std>
    61f2:	20001537          	lui	a0,0x20001
    61f6:	4605                	li	a2,1
    61f8:	45a5                	li	a1,9
    61fa:	45450513          	addi	a0,a0,1108 # 20001454 <__sf+0x68>
    61fe:	f11ff0ef          	jal	610e <std>
    6202:	40b2                	lw	ra,12(sp)
    6204:	20001537          	lui	a0,0x20001
    6208:	4609                	li	a2,2
    620a:	45c9                	li	a1,18
    620c:	4bc50513          	addi	a0,a0,1212 # 200014bc <__sf+0xd0>
    6210:	0141                	addi	sp,sp,16
    6212:	efdff06f          	j	610e <std>

00006216 <__sinit>:
    6216:	511c                	lw	a5,32(a0)
    6218:	eb91                	bnez	a5,622c <__sinit+0x16>
    621a:	6799                	lui	a5,0x6
    621c:	18478793          	addi	a5,a5,388 # 6184 <cleanup_stdio>
    6220:	d11c                	sw	a5,32(a0)
    6222:	8781a783          	lw	a5,-1928(gp) # 200004d0 <__stdio_exit_handler>
    6226:	e399                	bnez	a5,622c <__sinit+0x16>
    6228:	fadff06f          	j	61d4 <global_stdio_init.part.0>
    622c:	8082                	ret

0000622e <_fwalk_sglue>:
    622e:	7179                	addi	sp,sp,-48
    6230:	d422                	sw	s0,40(sp)
    6232:	d04a                	sw	s2,32(sp)
    6234:	ce4e                	sw	s3,28(sp)
    6236:	cc52                	sw	s4,24(sp)
    6238:	ca56                	sw	s5,20(sp)
    623a:	d606                	sw	ra,44(sp)
    623c:	d226                	sw	s1,36(sp)
    623e:	8a2a                	mv	s4,a0
    6240:	8aae                	mv	s5,a1
    6242:	4401                	li	s0,0
    6244:	4905                	li	s2,1
    6246:	59fd                	li	s3,-1
    6248:	460c                	lw	a1,8(a2)
    624a:	4244                	lw	s1,4(a2)
    624c:	14fd                	addi	s1,s1,-1
    624e:	0004de63          	bgez	s1,626a <_fwalk_sglue+0x3c>
    6252:	4210                	lw	a2,0(a2)
    6254:	fa75                	bnez	a2,6248 <_fwalk_sglue+0x1a>
    6256:	50b2                	lw	ra,44(sp)
    6258:	8522                	mv	a0,s0
    625a:	5422                	lw	s0,40(sp)
    625c:	5492                	lw	s1,36(sp)
    625e:	5902                	lw	s2,32(sp)
    6260:	49f2                	lw	s3,28(sp)
    6262:	4a62                	lw	s4,24(sp)
    6264:	4ad2                	lw	s5,20(sp)
    6266:	6145                	addi	sp,sp,48
    6268:	8082                	ret
    626a:	25de                	lhu	a5,12(a1)
    626c:	00f97d63          	bgeu	s2,a5,6286 <_fwalk_sglue+0x58>
    6270:	00e59783          	lh	a5,14(a1)
    6274:	01378963          	beq	a5,s3,6286 <_fwalk_sglue+0x58>
    6278:	8552                	mv	a0,s4
    627a:	c632                	sw	a2,12(sp)
    627c:	c42e                	sw	a1,8(sp)
    627e:	9a82                	jalr	s5
    6280:	4632                	lw	a2,12(sp)
    6282:	45a2                	lw	a1,8(sp)
    6284:	8c49                	or	s0,s0,a0
    6286:	06858593          	addi	a1,a1,104
    628a:	b7c9                	j	624c <_fwalk_sglue+0x1e>

0000628c <__swhatbuf_r>:
    628c:	7119                	addi	sp,sp,-128
    628e:	dca2                	sw	s0,120(sp)
    6290:	842e                	mv	s0,a1
    6292:	00e59583          	lh	a1,14(a1)
    6296:	daa6                	sw	s1,116(sp)
    6298:	de86                	sw	ra,124(sp)
    629a:	84b2                	mv	s1,a2
    629c:	0205d063          	bgez	a1,62bc <__swhatbuf_r+0x30>
    62a0:	245e                	lhu	a5,12(s0)
    62a2:	0807f793          	andi	a5,a5,128
    62a6:	eb8d                	bnez	a5,62d8 <__swhatbuf_r+0x4c>
    62a8:	40000713          	li	a4,1024
    62ac:	50f6                	lw	ra,124(sp)
    62ae:	5466                	lw	s0,120(sp)
    62b0:	c29c                	sw	a5,0(a3)
    62b2:	c098                	sw	a4,0(s1)
    62b4:	4501                	li	a0,0
    62b6:	54d6                	lw	s1,116(sp)
    62b8:	6109                	addi	sp,sp,128
    62ba:	8082                	ret
    62bc:	0830                	addi	a2,sp,24
    62be:	c636                	sw	a3,12(sp)
    62c0:	2241                	jal	6440 <_fstat_r>
    62c2:	46b2                	lw	a3,12(sp)
    62c4:	fc054ee3          	bltz	a0,62a0 <__swhatbuf_r+0x14>
    62c8:	47f2                	lw	a5,28(sp)
    62ca:	673d                	lui	a4,0xf
    62cc:	8ff9                	and	a5,a5,a4
    62ce:	7779                	lui	a4,0xffffe
    62d0:	97ba                	add	a5,a5,a4
    62d2:	0017b793          	seqz	a5,a5
    62d6:	bfc9                	j	62a8 <__swhatbuf_r+0x1c>
    62d8:	4781                	li	a5,0
    62da:	04000713          	li	a4,64
    62de:	b7f9                	j	62ac <__swhatbuf_r+0x20>

000062e0 <__smakebuf_r>:
    62e0:	25de                	lhu	a5,12(a1)
    62e2:	7179                	addi	sp,sp,-48
    62e4:	d422                	sw	s0,40(sp)
    62e6:	d606                	sw	ra,44(sp)
    62e8:	d226                	sw	s1,36(sp)
    62ea:	8b89                	andi	a5,a5,2
    62ec:	842e                	mv	s0,a1
    62ee:	cf81                	beqz	a5,6306 <__smakebuf_r+0x26>
    62f0:	04740793          	addi	a5,s0,71
    62f4:	c01c                	sw	a5,0(s0)
    62f6:	c81c                	sw	a5,16(s0)
    62f8:	4785                	li	a5,1
    62fa:	c85c                	sw	a5,20(s0)
    62fc:	50b2                	lw	ra,44(sp)
    62fe:	5422                	lw	s0,40(sp)
    6300:	5492                	lw	s1,36(sp)
    6302:	6145                	addi	sp,sp,48
    6304:	8082                	ret
    6306:	0874                	addi	a3,sp,28
    6308:	0830                	addi	a2,sp,24
    630a:	84aa                	mv	s1,a0
    630c:	f81ff0ef          	jal	628c <__swhatbuf_r>
    6310:	45e2                	lw	a1,24(sp)
    6312:	8526                	mv	a0,s1
    6314:	c62e                	sw	a1,12(sp)
    6316:	a6cff0ef          	jal	5582 <_malloc_r>
    631a:	00c41783          	lh	a5,12(s0)
    631e:	45b2                	lw	a1,12(sp)
    6320:	e909                	bnez	a0,6332 <__smakebuf_r+0x52>
    6322:	2007f713          	andi	a4,a5,512
    6326:	fb79                	bnez	a4,62fc <__smakebuf_r+0x1c>
    6328:	9bf1                	andi	a5,a5,-4
    632a:	0027e793          	ori	a5,a5,2
    632e:	a45e                	sh	a5,12(s0)
    6330:	b7c1                	j	62f0 <__smakebuf_r+0x10>
    6332:	0807e793          	ori	a5,a5,128
    6336:	a45e                	sh	a5,12(s0)
    6338:	47f2                	lw	a5,28(sp)
    633a:	c008                	sw	a0,0(s0)
    633c:	c808                	sw	a0,16(s0)
    633e:	c84c                	sw	a1,20(s0)
    6340:	dfd5                	beqz	a5,62fc <__smakebuf_r+0x1c>
    6342:	00e41583          	lh	a1,14(s0)
    6346:	8526                	mv	a0,s1
    6348:	2215                	jal	646c <_isatty_r>
    634a:	d94d                	beqz	a0,62fc <__smakebuf_r+0x1c>
    634c:	245e                	lhu	a5,12(s0)
    634e:	9bf1                	andi	a5,a5,-4
    6350:	0017e793          	ori	a5,a5,1
    6354:	a45e                	sh	a5,12(s0)
    6356:	b75d                	j	62fc <__smakebuf_r+0x1c>

00006358 <__sread>:
    6358:	1141                	addi	sp,sp,-16
    635a:	c422                	sw	s0,8(sp)
    635c:	842e                	mv	s0,a1
    635e:	00e59583          	lh	a1,14(a1)
    6362:	c606                	sw	ra,12(sp)
    6364:	2285                	jal	64c4 <_read_r>
    6366:	00054963          	bltz	a0,6378 <__sread+0x20>
    636a:	487c                	lw	a5,84(s0)
    636c:	97aa                	add	a5,a5,a0
    636e:	c87c                	sw	a5,84(s0)
    6370:	40b2                	lw	ra,12(sp)
    6372:	4422                	lw	s0,8(sp)
    6374:	0141                	addi	sp,sp,16
    6376:	8082                	ret
    6378:	245e                	lhu	a5,12(s0)
    637a:	48c79793          	bclri	a5,a5,0xc
    637e:	a45e                	sh	a5,12(s0)
    6380:	bfc5                	j	6370 <__sread+0x18>

00006382 <__swrite>:
    6382:	25de                	lhu	a5,12(a1)
    6384:	1101                	addi	sp,sp,-32
    6386:	cc22                	sw	s0,24(sp)
    6388:	ca26                	sw	s1,20(sp)
    638a:	c84a                	sw	s2,16(sp)
    638c:	c64e                	sw	s3,12(sp)
    638e:	ce06                	sw	ra,28(sp)
    6390:	1007f793          	andi	a5,a5,256
    6394:	84aa                	mv	s1,a0
    6396:	842e                	mv	s0,a1
    6398:	8932                	mv	s2,a2
    639a:	89b6                	mv	s3,a3
    639c:	c791                	beqz	a5,63a8 <__swrite+0x26>
    639e:	00e59583          	lh	a1,14(a1)
    63a2:	4689                	li	a3,2
    63a4:	4601                	li	a2,0
    63a6:	28c5                	jal	6496 <_lseek_r>
    63a8:	245e                	lhu	a5,12(s0)
    63aa:	00e41583          	lh	a1,14(s0)
    63ae:	40f2                	lw	ra,28(sp)
    63b0:	48c79793          	bclri	a5,a5,0xc
    63b4:	a45e                	sh	a5,12(s0)
    63b6:	4462                	lw	s0,24(sp)
    63b8:	86ce                	mv	a3,s3
    63ba:	864a                	mv	a2,s2
    63bc:	49b2                	lw	s3,12(sp)
    63be:	4942                	lw	s2,16(sp)
    63c0:	8526                	mv	a0,s1
    63c2:	44d2                	lw	s1,20(sp)
    63c4:	6105                	addi	sp,sp,32
    63c6:	a235                	j	64f2 <_write_r>

000063c8 <__sseek>:
    63c8:	1141                	addi	sp,sp,-16
    63ca:	c422                	sw	s0,8(sp)
    63cc:	842e                	mv	s0,a1
    63ce:	00e59583          	lh	a1,14(a1)
    63d2:	c606                	sw	ra,12(sp)
    63d4:	20c9                	jal	6496 <_lseek_r>
    63d6:	577d                	li	a4,-1
    63d8:	00c41783          	lh	a5,12(s0)
    63dc:	00e51963          	bne	a0,a4,63ee <__sseek+0x26>
    63e0:	48c79793          	bclri	a5,a5,0xc
    63e4:	a45e                	sh	a5,12(s0)
    63e6:	40b2                	lw	ra,12(sp)
    63e8:	4422                	lw	s0,8(sp)
    63ea:	0141                	addi	sp,sp,16
    63ec:	8082                	ret
    63ee:	28c79793          	bseti	a5,a5,0xc
    63f2:	a45e                	sh	a5,12(s0)
    63f4:	c868                	sw	a0,84(s0)
    63f6:	bfc5                	j	63e6 <__sseek+0x1e>

000063f8 <__sclose>:
    63f8:	00e59583          	lh	a1,14(a1)
    63fc:	a829                	j	6416 <_close_r>

000063fe <memchr>:
    63fe:	0ff5f593          	zext.b	a1,a1
    6402:	962a                	add	a2,a2,a0
    6404:	00c51463          	bne	a0,a2,640c <memchr+0xe>
    6408:	4501                	li	a0,0
    640a:	8082                	ret
    640c:	211c                	lbu	a5,0(a0)
    640e:	feb78ee3          	beq	a5,a1,640a <memchr+0xc>
    6412:	0505                	addi	a0,a0,1
    6414:	bfc5                	j	6404 <memchr+0x6>

00006416 <_close_r>:
    6416:	1141                	addi	sp,sp,-16
    6418:	c422                	sw	s0,8(sp)
    641a:	c226                	sw	s1,4(sp)
    641c:	84aa                	mv	s1,a0
    641e:	852e                	mv	a0,a1
    6420:	c606                	sw	ra,12(sp)
    6422:	8601ae23          	sw	zero,-1924(gp) # 200004d4 <errno>
    6426:	28f5                	jal	6522 <_close>
    6428:	57fd                	li	a5,-1
    642a:	00f51663          	bne	a0,a5,6436 <_close_r+0x20>
    642e:	87c1a783          	lw	a5,-1924(gp) # 200004d4 <errno>
    6432:	c391                	beqz	a5,6436 <_close_r+0x20>
    6434:	c09c                	sw	a5,0(s1)
    6436:	40b2                	lw	ra,12(sp)
    6438:	4422                	lw	s0,8(sp)
    643a:	4492                	lw	s1,4(sp)
    643c:	0141                	addi	sp,sp,16
    643e:	8082                	ret

00006440 <_fstat_r>:
    6440:	1141                	addi	sp,sp,-16
    6442:	c422                	sw	s0,8(sp)
    6444:	c226                	sw	s1,4(sp)
    6446:	84aa                	mv	s1,a0
    6448:	852e                	mv	a0,a1
    644a:	85b2                	mv	a1,a2
    644c:	c606                	sw	ra,12(sp)
    644e:	8601ae23          	sw	zero,-1924(gp) # 200004d4 <errno>
    6452:	28f1                	jal	652e <_fstat>
    6454:	57fd                	li	a5,-1
    6456:	00f51663          	bne	a0,a5,6462 <_fstat_r+0x22>
    645a:	87c1a783          	lw	a5,-1924(gp) # 200004d4 <errno>
    645e:	c391                	beqz	a5,6462 <_fstat_r+0x22>
    6460:	c09c                	sw	a5,0(s1)
    6462:	40b2                	lw	ra,12(sp)
    6464:	4422                	lw	s0,8(sp)
    6466:	4492                	lw	s1,4(sp)
    6468:	0141                	addi	sp,sp,16
    646a:	8082                	ret

0000646c <_isatty_r>:
    646c:	1141                	addi	sp,sp,-16
    646e:	c422                	sw	s0,8(sp)
    6470:	c226                	sw	s1,4(sp)
    6472:	84aa                	mv	s1,a0
    6474:	852e                	mv	a0,a1
    6476:	c606                	sw	ra,12(sp)
    6478:	8601ae23          	sw	zero,-1924(gp) # 200004d4 <errno>
    647c:	287d                	jal	653a <_isatty>
    647e:	57fd                	li	a5,-1
    6480:	00f51663          	bne	a0,a5,648c <_isatty_r+0x20>
    6484:	87c1a783          	lw	a5,-1924(gp) # 200004d4 <errno>
    6488:	c391                	beqz	a5,648c <_isatty_r+0x20>
    648a:	c09c                	sw	a5,0(s1)
    648c:	40b2                	lw	ra,12(sp)
    648e:	4422                	lw	s0,8(sp)
    6490:	4492                	lw	s1,4(sp)
    6492:	0141                	addi	sp,sp,16
    6494:	8082                	ret

00006496 <_lseek_r>:
    6496:	1141                	addi	sp,sp,-16
    6498:	c422                	sw	s0,8(sp)
    649a:	c226                	sw	s1,4(sp)
    649c:	84aa                	mv	s1,a0
    649e:	852e                	mv	a0,a1
    64a0:	85b2                	mv	a1,a2
    64a2:	8636                	mv	a2,a3
    64a4:	c606                	sw	ra,12(sp)
    64a6:	8601ae23          	sw	zero,-1924(gp) # 200004d4 <errno>
    64aa:	2871                	jal	6546 <_lseek>
    64ac:	57fd                	li	a5,-1
    64ae:	00f51663          	bne	a0,a5,64ba <_lseek_r+0x24>
    64b2:	87c1a783          	lw	a5,-1924(gp) # 200004d4 <errno>
    64b6:	c391                	beqz	a5,64ba <_lseek_r+0x24>
    64b8:	c09c                	sw	a5,0(s1)
    64ba:	40b2                	lw	ra,12(sp)
    64bc:	4422                	lw	s0,8(sp)
    64be:	4492                	lw	s1,4(sp)
    64c0:	0141                	addi	sp,sp,16
    64c2:	8082                	ret

000064c4 <_read_r>:
    64c4:	1141                	addi	sp,sp,-16
    64c6:	c422                	sw	s0,8(sp)
    64c8:	c226                	sw	s1,4(sp)
    64ca:	84aa                	mv	s1,a0
    64cc:	852e                	mv	a0,a1
    64ce:	85b2                	mv	a1,a2
    64d0:	8636                	mv	a2,a3
    64d2:	c606                	sw	ra,12(sp)
    64d4:	8601ae23          	sw	zero,-1924(gp) # 200004d4 <errno>
    64d8:	28ad                	jal	6552 <_read>
    64da:	57fd                	li	a5,-1
    64dc:	00f51663          	bne	a0,a5,64e8 <_read_r+0x24>
    64e0:	87c1a783          	lw	a5,-1924(gp) # 200004d4 <errno>
    64e4:	c391                	beqz	a5,64e8 <_read_r+0x24>
    64e6:	c09c                	sw	a5,0(s1)
    64e8:	40b2                	lw	ra,12(sp)
    64ea:	4422                	lw	s0,8(sp)
    64ec:	4492                	lw	s1,4(sp)
    64ee:	0141                	addi	sp,sp,16
    64f0:	8082                	ret

000064f2 <_write_r>:
    64f2:	1141                	addi	sp,sp,-16
    64f4:	c422                	sw	s0,8(sp)
    64f6:	c226                	sw	s1,4(sp)
    64f8:	84aa                	mv	s1,a0
    64fa:	852e                	mv	a0,a1
    64fc:	85b2                	mv	a1,a2
    64fe:	8636                	mv	a2,a3
    6500:	c606                	sw	ra,12(sp)
    6502:	8601ae23          	sw	zero,-1924(gp) # 200004d4 <errno>
    6506:	b38fe0ef          	jal	483e <_write>
    650a:	57fd                	li	a5,-1
    650c:	00f51663          	bne	a0,a5,6518 <_write_r+0x26>
    6510:	87c1a783          	lw	a5,-1924(gp) # 200004d4 <errno>
    6514:	c391                	beqz	a5,6518 <_write_r+0x26>
    6516:	c09c                	sw	a5,0(s1)
    6518:	40b2                	lw	ra,12(sp)
    651a:	4422                	lw	s0,8(sp)
    651c:	4492                	lw	s1,4(sp)
    651e:	0141                	addi	sp,sp,16
    6520:	8082                	ret

00006522 <_close>:
    6522:	05800713          	li	a4,88
    6526:	86e1ae23          	sw	a4,-1924(gp) # 200004d4 <errno>
    652a:	557d                	li	a0,-1
    652c:	8082                	ret

0000652e <_fstat>:
    652e:	05800713          	li	a4,88
    6532:	86e1ae23          	sw	a4,-1924(gp) # 200004d4 <errno>
    6536:	557d                	li	a0,-1
    6538:	8082                	ret

0000653a <_isatty>:
    653a:	05800713          	li	a4,88
    653e:	86e1ae23          	sw	a4,-1924(gp) # 200004d4 <errno>
    6542:	4501                	li	a0,0
    6544:	8082                	ret

00006546 <_lseek>:
    6546:	05800713          	li	a4,88
    654a:	86e1ae23          	sw	a4,-1924(gp) # 200004d4 <errno>
    654e:	557d                	li	a0,-1
    6550:	8082                	ret

00006552 <_read>:
    6552:	05800713          	li	a4,88
    6556:	86e1ae23          	sw	a4,-1924(gp) # 200004d4 <errno>
    655a:	557d                	li	a0,-1
    655c:	8082                	ret
    655e:	0000                	unimp
    6560:	877c                	sh	a5,14(sp)
    6562:	0000                	unimp
    6564:	8784                	lbu	s1,15(sp)
    6566:	0000                	unimp
    6568:	878c                	lbu	a1,15(sp)
    656a:	0000                	unimp
    656c:	8794                	lbu	a3,15(sp)
    656e:	0000                	unimp
    6570:	879c                	lbu	a5,15(sp)
    6572:	0000                	unimp
    6574:	8770                	sh	a2,14(sp)
    6576:	0000                	unimp
    6578:	8776                	mv	a4,t4
    657a:	0000                	unimp
    657c:	4554                	lw	a3,12(a0)
    657e:	00005453          	.insn	4, 0x5453
    6582:	0000                	unimp
    6584:	459076eb          	.insn	4, 0x459076eb
    6588:	4658                	lw	a4,12(a2)
    658a:	5441                	li	s0,-16
    658c:	2020                	lbu	s0,2(s0)
    658e:	0020                	addi	s0,sp,8
    6590:	4146                	lw	sp,80(sp)
    6592:	3354                	lbu	a3,5(a4)
    6594:	2032                	lhu	a2,2(s0)
    6596:	2020                	lbu	s0,2(s0)
    6598:	0000                	unimp
    659a:	0000                	unimp
    659c:	3a2a                	lhu	a0,50(a2)
    659e:	3e3c                	lbu	a5,27(a2)
    65a0:	227c                	lbu	a5,6(a2)
    65a2:	00007f3f 2c2b0000 	.insn	8, 0x2c2b000000007f3f
    65aa:	5d5b3d3b          	.insn	4, 0x5d5b3d3b
    65ae:	0000                	unimp
    65b0:	5355                	li	t1,-11
    65b2:	3a42                	lhu	s0,52(a2)
    65b4:	4320                	lw	s0,64(a4)
    65b6:	5041                	c.li	zero,-16
    65b8:	3031                	jal	5dc4 <_printf_i+0x58>
    65ba:	4320                	lw	s0,64(a4)
    65bc:	5742                	lw	a4,48(sp)
    65be:	7320                	.insn	2, 0x7320
    65c0:	6e65                	lui	t3,0x19
    65c2:	2064                	lbu	s1,6(s0)
    65c4:	6166                	.insn	2, 0x6166
    65c6:	6c69                	lui	s8,0x1a
    65c8:	6465                	lui	s0,0x19
    65ca:	7220                	.insn	2, 0x7220
    65cc:	253d                	jal	6bfa <_read+0x6a8>
    65ce:	3230                	lbu	a2,3(a2)
    65d0:	0d78                	addi	a4,sp,668
    65d2:	000a                	c.slli	zero,0x2
    65d4:	5355                	li	t1,-11
    65d6:	3a42                	lhu	s0,52(a2)
    65d8:	4320                	lw	s0,64(a4)
    65da:	5041                	c.li	zero,-16
    65dc:	3031                	jal	5de8 <_printf_i+0x7c>
    65de:	6420                	.insn	2, 0x6420
    65e0:	7461                	lui	s0,0xffff8
    65e2:	2061                	jal	666a <_read+0x118>
    65e4:	67617473          	csrrci	s0,0x676,2
    65e8:	2065                	jal	6690 <_read+0x13e>
    65ea:	6166                	.insn	2, 0x6166
    65ec:	6c69                	lui	s8,0x1a
    65ee:	6465                	lui	s0,0x19
    65f0:	7220                	.insn	2, 0x7220
    65f2:	253d                	jal	6c20 <_read+0x6ce>
    65f4:	3230                	lbu	a2,3(a2)
    65f6:	2078                	lbu	a4,6(s0)
    65f8:	6c70                	.insn	2, 0x6c70
    65fa:	6e65                	lui	t3,0x19
    65fc:	253d                	jal	6c2a <_read+0x6d8>
    65fe:	0d75                	addi	s10,s10,29
    6600:	000a                	c.slli	zero,0x2
    6602:	0000                	unimp
    6604:	5355                	li	t1,-11
    6606:	3a42                	lhu	s0,52(a2)
    6608:	4320                	lw	s0,64(a4)
    660a:	5041                	c.li	zero,-16
    660c:	3031                	jal	5e18 <_printf_i+0xac>
    660e:	7320                	.insn	2, 0x7320
    6610:	6f68                	.insn	2, 0x6f68
    6612:	7472                	.insn	2, 0x7472
    6614:	7220                	.insn	2, 0x7220
    6616:	6165                	addi	sp,sp,112
    6618:	2064                	lbu	s1,6(s0)
    661a:	6c70                	.insn	2, 0x6c70
    661c:	6e65                	lui	t3,0x19
    661e:	253d                	jal	6c4c <_read+0x6fa>
    6620:	2075                	jal	66cc <_read+0x17a>
    6622:	6528                	.insn	2, 0x6528
    6624:	7078                	.insn	2, 0x7078
    6626:	6365                	lui	t1,0x19
    6628:	6574                	.insn	2, 0x6574
    662a:	2064                	lbu	s1,6(s0)
    662c:	2938                	lbu	a4,18(a0)
    662e:	0a0d                	addi	s4,s4,3
    6630:	0000                	unimp
    6632:	0000                	unimp
    6634:	5355                	li	t1,-11
    6636:	3a42                	lhu	s0,52(a2)
    6638:	4320                	lw	s0,64(a4)
    663a:	5041                	c.li	zero,-16
    663c:	3031                	jal	5e48 <_printf_i+0xdc>
    663e:	4320                	lw	s0,64(a4)
    6640:	72205753          	.insn	4, 0x72205753
    6644:	6365                	lui	t1,0x19
    6646:	2076                	lhu	a3,6(s0)
    6648:	6166                	.insn	2, 0x6166
    664a:	6c69                	lui	s8,0x1a
    664c:	6465                	lui	s0,0x19
    664e:	7220                	.insn	2, 0x7220
    6650:	253d                	jal	6c7e <_read+0x72c>
    6652:	3230                	lbu	a2,3(a2)
    6654:	0d78                	addi	a4,sp,668
    6656:	000a                	c.slli	zero,0x2
    6658:	5355                	li	t1,-11
    665a:	3a42                	lhu	s0,52(a2)
    665c:	4320                	lw	s0,64(a4)
    665e:	5041                	c.li	zero,-16
    6660:	3031                	jal	5e6c <_printf_i+0x100>
    6662:	4320                	lw	s0,64(a4)
    6664:	73205753          	.insn	4, 0x73205753
    6668:	6174                	.insn	2, 0x6174
    666a:	7574                	.insn	2, 0x7574
    666c:	75253d73          	csrrc	s10,0x752,a0
    6670:	7220                	.insn	2, 0x7220
    6672:	7365                	lui	t1,0xffff9
    6674:	6469                	lui	s0,0x1a
    6676:	6575                	lui	a0,0x1d
    6678:	253d                	jal	6ca6 <_read+0x754>
    667a:	2075                	jal	6726 <_read+0x1d4>
    667c:	3d676973          	csrrsi	s2,pmpaddr38,14
    6680:	3025                	jal	5ea8 <_printf_i+0x13c>
    6682:	7838                	.insn	2, 0x7838
    6684:	0a0d                	addi	s4,s4,3
    6686:	0000                	unimp
    6688:	0000003f 434f5349 	.insn	8, 0x434f53490000003f
    6690:	0000                	unimp
    6692:	0000                	unimp
    6694:	4c525443          	.insn	4, 0x4c525443
    6698:	0000                	unimp
    669a:	0000                	unimp
    669c:	4e49                	li	t3,18
    669e:	5254                	lw	a3,36(a2)
    66a0:	0000                	unimp
    66a2:	0000                	unimp
    66a4:	5542                	lw	a0,48(sp)
    66a6:	4b4c                	lw	a1,20(a4)
    66a8:	0000                	unimp
    66aa:	0000                	unimp
    66ac:	4f4e                	lw	t5,208(sp)
    66ae:	5320                	lw	s0,96(a4)
    66b0:	4e45                	li	t3,17
    66b2:	00004553          	.insn	4, 0x4553
    66b6:	0000                	unimp
    66b8:	4552                	lw	a0,20(sp)
    66ba:	56524553          	.insn	4, 0x56524553
    66be:	4445                	li	s0,17
    66c0:	0000                	unimp
    66c2:	0000                	unimp
    66c4:	5355                	li	t1,-11
    66c6:	4442                	lw	s0,16(sp)
    66c8:	203a                	lhu	a4,2(s0)
    66ca:	5355                	li	t1,-11
    66cc:	4842                	lw	a6,16(sp)
    66ce:	69642053          	.insn	4, 0x69642053
    66d2:	6761                	lui	a4,0x18
    66d4:	6f6e                	.insn	2, 0x6f6e
    66d6:	63697473          	csrrci	s0,0x636,18
    66da:	6520                	.insn	2, 0x6520
    66dc:	756e                	.insn	2, 0x756e
    66de:	656d                	lui	a0,0x1b
    66e0:	6172                	.insn	2, 0x6172
    66e2:	6974                	.insn	2, 0x6974
    66e4:	000d6e6f          	jal	t3,dc6e4 <_data_lma+0xd3eec>
    66e8:	2020                	lbu	s0,2(s0)
    66ea:	2020                	lbu	s0,2(s0)
    66ec:	2020                	lbu	s0,2(s0)
    66ee:	6f52                	.insn	2, 0x6f52
    66f0:	6820746f          	jal	s0,dd72 <_data_lma+0x557a>
    66f4:	6275                	lui	tp,0x1d
    66f6:	7320                	.insn	2, 0x7320
    66f8:	6174                	.insn	2, 0x6174
    66fa:	6574                	.insn	2, 0x6574
    66fc:	203a                	lhu	a4,2(s0)
    66fe:	74617473          	csrrci	s0,0x746,2
    6702:	7375                	lui	t1,0xffffd
    6704:	253d                	jal	6d32 <_read+0x7e0>
    6706:	2075                	jal	67b2 <_read+0x260>
    6708:	6564                	.insn	2, 0x6564
    670a:	5f76                	lw	t5,124(sp)
    670c:	6461                	lui	s0,0x18
    670e:	7264                	.insn	2, 0x7264
    6710:	253d                	jal	6d3e <_read+0x7ec>
    6712:	2075                	jal	67be <_read+0x26c>
    6714:	7065                	c.lui	zero,0xffff9
    6716:	5f30                	lw	a2,120(a4)
    6718:	616d                	addi	sp,sp,240
    671a:	3d78                	lbu	a4,31(a0)
    671c:	7525                	lui	a0,0xfffe9
    671e:	7320                	.insn	2, 0x7320
    6720:	6570                	.insn	2, 0x6570
    6722:	6465                	lui	s0,0x19
    6724:	253d                	jal	6d52 <_read+0x800>
    6726:	0d75                	addi	s10,s10,29
    6728:	000a                	c.slli	zero,0x2
    672a:	0000                	unimp
    672c:	5355                	li	t1,-11
    672e:	4442                	lw	s0,16(sp)
    6730:	203a                	lhu	a4,2(s0)
    6732:	61656c63          	bltu	a0,s6,6d4a <_read+0x7f8>
    6736:	6572                	.insn	2, 0x6572
    6738:	2064                	lbu	s1,6(s0)
    673a:	6f72                	.insn	2, 0x6f72
    673c:	6820746f          	jal	s0,ddbe <_data_lma+0x55c6>
    6740:	6275                	lui	tp,0x1d
    6742:	7320                	.insn	2, 0x7320
    6744:	6174                	.insn	2, 0x6174
    6746:	6574                	.insn	2, 0x6574
    6748:	202c                	lbu	a1,2(s0)
    674a:	6f70                	.insn	2, 0x6f70
    674c:	6c6c                	.insn	2, 0x6c6c
    674e:	6e69                	lui	t3,0x1a
    6750:	6f702067          	.insn	4, 0x6f702067
    6754:	7472                	.insn	2, 0x7472
    6756:	2e2e                	lhu	a1,26(a2)
    6758:	0d2e                	slli	s10,s10,0xb
    675a:	0000                	unimp
    675c:	5355                	li	t1,-11
    675e:	4442                	lw	s0,16(sp)
    6760:	203a                	lhu	a4,2(s0)
    6762:	70657473          	csrrci	s0,0x706,10
    6766:	3120                	lbu	s0,3(a0)
    6768:	2d20                	lbu	s0,26(a0)
    676a:	7020                	.insn	2, 0x7020
    676c:	2074726f          	jal	tp,4e172 <_data_lma+0x4597a>
    6770:	74617473          	csrrci	s0,0x746,2
    6774:	7375                	lui	t1,0xffffd
    6776:	3d20                	lbu	s0,27(a0)
    6778:	2520                	lbu	s0,10(a0)
    677a:	2075                	jal	6826 <_read+0x2d4>
    677c:	3028                	lbu	a0,3(s0)
    677e:	443d                	li	s0,15
    6780:	5349                	li	t1,-14
    6782:	4e4e4f43          	.insn	4, 0x4e4e4f43
    6786:	4345                	li	t1,17
    6788:	2054                	lbu	a3,4(s0)
    678a:	3d31                	jal	65a6 <_read+0x54>
    678c:	4e4e4f43          	.insn	4, 0x4e4e4f43
    6790:	4345                	li	t1,17
    6792:	4554                	lw	a3,12(a0)
    6794:	2044                	lbu	s1,4(s0)
    6796:	3d32                	lhu	a2,58(a0)
    6798:	4146                	lw	sp,80(sp)
    679a:	4c49                	li	s8,18
    679c:	4445                	li	s0,17
    679e:	3320                	lbu	s0,3(a4)
    67a0:	533d                	li	t1,-17
    67a2:	4355                	li	t1,21
    67a4:	53534543          	.insn	4, 0x53534543
    67a8:	0d29                	addi	s10,s10,10
    67aa:	000a                	c.slli	zero,0x2
    67ac:	5355                	li	t1,-11
    67ae:	4442                	lw	s0,16(sp)
    67b0:	203a                	lhu	a4,2(s0)
    67b2:	6f6e                	.insn	2, 0x6f6e
    67b4:	6874                	.insn	2, 0x6874
    67b6:	6e69                	lui	t3,0x1a
    67b8:	6c702067          	.insn	4, 0x6c702067
    67bc:	6775                	lui	a4,0x1d
    67be:	20646567          	.insn	4, 0x20646567
    67c2:	6e69                	lui	t3,0x1a
    67c4:	2d20                	lbu	s0,26(a0)
    67c6:	6320                	.insn	2, 0x6320
    67c8:	656e6e6f          	jal	t3,ece1e <_data_lma+0xe4626>
    67cc:	61207463          	bgeu	zero,s2,6dd4 <_read+0x882>
    67d0:	5520                	lw	s0,104(a0)
    67d2:	73204253          	.insn	4, 0x73204253
    67d6:	6974                	.insn	2, 0x6974
    67d8:	61206b63          	bltu	zero,s2,6dee <_read+0x89c>
    67dc:	646e                	.insn	2, 0x646e
    67de:	7420                	.insn	2, 0x7420
    67e0:	7972                	.insn	2, 0x7972
    67e2:	6120                	.insn	2, 0x6120
    67e4:	6e696167          	.insn	4, 0x6e696167
    67e8:	000d                	c.nop	3
    67ea:	0000                	unimp
    67ec:	5355                	li	t1,-11
    67ee:	4442                	lw	s0,16(sp)
    67f0:	203a                	lhu	a4,2(s0)
    67f2:	70657473          	csrrci	s0,0x706,10
    67f6:	3220                	lbu	s0,3(a2)
    67f8:	2d20                	lbu	s0,26(a0)
    67fa:	4520                	lw	s0,72(a0)
    67fc:	616e                	.insn	2, 0x616e
    67fe:	6c62                	.insn	2, 0x6c62
    6800:	5265                	li	tp,-7
    6802:	48746f6f          	jal	t5,4d488 <_data_lma+0x44c90>
    6806:	6275                	lui	tp,0x1d
    6808:	6f50                	.insn	2, 0x6f50
    680a:	7472                	.insn	2, 0x7472
    680c:	7220                	.insn	2, 0x7220
    680e:	30253d63          	.insn	4, 0x30253d63
    6812:	7832                	.insn	2, 0x7832
    6814:	7320                	.insn	2, 0x7320
    6816:	6570                	.insn	2, 0x6570
    6818:	6465                	lui	s0,0x19
    681a:	253d                	jal	6e48 <_read+0x8f6>
    681c:	2075                	jal	68c8 <_read+0x376>
    681e:	0000                	unimp
    6820:	2528                	lbu	a0,10(a0)
    6822:	0a0d2973          	csrrs	s2,0xa0,s10
    6826:	0000                	unimp
    6828:	5355                	li	t1,-11
    682a:	4442                	lw	s0,16(sp)
    682c:	203a                	lhu	a4,2(s0)
    682e:	70657473          	csrrci	s0,0x706,10
    6832:	3320                	lbu	s0,3(a4)
    6834:	2d20                	lbu	s0,26(a0)
    6836:	4720                	lw	s0,72(a4)
    6838:	5445                	li	s0,-15
    683a:	445f 5345 5243      	.insn	6, 0x52435345445f
    6840:	5049                	c.li	zero,-14
    6842:	4f54                	lw	a3,28(a4)
    6844:	2852                	lhu	a2,20(s0)
    6846:	4544                	lw	s1,12(a0)
    6848:	4956                	lw	s2,84(sp)
    684a:	20294543          	.insn	4, 0x20294543
    684e:	6372                	.insn	2, 0x6372
    6850:	253d                	jal	6e7e <_read+0x92c>
    6852:	3230                	lbu	a2,3(a2)
    6854:	2078                	lbu	a4,6(s0)
    6856:	7065                	c.lui	zero,0xffff9
    6858:	3d30                	lbu	a2,27(a0)
    685a:	7525                	lui	a0,0xfffe9
    685c:	0a0d                	addi	s4,s4,3
    685e:	0000                	unimp
    6860:	0a0d                	addi	s4,s4,3
    6862:	5355                	li	t1,-11
    6864:	4442                	lw	s0,16(sp)
    6866:	203a                	lhu	a4,2(s0)
    6868:	6f70                	.insn	2, 0x6f70
    686a:	7472                	.insn	2, 0x7472
    686c:	6520                	.insn	2, 0x6520
    686e:	616e                	.insn	2, 0x616e
    6870:	6c62                	.insn	2, 0x6c62
    6872:	2065                	jal	691a <_read+0x3c8>
    6874:	6166                	.insn	2, 0x6166
    6876:	6c69                	lui	s8,0x1a
    6878:	6465                	lui	s0,0x19
    687a:	2820                	lbu	s0,18(s0)
    687c:	6372                	.insn	2, 0x6372
    687e:	253d                	jal	6eac <_read+0x95a>
    6880:	3230                	lbu	a2,3(a2)
    6882:	2978                	lbu	a4,22(a0)
    6884:	202e                	lhu	a1,2(s0)
    6886:	63656843          	.insn	4, 0x63656843
    688a:	6163206b          	.insn	4, 0x6163206b
    688e:	6c62                	.insn	2, 0x6c62
    6890:	2f65                	jal	7048 <_read+0xaf6>
    6892:	6f70                	.insn	2, 0x6f70
    6894:	2e726577          	.insn	4, 0x2e726577
    6898:	0a0d                	addi	s4,s4,3
    689a:	0000                	unimp
    689c:	5355                	li	t1,-11
    689e:	4442                	lw	s0,16(sp)
    68a0:	203a                	lhu	a4,2(s0)
    68a2:	6564                	.insn	2, 0x6564
    68a4:	6976                	.insn	2, 0x6976
    68a6:	64206563          	bltu	zero,sp,6ef0 <_read+0x99e>
    68aa:	7365                	lui	t1,0xffff9
    68ac:	70697263          	bgeu	s2,t1,6fb0 <_read+0xa5e>
    68b0:	6f74                	.insn	2, 0x6f74
    68b2:	2072                	lhu	a2,6(s0)
    68b4:	6566                	.insn	2, 0x6566
    68b6:	6374                	.insn	2, 0x6374
    68b8:	2068                	lbu	a0,6(s0)
    68ba:	6166                	.insn	2, 0x6166
    68bc:	6c69                	lui	s8,0x1a
    68be:	6465                	lui	s0,0x19
    68c0:	7473203b          	.insn	4, 0x7473203b
    68c4:	6369                	lui	t1,0x1a
    68c6:	616d206b          	.insn	4, 0x616d206b
    68ca:	2079                	jal	6958 <_read+0x406>
    68cc:	6562                	.insn	2, 0x6562
    68ce:	6920                	.insn	2, 0x6920
    68d0:	206e                	lhu	a1,6(s0)
    68d2:	2061                	jal	695a <_read+0x408>
    68d4:	72696577          	.insn	4, 0x72696577
    68d8:	2064                	lbu	s1,6(s0)
    68da:	74617473          	csrrci	s0,0x746,2
    68de:	2e65                	jal	6c96 <_read+0x744>
    68e0:	5420                	lw	s0,104(s0)
    68e2:	7972                	.insn	2, 0x7972
    68e4:	7220                	.insn	2, 0x7220
    68e6:	7065                	c.lui	zero,0xffff9
    68e8:	756c                	.insn	2, 0x756c
    68ea:	6e696767          	.insn	4, 0x6e696767
    68ee:	000d2e67          	.insn	4, 0x000d2e67
    68f2:	0000                	unimp
    68f4:	2020                	lbu	s0,2(s0)
    68f6:	6544                	.insn	2, 0x6544
    68f8:	6976                	.insn	2, 0x6976
    68fa:	44206563          	bltu	zero,sp,6d44 <_read+0x7f2>
    68fe:	7365                	lui	t1,0xffff9
    6900:	70697263          	bgeu	s2,t1,7004 <_read+0xab2>
    6904:	6f74                	.insn	2, 0x6f74
    6906:	3a72                	lhu	a2,54(a2)
    6908:	000d                	c.nop	3
    690a:	0000                	unimp
    690c:	2020                	lbu	s0,2(s0)
    690e:	2020                	lbu	s0,2(s0)
    6910:	4c62                	lw	s8,24(sp)
    6912:	6e65                	lui	t3,0x19
    6914:	20687467          	.insn	4, 0x20687467
    6918:	2020                	lbu	s0,2(s0)
    691a:	2020                	lbu	s0,2(s0)
    691c:	2020                	lbu	s0,2(s0)
    691e:	2020                	lbu	s0,2(s0)
    6920:	203d                	jal	694e <_read+0x3fc>
    6922:	7525                	lui	a0,0xfffe9
    6924:	0a0d                	addi	s4,s4,3
    6926:	0000                	unimp
    6928:	2020                	lbu	s0,2(s0)
    692a:	2020                	lbu	s0,2(s0)
    692c:	4462                	lw	s0,24(sp)
    692e:	7365                	lui	t1,0xffff9
    6930:	70697263          	bgeu	s2,t1,7034 <_read+0xae2>
    6934:	6f74                	.insn	2, 0x6f74
    6936:	5472                	lw	s0,60(sp)
    6938:	7079                	c.lui	zero,0xffffe
    693a:	2065                	jal	69e2 <_read+0x490>
    693c:	203d                	jal	696a <_read+0x418>
    693e:	7830                	.insn	2, 0x7830
    6940:	3025                	jal	6168 <std+0x5a>
    6942:	7832                	.insn	2, 0x7832
    6944:	0a0d                	addi	s4,s4,3
    6946:	0000                	unimp
    6948:	6362                	.insn	2, 0x6362
    694a:	5564                	lw	s1,108(a0)
    694c:	00004253          	.insn	4, 0x4253
    6950:	2020                	lbu	s0,2(s0)
    6952:	2020                	lbu	s0,2(s0)
    6954:	2d25                	jal	6f8c <_read+0xa3a>
    6956:	3231                	jal	6262 <_fwalk_sglue+0x34>
    6958:	203d2073          	csrs	0x203,s10
    695c:	7830                	.insn	2, 0x7830
    695e:	3025                	jal	6186 <cleanup_stdio+0x2>
    6960:	7834                	.insn	2, 0x7834
    6962:	2820                	lbu	s0,18(s0)
    6964:	7525                	lui	a0,0xfffe9
    6966:	0d29                	addi	s10,s10,10
    6968:	000a                	c.slli	zero,0x2
    696a:	0000                	unimp
    696c:	2020                	lbu	s0,2(s0)
    696e:	2020                	lbu	s0,2(s0)
    6970:	4462                	lw	s0,24(sp)
    6972:	7665                	lui	a2,0xffff9
    6974:	6369                	lui	t1,0x1a
    6976:	4365                	li	t1,25
    6978:	616c                	.insn	2, 0x616c
    697a:	20207373          	csrrci	t1,0x202,0
    697e:	2020                	lbu	s0,2(s0)
    6980:	203d                	jal	69ae <_read+0x45c>
    6982:	7830                	.insn	2, 0x7830
    6984:	3025                	jal	61ac <cleanup_stdio+0x28>
    6986:	7832                	.insn	2, 0x7832
    6988:	0a0d                	addi	s4,s4,3
    698a:	0000                	unimp
    698c:	2020                	lbu	s0,2(s0)
    698e:	2020                	lbu	s0,2(s0)
    6990:	4462                	lw	s0,24(sp)
    6992:	7665                	lui	a2,0xffff9
    6994:	6369                	lui	t1,0x1a
    6996:	5365                	li	t1,-7
    6998:	6275                	lui	tp,0x1d
    699a:	73616c43          	.insn	4, 0x73616c43
    699e:	203d2073          	csrs	0x203,s10
    69a2:	7830                	.insn	2, 0x7830
    69a4:	3025                	jal	61cc <cleanup_stdio+0x48>
    69a6:	7832                	.insn	2, 0x7832
    69a8:	0a0d                	addi	s4,s4,3
    69aa:	0000                	unimp
    69ac:	2020                	lbu	s0,2(s0)
    69ae:	2020                	lbu	s0,2(s0)
    69b0:	4462                	lw	s0,24(sp)
    69b2:	7665                	lui	a2,0xffff9
    69b4:	6369                	lui	t1,0x1a
    69b6:	5065                	c.li	zero,-7
    69b8:	6f72                	.insn	2, 0x6f72
    69ba:	6f74                	.insn	2, 0x6f74
    69bc:	206c6f63          	bltu	s8,t1,6bda <_read+0x688>
    69c0:	203d                	jal	69ee <_read+0x49c>
    69c2:	7830                	.insn	2, 0x7830
    69c4:	3025                	jal	61ec <global_stdio_init.part.0+0x18>
    69c6:	7832                	.insn	2, 0x7832
    69c8:	0a0d                	addi	s4,s4,3
    69ca:	0000                	unimp
    69cc:	2020                	lbu	s0,2(s0)
    69ce:	2020                	lbu	s0,2(s0)
    69d0:	4d62                	lw	s10,24(sp)
    69d2:	7861                	lui	a6,0xffff8
    69d4:	6150                	.insn	2, 0x6150
    69d6:	74656b63          	bltu	a0,t1,712c <_read+0xbda>
    69da:	657a6953          	.insn	4, 0x657a6953
    69de:	2030                	lbu	a2,2(s0)
    69e0:	203d                	jal	6a0e <_read+0x4bc>
    69e2:	7525                	lui	a0,0xfffe9
    69e4:	0a0d                	addi	s4,s4,3
    69e6:	0000                	unimp
    69e8:	6469                	lui	s0,0x1a
    69ea:	6556                	.insn	2, 0x6556
    69ec:	646e                	.insn	2, 0x646e
    69ee:	0000726f          	jal	tp,d9ee <_data_lma+0x51f6>
    69f2:	0000                	unimp
    69f4:	6469                	lui	s0,0x1a
    69f6:	7250                	.insn	2, 0x7250
    69f8:	6375646f          	jal	s0,5d82e <_data_lma+0x55036>
    69fc:	0074                	addi	a3,sp,12
    69fe:	0000                	unimp
    6a00:	6362                	.insn	2, 0x6362
    6a02:	4464                	lw	s1,76(s0)
    6a04:	7665                	lui	a2,0xffff9
    6a06:	6369                	lui	t1,0x1a
    6a08:	0065                	c.nop	25
    6a0a:	0000                	unimp
    6a0c:	2020                	lbu	s0,2(s0)
    6a0e:	2020                	lbu	s0,2(s0)
    6a10:	4d69                	li	s10,26
    6a12:	6e61                	lui	t3,0x18
    6a14:	6675                	lui	a2,0x1d
    6a16:	6361                	lui	t1,0x18
    6a18:	7574                	.insn	2, 0x7574
    6a1a:	6572                	.insn	2, 0x6572
    6a1c:	2072                	lhu	a2,6(s0)
    6a1e:	2020                	lbu	s0,2(s0)
    6a20:	203d                	jal	6a4e <_read+0x4fc>
    6a22:	7525                	lui	a0,0xfffe9
    6a24:	0a0d                	addi	s4,s4,3
    6a26:	0000                	unimp
    6a28:	2020                	lbu	s0,2(s0)
    6a2a:	2020                	lbu	s0,2(s0)
    6a2c:	5069                	c.li	zero,-6
    6a2e:	6f72                	.insn	2, 0x6f72
    6a30:	7564                	.insn	2, 0x7564
    6a32:	20207463          	bgeu	zero,sp,6c3a <_read+0x6e8>
    6a36:	2020                	lbu	s0,2(s0)
    6a38:	2020                	lbu	s0,2(s0)
    6a3a:	2020                	lbu	s0,2(s0)
    6a3c:	203d                	jal	6a6a <_read+0x518>
    6a3e:	7525                	lui	a0,0xfffe9
    6a40:	0a0d                	addi	s4,s4,3
    6a42:	0000                	unimp
    6a44:	2020                	lbu	s0,2(s0)
    6a46:	2020                	lbu	s0,2(s0)
    6a48:	5369                	li	t1,-6
    6a4a:	7265                	lui	tp,0xffff9
    6a4c:	6169                	addi	sp,sp,208
    6a4e:	4e6c                	lw	a1,92(a2)
    6a50:	6d75                	lui	s10,0x1d
    6a52:	6562                	.insn	2, 0x6562
    6a54:	2072                	lhu	a2,6(s0)
    6a56:	2020                	lbu	s0,2(s0)
    6a58:	203d                	jal	6a86 <_read+0x534>
    6a5a:	7525                	lui	a0,0xfffe9
    6a5c:	0a0d                	addi	s4,s4,3
    6a5e:	0000                	unimp
    6a60:	2020                	lbu	s0,2(s0)
    6a62:	2020                	lbu	s0,2(s0)
    6a64:	4e62                	lw	t3,24(sp)
    6a66:	6d75                	lui	s10,0x1d
    6a68:	666e6f43          	.insn	4, 0x666e6f43
    6a6c:	6769                	lui	a4,0x1a
    6a6e:	7275                	lui	tp,0xffffd
    6a70:	7461                	lui	s0,0xffff8
    6a72:	6f69                	lui	t5,0x1a
    6a74:	736e                	.insn	2, 0x736e
    6a76:	3d20                	lbu	s0,27(a0)
    6a78:	2520                	lbu	s0,10(a0)
    6a7a:	0d75                	addi	s10,s10,29 # 1d01d <_data_lma+0x14825>
    6a7c:	000a                	c.slli	zero,0x2
    6a7e:	0000                	unimp
    6a80:	5355                	li	t1,-11
    6a82:	4442                	lw	s0,16(sp)
    6a84:	203a                	lhu	a4,2(s0)
    6a86:	4956                	lw	s2,84(sp)
    6a88:	3a44                	lbu	s1,21(a2)
    6a8a:	4950                	lw	a2,20(a0)
    6a8c:	2044                	lbu	s1,4(s0)
    6a8e:	203d                	jal	6abc <_read+0x56a>
    6a90:	3025                	jal	62b8 <__swhatbuf_r+0x2c>
    6a92:	7834                	.insn	2, 0x7834
    6a94:	253a                	lhu	a4,10(a0)
    6a96:	3430                	lbu	a2,11(s0)
    6a98:	0d78                	addi	a4,sp,668
    6a9a:	000a                	c.slli	zero,0x2
    6a9c:	5355                	li	t1,-11
    6a9e:	4442                	lw	s0,16(sp)
    6aa0:	203a                	lhu	a4,2(s0)
    6aa2:	70657473          	csrrci	s0,0x706,10
    6aa6:	3420                	lbu	s0,11(s0)
    6aa8:	2d20                	lbu	s0,26(a0)
    6aaa:	5320                	lw	s0,96(a4)
    6aac:	5445                	li	s0,-15
    6aae:	415f 4444 4552      	.insn	6, 0x45524444415f
    6ab4:	25285353          	.insn	4, 0x25285353
    6ab8:	2975                	jal	6f74 <_read+0xa22>
    6aba:	7220                	.insn	2, 0x7220
    6abc:	30253d63          	.insn	4, 0x30253d63
    6ac0:	7832                	.insn	2, 0x7832
    6ac2:	0a0d                	addi	s4,s4,3
    6ac4:	0000                	unimp
    6ac6:	0000                	unimp
    6ac8:	5355                	li	t1,-11
    6aca:	4442                	lw	s0,16(sp)
    6acc:	203a                	lhu	a4,2(s0)
    6ace:	5f544553          	.insn	4, 0x5f544553
    6ad2:	4441                	li	s0,16
    6ad4:	5244                	lw	s1,36(a2)
    6ad6:	5345                	li	t1,-15
    6ad8:	61662053          	.insn	4, 0x61662053
    6adc:	6c69                	lui	s8,0x1a
    6ade:	6465                	lui	s0,0x19
    6ae0:	7473203b          	.insn	4, 0x7473203b
    6ae4:	6369                	lui	t1,0x1a
    6ae6:	6572206b          	.insn	4, 0x6572206b
    6aea:	656a                	.insn	2, 0x656a
    6aec:	64657463          	bgeu	a0,t1,7134 <_read+0xbe2>
    6af0:	7420                	.insn	2, 0x7420
    6af2:	6568                	.insn	2, 0x6568
    6af4:	6120                	.insn	2, 0x6120
    6af6:	6464                	.insn	2, 0x6464
    6af8:	6572                	.insn	2, 0x6572
    6afa:	0d2e7373          	csrrci	t1,0xd2,28
    6afe:	0000                	unimp
    6b00:	5355                	li	t1,-11
    6b02:	4442                	lw	s0,16(sp)
    6b04:	203a                	lhu	a4,2(s0)
    6b06:	70657473          	csrrci	s0,0x706,10
    6b0a:	3520                	lbu	s0,11(a0)
    6b0c:	2d20                	lbu	s0,26(a0)
    6b0e:	4720                	lw	s0,72(a4)
    6b10:	5445                	li	s0,-15
    6b12:	445f 5345 5243      	.insn	6, 0x52435345445f
    6b18:	5049                	c.li	zero,-14
    6b1a:	4f54                	lw	a3,28(a4)
    6b1c:	2852                	lhu	a2,20(s0)
    6b1e:	464e4f43          	.insn	4, 0x464e4f43
    6b22:	4749                	li	a4,18
    6b24:	2029                	jal	6b2e <_read+0x5dc>
    6b26:	6372                	.insn	2, 0x6372
    6b28:	253d                	jal	7156 <_read+0xc04>
    6b2a:	3230                	lbu	a2,3(a2)
    6b2c:	2078                	lbu	a4,6(s0)
    6b2e:	5f676663          	bltu	a4,s6,711a <_read+0xbc8>
    6b32:	656c                	.insn	2, 0x656c
    6b34:	3d6e                	lhu	a1,62(a0)
    6b36:	7525                	lui	a0,0xfffe9
    6b38:	0a0d                	addi	s4,s4,3
    6b3a:	0000                	unimp
    6b3c:	5355                	li	t1,-11
    6b3e:	4442                	lw	s0,16(sp)
    6b40:	203a                	lhu	a4,2(s0)
    6b42:	666e6f63          	bltu	t3,t1,71c0 <_read+0xc6e>
    6b46:	6769                	lui	a4,0x1a
    6b48:	6420                	.insn	2, 0x6420
    6b4a:	7365                	lui	t1,0xffff9
    6b4c:	70697263          	bgeu	s2,t1,7250 <_read+0xcfe>
    6b50:	6f74                	.insn	2, 0x6f74
    6b52:	2072                	lhu	a2,6(s0)
    6b54:	6566                	.insn	2, 0x6566
    6b56:	6374                	.insn	2, 0x6374
    6b58:	2068                	lbu	a0,6(s0)
    6b5a:	6166                	.insn	2, 0x6166
    6b5c:	6c69                	lui	s8,0x1a
    6b5e:	6465                	lui	s0,0x19
    6b60:	0d2e                	slli	s10,s10,0xb
    6b62:	0000                	unimp
    6b64:	5355                	li	t1,-11
    6b66:	4442                	lw	s0,16(sp)
    6b68:	203a                	lhu	a4,2(s0)
    6b6a:	2020                	lbu	s0,2(s0)
    6b6c:	4362                	lw	t1,24(sp)
    6b6e:	69666e6f          	jal	t3,6d204 <_data_lma+0x64a0c>
    6b72:	61727567          	.insn	4, 0x61727567
    6b76:	6974                	.insn	2, 0x6974
    6b78:	61566e6f          	jal	t3,6d98c <_data_lma+0x65194>
    6b7c:	756c                	.insn	2, 0x756c
    6b7e:	2065                	jal	6c26 <_read+0x6d4>
    6b80:	203d                	jal	6bae <_read+0x65c>
    6b82:	7525                	lui	a0,0xfffe9
    6b84:	202c                	lbu	a1,2(s0)
    6b86:	6f74                	.insn	2, 0x6f74
    6b88:	6174                	.insn	2, 0x6174
    6b8a:	206c                	lbu	a1,6(s0)
    6b8c:	656c                	.insn	2, 0x656c
    6b8e:	676e                	.insn	2, 0x676e
    6b90:	6874                	.insn	2, 0x6874
    6b92:	3d20                	lbu	s0,27(a0)
    6b94:	2520                	lbu	s0,10(a0)
    6b96:	0d75                	addi	s10,s10,29
    6b98:	000a                	c.slli	zero,0x2
    6b9a:	0000                	unimp
    6b9c:	5355                	li	t1,-11
    6b9e:	4442                	lw	s0,16(sp)
    6ba0:	203a                	lhu	a4,2(s0)
    6ba2:	70657473          	csrrci	s0,0x706,10
    6ba6:	3620                	lbu	s0,11(a2)
    6ba8:	2d20                	lbu	s0,26(a0)
    6baa:	5320                	lw	s0,96(a4)
    6bac:	5445                	li	s0,-15
    6bae:	435f 4e4f 4946      	.insn	6, 0x49464e4f435f
    6bb4:	41525547          	.insn	4, 0x41525547
    6bb8:	4954                	lw	a3,20(a0)
    6bba:	25284e4f          	.insn	4, 0x25284e4f
    6bbe:	2975                	jal	707a <_read+0xb28>
    6bc0:	7220                	.insn	2, 0x7220
    6bc2:	30253d63          	.insn	4, 0x30253d63
    6bc6:	7832                	.insn	2, 0x7832
    6bc8:	0a0d                	addi	s4,s4,3
    6bca:	0000                	unimp
    6bcc:	5355                	li	t1,-11
    6bce:	4442                	lw	s0,16(sp)
    6bd0:	203a                	lhu	a4,2(s0)
    6bd2:	5f544553          	.insn	4, 0x5f544553
    6bd6:	464e4f43          	.insn	4, 0x464e4f43
    6bda:	4749                	li	a4,18
    6bdc:	5255                	li	tp,-11
    6bde:	5441                	li	s0,-16
    6be0:	4f49                	li	t5,18
    6be2:	204e                	lhu	a1,4(s0)
    6be4:	6166                	.insn	2, 0x6166
    6be6:	6c69                	lui	s8,0x1a
    6be8:	6465                	lui	s0,0x19
    6bea:	0d2e                	slli	s10,s10,0xb
    6bec:	0000                	unimp
    6bee:	0000                	unimp
    6bf0:	5355                	li	t1,-11
    6bf2:	4442                	lw	s0,16(sp)
    6bf4:	203a                	lhu	a4,2(s0)
    6bf6:	2020                	lbu	s0,2(s0)
    6bf8:	6e69                	lui	t3,0x1a
    6bfa:	6574                	.insn	2, 0x6574
    6bfc:	6672                	.insn	2, 0x6672
    6bfe:	6361                	lui	t1,0x18
    6c00:	2065                	jal	6ca8 <_read+0x756>
    6c02:	7525                	lui	a0,0xfffe9
    6c04:	203a                	lhu	a4,2(s0)
    6c06:	73616c63          	bltu	sp,s6,733e <_read+0xdec>
    6c0a:	78303d73          	csrrc	s10,0x783,zero
    6c0e:	3025                	jal	6436 <_close_r+0x20>
    6c10:	7832                	.insn	2, 0x7832
    6c12:	7320                	.insn	2, 0x7320
    6c14:	6275                	lui	tp,0x1d
    6c16:	73616c63          	bltu	sp,s6,734e <_read+0xdfc>
    6c1a:	78303d73          	csrrc	s10,0x783,zero
    6c1e:	3025                	jal	6446 <_fstat_r+0x6>
    6c20:	7832                	.insn	2, 0x7832
    6c22:	7020                	.insn	2, 0x7020
    6c24:	6f72                	.insn	2, 0x6f72
    6c26:	6f74                	.insn	2, 0x6f74
    6c28:	303d                	jal	6456 <_fstat_r+0x16>
    6c2a:	2578                	lbu	a4,14(a0)
    6c2c:	3230                	lbu	a2,3(a2)
    6c2e:	0d78                	addi	a4,sp,668
    6c30:	000a                	c.slli	zero,0x2
    6c32:	0000                	unimp
    6c34:	5355                	li	t1,-11
    6c36:	4442                	lw	s0,16(sp)
    6c38:	203a                	lhu	a4,2(s0)
    6c3a:	2020                	lbu	s0,2(s0)
    6c3c:	2020                	lbu	s0,2(s0)
    6c3e:	6e65                	lui	t3,0x19
    6c40:	7064                	.insn	2, 0x7064
    6c42:	746e696f          	jal	s2,ed388 <_data_lma+0xe4b90>
    6c46:	3020                	lbu	s0,3(s0)
    6c48:	2578                	lbu	a4,14(a0)
    6c4a:	3230                	lbu	a2,3(a2)
    6c4c:	2078                	lbu	a4,6(s0)
    6c4e:	7325                	lui	t1,0xfffe9
    6c50:	6d20                	.insn	2, 0x6d20
    6c52:	7861                	lui	a6,0xffff8
    6c54:	6b70                	.insn	2, 0x6b70
    6c56:	7374                	.insn	2, 0x7374
    6c58:	7a69                	lui	s4,0xffffa
    6c5a:	3d65                	jal	6b12 <_read+0x5c0>
    6c5c:	7525                	lui	a0,0xfffe9
    6c5e:	0a0d                	addi	s4,s4,3 # ffffa003 <_eusrstack+0xdffd8003>
    6c60:	0000                	unimp
    6c62:	0000                	unimp
    6c64:	5355                	li	t1,-11
    6c66:	4442                	lw	s0,16(sp)
    6c68:	203a                	lhu	a4,2(s0)
    6c6a:	2020                	lbu	s0,2(s0)
    6c6c:	6f66                	.insn	2, 0x6f66
    6c6e:	6e75                	lui	t3,0x1d
    6c70:	2064                	lbu	s1,6(s0)
    6c72:	7525                	lui	a0,0xfffe9
    6c74:	6920                	.insn	2, 0x6920
    6c76:	746e                	.insn	2, 0x746e
    6c78:	7265                	lui	tp,0xffff9
    6c7a:	6166                	.insn	2, 0x6166
    6c7c:	73286563          	bltu	a6,s2,73a6 <_read+0xe54>
    6c80:	2c29                	jal	6e9a <_read+0x948>
    6c82:	6220                	.insn	2, 0x6220
    6c84:	6c75                	lui	s8,0x1d
    6c86:	4e49206b          	.insn	4, 0x4e49206b
    6c8a:	303d                	jal	64b8 <_lseek_r+0x22>
    6c8c:	2578                	lbu	a4,14(a0)
    6c8e:	3230                	lbu	a2,3(a2)
    6c90:	2078                	lbu	a4,6(s0)
    6c92:	3d54554f          	.insn	4, 0x3d54554f
    6c96:	7830                	.insn	2, 0x7830
    6c98:	3025                	jal	64c0 <_lseek_r+0x2a>
    6c9a:	7832                	.insn	2, 0x7832
    6c9c:	0a0d                	addi	s4,s4,3
    6c9e:	0000                	unimp
    6ca0:	5355                	li	t1,-11
    6ca2:	4442                	lw	s0,16(sp)
    6ca4:	203a                	lhu	a4,2(s0)
    6ca6:	6f6e                	.insn	2, 0x6f6e
    6ca8:	4d20                	lw	s0,88(a0)
    6caa:	62204353          	.insn	4, 0x62204353
    6cae:	6c75                	lui	s8,0x1d
    6cb0:	6e65206b          	.insn	4, 0x6e65206b
    6cb4:	7064                	.insn	2, 0x7064
    6cb6:	746e696f          	jal	s2,ed3fc <_data_lma+0xe4c04>
    6cba:	6f662073          	csrs	0x6f6,a2
    6cbe:	6e75                	lui	t3,0x1d
    6cc0:	2064                	lbu	s1,6(s0)
    6cc2:	202d                	jal	6cec <_read+0x79a>
    6cc4:	63697473          	csrrci	s0,0x636,18
    6cc8:	7369206b          	.insn	4, 0x7369206b
    6ccc:	276e                	lhu	a1,14(a4)
    6cce:	2074                	lbu	a3,6(s0)
    6cd0:	534d                	li	t1,-13
    6cd2:	000d3f43          	.insn	4, 0x000d3f43
    6cd6:	0000                	unimp
    6cd8:	5355                	li	t1,-11
    6cda:	4442                	lw	s0,16(sp)
    6cdc:	203a                	lhu	a4,2(s0)
    6cde:	70657473          	csrrci	s0,0x706,10
    6ce2:	3820                	lbu	s0,19(s0)
    6ce4:	2d20                	lbu	s0,26(a0)
    6ce6:	6d20                	.insn	2, 0x6d20
    6ce8:	7361                	lui	t1,0xffff8
    6cea:	74735f73          	csrrwi	t5,mseccfg,6
    6cee:	6761726f          	jal	tp,1e364 <_data_lma+0x15b6c>
    6cf2:	5f65                	li	t5,-7
    6cf4:	6572                	.insn	2, 0x6572
    6cf6:	20746573          	csrrsi	a0,0x207,8
    6cfa:	6372                	.insn	2, 0x6372
    6cfc:	253d                	jal	732a <_read+0xdd8>
    6cfe:	2075                	jal	6daa <_read+0x858>
    6d00:	3028                	lbu	a0,3(s0)
    6d02:	6f3d                	lui	t5,0xf
    6d04:	0a0d296b          	.insn	4, 0x0a0d296b
    6d08:	0000                	unimp
    6d0a:	0000                	unimp
    6d0c:	5355                	li	t1,-11
    6d0e:	4442                	lw	s0,16(sp)
    6d10:	203a                	lhu	a4,2(s0)
    6d12:	70657473          	csrrci	s0,0x706,10
    6d16:	3920                	lbu	s0,19(a0)
    6d18:	2d20                	lbu	s0,26(a0)
    6d1a:	5320                	lw	s0,96(a4)
    6d1c:	20495343          	.insn	4, 0x20495343
    6d20:	4552                	lw	a0,20(sp)
    6d22:	4441                	li	s0,16
    6d24:	4320                	lw	s0,64(a4)
    6d26:	5041                	c.li	zero,-16
    6d28:	4341                	li	t1,16
    6d2a:	5449                	li	s0,-14
    6d2c:	2059                	jal	6db2 <_read+0x860>
    6d2e:	3128                	lbu	a0,3(a0)
    6d30:	2930                	lbu	a2,18(a0)
    6d32:	0d3a                	slli	s10,s10,0xe
    6d34:	0000                	unimp
    6d36:	0000                	unimp
    6d38:	5355                	li	t1,-11
    6d3a:	4442                	lw	s0,16(sp)
    6d3c:	203a                	lhu	a4,2(s0)
    6d3e:	2020                	lbu	s0,2(s0)
    6d40:	7461                	lui	s0,0xffff8
    6d42:	6574                	.insn	2, 0x6574
    6d44:	706d                	c.lui	zero,0xffffb
    6d46:	2074                	lbu	a3,6(s0)
    6d48:	6425                	lui	s0,0x9
    6d4a:	2e2e                	lhu	a1,26(a2)
    6d4c:	0d2e                	slli	s10,s10,0xb
    6d4e:	000a                	c.slli	zero,0x2
    6d50:	5355                	li	t1,-11
    6d52:	4442                	lw	s0,16(sp)
    6d54:	203a                	lhu	a4,2(s0)
    6d56:	2020                	lbu	s0,2(s0)
    6d58:	6c204b4f          	.insn	4, 0x6c204b4f
    6d5c:	7361                	lui	t1,0xffff8
    6d5e:	5f74                	lw	a3,124(a4)
    6d60:	626c                	.insn	2, 0x626c
    6d62:	3d61                	jal	6bfa <_read+0x6a8>
    6d64:	7525                	lui	a0,0xfffe9
    6d66:	2820                	lbu	s0,18(s0)
    6d68:	253d                	jal	7396 <_read+0xe44>
    6d6a:	2075                	jal	6e16 <_read+0x8c4>
    6d6c:	6c62                	.insn	2, 0x6c62
    6d6e:	736b636f          	jal	t1,bd4a4 <_data_lma+0xb4cac>
    6d72:	2029                	jal	6d7c <_read+0x82a>
    6d74:	6c62                	.insn	2, 0x6c62
    6d76:	5f6b636f          	jal	t1,bd36c <_data_lma+0xb4b74>
    6d7a:	657a6973          	csrrsi	s2,hviprio2h,20
    6d7e:	253d                	jal	73ac <_read+0xe5a>
    6d80:	0d75                	addi	s10,s10,29
    6d82:	000a                	c.slli	zero,0x2
    6d84:	5355                	li	t1,-11
    6d86:	4442                	lw	s0,16(sp)
    6d88:	203a                	lhu	a4,2(s0)
    6d8a:	6e65                	lui	t3,0x19
    6d8c:	6d75                	lui	s10,0x1d
    6d8e:	7265                	lui	tp,0xffff9
    6d90:	7461                	lui	s0,0xffff8
    6d92:	6f69                	lui	t5,0x1a
    6d94:	206e                	lhu	a1,6(s0)
    6d96:	4552202b          	.insn	4, 0x4552202b
    6d9a:	4441                	li	s0,16
    6d9c:	4320                	lw	s0,64(a4)
    6d9e:	5041                	c.li	zero,-16
    6da0:	4341                	li	t1,16
    6da2:	5449                	li	s0,-14
    6da4:	2059                	jal	6e2a <_read+0x8d8>
    6da6:	63637573          	csrrci	a0,0x636,6
    6daa:	6565                	lui	a0,0x19
    6dac:	6564                	.insn	2, 0x6564
    6dae:	2164                	lbu	s1,6(a0)
    6db0:	000d                	c.nop	3
    6db2:	0000                	unimp
    6db4:	5355                	li	t1,-11
    6db6:	4442                	lw	s0,16(sp)
    6db8:	203a                	lhu	a4,2(s0)
    6dba:	2020                	lbu	s0,2(s0)
    6dbc:	7461                	lui	s0,0xffff8
    6dbe:	6574                	.insn	2, 0x6574
    6dc0:	706d                	c.lui	zero,0xffffb
    6dc2:	2074                	lbu	a3,6(s0)
    6dc4:	6425                	lui	s0,0x9
    6dc6:	6620                	.insn	2, 0x6620
    6dc8:	6961                	lui	s2,0x18
    6dca:	656c                	.insn	2, 0x656c
    6dcc:	2064                	lbu	s1,6(s0)
    6dce:	7461                	lui	s0,0xffff8
    6dd0:	7320                	.insn	2, 0x7320
    6dd2:	6174                	.insn	2, 0x6174
    6dd4:	25206567          	.insn	4, 0x25206567
    6dd8:	0d75                	addi	s10,s10,29 # 1d01d <_data_lma+0x14825>
    6dda:	000a                	c.slli	zero,0x2
    6ddc:	5355                	li	t1,-11
    6dde:	3a42                	lhu	s0,52(a2)
    6de0:	5220                	lw	s0,96(a2)
    6de2:	5145                	li	sp,-15
    6de4:	4555                	li	a0,21
    6de6:	53205453          	.insn	4, 0x53205453
    6dea:	4e45                	li	t3,17
    6dec:	72204553          	.insn	4, 0x72204553
    6df0:	7465                	lui	s0,0xffff9
    6df2:	7275                	lui	tp,0xffffd
    6df4:	656e                	.insn	2, 0x656e
    6df6:	2064                	lbu	s1,6(s0)
    6df8:	796c6e6f          	jal	t3,cd58e <_data_lma+0xc4d96>
    6dfc:	2520                	lbu	s0,10(a0)
    6dfe:	2075                	jal	6eaa <_read+0x958>
    6e00:	7962                	.insn	2, 0x7962
    6e02:	6574                	.insn	2, 0x6574
    6e04:	000a0d73          	.insn	4, 0x000a0d73
    6e08:	5355                	li	t1,-11
    6e0a:	3a42                	lhu	s0,52(a2)
    6e0c:	5220                	lw	s0,96(a2)
    6e0e:	5145                	li	sp,-15
    6e10:	4555                	li	a0,21
    6e12:	53205453          	.insn	4, 0x53205453
    6e16:	4e45                	li	t3,17
    6e18:	72204553          	.insn	4, 0x72204553
    6e1c:	7365                	lui	t1,0xffff9
    6e1e:	3d70                	lbu	a2,31(a0)
    6e20:	3025                	jal	6648 <_read+0xf6>
    6e22:	7832                	.insn	2, 0x7832
    6e24:	6b20                	.insn	2, 0x6b20
    6e26:	7965                	lui	s2,0xffff9
    6e28:	303d                	jal	6656 <_read+0x104>
    6e2a:	2578                	lbu	a4,14(a0)
    6e2c:	3230                	lbu	a2,3(a2)
    6e2e:	2078                	lbu	a4,6(s0)
    6e30:	2528                	lbu	a0,10(a0)
    6e32:	61202973          	csrr	s2,hedelegh
    6e36:	303d6373          	csrrsi	t1,mideleg,26
    6e3a:	2578                	lbu	a4,14(a0)
    6e3c:	3230                	lbu	a2,3(a2)
    6e3e:	2078                	lbu	a4,6(s0)
    6e40:	7361                	lui	t1,0xffff8
    6e42:	303d7163          	bgeu	s10,gp,7144 <_read+0xbf2>
    6e46:	2578                	lbu	a4,14(a0)
    6e48:	3230                	lbu	a2,3(a2)
    6e4a:	0d78                	addi	a4,sp,668
    6e4c:	000a                	c.slli	zero,0x2
    6e4e:	0000                	unimp
    6e50:	5355                	li	t1,-11
    6e52:	4442                	lw	s0,16(sp)
    6e54:	203a                	lhu	a4,2(s0)
    6e56:	2020                	lbu	s0,2(s0)
    6e58:	4552                	lw	a0,20(sp)
    6e5a:	5551                	li	a0,-12
    6e5c:	5345                	li	t1,-15
    6e5e:	2054                	lbu	a3,4(s0)
    6e60:	534e4553          	.insn	4, 0x534e4553
    6e64:	2045                	jal	6f04 <_read+0x9b2>
    6e66:	6c61                	lui	s8,0x18
    6e68:	66206f73          	csrrsi	t5,0x662,0
    6e6c:	6961                	lui	s2,0x18
    6e6e:	656c                	.insn	2, 0x656c
    6e70:	2064                	lbu	s1,6(s0)
    6e72:	7228                	.insn	2, 0x7228
    6e74:	30253d63          	.insn	4, 0x30253d63
    6e78:	7832                	.insn	2, 0x7832
    6e7a:	6c20                	.insn	2, 0x6c20
    6e7c:	6e65                	lui	t3,0x19
    6e7e:	253d                	jal	74ac <_read+0xf5a>
    6e80:	2975                	jal	733c <_read+0xdea>
    6e82:	0a0d                	addi	s4,s4,3
    6e84:	0000                	unimp
    6e86:	0000                	unimp
    6e88:	5355                	li	t1,-11
    6e8a:	4442                	lw	s0,16(sp)
    6e8c:	203a                	lhu	a4,2(s0)
    6e8e:	70657473          	csrrci	s0,0x706,10
    6e92:	3120                	lbu	s0,3(a0)
    6e94:	2030                	lbu	a2,2(s0)
    6e96:	202d                	jal	6ec0 <_read+0x96e>
    6e98:	49534353          	.insn	4, 0x49534353
    6e9c:	5220                	lw	s0,96(a2)
    6e9e:	4145                	li	sp,17
    6ea0:	2044                	lbu	s1,4(s0)
    6ea2:	41504143          	.insn	4, 0x41504143
    6ea6:	59544943          	.insn	4, 0x59544943
    6eaa:	2820                	lbu	s0,18(s0)
    6eac:	3631                	jal	69b8 <_read+0x466>
    6eae:	3a29                	jal	67c8 <_read+0x276>
    6eb0:	000d                	c.nop	3
    6eb2:	0000                	unimp
    6eb4:	5355                	li	t1,-11
    6eb6:	4442                	lw	s0,16(sp)
    6eb8:	203a                	lhu	a4,2(s0)
    6eba:	2020                	lbu	s0,2(s0)
    6ebc:	6c204b4f          	.insn	4, 0x6c204b4f
    6ec0:	7361                	lui	t1,0xffff8
    6ec2:	5f74                	lw	a3,124(a4)
    6ec4:	626c                	.insn	2, 0x626c
    6ec6:	3d61                	jal	6d5e <_read+0x80c>
    6ec8:	7525                	lui	a0,0xfffe9
    6eca:	6220                	.insn	2, 0x6220
    6ecc:	6f6c                	.insn	2, 0x6f6c
    6ece:	735f6b63          	bltu	t5,s5,7604 <_read+0x10b2>
    6ed2:	7a69                	lui	s4,0xffffa
    6ed4:	3d65                	jal	6d8c <_read+0x83a>
    6ed6:	7525                	lui	a0,0xfffe9
    6ed8:	0a0d                	addi	s4,s4,3 # ffffa003 <_eusrstack+0xdffd8003>
    6eda:	0000                	unimp
    6edc:	5355                	li	t1,-11
    6ede:	4442                	lw	s0,16(sp)
    6ee0:	203a                	lhu	a4,2(s0)
    6ee2:	2020                	lbu	s0,2(s0)
    6ee4:	31504143          	.insn	4, 0x31504143
    6ee8:	2036                	lhu	a3,2(s0)
    6eea:	6c61                	lui	s8,0x18
    6eec:	66206f73          	csrrsi	t5,0x662,0
    6ef0:	6961                	lui	s2,0x18
    6ef2:	656c                	.insn	2, 0x656c
    6ef4:	2064                	lbu	s1,6(s0)
    6ef6:	7228                	.insn	2, 0x7228
    6ef8:	75253d63          	.insn	4, 0x75253d63
    6efc:	0d29                	addi	s10,s10,10
    6efe:	000a                	c.slli	zero,0x2
    6f00:	5355                	li	t1,-11
    6f02:	4442                	lw	s0,16(sp)
    6f04:	203a                	lhu	a4,2(s0)
    6f06:	7566                	.insn	2, 0x7566
    6f08:	6c6c                	.insn	2, 0x6c6c
    6f0a:	6420                	.insn	2, 0x6420
    6f0c:	6169                	addi	sp,sp,208
    6f0e:	736f6e67          	.insn	4, 0x736f6e67
    6f12:	6974                	.insn	2, 0x6974
    6f14:	69662063          	.insn	4, 0x69662063
    6f18:	696e                	.insn	2, 0x696e
    6f1a:	64656873          	csrrsi	a6,hviprio1,10
    6f1e:	2d20                	lbu	s0,26(a0)
    6f20:	7320                	.insn	2, 0x7320
    6f22:	6974                	.insn	2, 0x6974
    6f24:	6e206b63          	bltu	zero,sp,761a <_read+0x10c8>
    6f28:	7520746f          	jal	s0,e67a <_data_lma+0x5e82>
    6f2c:	6c626173          	csrrsi	sp,0x6c6,4
    6f30:	2e65                	jal	72e8 <_read+0xd96>
    6f32:	000d                	c.nop	3
    6f34:	4146                	lw	sp,80(sp)
    6f36:	2054                	lbu	a3,4(s0)
    6f38:	6f76                	.insn	2, 0x6f76
    6f3a:	756c                	.insn	2, 0x756c
    6f3c:	656d                	lui	a0,0x1b
    6f3e:	6e20                	.insn	2, 0x6e20
    6f40:	7220746f          	jal	s0,e662 <_data_lma+0x5e6a>
    6f44:	6365                	lui	t1,0x19
    6f46:	696e676f          	jal	a4,ed5dc <_data_lma+0xe4de4>
    6f4a:	20646573          	csrrsi	a0,0x206,8
    6f4e:	7428                	.insn	2, 0x7428
    6f50:	7972                	.insn	2, 0x7972
    6f52:	4620                	lw	s0,72(a2)
    6f54:	5441                	li	s0,-16
    6f56:	3231                	jal	6862 <_read+0x310>
    6f58:	2f36312f          	.insn	4, 0x2f36312f
    6f5c:	73203233          	.insn	4, 0x73203233
    6f60:	6974                	.insn	2, 0x6974
    6f62:	00296b63          	bltu	s2,sp,6f78 <_read+0xa26>
    6f66:	0000                	unimp
    6f68:	6f6e                	.insn	2, 0x6f6e
    6f6a:	6d20                	.insn	2, 0x6d20
    6f6c:	6465                	lui	s0,0x19
    6f6e:	7569                	lui	a0,0xffffa
    6f70:	206d                	jal	701a <_read+0xac8>
    6f72:	4353202f          	amoor.w.rl	zero,s5,(t1)
    6f76:	52204953          	.insn	4, 0x52204953
    6f7a:	4145                	li	sp,17
    6f7c:	2044                	lbu	s1,4(s0)
    6f7e:	41504143          	.insn	4, 0x41504143
    6f82:	59544943          	.insn	4, 0x59544943
    6f86:	6620                	.insn	2, 0x6620
    6f88:	6961                	lui	s2,0x18
    6f8a:	656c                	.insn	2, 0x656c
    6f8c:	0064                	addi	s1,sp,12
    6f8e:	0000                	unimp
    6f90:	20656573          	csrrsi	a0,0x206,10
    6f94:	6146                	.insn	2, 0x6146
    6f96:	4674                	lw	a3,76(a2)
    6f98:	6f642073          	csrs	0x6f6,s0
    6f9c:	00007363          	bgeu	zero,zero,6fa2 <_read+0xa50>
    6fa0:	6f6e                	.insn	2, 0x6f6e
    6fa2:	4620                	lw	s0,72(a2)
    6fa4:	5441                	li	s0,-16
    6fa6:	6620                	.insn	2, 0x6620
    6fa8:	6c69                	lui	s8,0x1a
    6faa:	7365                	lui	t1,0xffff9
    6fac:	7379                	lui	t1,0xffffe
    6fae:	6574                	.insn	2, 0x6574
    6fb0:	206d                	jal	705a <_read+0xb08>
    6fb2:	73206e6f          	jal	t3,d6e4 <_data_lma+0x4eec>
    6fb6:	6974                	.insn	2, 0x6974
    6fb8:	00006b63          	bltu	zero,zero,6fce <_read+0xa7c>
    6fbc:	3a30                	lbu	a2,19(a2)
    6fbe:	0000                	unimp
    6fc0:	5355                	li	t1,-11
    6fc2:	3a42                	lhu	s0,52(a2)
    6fc4:	7320                	.insn	2, 0x7320
    6fc6:	6974                	.insn	2, 0x6974
    6fc8:	72206b63          	bltu	zero,sp,76fe <_read+0x11ac>
    6fcc:	6d65                	lui	s10,0x19
    6fce:	6465766f          	jal	a2,5e614 <_data_lma+0x55e1c>
    6fd2:	202c                	lbu	a1,2(s0)
    6fd4:	6f76                	.insn	2, 0x6f76
    6fd6:	756c                	.insn	2, 0x756c
    6fd8:	656d                	lui	a0,0x1b
    6fda:	7520                	.insn	2, 0x7520
    6fdc:	6d6e                	.insn	2, 0x6d6e
    6fde:	746e756f          	jal	a0,ee724 <_data_lma+0xe5f2c>
    6fe2:	6465                	lui	s0,0x19
    6fe4:	000d                	c.nop	3
    6fe6:	0000                	unimp
    6fe8:	4146                	lw	sp,80(sp)
    6fea:	3a54                	lbu	a3,21(a2)
    6fec:	6d20                	.insn	2, 0x6d20
    6fee:	746e756f          	jal	a0,ee734 <_data_lma+0xe5f3c>
    6ff2:	6465                	lui	s0,0x19
    6ff4:	6f20                	.insn	2, 0x6f20
    6ff6:	206e                	lhu	a1,6(s0)
    6ff8:	3a30                	lbu	a2,19(a2)
    6ffa:	000d                	c.nop	3
    6ffc:	4146                	lw	sp,80(sp)
    6ffe:	3a54                	lbu	a3,21(a2)
    7000:	6620                	.insn	2, 0x6620
    7002:	6d5f 756f 746e      	.insn	6, 0x746e756f6d5f
    7008:	6620                	.insn	2, 0x6620
    700a:	6961                	lui	s2,0x18
    700c:	656c                	.insn	2, 0x656c
    700e:	2064                	lbu	s1,6(s0)
    7010:	2528                	lbu	a0,10(a0)
    7012:	2075                	jal	70be <_read+0xb6c>
    7014:	203d                	jal	7042 <_read+0xaf0>
    7016:	7325                	lui	t1,0xfffe9
    7018:	0d29                	addi	s10,s10,10 # 1900a <_data_lma+0x10812>
    701a:	000a                	c.slli	zero,0x2
    701c:	5355                	li	t1,-11
    701e:	3a42                	lhu	s0,52(a2)
    7020:	6620                	.insn	2, 0x6620
    7022:	6f5f 6570 286e      	.insn	6, 0x286e65706f5f
    7028:	27732527          	.insn	4, 0x27732527
    702c:	2029                	jal	7036 <_read+0xae4>
    702e:	6166                	.insn	2, 0x6166
    7030:	6c69                	lui	s8,0x1a
    7032:	6465                	lui	s0,0x19
    7034:	2820                	lbu	s0,18(s0)
    7036:	7525                	lui	a0,0xfffe9
    7038:	0d29                	addi	s10,s10,10
    703a:	000a                	c.slli	zero,0x2
    703c:	5355                	li	t1,-11
    703e:	3a42                	lhu	s0,52(a2)
    7040:	5020                	lw	s0,96(s0)
    7042:	4d415253          	.insn	4, 0x4d415253
    7046:	4420                	lw	s0,72(s0)
    7048:	414d                	li	sp,19
    704a:	6320                	.insn	2, 0x6320
    704c:	2079706f          	j	9ea52 <_data_lma+0x9625a>
    7050:	6166                	.insn	2, 0x6166
    7052:	6c69                	lui	s8,0x1a
    7054:	6465                	lui	s0,0x19
    7056:	6120                	.insn	2, 0x6120
    7058:	2074                	lbu	a3,6(s0)
    705a:	7366666f          	jal	a2,6d790 <_data_lma+0x64f98>
    705e:	7465                	lui	s0,0xffff9
    7060:	2520                	lbu	s0,10(a0)
    7062:	0d75                	addi	s10,s10,29
    7064:	000a                	c.slli	zero,0x2
    7066:	0000                	unimp
    7068:	2064                	lbu	s1,6(s0)
    706a:	0000                	unimp
    706c:	2066                	lhu	s1,6(s0)
    706e:	0000                	unimp
    7070:	534c                	lw	a1,36(a4)
    7072:	203a                	lhu	a4,2(s0)
    7074:	6f6e                	.insn	2, 0x6f6e
    7076:	5520                	lw	s0,104(a0)
    7078:	73204253          	.insn	4, 0x73204253
    707c:	6974                	.insn	2, 0x6974
    707e:	28206b63          	bltu	zero,sp,7314 <_read+0xdc2>
    7082:	7572                	.insn	2, 0x7572
    7084:	206e                	lhu	a1,6(s0)
    7086:	5560                	lw	s0,108(a0)
    7088:	20604253          	.insn	4, 0x20604253
    708c:	6661                	lui	a2,0x18
    708e:	6574                	.insn	2, 0x6574
    7090:	2072                	lhu	a2,6(s0)
    7092:	6c70                	.insn	2, 0x6c70
    7094:	6775                	lui	a4,0x1d
    7096:	676e6967          	.insn	4, 0x676e6967
    709a:	6f20                	.insn	2, 0x6f20
    709c:	656e                	.insn	2, 0x656e
    709e:	6920                	.insn	2, 0x6920
    70a0:	296e                	lhu	a1,22(a0)
    70a2:	000d                	c.nop	3
    70a4:	534c                	lw	a1,36(a4)
    70a6:	203a                	lhu	a4,2(s0)
    70a8:	5f66                	lw	t5,120(sp)
    70aa:	6e65706f          	j	5e790 <_data_lma+0x55f98>
    70ae:	6964                	.insn	2, 0x6964
    70b0:	2872                	lhu	a2,22(s0)
    70b2:	27732527          	.insn	4, 0x27732527
    70b6:	2029                	jal	70c0 <_read+0xb6e>
    70b8:	6166                	.insn	2, 0x6166
    70ba:	6c69                	lui	s8,0x1a
    70bc:	6465                	lui	s0,0x19
    70be:	2820                	lbu	s0,18(s0)
    70c0:	7525                	lui	a0,0xfffe9
    70c2:	0d29                	addi	s10,s10,10
    70c4:	000a                	c.slli	zero,0x2
    70c6:	0000                	unimp
    70c8:	534c                	lw	a1,36(a4)
    70ca:	2520                	lbu	s0,10(a0)
    70cc:	0a0d3a73          	csrrc	s4,0xa0,s10
    70d0:	0000                	unimp
    70d2:	0000                	unimp
    70d4:	2020                	lbu	s0,2(s0)
    70d6:	7325                	lui	t1,0xfffe9
    70d8:	2520                	lbu	s0,10(a0)
    70da:	3031                	jal	68e6 <_read+0x394>
    70dc:	2075                	jal	7188 <_read+0xc36>
    70de:	2520                	lbu	s0,10(a0)
    70e0:	000a0d73          	.insn	4, 0x000a0d73
    70e4:	4f4c                	lw	a1,28(a4)
    70e6:	50532d57          	.insn	4, 0x50532d57
    70ea:	4545                	li	a0,17
    70ec:	0044                	addi	s1,sp,4
    70ee:	0000                	unimp
    70f0:	5546                	lw	a0,112(sp)
    70f2:	4c4c                	lw	a1,28(s0)
    70f4:	532d                	li	t1,-21
    70f6:	4550                	lw	a2,12(a0)
    70f8:	4445                	li	s0,17
    70fa:	0000                	unimp
    70fc:	4948                	lw	a0,20(a0)
    70fe:	532d4847          	.insn	4, 0x532d4847
    7102:	4550                	lw	a2,12(a0)
    7104:	4445                	li	s0,17
    7106:	0000                	unimp
    7108:	4552                	lw	a0,20(sp)
    710a:	45564f43          	.insn	4, 0x45564f43
    710e:	4552                	lw	a0,20(sp)
    7110:	2044                	lbu	s1,4(s0)
    7112:	5245                	li	tp,-15
    7114:	4f52                	lw	t5,20(sp)
    7116:	0052                	c.slli	zero,0x14
    7118:	4f4e                	lw	t5,208(sp)
    711a:	2054                	lbu	a3,4(s0)
    711c:	4552                	lw	a0,20(sp)
    711e:	4441                	li	s0,16
    7120:	0059                	c.nop	22
    7122:	0000                	unimp
    7124:	454d                	li	a0,19
    7126:	4944                	lw	s1,20(a0)
    7128:	4d55                	li	s10,21
    712a:	4520                	lw	s0,72(a0)
    712c:	5252                	lw	tp,52(sp)
    712e:	0000524f          	.insn	4, 0x524f
    7132:	0000                	unimp
    7134:	4148                	lw	a0,4(a0)
    7136:	4452                	lw	s0,20(sp)
    7138:	45524157          	vmadc.vxm	v2,v21,tp,v0
    713c:	4520                	lw	s0,72(a0)
    713e:	5252                	lw	tp,52(sp)
    7140:	0000524f          	.insn	4, 0x524f
    7144:	4c49                	li	s8,18
    7146:	454c                	lw	a1,12(a0)
    7148:	204c4147          	.insn	4, 0x204c4147
    714c:	4552                	lw	a0,20(sp)
    714e:	5551                	li	a0,-12
    7150:	5345                	li	t1,-15
    7152:	0054                	addi	a3,sp,4
    7154:	4e55                	li	t3,21
    7156:	5449                	li	s0,-14
    7158:	4120                	lw	s0,64(a0)
    715a:	5454                	lw	a3,44(s0)
    715c:	4e45                	li	t3,17
    715e:	4954                	lw	a3,20(a0)
    7160:	00004e4f          	.insn	4, 0x4e4f
    7164:	4144                	lw	s1,4(a0)
    7166:	4154                	lw	a3,4(a0)
    7168:	5020                	lw	s0,96(s0)
    716a:	4f52                	lw	t5,20(sp)
    716c:	4554                	lw	a3,12(a0)
    716e:	00005443          	.insn	4, 0x5443
    7172:	0000                	unimp
    7174:	4241                	li	tp,16
    7176:	4554524f          	.insn	4, 0x4554524f
    717a:	2044                	lbu	s1,4(s0)
    717c:	4d4d4f43          	.insn	4, 0x4d4d4f43
    7180:	4e41                	li	t3,16
    7182:	0044                	addi	s1,sp,4
    7184:	4f56                	lw	t5,84(sp)
    7186:	554c                	lw	a1,44(a0)
    7188:	454d                	li	a0,19
    718a:	4f20                	lw	s0,88(a4)
    718c:	4556                	lw	a0,84(sp)
    718e:	4652                	lw	a2,20(sp)
    7190:	4f4c                	lw	a1,28(a4)
    7192:	4f4e0057          	vmsbc.vv	v0,v20,v28
    7196:	454e                	lw	a0,208(sp)
    7198:	0000                	unimp
    719a:	0000                	unimp
    719c:	4f52                	lw	t5,20(sp)
    719e:	314d                	jal	6e40 <_read+0x8ee>
    71a0:	6b36                	.insn	2, 0x6b36
    71a2:	0000                	unimp
    71a4:	4f52                	lw	t5,20(sp)
    71a6:	334d                	jal	6f48 <_read+0x9f6>
    71a8:	6b32                	.insn	2, 0x6b32
    71aa:	0000                	unimp
    71ac:	4f52                	lw	t5,20(sp)
    71ae:	344d                	jal	6c50 <_read+0x6fe>
    71b0:	6b38                	.insn	2, 0x6b38
    71b2:	0000                	unimp
    71b4:	414e4f4b          	.insn	4, 0x414e4f4b
    71b8:	494d                	li	s2,19
    71ba:	0000                	unimp
    71bc:	414e4f4b          	.insn	4, 0x414e4f4b
    71c0:	494d                	li	s2,19
    71c2:	4f4e                	lw	t5,208(sp)
    71c4:	00434353          	.insn	4, 0x00434353
    71c8:	5341                	li	t1,-16
    71ca:	38494943          	.insn	4, 0x38494943
    71ce:	5341006b          	.insn	4, 0x5341006b
    71d2:	31494943          	.insn	4, 0x31494943
    71d6:	6b36                	.insn	2, 0x6b36
    71d8:	0000                	unimp
    71da:	0000                	unimp
    71dc:	454e                	lw	a0,208(sp)
    71de:	0000384f          	.insn	4, 0x384f
    71e2:	0000                	unimp
    71e4:	454e                	lw	a0,208(sp)
    71e6:	0036314f          	.insn	4, 0x0036314f
    71ea:	0000                	unimp
    71ec:	414e4f4b          	.insn	4, 0x414e4f4b
    71f0:	494d                	li	s2,19
    71f2:	00434353          	.insn	4, 0x00434353
    71f6:	0000                	unimp
    71f8:	5b0a                	lw	s6,160(sp)
    71fa:	4148                	lw	a0,4(a0)
    71fc:	4452                	lw	s0,20(sp)
    71fe:	4146                	lw	sp,80(sp)
    7200:	4c55                	li	s8,21
    7202:	5d54                	lw	a3,60(a0)
    7204:	6320                	.insn	2, 0x6320
    7206:	7561                	lui	a0,0xffff8
    7208:	253d6573          	csrrsi	a0,vsireg3,26
    720c:	3830                	lbu	a2,19(s0)
    720e:	786c                	.insn	2, 0x786c
    7210:	6520                	.insn	2, 0x6520
    7212:	6370                	.insn	2, 0x6370
    7214:	253d                	jal	7842 <_read+0x12f0>
    7216:	3830                	lbu	a2,19(s0)
    7218:	786c                	.insn	2, 0x786c
    721a:	6d20                	.insn	2, 0x6d20
    721c:	7674                	.insn	2, 0x7674
    721e:	6c61                	lui	s8,0x18
    7220:	253d                	jal	784e <_read+0x12fc>
    7222:	3830                	lbu	a2,19(s0)
    7224:	786c                	.insn	2, 0x786c
    7226:	7220                	.insn	2, 0x7220
    7228:	3d61                	jal	70c0 <_read+0xb6e>
    722a:	3025                	jal	6a52 <_read+0x500>
    722c:	6c38                	.insn	2, 0x6c38
    722e:	0a78                	addi	a4,sp,284
    7230:	0000                	unimp
    7232:	0000                	unimp
    7234:	203e                	lhu	a5,2(s0)
    7236:	000d4b4f          	.insn	4, 0x000d4b4f
    723a:	0000                	unimp
    723c:	0000002f          	.insn	4, 0x002f
    7240:	4950                	lw	a2,20(a0)
    7242:	474e                	lw	a4,208(sp)
    7244:	0000                	unimp
    7246:	0000                	unimp
    7248:	000d4b4f          	.insn	4, 0x000d4b4f
    724c:	4550                	lw	a2,12(a0)
    724e:	0034                	addi	a3,sp,8
    7250:	4550                	lw	a2,12(a0)
    7252:	3d34                	lbu	a3,27(a0)
    7254:	7525                	lui	a0,0xfffe9
    7256:	4320                	lw	s0,64(a4)
    7258:	4746                	lw	a4,80(sp)
    725a:	524c                	lw	a1,36(a2)
    725c:	253d                	jal	788a <_read+0x1338>
    725e:	3830                	lbu	a2,19(s0)
    7260:	786c                	.insn	2, 0x786c
    7262:	0a0d                	addi	s4,s4,3
    7264:	0000                	unimp
    7266:	0000                	unimp
    7268:	4548                	lw	a0,12(a0)
    726a:	504c                	lw	a1,36(s0)
    726c:	0000                	unimp
    726e:	0000                	unimp
    7270:	6d6d6f43          	.insn	4, 0x6d6d6f43
    7274:	6e61                	lui	t3,0x18
    7276:	7364                	.insn	2, 0x7364
    7278:	0d3a                	slli	s10,s10,0xe
    727a:	0000                	unimp
    727c:	2020                	lbu	s0,2(s0)
    727e:	4950                	lw	a2,20(a0)
    7280:	474e                	lw	a4,208(sp)
    7282:	2020                	lbu	s0,2(s0)
    7284:	2020                	lbu	s0,2(s0)
    7286:	2020                	lbu	s0,2(s0)
    7288:	2020                	lbu	s0,2(s0)
    728a:	2020                	lbu	s0,2(s0)
    728c:	2020                	lbu	s0,2(s0)
    728e:	2020                	lbu	s0,2(s0)
    7290:	2020                	lbu	s0,2(s0)
    7292:	2020                	lbu	s0,2(s0)
    7294:	2020                	lbu	s0,2(s0)
    7296:	2020                	lbu	s0,2(s0)
    7298:	2d20                	lbu	s0,26(a0)
    729a:	6c20                	.insn	2, 0x6c20
    729c:	7669                	lui	a2,0xffffa
    729e:	6e65                	lui	t3,0x19
    72a0:	7365                	lui	t1,0xffff9
    72a2:	68632073          	csrs	0x686,t1
    72a6:	6365                	lui	t1,0x19
    72a8:	00000d6b          	.insn	4, 0x0d6b
    72ac:	2020                	lbu	s0,2(s0)
    72ae:	5352                	lw	t1,52(sp)
    72b0:	2054                	lbu	a3,4(s0)
    72b2:	5d736d5b          	.insn	4, 0x5d736d5b
    72b6:	2020                	lbu	s0,2(s0)
    72b8:	2020                	lbu	s0,2(s0)
    72ba:	2020                	lbu	s0,2(s0)
    72bc:	2020                	lbu	s0,2(s0)
    72be:	2020                	lbu	s0,2(s0)
    72c0:	2020                	lbu	s0,2(s0)
    72c2:	2020                	lbu	s0,2(s0)
    72c4:	2020                	lbu	s0,2(s0)
    72c6:	2020                	lbu	s0,2(s0)
    72c8:	2d20                	lbu	s0,26(a0)
    72ca:	7020                	.insn	2, 0x7020
    72cc:	6c75                	lui	s8,0x1d
    72ce:	4d206573          	csrrsi	a0,0x4d2,0
    72d2:	72205853          	.insn	4, 0x72205853
    72d6:	7365                	lui	t1,0xffff9
    72d8:	7465                	lui	s0,0xffff9
    72da:	2820                	lbu	s0,18(s0)
    72dc:	6564                	.insn	2, 0x6564
    72de:	616d6963          	bltu	s10,s6,78f0 <_read+0x139e>
    72e2:	2c6c                	lbu	a1,30(s0)
    72e4:	6420                	.insn	2, 0x6420
    72e6:	6665                	lui	a2,0x19
    72e8:	7561                	lui	a0,0xffff8
    72ea:	746c                	.insn	2, 0x746c
    72ec:	3120                	lbu	s0,3(a0)
    72ee:	3030                	lbu	a2,3(s0)
    72f0:	0d29                	addi	s10,s10,10
    72f2:	0000                	unimp
    72f4:	2020                	lbu	s0,2(s0)
    72f6:	4550                	lw	a2,12(a0)
    72f8:	2034                	lbu	a3,2(s0)
    72fa:	2020                	lbu	s0,2(s0)
    72fc:	2020                	lbu	s0,2(s0)
    72fe:	2020                	lbu	s0,2(s0)
    7300:	2020                	lbu	s0,2(s0)
    7302:	2020                	lbu	s0,2(s0)
    7304:	2020                	lbu	s0,2(s0)
    7306:	2020                	lbu	s0,2(s0)
    7308:	2020                	lbu	s0,2(s0)
    730a:	2020                	lbu	s0,2(s0)
    730c:	2020                	lbu	s0,2(s0)
    730e:	2020                	lbu	s0,2(s0)
    7310:	2d20                	lbu	s0,26(a0)
    7312:	7220                	.insn	2, 0x7220
    7314:	6165                	addi	sp,sp,112
    7316:	2064                	lbu	s1,6(s0)
    7318:	72727563          	bgeu	tp,t2,7a42 <CSWTCH.65+0x5e>
    731c:	6e65                	lui	t3,0x19
    731e:	2074                	lbu	a3,6(s0)
    7320:	4550                	lw	a2,12(a0)
    7322:	2034                	lbu	a3,2(s0)
    7324:	74617473          	csrrci	s0,0x746,2
    7328:	2065                	jal	73d0 <_read+0xe7e>
    732a:	3028                	lbu	a0,3(s0)
    732c:	6c3d                	lui	s8,0xf
    732e:	202c776f          	jal	a4,ce530 <_data_lma+0xc5d38>
    7332:	3d31                	jal	714e <_read+0xbfc>
    7334:	6968                	.insn	2, 0x6968
    7336:	0d296867          	.insn	4, 0x0d296867
    733a:	0000                	unimp
    733c:	2020                	lbu	s0,2(s0)
    733e:	414d                	li	sp,19
    7340:	2050                	lbu	a2,4(s0)
    7342:	6d616e5b          	.insn	4, 0x6d616e5b
    7346:	7c65                	lui	s8,0xffff9
    7348:	6f6e                	.insn	2, 0x6f6e
    734a:	656e                	.insn	2, 0x656e
    734c:	205d                	jal	73f2 <_read+0xea0>
    734e:	2020                	lbu	s0,2(s0)
    7350:	2020                	lbu	s0,2(s0)
    7352:	2020                	lbu	s0,2(s0)
    7354:	2020                	lbu	s0,2(s0)
    7356:	2020                	lbu	s0,2(s0)
    7358:	2d20                	lbu	s0,26(a0)
    735a:	7320                	.insn	2, 0x7320
    735c:	6f68                	.insn	2, 0x6f68
    735e:	726f2077          	.insn	4, 0x726f2077
    7362:	7320                	.insn	2, 0x7320
    7364:	63746977          	.insn	4, 0x63746977
    7368:	2068                	lbu	a0,6(s0)
    736a:	6874                	.insn	2, 0x6874
    736c:	2065                	jal	7414 <_read+0xec2>
    736e:	6361                	lui	t1,0x18
    7370:	6974                	.insn	2, 0x6974
    7372:	6576                	.insn	2, 0x6576
    7374:	6320                	.insn	2, 0x6320
    7376:	7261                	lui	tp,0xffff8
    7378:	2074                	lbu	a3,6(s0)
    737a:	616d                	addi	sp,sp,240
    737c:	7070                	.insn	2, 0x7070
    737e:	7265                	lui	tp,0xffff9
    7380:	000d                	c.nop	3
    7382:	0000                	unimp
    7384:	2020                	lbu	s0,2(s0)
    7386:	20434353          	.insn	4, 0x20434353
    738a:	2020                	lbu	s0,2(s0)
    738c:	2020                	lbu	s0,2(s0)
    738e:	2020                	lbu	s0,2(s0)
    7390:	2020                	lbu	s0,2(s0)
    7392:	2020                	lbu	s0,2(s0)
    7394:	2020                	lbu	s0,2(s0)
    7396:	2020                	lbu	s0,2(s0)
    7398:	2020                	lbu	s0,2(s0)
    739a:	2020                	lbu	s0,2(s0)
    739c:	2020                	lbu	s0,2(s0)
    739e:	2020                	lbu	s0,2(s0)
    73a0:	2d20                	lbu	s0,26(a0)
    73a2:	5320                	lw	s0,96(a4)
    73a4:	65204343          	.insn	4, 0x65204343
    73a8:	756d                	lui	a0,0xffffb
    73aa:	616c                	.insn	2, 0x616c
    73ac:	6f74                	.insn	2, 0x6f74
    73ae:	2072                	lhu	a2,6(s0)
    73b0:	6964                	.insn	2, 0x6964
    73b2:	6761                	lui	a4,0x18
    73b4:	6f6e                	.insn	2, 0x6f6e
    73b6:	63697473          	csrrci	s0,0x636,18
    73ba:	71282073          	csrs	0x712,a6
    73be:	6575                	lui	a0,0x1d
    73c0:	6575                	lui	a0,0x1d
    73c2:	6c20                	.insn	2, 0x6c20
    73c4:	7665                	lui	a2,0xffff9
    73c6:	6c65                	lui	s8,0x19
    73c8:	202c                	lbu	a1,2(s0)
    73ca:	616d                	addi	sp,sp,240
    73cc:	7070                	.insn	2, 0x7070
    73ce:	7265                	lui	tp,0xffff9
    73d0:	0d29                	addi	s10,s10,10
    73d2:	0000                	unimp
    73d4:	2020                	lbu	s0,2(s0)
    73d6:	5355                	li	t1,-11
    73d8:	2042                	lhu	s0,4(s0)
    73da:	2020                	lbu	s0,2(s0)
    73dc:	2020                	lbu	s0,2(s0)
    73de:	2020                	lbu	s0,2(s0)
    73e0:	2020                	lbu	s0,2(s0)
    73e2:	2020                	lbu	s0,2(s0)
    73e4:	2020                	lbu	s0,2(s0)
    73e6:	2020                	lbu	s0,2(s0)
    73e8:	2020                	lbu	s0,2(s0)
    73ea:	2020                	lbu	s0,2(s0)
    73ec:	2020                	lbu	s0,2(s0)
    73ee:	2020                	lbu	s0,2(s0)
    73f0:	2d20                	lbu	s0,26(a0)
    73f2:	6520                	.insn	2, 0x6520
    73f4:	756e                	.insn	2, 0x756e
    73f6:	656d                	lui	a0,0x1b
    73f8:	6172                	.insn	2, 0x6172
    73fa:	6574                	.insn	2, 0x6574
    73fc:	756f6d2f          	.insn	4, 0x756f6d2f
    7400:	746e                	.insn	2, 0x746e
    7402:	6120                	.insn	2, 0x6120
    7404:	7474                	.insn	2, 0x7474
    7406:	6361                	lui	t1,0x18
    7408:	6568                	.insn	2, 0x6568
    740a:	2064                	lbu	s1,6(s0)
    740c:	5355                	li	t1,-11
    740e:	2042                	lhu	s0,4(s0)
    7410:	63697473          	csrrci	s0,0x636,18
    7414:	00000d6b          	.insn	4, 0x0d6b
    7418:	2020                	lbu	s0,2(s0)
    741a:	5355                	li	t1,-11
    741c:	4442                	lw	s0,16(sp)
    741e:	2020                	lbu	s0,2(s0)
    7420:	2020                	lbu	s0,2(s0)
    7422:	2020                	lbu	s0,2(s0)
    7424:	2020                	lbu	s0,2(s0)
    7426:	2020                	lbu	s0,2(s0)
    7428:	2020                	lbu	s0,2(s0)
    742a:	2020                	lbu	s0,2(s0)
    742c:	2020                	lbu	s0,2(s0)
    742e:	2020                	lbu	s0,2(s0)
    7430:	2020                	lbu	s0,2(s0)
    7432:	2020                	lbu	s0,2(s0)
    7434:	2d20                	lbu	s0,26(a0)
    7436:	7620                	.insn	2, 0x7620
    7438:	7265                	lui	tp,0xffff9
    743a:	6f62                	.insn	2, 0x6f62
    743c:	55206573          	csrrsi	a0,0x552,0
    7440:	65204253          	.insn	4, 0x65204253
    7444:	756e                	.insn	2, 0x756e
    7446:	656d                	lui	a0,0x1b
    7448:	6172                	.insn	2, 0x6172
    744a:	6974                	.insn	2, 0x6974
    744c:	64206e6f          	jal	t3,da8e <_data_lma+0x5296>
    7450:	6169                	addi	sp,sp,208
    7452:	736f6e67          	.insn	4, 0x736f6e67
    7456:	6974                	.insn	2, 0x6974
    7458:	00000d63          	beqz	zero,7472 <_read+0xf20>
    745c:	2020                	lbu	s0,2(s0)
    745e:	534c                	lw	a1,36(a4)
    7460:	5b20                	lw	s0,112(a4)
    7462:	6170                	.insn	2, 0x6170
    7464:	6874                	.insn	2, 0x6874
    7466:	205d                	jal	750c <_read+0xfba>
    7468:	2020                	lbu	s0,2(s0)
    746a:	2020                	lbu	s0,2(s0)
    746c:	2020                	lbu	s0,2(s0)
    746e:	2020                	lbu	s0,2(s0)
    7470:	2020                	lbu	s0,2(s0)
    7472:	2020                	lbu	s0,2(s0)
    7474:	2020                	lbu	s0,2(s0)
    7476:	2020                	lbu	s0,2(s0)
    7478:	2d20                	lbu	s0,26(a0)
    747a:	6c20                	.insn	2, 0x6c20
    747c:	7369                	lui	t1,0xffffa
    747e:	2074                	lbu	a3,6(s0)
    7480:	6964                	.insn	2, 0x6964
    7482:	6572                	.insn	2, 0x6572
    7484:	726f7463          	bgeu	t5,t1,7bac <__clz_tab+0x78>
    7488:	2079                	jal	7516 <_read+0xfc4>
    748a:	6428                	.insn	2, 0x6428
    748c:	6665                	lui	a2,0x19
    748e:	7561                	lui	a0,0xffff8
    7490:	746c                	.insn	2, 0x746c
    7492:	7220                	.insn	2, 0x7220
    7494:	29746f6f          	jal	t5,4df2a <_data_lma+0x45732>
    7498:	000d                	c.nop	3
    749a:	0000                	unimp
    749c:	2020                	lbu	s0,2(s0)
    749e:	20544143          	.insn	4, 0x20544143
    74a2:	703c                	.insn	2, 0x703c
    74a4:	7461                	lui	s0,0xffff8
    74a6:	3e68                	lbu	a0,31(a2)
    74a8:	3c20                	lbu	s0,27(s0)
    74aa:	6461                	lui	s0,0x18
    74ac:	7264                	.insn	2, 0x7264
    74ae:	203e                	lhu	a5,2(s0)
    74b0:	6c3c                	.insn	2, 0x6c3c
    74b2:	6e65                	lui	t3,0x19
    74b4:	203e                	lhu	a5,2(s0)
    74b6:	2020                	lbu	s0,2(s0)
    74b8:	2d20                	lbu	s0,26(a0)
    74ba:	6320                	.insn	2, 0x6320
    74bc:	2079706f          	j	9eec2 <_data_lma+0x966ca>
    74c0:	6966                	.insn	2, 0x6966
    74c2:	656c                	.insn	2, 0x656c
    74c4:	6620                	.insn	2, 0x6620
    74c6:	6f72                	.insn	2, 0x6f72
    74c8:	206d                	jal	7572 <_read+0x1020>
    74ca:	5355                	li	t1,-11
    74cc:	2042                	lhu	s0,4(s0)
    74ce:	63697473          	csrrci	s0,0x636,18
    74d2:	6e69206b          	.insn	4, 0x6e69206b
    74d6:	6f74                	.insn	2, 0x6f74
    74d8:	5020                	lw	s0,96(s0)
    74da:	4d415253          	.insn	4, 0x4d415253
    74de:	000d                	c.nop	3
    74e0:	2020                	lbu	s0,2(s0)
    74e2:	4f4c                	lw	a1,28(a4)
    74e4:	4441                	li	s0,16
    74e6:	3c20                	lbu	s0,27(s0)
    74e8:	6568                	.insn	2, 0x6568
    74ea:	6178                	.insn	2, 0x6178
    74ec:	6464                	.insn	2, 0x6464
    74ee:	3e72                	lhu	a2,62(a2)
    74f0:	3c20                	lbu	s0,27(s0)
    74f2:	7962                	.insn	2, 0x7962
    74f4:	6574                	.insn	2, 0x6574
    74f6:	2e2e2e73          	csrrs	t3,0x2e2,t3
    74fa:	203e                	lhu	a5,2(s0)
    74fc:	2d20                	lbu	s0,26(a0)
    74fe:	7720                	.insn	2, 0x7720
    7500:	6972                	.insn	2, 0x6972
    7502:	6574                	.insn	2, 0x6574
    7504:	6820                	.insn	2, 0x6820
    7506:	7865                	lui	a6,0xffff9
    7508:	6220                	.insn	2, 0x6220
    750a:	7479                	lui	s0,0xffffe
    750c:	7365                	lui	t1,0xffff9
    750e:	6920                	.insn	2, 0x6920
    7510:	746e                	.insn	2, 0x746e
    7512:	5350206f          	j	a246 <_data_lma+0x1a4e>
    7516:	4152                	lw	sp,20(sp)
    7518:	204d                	jal	75ba <_read+0x1068>
    751a:	6d69                	lui	s10,0x1a
    751c:	6761                	lui	a4,0x18
    751e:	2065                	jal	75c6 <_read+0x1074>
    7520:	646e6977          	.insn	4, 0x646e6977
    7524:	000d776f          	jal	a4,de524 <_data_lma+0xd5d2c>
    7528:	2020                	lbu	s0,2(s0)
    752a:	4c58                	lw	a4,28(s0)
    752c:	2044414f          	.insn	4, 0x2044414f
    7530:	683c                	.insn	2, 0x683c
    7532:	7865                	lui	a6,0xffff9
    7534:	6461                	lui	s0,0x18
    7536:	7264                	.insn	2, 0x7264
    7538:	203e                	lhu	a5,2(s0)
    753a:	6c3c                	.insn	2, 0x6c3c
    753c:	6e65                	lui	t3,0x19
    753e:	203e                	lhu	a5,2(s0)
    7540:	2020                	lbu	s0,2(s0)
    7542:	2020                	lbu	s0,2(s0)
    7544:	2d20                	lbu	s0,26(a0)
    7546:	7220                	.insn	2, 0x7220
    7548:	7761                	lui	a4,0xffff8
    754a:	6220                	.insn	2, 0x6220
    754c:	6e69                	lui	t3,0x1a
    754e:	7261                	lui	tp,0xffff8
    7550:	2079                	jal	75de <_read+0x108c>
    7552:	7075                	c.lui	zero,0xffffd
    7554:	6f6c                	.insn	2, 0x6f6c
    7556:	6461                	lui	s0,0x18
    7558:	2820                	lbu	s0,18(s0)
    755a:	69726373          	csrrsi	t1,0x697,4
    755e:	7470                	.insn	2, 0x7470
    7560:	642d                	lui	s0,0xb
    7562:	6972                	.insn	2, 0x6972
    7564:	6576                	.insn	2, 0x6576
    7566:	296e                	lhu	a1,22(a0)
    7568:	000d                	c.nop	3
    756a:	0000                	unimp
    756c:	2020                	lbu	s0,2(s0)
    756e:	5544                	lw	s1,44(a0)
    7570:	504d                	c.li	zero,-13
    7572:	3c20                	lbu	s0,27(s0)
    7574:	6568                	.insn	2, 0x6568
    7576:	6178                	.insn	2, 0x6178
    7578:	6464                	.insn	2, 0x6464
    757a:	3e72                	lhu	a2,62(a2)
    757c:	3c20                	lbu	s0,27(s0)
    757e:	656c                	.insn	2, 0x656c
    7580:	3e6e                	lhu	a1,62(a2)
    7582:	2020                	lbu	s0,2(s0)
    7584:	2020                	lbu	s0,2(s0)
    7586:	2020                	lbu	s0,2(s0)
    7588:	2d20                	lbu	s0,26(a0)
    758a:	7220                	.insn	2, 0x7220
    758c:	6165                	addi	sp,sp,112
    758e:	2064                	lbu	s1,6(s0)
    7590:	6c3c                	.insn	2, 0x6c3c
    7592:	6e65                	lui	t3,0x19
    7594:	203e                	lhu	a5,2(s0)
    7596:	7962                	.insn	2, 0x7962
    7598:	6574                	.insn	2, 0x6574
    759a:	72662073          	csrs	mhpmevent6h,a2
    759e:	50206d6f          	jal	s10,daa0 <_data_lma+0x52a8>
    75a2:	4d415253          	.insn	4, 0x4d415253
    75a6:	6920                	.insn	2, 0x6920
    75a8:	616d                	addi	sp,sp,240
    75aa:	77206567          	.insn	4, 0x77206567
    75ae:	6e69                	lui	t3,0x1a
    75b0:	6f64                	.insn	2, 0x6f64
    75b2:	00000d77          	.insn	4, 0x0d77
    75b6:	0000                	unimp
    75b8:	414d                	li	sp,19
    75ba:	0050                	addi	a2,sp,4
    75bc:	414d                	li	sp,19
    75be:	2050                	lbu	a2,4(s0)
    75c0:	7325                	lui	t1,0xfffe9
    75c2:	2020                	lbu	s0,2(s0)
    75c4:	6928                	.insn	2, 0x6928
    75c6:	616d                	addi	sp,sp,240
    75c8:	40206567          	.insn	4, 0x40206567
    75cc:	3020                	lbu	s0,3(s0)
    75ce:	2578                	lbu	a4,14(a0)
    75d0:	3830                	lbu	a2,19(s0)
    75d2:	2c78                	lbu	a4,30(s0)
    75d4:	2520                	lbu	s0,10(a0)
    75d6:	2075                	jal	7682 <_read+0x1130>
    75d8:	7962                	.insn	2, 0x7962
    75da:	6574                	.insn	2, 0x6574
    75dc:	0a0d2973          	csrrs	s2,0xa0,s10
    75e0:	0000                	unimp
    75e2:	0000                	unimp
    75e4:	2020                	lbu	s0,2(s0)
    75e6:	4f4e                	lw	t5,208(sp)
    75e8:	454e                	lw	a0,208(sp)
    75ea:	2020                	lbu	s0,2(s0)
    75ec:	5220                	lw	s0,96(a2)
    75ee:	36314d4f          	.insn	4, 0x36314d4f
    75f2:	4f52206b          	.insn	4, 0x4f52206b
    75f6:	334d                	jal	7398 <_read+0xe46>
    75f8:	6b32                	.insn	2, 0x6b32
    75fa:	5220                	lw	s0,96(a2)
    75fc:	38344d4f          	.insn	4, 0x38344d4f
    7600:	4f4b206b          	.insn	4, 0x4f4b206b
    7604:	414e                	lw	sp,208(sp)
    7606:	494d                	li	s2,19
    7608:	4b20                	lw	s0,80(a4)
    760a:	4d414e4f          	.insn	4, 0x4d414e4f
    760e:	4e49                	li	t3,18
    7610:	4343534f          	.insn	4, 0x4343534f
    7614:	4120                	lw	s0,64(a0)
    7616:	49494353          	.insn	4, 0x49494353
    761a:	6b38                	.insn	2, 0x6b38
    761c:	4120                	lw	s0,64(a0)
    761e:	49494353          	.insn	4, 0x49494353
    7622:	3631                	jal	712e <_read+0xbdc>
    7624:	454e206b          	.insn	4, 0x454e206b
    7628:	4e20384f          	.insn	4, 0x4e20384f
    762c:	4f45                	li	t5,17
    762e:	3631                	jal	713a <_read+0xbe8>
    7630:	4b20                	lw	s0,80(a4)
    7632:	4d414e4f          	.insn	4, 0x4d414e4f
    7636:	5349                	li	t1,-14
    7638:	000d4343          	.insn	4, 0x000d4343
    763c:	4d204b4f          	.insn	4, 0x4d204b4f
    7640:	5041                	c.li	zero,-16
    7642:	2520                	lbu	s0,10(a0)
    7644:	20402073          	csrr	zero,vsie
    7648:	7830                	.insn	2, 0x7830
    764a:	3025                	jal	6e72 <_read+0x920>
    764c:	7838                	.insn	2, 0x7838
    764e:	0a0d                	addi	s4,s4,3
    7650:	0000                	unimp
    7652:	0000                	unimp
    7654:	5245                	li	tp,-15
    7656:	2052                	lhu	a2,4(s0)
    7658:	414d                	li	sp,19
    765a:	3a50                	lbu	a2,21(a2)
    765c:	7520                	.insn	2, 0x7520
    765e:	6b6e                	.insn	2, 0x6b6e
    7660:	6f6e                	.insn	2, 0x6f6e
    7662:	6e206e77          	.insn	4, 0x6e206e77
    7666:	6d61                	lui	s10,0x18
    7668:	2065                	jal	7710 <_read+0x11be>
    766a:	5020726f          	jal	tp,eb6c <_data_lma+0x6374>
    766e:	4d415253          	.insn	4, 0x4d415253
    7672:	6e20                	.insn	2, 0x6e20
    7674:	6920746f          	jal	s0,ed06 <_data_lma+0x650e>
    7678:	696e                	.insn	2, 0x696e
    767a:	6974                	.insn	2, 0x6974
    767c:	6c61                	lui	s8,0x18
    767e:	7369                	lui	t1,0xffffa
    7680:	6465                	lui	s0,0x19
    7682:	000d                	c.nop	3
    7684:	5355                	li	t1,-11
    7686:	0042                	c.slli	zero,0x10
    7688:	55204b4f          	.insn	4, 0x55204b4f
    768c:	25204253          	.insn	4, 0x25204253
    7690:	6e692073          	csrs	0x6e6,s2
    7694:	303d                	jal	6ec2 <_read+0x970>
    7696:	2578                	lbu	a4,14(a0)
    7698:	3230                	lbu	a2,3(a2)
    769a:	2078                	lbu	a4,6(s0)
    769c:	3d74756f          	jal	a0,4f272 <_data_lma+0x46a7a>
    76a0:	7830                	.insn	2, 0x7830
    76a2:	3025                	jal	6eca <_read+0x978>
    76a4:	7832                	.insn	2, 0x7832
    76a6:	0a0d                	addi	s4,s4,3
    76a8:	0000                	unimp
    76aa:	0000                	unimp
    76ac:	5245                	li	tp,-15
    76ae:	2052                	lhu	a2,4(s0)
    76b0:	5355                	li	t1,-11
    76b2:	3a42                	lhu	s0,52(a2)
    76b4:	6e20                	.insn	2, 0x6e20
    76b6:	6564206f          	j	49d0c <_data_lma+0x41514>
    76ba:	6976                	.insn	2, 0x6976
    76bc:	000d6563          	bltu	s10,zero,76c6 <_read+0x1174>
    76c0:	5245                	li	tp,-15
    76c2:	2052                	lhu	a2,4(s0)
    76c4:	5355                	li	t1,-11
    76c6:	3a42                	lhu	s0,52(a2)
    76c8:	7320                	.insn	2, 0x7320
    76ca:	6565                	lui	a0,0x19
    76cc:	6d20                	.insn	2, 0x6d20
    76ce:	7365                	lui	t1,0xffff9
    76d0:	65676173          	csrrsi	sp,hviprio1h,14
    76d4:	6120                	.insn	2, 0x6120
    76d6:	6f62                	.insn	2, 0x6f62
    76d8:	6576                	.insn	2, 0x6576
    76da:	2820                	lbu	s0,18(s0)
    76dc:	7274                	.insn	2, 0x7274
    76de:	2079                	jal	776c <_read+0x121a>
    76e0:	5560                	lw	s0,108(a0)
    76e2:	20604253          	.insn	4, 0x20604253
    76e6:	6761                	lui	a4,0x18
    76e8:	6961                	lui	s2,0x18
    76ea:	2c6e                	lhu	a1,30(s0)
    76ec:	7320                	.insn	2, 0x7320
    76ee:	6974                	.insn	2, 0x6974
    76f0:	6d206b63          	bltu	zero,s2,7dc6 <RunKonami+0x6c>
    76f4:	7961                	lui	s2,0xffff8
    76f6:	7320                	.insn	2, 0x7320
    76f8:	6974                	.insn	2, 0x6974
    76fa:	6c6c                	.insn	2, 0x6c6c
    76fc:	6220                	.insn	2, 0x6220
    76fe:	2065                	jal	77a6 <_read+0x1254>
    7700:	74746573          	csrrsi	a0,mseccfg,8
    7704:	696c                	.insn	2, 0x696c
    7706:	676e                	.insn	2, 0x676e
    7708:	0d29                	addi	s10,s10,10 # 1800a <_data_lma+0xf812>
    770a:	0000                	unimp
    770c:	5245                	li	tp,-15
    770e:	2052                	lhu	a2,4(s0)
    7710:	5355                	li	t1,-11
    7712:	3a42                	lhu	s0,52(a2)
    7714:	2520                	lbu	s0,10(a0)
    7716:	3230                	lbu	a2,3(a2)
    7718:	0d78                	addi	a4,sp,668
    771a:	000a                	c.slli	zero,0x2
    771c:	5355                	li	t1,-11
    771e:	4442                	lw	s0,16(sp)
    7720:	0000                	unimp
    7722:	0000                	unimp
    7724:	534c                	lw	a1,36(a4)
    7726:	0000                	unimp
    7728:	00544143          	.insn	4, 0x00544143
    772c:	5245                	li	tp,-15
    772e:	2052                	lhu	a2,4(s0)
    7730:	3a544143          	.insn	4, 0x3a544143
    7734:	6220                	.insn	2, 0x6220
    7736:	6461                	lui	s0,0x18
    7738:	6120                	.insn	2, 0x6120
    773a:	6772                	.insn	2, 0x6772
    773c:	6e282073          	csrs	0x6e2,a6
    7740:	6565                	lui	a0,0x19
    7742:	2064                	lbu	s1,6(s0)
    7744:	20544143          	.insn	4, 0x20544143
    7748:	703c                	.insn	2, 0x703c
    774a:	7461                	lui	s0,0xffff8
    774c:	3e68                	lbu	a0,31(a2)
    774e:	3c20                	lbu	s0,27(s0)
    7750:	6461                	lui	s0,0x18
    7752:	7264                	.insn	2, 0x7264
    7754:	203e                	lhu	a5,2(s0)
    7756:	6c3c                	.insn	2, 0x6c3c
    7758:	6e65                	lui	t3,0x19
    775a:	293e                	lhu	a5,18(a0)
    775c:	000d                	c.nop	3
    775e:	0000                	unimp
    7760:	30204b4f          	.insn	4, 0x30204b4f
    7764:	000d                	c.nop	3
    7766:	0000                	unimp
    7768:	5245                	li	tp,-15
    776a:	2052                	lhu	a2,4(s0)
    776c:	3a544143          	.insn	4, 0x3a544143
    7770:	6120                	.insn	2, 0x6120
    7772:	6464                	.insn	2, 0x6464
    7774:	2b72                	lhu	a2,22(a4)
    7776:	656c                	.insn	2, 0x656c
    7778:	206e                	lhu	a1,6(s0)
    777a:	203e                	lhu	a5,2(s0)
    777c:	5350                	lw	a2,36(a4)
    777e:	4152                	lw	sp,20(sp)
    7780:	204d                	jal	7822 <_read+0x12d0>
    7782:	74726163          	bltu	tp,t2,7ec4 <Run8kASCII+0x7a>
    7786:	7720                	.insn	2, 0x7720
    7788:	6e69                	lui	t3,0x1a
    778a:	6f64                	.insn	2, 0x6f64
    778c:	00000d77          	.insn	4, 0x0d77
    7790:	5245                	li	tp,-15
    7792:	2052                	lhu	a2,4(s0)
    7794:	3a544143          	.insn	4, 0x3a544143
    7798:	6320                	.insn	2, 0x6320
    779a:	2079706f          	j	9f1a0 <_data_lma+0x969a8>
    779e:	6166                	.insn	2, 0x6166
    77a0:	6c69                	lui	s8,0x1a
    77a2:	6465                	lui	s0,0x19
    77a4:	000d                	c.nop	3
    77a6:	0000                	unimp
    77a8:	25204b4f          	.insn	4, 0x25204b4f
    77ac:	0d75                	addi	s10,s10,29
    77ae:	000a                	c.slli	zero,0x2
    77b0:	00434353          	.insn	4, 0x00434353
    77b4:	20434353          	.insn	4, 0x20434353
    77b8:	3d71                	jal	7654 <_read+0x1102>
    77ba:	7525                	lui	a0,0xfffe9
    77bc:	2034362f          	.insn	4, 0x2034362f
    77c0:	616d                	addi	sp,sp,240
    77c2:	7070                	.insn	2, 0x7070
    77c4:	7265                	lui	tp,0xffff9
    77c6:	253d                	jal	7df4 <RunKonami+0x9a>
    77c8:	000a0d73          	.insn	4, 0x000a0d73
    77cc:	5352                	lw	t1,52(sp)
    77ce:	0054                	addi	a3,sp,4
    77d0:	25204b4f          	.insn	4, 0x25204b4f
    77d4:	6d75                	lui	s10,0x1d
    77d6:	000a0d73          	.insn	4, 0x000a0d73
    77da:	0000                	unimp
    77dc:	4f4c                	lw	a1,28(a4)
    77de:	4441                	li	s0,16
    77e0:	0000                	unimp
    77e2:	0000                	unimp
    77e4:	5245                	li	tp,-15
    77e6:	2052                	lhu	a2,4(s0)
    77e8:	4f4c                	lw	a1,28(a4)
    77ea:	4441                	li	s0,16
    77ec:	203a                	lhu	a4,2(s0)
    77ee:	6162                	.insn	2, 0x6162
    77f0:	2064                	lbu	s1,6(s0)
    77f2:	6461                	lui	s0,0x18
    77f4:	7264                	.insn	2, 0x7264
    77f6:	7365                	lui	t1,0xffff9
    77f8:	00000d73          	.insn	4, 0x0d73
    77fc:	5245                	li	tp,-15
    77fe:	2052                	lhu	a2,4(s0)
    7800:	4f4c                	lw	a1,28(a4)
    7802:	4441                	li	s0,16
    7804:	203a                	lhu	a4,2(s0)
    7806:	6162                	.insn	2, 0x6162
    7808:	2064                	lbu	s1,6(s0)
    780a:	7962                	.insn	2, 0x7962
    780c:	6574                	.insn	2, 0x6574
    780e:	6120                	.insn	2, 0x6120
    7810:	2074                	lbu	a3,6(s0)
    7812:	6e69                	lui	t3,0x1a
    7814:	6564                	.insn	2, 0x6564
    7816:	2078                	lbu	a4,6(s0)
    7818:	7525                	lui	a0,0xfffe9
    781a:	0a0d                	addi	s4,s4,3
    781c:	0000                	unimp
    781e:	0000                	unimp
    7820:	4c58                	lw	a4,28(s0)
    7822:	0044414f          	.insn	4, 0x0044414f
    7826:	0000                	unimp
    7828:	5245                	li	tp,-15
    782a:	2052                	lhu	a2,4(s0)
    782c:	4c58                	lw	a4,28(s0)
    782e:	3a44414f          	.insn	4, 0x3a44414f
    7832:	7520                	.insn	2, 0x7520
    7834:	65676173          	csrrsi	sp,hviprio1h,14
    7838:	5820                	lw	s0,112(s0)
    783a:	4f4c                	lw	a1,28(a4)
    783c:	4441                	li	s0,16
    783e:	3c20                	lbu	s0,27(s0)
    7840:	6461                	lui	s0,0x18
    7842:	7264                	.insn	2, 0x7264
    7844:	203e                	lhu	a5,2(s0)
    7846:	6c3c                	.insn	2, 0x6c3c
    7848:	6e65                	lui	t3,0x19
    784a:	0d3e                	slli	s10,s10,0xf
    784c:	0000                	unimp
    784e:	0000                	unimp
    7850:	5245                	li	tp,-15
    7852:	2052                	lhu	a2,4(s0)
    7854:	4c58                	lw	a4,28(s0)
    7856:	3a44414f          	.insn	4, 0x3a44414f
    785a:	7220                	.insn	2, 0x7220
    785c:	6e61                	lui	t3,0x18
    785e:	65206567          	.insn	4, 0x65206567
    7862:	6378                	.insn	2, 0x6378
    7864:	6565                	lui	a0,0x19
    7866:	7364                	.insn	2, 0x7364
    7868:	7720                	.insn	2, 0x7720
    786a:	6e69                	lui	t3,0x1a
    786c:	6f64                	.insn	2, 0x6f64
    786e:	25282077          	.insn	4, 0x25282077
    7872:	2075                	jal	791e <_read+0x13cc>
    7874:	7962                	.insn	2, 0x7962
    7876:	6574                	.insn	2, 0x6574
    7878:	0a0d2973          	csrrs	s2,0xa0,s10
    787c:	0000                	unimp
    787e:	0000                	unimp
    7880:	4552                	lw	a0,20(sp)
    7882:	4441                	li	s0,16
    7884:	0d59                	addi	s10,s10,22 # 1d016 <_data_lma+0x1481e>
    7886:	0000                	unimp
    7888:	5544                	lw	s1,44(a0)
    788a:	504d                	c.li	zero,-13
    788c:	0000                	unimp
    788e:	0000                	unimp
    7890:	5245                	li	tp,-15
    7892:	2052                	lhu	a2,4(s0)
    7894:	5544                	lw	s1,44(a0)
    7896:	504d                	c.li	zero,-13
    7898:	203a                	lhu	a4,2(s0)
    789a:	7375                	lui	t1,0xffffd
    789c:	6761                	lui	a4,0x18
    789e:	2065                	jal	7946 <_read+0x13f4>
    78a0:	5544                	lw	s1,44(a0)
    78a2:	504d                	c.li	zero,-13
    78a4:	3c20                	lbu	s0,27(s0)
    78a6:	6461                	lui	s0,0x18
    78a8:	7264                	.insn	2, 0x7264
    78aa:	203e                	lhu	a5,2(s0)
    78ac:	6c3c                	.insn	2, 0x6c3c
    78ae:	6e65                	lui	t3,0x19
    78b0:	0d3e                	slli	s10,s10,0xf
    78b2:	0000                	unimp
    78b4:	5544                	lw	s1,44(a0)
    78b6:	504d                	c.li	zero,-13
    78b8:	2520                	lbu	s0,10(a0)
    78ba:	2078                	lbu	a4,6(s0)
    78bc:	7825                	lui	a6,0xfffe9
    78be:	003a                	c.slli	zero,0xe
    78c0:	2520                	lbu	s0,10(a0)
    78c2:	3230                	lbu	a2,3(a2)
    78c4:	0078                	addi	a4,sp,12
    78c6:	0000                	unimp
    78c8:	5245                	li	tp,-15
    78ca:	2052                	lhu	a2,4(s0)
    78cc:	6e75                	lui	t3,0x1d
    78ce:	776f6e6b          	.insn	4, 0x776f6e6b
    78d2:	206e                	lhu	a1,6(s0)
    78d4:	6d6d6f63          	bltu	s10,s6,7fb2 <Run16kASCII+0x3a>
    78d8:	6e61                	lui	t3,0x18
    78da:	0d64                	addi	s1,sp,668
    78dc:	0000                	unimp
    78de:	0000                	unimp
    78e0:	203e                	lhu	a5,2(s0)
    78e2:	0000                	unimp
    78e4:	5346                	lw	t1,112(sp)
    78e6:	0000                	unimp
    78e8:	5348                	lw	a0,36(a4)
    78ea:	0000                	unimp
    78ec:	74737953          	.insn	4, 0x74737953
    78f0:	6d65                	lui	s10,0x19
    78f2:	3a6b6c43          	.insn	4, 0x3a6b6c43
    78f6:	6425                	lui	s0,0x9
    78f8:	0a0d                	addi	s4,s4,3
    78fa:	0000                	unimp
    78fc:	70696843          	.insn	4, 0x70696843
    7900:	4449                	li	s0,18
    7902:	253a                	lhu	a4,10(a0)
    7904:	3830                	lbu	a2,19(s0)
    7906:	0d78                	addi	a4,sp,668
    7908:	000a                	c.slli	zero,0x2
    790a:	0000                	unimp
    790c:	2b302d23          	sw	s3,698(zero) # 2ba <USBHS_Host_Init+0x22>
    7910:	0020                	addi	s0,sp,8
    7912:	0000                	unimp
    7914:	6c68                	.insn	2, 0x6c68
    7916:	004c                	addi	a1,sp,4
    7918:	6665                	lui	a2,0x19
    791a:	47464567          	.insn	4, 0x47464567
    791e:	0000                	unimp
    7920:	3130                	lbu	a2,3(a0)
    7922:	3332                	lhu	a2,34(a4)
    7924:	3534                	lbu	a3,11(a0)
    7926:	3736                	lhu	a3,42(a4)
    7928:	3938                	lbu	a4,19(a0)
    792a:	4241                	li	tp,16
    792c:	46454443          	.insn	4, 0x46454443
    7930:	0000                	unimp
    7932:	0000                	unimp
    7934:	3130                	lbu	a2,3(a0)
    7936:	3332                	lhu	a2,34(a4)
    7938:	3534                	lbu	a3,11(a0)
    793a:	3736                	lhu	a3,42(a4)
    793c:	3938                	lbu	a4,19(a0)
    793e:	6261                	lui	tp,0x18
    7940:	66656463          	bltu	a0,t1,7fa8 <Run16kASCII+0x30>
    7944:	0000                	unimp
	...

00007948 <ExCvt>:
    7948:	9a80 4145 418e 808f 4545 4945 4949 8f8e     ..EA.A..EEEIII..
    7958:	9290 4f92 4f99 5555 9959 9b9a 9d9c 9f9e     ...O.OUUY.......
    7968:	4941 554f a5a5 a7a6 a9a8 abaa adac afae     AIOU............
    7978:	b1b0 b3b2 b5b4 b7b6 b9b8 bbba bdbc bfbe     ................
    7988:	c1c0 c3c2 c5c4 c7c6 c9c8 cbca cdcc cfce     ................
    7998:	d1d0 d3d2 d5d4 d7d6 d9d8 dbda dddc dfde     ................
    79a8:	e1e0 e3e2 e5e4 e7e6 e9e8 ebea edec efee     ................
    79b8:	f1f0 f3f2 f5f4 f7f6 f9f8 fbfa fdfc fffe     ................

000079c8 <LfnOfs>:
    79c8:	0301 0705 0e09 1210 1614 1c18 001e 0000     ................

000079d8 <CSWTCH.83>:
    79d8:	70e4 0000 70f0 0000 70fc 0000               .p...p...p..

000079e4 <CSWTCH.65>:
    79e4:	7108 0000 7118 0000 7124 0000 7134 0000     .q...q..$q..4q..
    79f4:	7144 0000 7154 0000 7164 0000 66b8 0000     Dq..Tq..dq...f..
    7a04:	66b8 0000 66b8 0000 7174 0000 66b8 0000     .f...f..tq...f..
    7a14:	7184 0000 2d8c 0000 2d8c 0000 2cb8 0000     .q...-...-...,..
    7a24:	2cb0 0000 2c54 0000 2d1e 0000 2ce0 0000     .,..T,...-...,..
    7a34:	2cc0 0000 2c54 0000 2c54 0000 2c54 0000     .,..T,..T,..T,..
    7a44:	2d60 0000 2c80 0000 2cf6 0000 2cd6 0000     `-...,...,...,..
    7a54:	2c18 0000 2c18 0000 2c80 0000               .,...,...,..

00007a60 <Cart_MapperNames>:
    7a60:	7194 0000 719c 0000 71a4 0000 71ac 0000     .q...q...q...q..
    7a70:	71b4 0000 71bc 0000 71c8 0000 71d0 0000     .q...q...q...q..
    7a80:	71dc 0000 71e4 0000 71ec 0000               .q...q...q..

00007a8c <CSWTCH.73>:
    7a8c:	7724 0000 78e4 0000 78e8 0000               $w...x...x..

00007a98 <PLLMULTB>:
    7a98:	0908 0b0a 190c 1b0d 1d0e 1f0f 2110 2311     .............!.#
    7aa8:	2512 2713 1514 1816 1c1a 201e 2422 2826     .%.'....... "$&(

00007ab8 <HBPrescTable>:
	...
    7ac0:	0201 0403 0706 0908                         ........

00007ac8 <PLLMULTB>:
    7ac8:	0908 0b0a 190c 1b0d 1d0e 1f0f 2110 2311     .............!.#
    7ad8:	2512 2713 1514 1816 1c1a 201e 2422 2826     .%.'....... "$&(

00007ae8 <HBPrescTable>:
	...
    7af0:	0201 0403 0706 0908 5066 0000 4fb8 0000     ........fP...O..
    7b00:	4fa2 0000 4fb8 0000 5058 0000 4fb8 0000     .O...O..XP...O..
    7b10:	4fa2 0000 5066 0000 5066 0000 5058 0000     .O..fP..fP..XP..
    7b20:	4fa2 0000 4fbe 0000 4fbe 0000 4fbe 0000     .O...O...O...O..
    7b30:	5058 0000                                   XP..

00007b34 <__clz_tab>:
    7b34:	0100 0202 0303 0303 0404 0404 0404 0404     ................
    7b44:	0505 0505 0505 0505 0505 0505 0505 0505     ................
    7b54:	0606 0606 0606 0606 0606 0606 0606 0606     ................
    7b64:	0606 0606 0606 0606 0606 0606 0606 0606     ................
    7b74:	0707 0707 0707 0707 0707 0707 0707 0707     ................
    7b84:	0707 0707 0707 0707 0707 0707 0707 0707     ................
    7b94:	0707 0707 0707 0707 0707 0707 0707 0707     ................
    7ba4:	0707 0707 0707 0707 0707 0707 0707 0707     ................
    7bb4:	0808 0808 0808 0808 0808 0808 0808 0808     ................
    7bc4:	0808 0808 0808 0808 0808 0808 0808 0808     ................
    7bd4:	0808 0808 0808 0808 0808 0808 0808 0808     ................
    7be4:	0808 0808 0808 0808 0808 0808 0808 0808     ................
    7bf4:	0808 0808 0808 0808 0808 0808 0808 0808     ................
    7c04:	0808 0808 0808 0808 0808 0808 0808 0808     ................
    7c14:	0808 0808 0808 0808 0808 0808 0808 0808     ................
    7c24:	0808 0808 0808 0808 0808 0808 0808 0808     ................
    7c34:	5dc8 0000 5dde 0000 5da6 0000 5da6 0000     .]...]...]...]..
    7c44:	5da6 0000 5da6 0000 5dde 0000 5da6 0000     .]...]...]...]..
    7c54:	5da6 0000 5da6 0000 5da6 0000 5f20 0000     .]...]...].. _..
    7c64:	5e1a 0000 5ec4 0000 5da6 0000 5da6 0000     .^...^...]...]..
    7c74:	5f4e 0000 5da6 0000 5e1a 0000 5da6 0000     N_...]...^...]..
    7c84:	5da6 0000 5ecc 0000                         .]...^..

Disassembly of section .ramfunc:

00007c8c <RunKonamiNOSCC>:
    7c8c:	40012737          	lui	a4,0x40012
    7c90:	400117b7          	lui	a5,0x40011
    7c94:	80070713          	addi	a4,a4,-2048 # 40011800 <_eusrstack+0x1ffef800>
    7c98:	4087a603          	lw	a2,1032(a5) # 40011408 <_eusrstack+0x1ffef408>
    7c9c:	471c                	lw	a5,8(a4)
    7c9e:	080646b3          	zext.h	a3,a2
    7ca2:	8b89                	andi	a5,a5,2
    7ca4:	00d6d593          	srli	a1,a3,0xd
    7ca8:	c38d                	beqz	a5,7cca <RunKonamiNOSCC+0x3e>
    7caa:	400107b7          	lui	a5,0x40010
    7cae:	4505                	li	a0,1
    7cb0:	40a7aa23          	sw	a0,1044(a5) # 40010414 <_eusrstack+0x1ffee414>
    7cb4:	67ad                	lui	a5,0xb
    7cb6:	00d7f663          	bgeu	a5,a3,7cc2 <RunKonamiNOSCC+0x36>
    7cba:	8082                	ret
    7cbc:	471c                	lw	a5,8(a4)
    7cbe:	8b91                	andi	a5,a5,4
    7cc0:	c7b9                	beqz	a5,7d0e <RunKonamiNOSCC+0x82>
    7cc2:	471c                	lw	a5,8(a4)
    7cc4:	8b85                	andi	a5,a5,1
    7cc6:	dbfd                	beqz	a5,7cbc <RunKonamiNOSCC+0x30>
    7cc8:	8082                	ret
    7cca:	ffe58793          	addi	a5,a1,-2
    7cce:	470d                	li	a4,3
    7cd0:	06f77163          	bgeu	a4,a5,7d32 <RunKonamiNOSCC+0xa6>
    7cd4:	44444737          	lui	a4,0x44444
    7cd8:	400117b7          	lui	a5,0x40011
    7cdc:	44470713          	addi	a4,a4,1092 # 44444444 <_eusrstack+0x24422444>
    7ce0:	c0e7a223          	sw	a4,-1020(a5) # 40010c04 <_eusrstack+0x1ffeec04>
    7ce4:	4685                	li	a3,1
    7ce6:	400107b7          	lui	a5,0x40010
    7cea:	40012737          	lui	a4,0x40012
    7cee:	40d7aa23          	sw	a3,1044(a5) # 40010414 <_eusrstack+0x1ffee414>
    7cf2:	80070713          	addi	a4,a4,-2048 # 40011800 <_eusrstack+0x1ffef800>
    7cf6:	471c                	lw	a5,8(a4)
    7cf8:	8b85                	andi	a5,a5,1
    7cfa:	dff5                	beqz	a5,7cf6 <RunKonamiNOSCC+0x6a>
    7cfc:	44444737          	lui	a4,0x44444
    7d00:	400117b7          	lui	a5,0x40011
    7d04:	44470713          	addi	a4,a4,1092 # 44444444 <_eusrstack+0x24422444>
    7d08:	c0e7a223          	sw	a4,-1020(a5) # 40010c04 <_eusrstack+0x1ffeec04>
    7d0c:	8082                	ret
    7d0e:	400117b7          	lui	a5,0x40011
    7d12:	c0078793          	addi	a5,a5,-1024 # 40010c00 <_eusrstack+0x1ffeec00>
    7d16:	479c                	lw	a5,8(a5)
    7d18:	001fe537          	lui	a0,0x1fe
    7d1c:	66b9                	lui	a3,0xe
    7d1e:	0796                	slli	a5,a5,0x5
    7d20:	8fe9                	and	a5,a5,a0
    7d22:	8e75                	and	a2,a2,a3
    7d24:	3d418713          	addi	a4,gp,980 # 2000102c <s_state>
    7d28:	8f91                	sub	a5,a5,a2
    7d2a:	20e5c733          	sh2add	a4,a1,a4
    7d2e:	c31c                	sw	a5,0(a4)
    7d30:	8082                	ret
    7d32:	3d418793          	addi	a5,gp,980 # 2000102c <s_state>
    7d36:	20f5c7b3          	sh2add	a5,a1,a5
    7d3a:	439c                	lw	a5,0(a5)
    7d3c:	80000737          	lui	a4,0x80000
    7d40:	96ba                	add	a3,a3,a4
    7d42:	96be                	add	a3,a3,a5
    7d44:	2294                	lbu	a3,0(a3)
    7d46:	400117b7          	lui	a5,0x40011
    7d4a:	33333737          	lui	a4,0x33333
    7d4e:	06a2                	slli	a3,a3,0x8
    7d50:	c0d7a623          	sw	a3,-1012(a5) # 40010c0c <_eusrstack+0x1ffeec0c>
    7d54:	33370713          	addi	a4,a4,819 # 33333333 <_eusrstack+0x13311333>
    7d58:	b761                	j	7ce0 <RunKonamiNOSCC+0x54>

00007d5a <RunKonami>:
    7d5a:	40012737          	lui	a4,0x40012
    7d5e:	400117b7          	lui	a5,0x40011
    7d62:	80070713          	addi	a4,a4,-2048 # 40011800 <_eusrstack+0x1ffef800>
    7d66:	4087a683          	lw	a3,1032(a5) # 40011408 <_eusrstack+0x1ffef408>
    7d6a:	471c                	lw	a5,8(a4)
    7d6c:	8b89                	andi	a5,a5,2
    7d6e:	cf91                	beqz	a5,7d8a <RunKonami+0x30>
    7d70:	400107b7          	lui	a5,0x40010
    7d74:	4605                	li	a2,1
    7d76:	40c7aa23          	sw	a2,1044(a5) # 40010414 <_eusrstack+0x1ffee414>
    7d7a:	a021                	j	7d82 <RunKonami+0x28>
    7d7c:	471c                	lw	a5,8(a4)
    7d7e:	8b91                	andi	a5,a5,4
    7d80:	cbb9                	beqz	a5,7dd6 <RunKonami+0x7c>
    7d82:	471c                	lw	a5,8(a4)
    7d84:	8b85                	andi	a5,a5,1
    7d86:	dbfd                	beqz	a5,7d7c <RunKonami+0x22>
    7d88:	8082                	ret
    7d8a:	0806c6b3          	zext.h	a3,a3
    7d8e:	00d6d793          	srli	a5,a3,0xd
    7d92:	ffe78613          	addi	a2,a5,-2
    7d96:	4705                	li	a4,1
    7d98:	06c77e63          	bgeu	a4,a2,7e14 <RunKonami+0xba>
    7d9c:	44444737          	lui	a4,0x44444
    7da0:	400117b7          	lui	a5,0x40011
    7da4:	44470713          	addi	a4,a4,1092 # 44444444 <_eusrstack+0x24422444>
    7da8:	c0e7a223          	sw	a4,-1020(a5) # 40010c04 <_eusrstack+0x1ffeec04>
    7dac:	4685                	li	a3,1
    7dae:	400107b7          	lui	a5,0x40010
    7db2:	40012737          	lui	a4,0x40012
    7db6:	40d7aa23          	sw	a3,1044(a5) # 40010414 <_eusrstack+0x1ffee414>
    7dba:	80070713          	addi	a4,a4,-2048 # 40011800 <_eusrstack+0x1ffef800>
    7dbe:	471c                	lw	a5,8(a4)
    7dc0:	8b85                	andi	a5,a5,1
    7dc2:	dff5                	beqz	a5,7dbe <RunKonami+0x64>
    7dc4:	44444737          	lui	a4,0x44444
    7dc8:	400117b7          	lui	a5,0x40011
    7dcc:	44470713          	addi	a4,a4,1092 # 44444444 <_eusrstack+0x24422444>
    7dd0:	c0e7a223          	sw	a4,-1020(a5) # 40010c04 <_eusrstack+0x1ffeec04>
    7dd4:	8082                	ret
    7dd6:	400117b7          	lui	a5,0x40011
    7dda:	c0078793          	addi	a5,a5,-1024 # 40010c00 <_eusrstack+0x1ffeec00>
    7dde:	479c                	lw	a5,8(a5)
    7de0:	0806c6b3          	zext.h	a3,a3
    7de4:	6721                	lui	a4,0x8
    7de6:	83a1                	srli	a5,a5,0x8
    7de8:	04e68a63          	beq	a3,a4,7e3c <RunKonami+0xe2>
    7dec:	6729                	lui	a4,0xa
    7dee:	00e68c63          	beq	a3,a4,7e06 <RunKonami+0xac>
    7df2:	6719                	lui	a4,0x6
    7df4:	f8e69ae3          	bne	a3,a4,7d88 <RunKonami+0x2e>
    7df8:	0ff7f793          	zext.b	a5,a5
    7dfc:	07b6                	slli	a5,a5,0xd
    7dfe:	8f95                	sub	a5,a5,a3
    7e00:	3ef1a023          	sw	a5,992(gp) # 20001038 <s_state+0xc>
    7e04:	8082                	ret
    7e06:	0ff7f793          	zext.b	a5,a5
    7e0a:	07b6                	slli	a5,a5,0xd
    7e0c:	8f95                	sub	a5,a5,a3
    7e0e:	3ef1a423          	sw	a5,1000(gp) # 20001040 <s_state+0x14>
    7e12:	8082                	ret
    7e14:	3d418713          	addi	a4,gp,980 # 2000102c <s_state>
    7e18:	20e7c7b3          	sh2add	a5,a5,a4
    7e1c:	439c                	lw	a5,0(a5)
    7e1e:	80000737          	lui	a4,0x80000
    7e22:	96ba                	add	a3,a3,a4
    7e24:	96be                	add	a3,a3,a5
    7e26:	2294                	lbu	a3,0(a3)
    7e28:	400117b7          	lui	a5,0x40011
    7e2c:	33333737          	lui	a4,0x33333
    7e30:	06a2                	slli	a3,a3,0x8
    7e32:	c0d7a623          	sw	a3,-1012(a5) # 40010c0c <_eusrstack+0x1ffeec0c>
    7e36:	33370713          	addi	a4,a4,819 # 33333333 <_eusrstack+0x13311333>
    7e3a:	b7bd                	j	7da8 <RunKonami+0x4e>
    7e3c:	0ff7f793          	zext.b	a5,a5
    7e40:	07b6                	slli	a5,a5,0xd
    7e42:	8f95                	sub	a5,a5,a3
    7e44:	3ef1a223          	sw	a5,996(gp) # 2000103c <s_state+0x10>
    7e48:	8082                	ret

00007e4a <Run8kASCII>:
    7e4a:	40012737          	lui	a4,0x40012
    7e4e:	400117b7          	lui	a5,0x40011
    7e52:	80070713          	addi	a4,a4,-2048 # 40011800 <_eusrstack+0x1ffef800>
    7e56:	4087a603          	lw	a2,1032(a5) # 40011408 <_eusrstack+0x1ffef408>
    7e5a:	471c                	lw	a5,8(a4)
    7e5c:	0207f693          	andi	a3,a5,32
    7e60:	e2cd                	bnez	a3,7f02 <Run8kASCII+0xb8>
    7e62:	8b89                	andi	a5,a5,2
    7e64:	080646b3          	zext.h	a3,a2
    7e68:	c38d                	beqz	a5,7e8a <Run8kASCII+0x40>
    7e6a:	400107b7          	lui	a5,0x40010
    7e6e:	4605                	li	a2,1
    7e70:	40c7aa23          	sw	a2,1044(a5) # 40010414 <_eusrstack+0x1ffee414>
    7e74:	67ad                	lui	a5,0xb
    7e76:	00d7f663          	bgeu	a5,a3,7e82 <Run8kASCII+0x38>
    7e7a:	8082                	ret
    7e7c:	471c                	lw	a5,8(a4)
    7e7e:	8b91                	andi	a5,a5,4
    7e80:	c3f9                	beqz	a5,7f46 <Run8kASCII+0xfc>
    7e82:	471c                	lw	a5,8(a4)
    7e84:	8b85                	andi	a5,a5,1
    7e86:	dbfd                	beqz	a5,7e7c <Run8kASCII+0x32>
    7e88:	8082                	ret
    7e8a:	77f1                	lui	a5,0xffffc
    7e8c:	97b6                	add	a5,a5,a3
    7e8e:	01079593          	slli	a1,a5,0x10
    7e92:	0805c963          	bltz	a1,7f24 <Run8kASCII+0xda>
    7e96:	67a9                	lui	a5,0xa
    7e98:	0cf6fc63          	bgeu	a3,a5,7f70 <Run8kASCII+0x126>
    7e9c:	01061793          	slli	a5,a2,0x10
    7ea0:	0c07ca63          	bltz	a5,7f74 <Run8kASCII+0x12a>
    7ea4:	6799                	lui	a5,0x6
    7ea6:	17fd                	addi	a5,a5,-1 # 5fff <__sflush_r+0x47>
    7ea8:	00d7b7b3          	sltu	a5,a5,a3
    7eac:	3d418713          	addi	a4,gp,980 # 2000102c <s_state>
    7eb0:	20e7c7b3          	sh2add	a5,a5,a4
    7eb4:	4398                	lw	a4,0(a5)
    7eb6:	800007b7          	lui	a5,0x80000
    7eba:	97b6                	add	a5,a5,a3
    7ebc:	97ba                	add	a5,a5,a4
    7ebe:	2398                	lbu	a4,0(a5)
    7ec0:	333336b7          	lui	a3,0x33333
    7ec4:	400117b7          	lui	a5,0x40011
    7ec8:	0722                	slli	a4,a4,0x8
    7eca:	c0e7a623          	sw	a4,-1012(a5) # 40010c0c <_eusrstack+0x1ffeec0c>
    7ece:	33368693          	addi	a3,a3,819 # 33333333 <_eusrstack+0x13311333>
    7ed2:	c0d7a223          	sw	a3,-1020(a5)
    7ed6:	400107b7          	lui	a5,0x40010
    7eda:	40078793          	addi	a5,a5,1024 # 40010400 <_eusrstack+0x1ffee400>
    7ede:	4685                	li	a3,1
    7ee0:	40012737          	lui	a4,0x40012
    7ee4:	cbd4                	sw	a3,20(a5)
    7ee6:	80070713          	addi	a4,a4,-2048 # 40011800 <_eusrstack+0x1ffef800>
    7eea:	471c                	lw	a5,8(a4)
    7eec:	8b85                	andi	a5,a5,1
    7eee:	dff5                	beqz	a5,7eea <Run8kASCII+0xa0>
    7ef0:	44444737          	lui	a4,0x44444
    7ef4:	400117b7          	lui	a5,0x40011
    7ef8:	44470713          	addi	a4,a4,1092 # 44444444 <_eusrstack+0x24422444>
    7efc:	c0e7a223          	sw	a4,-1020(a5) # 40010c04 <_eusrstack+0x1ffeec04>
    7f00:	8082                	ret
    7f02:	400107b7          	lui	a5,0x40010
    7f06:	4685                	li	a3,1
    7f08:	40d7aa23          	sw	a3,1044(a5) # 40010414 <_eusrstack+0x1ffee414>
    7f0c:	471c                	lw	a5,8(a4)
    7f0e:	8b85                	andi	a5,a5,1
    7f10:	dff5                	beqz	a5,7f0c <Run8kASCII+0xc2>
    7f12:	44444737          	lui	a4,0x44444
    7f16:	400117b7          	lui	a5,0x40011
    7f1a:	44470713          	addi	a4,a4,1092 # 44444444 <_eusrstack+0x24422444>
    7f1e:	c0e7a223          	sw	a4,-1020(a5) # 40010c04 <_eusrstack+0x1ffeec04>
    7f22:	8082                	ret
    7f24:	44444637          	lui	a2,0x44444
    7f28:	400116b7          	lui	a3,0x40011
    7f2c:	44460613          	addi	a2,a2,1092 # 44444444 <_eusrstack+0x24422444>
    7f30:	c0c6a223          	sw	a2,-1020(a3) # 40010c04 <_eusrstack+0x1ffeec04>
    7f34:	400107b7          	lui	a5,0x40010
    7f38:	4685                	li	a3,1
    7f3a:	40d7aa23          	sw	a3,1044(a5) # 40010414 <_eusrstack+0x1ffee414>
    7f3e:	471c                	lw	a5,8(a4)
    7f40:	8b85                	andi	a5,a5,1
    7f42:	dff5                	beqz	a5,7f3e <Run8kASCII+0xf4>
    7f44:	8082                	ret
    7f46:	400117b7          	lui	a5,0x40011
    7f4a:	c0078793          	addi	a5,a5,-1024 # 40010c00 <_eusrstack+0x1ffeec00>
    7f4e:	479c                	lw	a5,8(a5)
    7f50:	82ad                	srli	a3,a3,0xb
    7f52:	8a8d                	andi	a3,a3,3
    7f54:	00268613          	addi	a2,a3,2
    7f58:	0796                	slli	a5,a5,0x5
    7f5a:	001fe5b7          	lui	a1,0x1fe
    7f5e:	8fed                	and	a5,a5,a1
    7f60:	0636                	slli	a2,a2,0xd
    7f62:	3d418713          	addi	a4,gp,980 # 2000102c <s_state>
    7f66:	8f91                	sub	a5,a5,a2
    7f68:	20e6c6b3          	sh2add	a3,a3,a4
    7f6c:	c29c                	sw	a5,0(a3)
    7f6e:	8082                	ret
    7f70:	478d                	li	a5,3
    7f72:	bf2d                	j	7eac <Run8kASCII+0x62>
    7f74:	4789                	li	a5,2
    7f76:	bf1d                	j	7eac <Run8kASCII+0x62>

00007f78 <Run16kASCII>:
    7f78:	40012737          	lui	a4,0x40012
    7f7c:	400117b7          	lui	a5,0x40011
    7f80:	80070713          	addi	a4,a4,-2048 # 40011800 <_eusrstack+0x1ffef800>
    7f84:	4087a683          	lw	a3,1032(a5) # 40011408 <_eusrstack+0x1ffef408>
    7f88:	471c                	lw	a5,8(a4)
    7f8a:	8b89                	andi	a5,a5,2
    7f8c:	cf91                	beqz	a5,7fa8 <Run16kASCII+0x30>
    7f8e:	400107b7          	lui	a5,0x40010
    7f92:	4605                	li	a2,1
    7f94:	40c7aa23          	sw	a2,1044(a5) # 40010414 <_eusrstack+0x1ffee414>
    7f98:	a021                	j	7fa0 <Run16kASCII+0x28>
    7f9a:	471c                	lw	a5,8(a4)
    7f9c:	8b91                	andi	a5,a5,4
    7f9e:	c3bd                	beqz	a5,8004 <Run16kASCII+0x8c>
    7fa0:	471c                	lw	a5,8(a4)
    7fa2:	8b85                	andi	a5,a5,1
    7fa4:	dbfd                	beqz	a5,7f9a <Run16kASCII+0x22>
    7fa6:	8082                	ret
    7fa8:	01069793          	slli	a5,a3,0x10
    7fac:	0807c663          	bltz	a5,8038 <Run16kASCII+0xc0>
    7fb0:	3d41a603          	lw	a2,980(gp) # 2000102c <s_state>
    7fb4:	0806c7b3          	zext.h	a5,a3
    7fb8:	80000737          	lui	a4,0x80000
    7fbc:	97ba                	add	a5,a5,a4
    7fbe:	97b2                	add	a5,a5,a2
    7fc0:	2398                	lbu	a4,0(a5)
    7fc2:	333336b7          	lui	a3,0x33333
    7fc6:	400117b7          	lui	a5,0x40011
    7fca:	0722                	slli	a4,a4,0x8
    7fcc:	c0e7a623          	sw	a4,-1012(a5) # 40010c0c <_eusrstack+0x1ffeec0c>
    7fd0:	33368693          	addi	a3,a3,819 # 33333333 <_eusrstack+0x13311333>
    7fd4:	c0d7a223          	sw	a3,-1020(a5)
    7fd8:	400107b7          	lui	a5,0x40010
    7fdc:	40078793          	addi	a5,a5,1024 # 40010400 <_eusrstack+0x1ffee400>
    7fe0:	4685                	li	a3,1
    7fe2:	40012737          	lui	a4,0x40012
    7fe6:	cbd4                	sw	a3,20(a5)
    7fe8:	80070713          	addi	a4,a4,-2048 # 40011800 <_eusrstack+0x1ffef800>
    7fec:	471c                	lw	a5,8(a4)
    7fee:	8b85                	andi	a5,a5,1
    7ff0:	dff5                	beqz	a5,7fec <Run16kASCII+0x74>
    7ff2:	44444737          	lui	a4,0x44444
    7ff6:	400117b7          	lui	a5,0x40011
    7ffa:	44470713          	addi	a4,a4,1092 # 44444444 <_eusrstack+0x24422444>
    7ffe:	c0e7a223          	sw	a4,-1020(a5) # 40010c04 <_eusrstack+0x1ffeec04>
    8002:	8082                	ret
    8004:	400117b7          	lui	a5,0x40011
    8008:	c0078793          	addi	a5,a5,-1024 # 40010c00 <_eusrstack+0x1ffeec00>
    800c:	479c                	lw	a5,8(a5)
    800e:	0806c6b3          	zext.h	a3,a3
    8012:	6719                	lui	a4,0x6
    8014:	83a1                	srli	a5,a5,0x8
    8016:	02e68463          	beq	a3,a4,803e <Run16kASCII+0xc6>
    801a:	671d                	lui	a4,0x7
    801c:	00e68663          	beq	a3,a4,8028 <Run16kASCII+0xb0>
    8020:	7ff70713          	addi	a4,a4,2047 # 77ff <_read+0x12ad>
    8024:	f8e691e3          	bne	a3,a4,7fa6 <Run16kASCII+0x2e>
    8028:	0ff7f793          	zext.b	a5,a5
    802c:	7761                	lui	a4,0xffff8
    802e:	07ba                	slli	a5,a5,0xe
    8030:	97ba                	add	a5,a5,a4
    8032:	3ef1aa23          	sw	a5,1012(gp) # 2000104c <s_state+0x20>
    8036:	8082                	ret
    8038:	3f41a603          	lw	a2,1012(gp) # 2000104c <s_state+0x20>
    803c:	bfa5                	j	7fb4 <Run16kASCII+0x3c>
    803e:	0ff7f793          	zext.b	a5,a5
    8042:	7771                	lui	a4,0xffffc
    8044:	07ba                	slli	a5,a5,0xe
    8046:	97ba                	add	a5,a5,a4
    8048:	3cf1aa23          	sw	a5,980(gp) # 2000102c <s_state>
    804c:	8082                	ret

0000804e <RunNEO8>:
    804e:	40012737          	lui	a4,0x40012
    8052:	400117b7          	lui	a5,0x40011
    8056:	80070713          	addi	a4,a4,-2048 # 40011800 <_eusrstack+0x1ffef800>
    805a:	4087a603          	lw	a2,1032(a5) # 40011408 <_eusrstack+0x1ffef408>
    805e:	471c                	lw	a5,8(a4)
    8060:	080646b3          	zext.h	a3,a2
    8064:	8b89                	andi	a5,a5,2
    8066:	cf91                	beqz	a5,8082 <RunNEO8+0x34>
    8068:	400107b7          	lui	a5,0x40010
    806c:	4585                	li	a1,1
    806e:	40b7aa23          	sw	a1,1044(a5) # 40010414 <_eusrstack+0x1ffee414>
    8072:	a021                	j	807a <RunNEO8+0x2c>
    8074:	471c                	lw	a5,8(a4)
    8076:	8b91                	andi	a5,a5,4
    8078:	cbb9                	beqz	a5,80ce <RunNEO8+0x80>
    807a:	471c                	lw	a5,8(a4)
    807c:	8b85                	andi	a5,a5,1
    807e:	dbfd                	beqz	a5,8074 <RunNEO8+0x26>
    8080:	8082                	ret
    8082:	82b5                	srli	a3,a3,0xd
    8084:	4795                	li	a5,5
    8086:	08d7f063          	bgeu	a5,a3,8106 <RunNEO8+0xb8>
    808a:	66c1                	lui	a3,0x10
    808c:	400117b7          	lui	a5,0x40011
    8090:	f0068693          	addi	a3,a3,-256 # ff00 <_data_lma+0x7708>
    8094:	33333737          	lui	a4,0x33333
    8098:	c0d7a623          	sw	a3,-1012(a5) # 40010c0c <_eusrstack+0x1ffeec0c>
    809c:	33370713          	addi	a4,a4,819 # 33333333 <_eusrstack+0x13311333>
    80a0:	c0e7a223          	sw	a4,-1020(a5)
    80a4:	4685                	li	a3,1
    80a6:	400107b7          	lui	a5,0x40010
    80aa:	40012737          	lui	a4,0x40012
    80ae:	40d7aa23          	sw	a3,1044(a5) # 40010414 <_eusrstack+0x1ffee414>
    80b2:	80070713          	addi	a4,a4,-2048 # 40011800 <_eusrstack+0x1ffef800>
    80b6:	471c                	lw	a5,8(a4)
    80b8:	8b85                	andi	a5,a5,1
    80ba:	dff5                	beqz	a5,80b6 <RunNEO8+0x68>
    80bc:	44444737          	lui	a4,0x44444
    80c0:	400117b7          	lui	a5,0x40011
    80c4:	44470713          	addi	a4,a4,1092 # 44444444 <_eusrstack+0x24422444>
    80c8:	c0e7a223          	sw	a4,-1020(a5) # 40010c04 <_eusrstack+0x1ffeec04>
    80cc:	8082                	ret
    80ce:	40011737          	lui	a4,0x40011
    80d2:	00b6d793          	srli	a5,a3,0xb
    80d6:	c0070713          	addi	a4,a4,-1024 # 40010c00 <_eusrstack+0x1ffeec00>
    80da:	8b9d                	andi	a5,a5,7
    80dc:	4718                	lw	a4,8(a4)
    80de:	17f9                	addi	a5,a5,-2
    80e0:	4695                	li	a3,5
    80e2:	f8f6efe3          	bltu	a3,a5,8080 <RunNEO8+0x32>
    80e6:	3d418693          	addi	a3,gp,980 # 2000102c <s_state>
    80ea:	20d7c7b3          	sh2add	a5,a5,a3
    80ee:	8a05                	andi	a2,a2,1
    80f0:	4394                	lw	a3,0(a5)
    80f2:	ce05                	beqz	a2,812a <RunNEO8+0xdc>
    80f4:	6605                	lui	a2,0x1
    80f6:	f0060613          	addi	a2,a2,-256 # f00 <mount_volume.isra.0+0x190>
    80fa:	0ff6f693          	zext.b	a3,a3
    80fe:	8f71                	and	a4,a4,a2
    8100:	8f55                	or	a4,a4,a3
    8102:	c398                	sw	a4,0(a5)
    8104:	8082                	ret
    8106:	3d418793          	addi	a5,gp,980 # 2000102c <s_state>
    810a:	20f6c6b3          	sh2add	a3,a3,a5
    810e:	4298                	lw	a4,0(a3)
    8110:	01361793          	slli	a5,a2,0x13
    8114:	800006b7          	lui	a3,0x80000
    8118:	83cd                	srli	a5,a5,0x13
    811a:	97b6                	add	a5,a5,a3
    811c:	0736                	slli	a4,a4,0xd
    811e:	97ba                	add	a5,a5,a4
    8120:	2394                	lbu	a3,0(a5)
    8122:	400117b7          	lui	a5,0x40011
    8126:	06a2                	slli	a3,a3,0x8
    8128:	b7b5                	j	8094 <RunNEO8+0x46>
    812a:	6641                	lui	a2,0x10
    812c:	8321                	srli	a4,a4,0x8
    812e:	f0060613          	addi	a2,a2,-256 # ff00 <_data_lma+0x7708>
    8132:	0ff77713          	zext.b	a4,a4
    8136:	8ef1                	and	a3,a3,a2
    8138:	b7e1                	j	8100 <RunNEO8+0xb2>

0000813a <RunNEO16>:
    813a:	40012737          	lui	a4,0x40012
    813e:	400117b7          	lui	a5,0x40011
    8142:	80070713          	addi	a4,a4,-2048 # 40011800 <_eusrstack+0x1ffef800>
    8146:	4087a603          	lw	a2,1032(a5) # 40011408 <_eusrstack+0x1ffef408>
    814a:	471c                	lw	a5,8(a4)
    814c:	080646b3          	zext.h	a3,a2
    8150:	8b89                	andi	a5,a5,2
    8152:	cf91                	beqz	a5,816e <RunNEO16+0x34>
    8154:	400107b7          	lui	a5,0x40010
    8158:	4585                	li	a1,1
    815a:	40b7aa23          	sw	a1,1044(a5) # 40010414 <_eusrstack+0x1ffee414>
    815e:	a021                	j	8166 <RunNEO16+0x2c>
    8160:	471c                	lw	a5,8(a4)
    8162:	8b91                	andi	a5,a5,4
    8164:	c7bd                	beqz	a5,81d2 <RunNEO16+0x98>
    8166:	471c                	lw	a5,8(a4)
    8168:	8b85                	andi	a5,a5,1
    816a:	dbfd                	beqz	a5,8160 <RunNEO16+0x26>
    816c:	8082                	ret
    816e:	82b9                	srli	a3,a3,0xe
    8170:	478d                	li	a5,3
    8172:	08f68c63          	beq	a3,a5,820a <RunNEO16+0xd0>
    8176:	3d418793          	addi	a5,gp,980 # 2000102c <s_state>
    817a:	20f6c6b3          	sh2add	a3,a3,a5
    817e:	4298                	lw	a4,0(a3)
    8180:	01261793          	slli	a5,a2,0x12
    8184:	800006b7          	lui	a3,0x80000
    8188:	83c9                	srli	a5,a5,0x12
    818a:	97b6                	add	a5,a5,a3
    818c:	073a                	slli	a4,a4,0xe
    818e:	97ba                	add	a5,a5,a4
    8190:	2394                	lbu	a3,0(a5)
    8192:	400117b7          	lui	a5,0x40011
    8196:	06a2                	slli	a3,a3,0x8
    8198:	33333737          	lui	a4,0x33333
    819c:	c0d7a623          	sw	a3,-1012(a5) # 40010c0c <_eusrstack+0x1ffeec0c>
    81a0:	33370713          	addi	a4,a4,819 # 33333333 <_eusrstack+0x13311333>
    81a4:	c0e7a223          	sw	a4,-1020(a5)
    81a8:	4685                	li	a3,1
    81aa:	400107b7          	lui	a5,0x40010
    81ae:	40012737          	lui	a4,0x40012
    81b2:	40d7aa23          	sw	a3,1044(a5) # 40010414 <_eusrstack+0x1ffee414>
    81b6:	80070713          	addi	a4,a4,-2048 # 40011800 <_eusrstack+0x1ffef800>
    81ba:	471c                	lw	a5,8(a4)
    81bc:	8b85                	andi	a5,a5,1
    81be:	dff5                	beqz	a5,81ba <RunNEO16+0x80>
    81c0:	44444737          	lui	a4,0x44444
    81c4:	400117b7          	lui	a5,0x40011
    81c8:	44470713          	addi	a4,a4,1092 # 44444444 <_eusrstack+0x24422444>
    81cc:	c0e7a223          	sw	a4,-1020(a5) # 40010c04 <_eusrstack+0x1ffeec04>
    81d0:	8082                	ret
    81d2:	40011737          	lui	a4,0x40011
    81d6:	00c6d793          	srli	a5,a3,0xc
    81da:	c0070713          	addi	a4,a4,-1024 # 40010c00 <_eusrstack+0x1ffeec00>
    81de:	8b8d                	andi	a5,a5,3
    81e0:	4718                	lw	a4,8(a4)
    81e2:	17fd                	addi	a5,a5,-1
    81e4:	4689                	li	a3,2
    81e6:	f8f6e3e3          	bltu	a3,a5,816c <RunNEO16+0x32>
    81ea:	3d418693          	addi	a3,gp,980 # 2000102c <s_state>
    81ee:	20d7c7b3          	sh2add	a5,a5,a3
    81f2:	8a05                	andi	a2,a2,1
    81f4:	4394                	lw	a3,0(a5)
    81f6:	c205                	beqz	a2,8216 <RunNEO16+0xdc>
    81f8:	6605                	lui	a2,0x1
    81fa:	f0060613          	addi	a2,a2,-256 # f00 <mount_volume.isra.0+0x190>
    81fe:	0ff6f693          	zext.b	a3,a3
    8202:	8f71                	and	a4,a4,a2
    8204:	8f55                	or	a4,a4,a3
    8206:	c398                	sw	a4,0(a5)
    8208:	8082                	ret
    820a:	66c1                	lui	a3,0x10
    820c:	400117b7          	lui	a5,0x40011
    8210:	f0068693          	addi	a3,a3,-256 # ff00 <_data_lma+0x7708>
    8214:	b751                	j	8198 <RunNEO16+0x5e>
    8216:	6641                	lui	a2,0x10
    8218:	8321                	srli	a4,a4,0x8
    821a:	f0060613          	addi	a2,a2,-256 # ff00 <_data_lma+0x7708>
    821e:	0ff77713          	zext.b	a4,a4
    8222:	8ef1                	and	a3,a3,a2
    8224:	b7c5                	j	8204 <RunNEO16+0xca>

00008226 <Cart_EXTI0_KonamiNOSCC_Handler>:
    8226:	400112b7          	lui	t0,0x40011
    822a:	40012337          	lui	t1,0x40012
    822e:	400103b7          	lui	t2,0x40010
    8232:	4082a503          	lw	a0,1032(t0) # 40011408 <_eusrstack+0x1ffef408>
    8236:	80832803          	lw	a6,-2040(t1) # 40011808 <_eusrstack+0x1ffef808>
    823a:	00387813          	andi	a6,a6,3
    823e:	04080b63          	beqz	a6,8294 <Cart_EXTI0_KonamiNOSCC_Handler+0x6e>
    8242:	00187893          	andi	a7,a6,1
    8246:	0a089463          	bnez	a7,82ee <Cart_EXTI0_KonamiNOSCC_Handler+0xc8>
    824a:	80832803          	lw	a6,-2040(t1)
    824e:	00187893          	andi	a7,a6,1
    8252:	08089e63          	bnez	a7,82ee <Cart_EXTI0_KonamiNOSCC_Handler+0xc8>
    8256:	00287893          	andi	a7,a6,2
    825a:	02088d63          	beqz	a7,8294 <Cart_EXTI0_KonamiNOSCC_Handler+0x6e>
    825e:	00487893          	andi	a7,a6,4
    8262:	fe0894e3          	bnez	a7,824a <Cart_EXTI0_KonamiNOSCC_Handler+0x24>
    8266:	4785                	li	a5,1
    8268:	40f3aa23          	sw	a5,1044(t2) # 40010414 <_eusrstack+0x1ffee414>
    826c:	68ad                	lui	a7,0xb
    826e:	08a8e063          	bltu	a7,a0,82ee <Cart_EXTI0_KonamiNOSCC_Handler+0xc8>
    8272:	c082a683          	lw	a3,-1016(t0)
    8276:	82a1                	srli	a3,a3,0x8
    8278:	20001637          	lui	a2,0x20001
    827c:	06b6                	slli	a3,a3,0xd
    827e:	00d55593          	srli	a1,a0,0xd
    8282:	00d59893          	slli	a7,a1,0xd
    8286:	411686b3          	sub	a3,a3,a7
    828a:	058a                	slli	a1,a1,0x2
    828c:	962e                	add	a2,a2,a1
    828e:	02d62623          	sw	a3,44(a2) # 2000102c <s_state>
    8292:	a8b1                	j	82ee <Cart_EXTI0_KonamiNOSCC_Handler+0xc8>
    8294:	00d55593          	srli	a1,a0,0xd
    8298:	ffe58613          	addi	a2,a1,-2 # 1fdffe <_data_lma+0x1f5806>
    829c:	00463893          	sltiu	a7,a2,4
    82a0:	00089363          	bnez	a7,82a6 <Cart_EXTI0_KonamiNOSCC_Handler+0x80>
    82a4:	a02d                	j	82ce <Cart_EXTI0_KonamiNOSCC_Handler+0xa8>
    82a6:	20001637          	lui	a2,0x20001
    82aa:	058a                	slli	a1,a1,0x2
    82ac:	962e                	add	a2,a2,a1
    82ae:	02c62683          	lw	a3,44(a2) # 2000102c <s_state>
    82b2:	80000637          	lui	a2,0x80000
    82b6:	9636                	add	a2,a2,a3
    82b8:	962a                	add	a2,a2,a0
    82ba:	2214                	lbu	a3,0(a2)
    82bc:	06a2                	slli	a3,a3,0x8
    82be:	c0d2a623          	sw	a3,-1012(t0)
    82c2:	33333737          	lui	a4,0x33333
    82c6:	33370713          	addi	a4,a4,819 # 33333333 <_eusrstack+0x13311333>
    82ca:	c0e2a223          	sw	a4,-1020(t0)
    82ce:	4785                	li	a5,1
    82d0:	40f3aa23          	sw	a5,1044(t2)
    82d4:	444448b7          	lui	a7,0x44444
    82d8:	44488893          	addi	a7,a7,1092 # 44444444 <_eusrstack+0x24422444>
    82dc:	80832803          	lw	a6,-2040(t1)
    82e0:	00187813          	andi	a6,a6,1
    82e4:	fe0805e3          	beqz	a6,82ce <Cart_EXTI0_KonamiNOSCC_Handler+0xa8>
    82e8:	c112a223          	sw	a7,-1020(t0)
    82ec:	a009                	j	82ee <Cart_EXTI0_KonamiNOSCC_Handler+0xc8>
    82ee:	444448b7          	lui	a7,0x44444
    82f2:	44488893          	addi	a7,a7,1092 # 44444444 <_eusrstack+0x24422444>
    82f6:	c112a223          	sw	a7,-1020(t0)
    82fa:	4785                	li	a5,1
    82fc:	40f3aa23          	sw	a5,1044(t2)
    8300:	30200073          	mret

00008304 <Cart_EXTI0_ASCII8k_Handler>:
    8304:	400112b7          	lui	t0,0x40011
    8308:	40012337          	lui	t1,0x40012
    830c:	400103b7          	lui	t2,0x40010
    8310:	4082a503          	lw	a0,1032(t0) # 40011408 <_eusrstack+0x1ffef408>
    8314:	80832803          	lw	a6,-2040(t1) # 40011808 <_eusrstack+0x1ffef808>
    8318:	00387813          	andi	a6,a6,3
    831c:	06080463          	beqz	a6,8384 <Cart_EXTI0_ASCII8k_Handler+0x80>
    8320:	00187893          	andi	a7,a6,1
    8324:	0c089363          	bnez	a7,83ea <Cart_EXTI0_ASCII8k_Handler+0xe6>
    8328:	02087893          	andi	a7,a6,32
    832c:	0a089f63          	bnez	a7,83ea <Cart_EXTI0_ASCII8k_Handler+0xe6>
    8330:	80832803          	lw	a6,-2040(t1)
    8334:	00187893          	andi	a7,a6,1
    8338:	0a089963          	bnez	a7,83ea <Cart_EXTI0_ASCII8k_Handler+0xe6>
    833c:	02087893          	andi	a7,a6,32
    8340:	fe0898e3          	bnez	a7,8330 <Cart_EXTI0_ASCII8k_Handler+0x2c>
    8344:	00287893          	andi	a7,a6,2
    8348:	02088e63          	beqz	a7,8384 <Cart_EXTI0_ASCII8k_Handler+0x80>
    834c:	00487893          	andi	a7,a6,4
    8350:	fe0890e3          	bnez	a7,8330 <Cart_EXTI0_ASCII8k_Handler+0x2c>
    8354:	4785                	li	a5,1
    8356:	40f3aa23          	sw	a5,1044(t2) # 40010414 <_eusrstack+0x1ffee414>
    835a:	68ad                	lui	a7,0xb
    835c:	08a8e763          	bltu	a7,a0,83ea <Cart_EXTI0_ASCII8k_Handler+0xe6>
    8360:	c082a683          	lw	a3,-1016(t0)
    8364:	82a1                	srli	a3,a3,0x8
    8366:	20001637          	lui	a2,0x20001
    836a:	00b55593          	srli	a1,a0,0xb
    836e:	898d                	andi	a1,a1,3
    8370:	ffe68893          	addi	a7,a3,-2
    8374:	40b888b3          	sub	a7,a7,a1
    8378:	08b6                	slli	a7,a7,0xd
    837a:	058a                	slli	a1,a1,0x2
    837c:	962e                	add	a2,a2,a1
    837e:	03162623          	sw	a7,44(a2) # 2000102c <s_state>
    8382:	a0a5                	j	83ea <Cart_EXTI0_ASCII8k_Handler+0xe6>
    8384:	80832803          	lw	a6,-2040(t1)
    8388:	02087893          	andi	a7,a6,32
    838c:	04089f63          	bnez	a7,83ea <Cart_EXTI0_ASCII8k_Handler+0xe6>
    8390:	00d55593          	srli	a1,a0,0xd
    8394:	ffe58613          	addi	a2,a1,-2
    8398:	00463893          	sltiu	a7,a2,4
    839c:	02088763          	beqz	a7,83ca <Cart_EXTI0_ASCII8k_Handler+0xc6>
    83a0:	00261593          	slli	a1,a2,0x2
    83a4:	20001637          	lui	a2,0x20001
    83a8:	962e                	add	a2,a2,a1
    83aa:	02c62683          	lw	a3,44(a2) # 2000102c <s_state>
    83ae:	80000637          	lui	a2,0x80000
    83b2:	9636                	add	a2,a2,a3
    83b4:	962a                	add	a2,a2,a0
    83b6:	2214                	lbu	a3,0(a2)
    83b8:	06a2                	slli	a3,a3,0x8
    83ba:	c0d2a623          	sw	a3,-1012(t0)
    83be:	33333737          	lui	a4,0x33333
    83c2:	33370713          	addi	a4,a4,819 # 33333333 <_eusrstack+0x13311333>
    83c6:	c0e2a223          	sw	a4,-1020(t0)
    83ca:	4785                	li	a5,1
    83cc:	40f3aa23          	sw	a5,1044(t2)
    83d0:	444448b7          	lui	a7,0x44444
    83d4:	44488893          	addi	a7,a7,1092 # 44444444 <_eusrstack+0x24422444>
    83d8:	80832803          	lw	a6,-2040(t1)
    83dc:	00187813          	andi	a6,a6,1
    83e0:	fe080ce3          	beqz	a6,83d8 <Cart_EXTI0_ASCII8k_Handler+0xd4>
    83e4:	c112a223          	sw	a7,-1020(t0)
    83e8:	a009                	j	83ea <Cart_EXTI0_ASCII8k_Handler+0xe6>
    83ea:	444448b7          	lui	a7,0x44444
    83ee:	44488893          	addi	a7,a7,1092 # 44444444 <_eusrstack+0x24422444>
    83f2:	c112a223          	sw	a7,-1020(t0)
    83f6:	4785                	li	a5,1
    83f8:	40f3aa23          	sw	a5,1044(t2)
    83fc:	30200073          	mret

00008400 <Cart_EXTI0_ASCII16k_Handler>:
    8400:	400112b7          	lui	t0,0x40011
    8404:	40012337          	lui	t1,0x40012
    8408:	400103b7          	lui	t2,0x40010
    840c:	6e19                	lui	t3,0x6
    840e:	6e9d                	lui	t4,0x7
    8410:	33333f37          	lui	t5,0x33333
    8414:	333f0f13          	addi	t5,t5,819 # 33333333 <_eusrstack+0x13311333>
    8418:	44444fb7          	lui	t6,0x44444
    841c:	444f8f93          	addi	t6,t6,1092 # 44444444 <_eusrstack+0x24422444>
    8420:	4785                	li	a5,1
    8422:	4082a503          	lw	a0,1032(t0) # 40011408 <_eusrstack+0x1ffef408>
    8426:	80832803          	lw	a6,-2040(t1) # 40011808 <_eusrstack+0x1ffef808>
    842a:	00387813          	andi	a6,a6,3
    842e:	06080c63          	beqz	a6,84a6 <Cart_EXTI0_ASCII16k_Handler+0xa6>
    8432:	00187893          	andi	a7,a6,1
    8436:	0a089963          	bnez	a7,84e8 <Cart_EXTI0_ASCII16k_Handler+0xe8>
    843a:	80832803          	lw	a6,-2040(t1)
    843e:	00187893          	andi	a7,a6,1
    8442:	0a089363          	bnez	a7,84e8 <Cart_EXTI0_ASCII16k_Handler+0xe8>
    8446:	00287893          	andi	a7,a6,2
    844a:	04088e63          	beqz	a7,84a6 <Cart_EXTI0_ASCII16k_Handler+0xa6>
    844e:	00487893          	andi	a7,a6,4
    8452:	fe0894e3          	bnez	a7,843a <Cart_EXTI0_ASCII16k_Handler+0x3a>
    8456:	40f3aa23          	sw	a5,1044(t2) # 40010414 <_eusrstack+0x1ffee414>
    845a:	01c51c63          	bne	a0,t3,8472 <Cart_EXTI0_ASCII16k_Handler+0x72>
    845e:	c082a683          	lw	a3,-1016(t0)
    8462:	82a1                	srli	a3,a3,0x8
    8464:	16fd                	addi	a3,a3,-1
    8466:	06ba                	slli	a3,a3,0xe
    8468:	20001637          	lui	a2,0x20001
    846c:	02d62623          	sw	a3,44(a2) # 2000102c <s_state>
    8470:	a8a5                	j	84e8 <Cart_EXTI0_ASCII16k_Handler+0xe8>
    8472:	01d51c63          	bne	a0,t4,848a <Cart_EXTI0_ASCII16k_Handler+0x8a>
    8476:	c082a683          	lw	a3,-1016(t0)
    847a:	82a1                	srli	a3,a3,0x8
    847c:	16f9                	addi	a3,a3,-2
    847e:	06ba                	slli	a3,a3,0xe
    8480:	20001637          	lui	a2,0x20001
    8484:	04d62623          	sw	a3,76(a2) # 2000104c <s_state+0x20>
    8488:	a085                	j	84e8 <Cart_EXTI0_ASCII16k_Handler+0xe8>
    848a:	7ffe8593          	addi	a1,t4,2047 # 77ff <_read+0x12ad>
    848e:	04b51d63          	bne	a0,a1,84e8 <Cart_EXTI0_ASCII16k_Handler+0xe8>
    8492:	c082a683          	lw	a3,-1016(t0)
    8496:	82a1                	srli	a3,a3,0x8
    8498:	16f9                	addi	a3,a3,-2
    849a:	06ba                	slli	a3,a3,0xe
    849c:	20001637          	lui	a2,0x20001
    84a0:	04d62623          	sw	a3,76(a2) # 2000104c <s_state+0x20>
    84a4:	a091                	j	84e8 <Cart_EXTI0_ASCII16k_Handler+0xe8>
    84a6:	01051593          	slli	a1,a0,0x10
    84aa:	0005c463          	bltz	a1,84b2 <Cart_EXTI0_ASCII16k_Handler+0xb2>
    84ae:	4601                	li	a2,0
    84b0:	a019                	j	84b6 <Cart_EXTI0_ASCII16k_Handler+0xb6>
    84b2:	02000613          	li	a2,32
    84b6:	20001737          	lui	a4,0x20001
    84ba:	963a                	add	a2,a2,a4
    84bc:	02c62683          	lw	a3,44(a2)
    84c0:	80000637          	lui	a2,0x80000
    84c4:	9636                	add	a2,a2,a3
    84c6:	962a                	add	a2,a2,a0
    84c8:	2214                	lbu	a3,0(a2)
    84ca:	06a2                	slli	a3,a3,0x8
    84cc:	c0d2a623          	sw	a3,-1012(t0)
    84d0:	c1e2a223          	sw	t5,-1020(t0)
    84d4:	40f3aa23          	sw	a5,1044(t2)
    84d8:	80832803          	lw	a6,-2040(t1)
    84dc:	00187813          	andi	a6,a6,1
    84e0:	fe080ce3          	beqz	a6,84d8 <Cart_EXTI0_ASCII16k_Handler+0xd8>
    84e4:	c1f2a223          	sw	t6,-1020(t0)
    84e8:	c1f2a223          	sw	t6,-1020(t0)
    84ec:	40f3aa23          	sw	a5,1044(t2)
    84f0:	30200073          	mret

000084f4 <Cart_EXTI0_ROM16k_Handler>:
    84f4:	400112b7          	lui	t0,0x40011
    84f8:	40012337          	lui	t1,0x40012
    84fc:	400103b7          	lui	t2,0x40010
    8500:	80832803          	lw	a6,-2040(t1) # 40011808 <_eusrstack+0x1ffef808>
    8504:	00187813          	andi	a6,a6,1
    8508:	00080b63          	beqz	a6,851e <Cart_EXTI0_ROM16k_Handler+0x2a>
    850c:	444448b7          	lui	a7,0x44444
    8510:	44488893          	addi	a7,a7,1092 # 44444444 <_eusrstack+0x24422444>
    8514:	c112a223          	sw	a7,-1020(t0) # 40010c04 <_eusrstack+0x1ffeec04>
    8518:	4103aa23          	sw	a6,1044(t2) # 40010414 <_eusrstack+0x1ffee414>
    851c:	a081                	j	855c <Cart_EXTI0_ROM16k_Handler+0x68>
    851e:	4082a503          	lw	a0,1032(t0)
    8522:	7fffc5b7          	lui	a1,0x7fffc
    8526:	00b50633          	add	a2,a0,a1
    852a:	2214                	lbu	a3,0(a2)
    852c:	33333737          	lui	a4,0x33333
    8530:	33370713          	addi	a4,a4,819 # 33333333 <_eusrstack+0x13311333>
    8534:	06a2                	slli	a3,a3,0x8
    8536:	c0d2a623          	sw	a3,-1012(t0)
    853a:	c0e2a223          	sw	a4,-1020(t0)
    853e:	444448b7          	lui	a7,0x44444
    8542:	44488893          	addi	a7,a7,1092 # 44444444 <_eusrstack+0x24422444>
    8546:	4785                	li	a5,1
    8548:	40f3aa23          	sw	a5,1044(t2)
    854c:	80832803          	lw	a6,-2040(t1)
    8550:	00187813          	andi	a6,a6,1
    8554:	fe080ce3          	beqz	a6,854c <Cart_EXTI0_ROM16k_Handler+0x58>
    8558:	c112a223          	sw	a7,-1020(t0)
    855c:	30200073          	mret

00008560 <Cart_EXTI0_ROM32k_Handler>:
    8560:	400112b7          	lui	t0,0x40011
    8564:	40012337          	lui	t1,0x40012
    8568:	400103b7          	lui	t2,0x40010
    856c:	80832803          	lw	a6,-2040(t1) # 40011808 <_eusrstack+0x1ffef808>
    8570:	00187813          	andi	a6,a6,1
    8574:	00080b63          	beqz	a6,858a <Cart_EXTI0_ROM32k_Handler+0x2a>
    8578:	444448b7          	lui	a7,0x44444
    857c:	44488893          	addi	a7,a7,1092 # 44444444 <_eusrstack+0x24422444>
    8580:	c112a223          	sw	a7,-1020(t0) # 40010c04 <_eusrstack+0x1ffeec04>
    8584:	4103aa23          	sw	a6,1044(t2) # 40010414 <_eusrstack+0x1ffee414>
    8588:	a081                	j	85c8 <Cart_EXTI0_ROM32k_Handler+0x68>
    858a:	4082a503          	lw	a0,1032(t0)
    858e:	7fffc5b7          	lui	a1,0x7fffc
    8592:	00b50633          	add	a2,a0,a1
    8596:	2214                	lbu	a3,0(a2)
    8598:	33333737          	lui	a4,0x33333
    859c:	33370713          	addi	a4,a4,819 # 33333333 <_eusrstack+0x13311333>
    85a0:	06a2                	slli	a3,a3,0x8
    85a2:	c0d2a623          	sw	a3,-1012(t0)
    85a6:	c0e2a223          	sw	a4,-1020(t0)
    85aa:	444448b7          	lui	a7,0x44444
    85ae:	44488893          	addi	a7,a7,1092 # 44444444 <_eusrstack+0x24422444>
    85b2:	4785                	li	a5,1
    85b4:	40f3aa23          	sw	a5,1044(t2)
    85b8:	80832803          	lw	a6,-2040(t1)
    85bc:	00187813          	andi	a6,a6,1
    85c0:	fe080ce3          	beqz	a6,85b8 <Cart_EXTI0_ROM32k_Handler+0x58>
    85c4:	c112a223          	sw	a7,-1020(t0)
    85c8:	30200073          	mret

000085cc <Cart_EXTI0_ROM48k_Handler>:
    85cc:	400112b7          	lui	t0,0x40011
    85d0:	40012337          	lui	t1,0x40012
    85d4:	400103b7          	lui	t2,0x40010
    85d8:	80832803          	lw	a6,-2040(t1) # 40011808 <_eusrstack+0x1ffef808>
    85dc:	00187813          	andi	a6,a6,1
    85e0:	00080b63          	beqz	a6,85f6 <Cart_EXTI0_ROM48k_Handler+0x2a>
    85e4:	444448b7          	lui	a7,0x44444
    85e8:	44488893          	addi	a7,a7,1092 # 44444444 <_eusrstack+0x24422444>
    85ec:	c112a223          	sw	a7,-1020(t0) # 40010c04 <_eusrstack+0x1ffeec04>
    85f0:	4103aa23          	sw	a6,1044(t2) # 40010414 <_eusrstack+0x1ffee414>
    85f4:	a081                	j	8634 <Cart_EXTI0_ROM48k_Handler+0x68>
    85f6:	4082a503          	lw	a0,1032(t0)
    85fa:	7fffc5b7          	lui	a1,0x7fffc
    85fe:	00b50633          	add	a2,a0,a1
    8602:	2214                	lbu	a3,0(a2)
    8604:	33333737          	lui	a4,0x33333
    8608:	33370713          	addi	a4,a4,819 # 33333333 <_eusrstack+0x13311333>
    860c:	06a2                	slli	a3,a3,0x8
    860e:	c0d2a623          	sw	a3,-1012(t0)
    8612:	c0e2a223          	sw	a4,-1020(t0)
    8616:	444448b7          	lui	a7,0x44444
    861a:	44488893          	addi	a7,a7,1092 # 44444444 <_eusrstack+0x24422444>
    861e:	4785                	li	a5,1
    8620:	40f3aa23          	sw	a5,1044(t2)
    8624:	80832803          	lw	a6,-2040(t1)
    8628:	00187813          	andi	a6,a6,1
    862c:	fe080ce3          	beqz	a6,8624 <Cart_EXTI0_ROM48k_Handler+0x58>
    8630:	c112a223          	sw	a7,-1020(t0)
    8634:	30200073          	mret

00008638 <Cart_EXTI0_None_Handler>:
    8638:	400112b7          	lui	t0,0x40011
    863c:	40012337          	lui	t1,0x40012
    8640:	400103b7          	lui	t2,0x40010
    8644:	80832803          	lw	a6,-2040(t1) # 40011808 <_eusrstack+0x1ffef808>
    8648:	00187813          	andi	a6,a6,1
    864c:	00080b63          	beqz	a6,8662 <Cart_EXTI0_None_Handler+0x2a>
    8650:	444448b7          	lui	a7,0x44444
    8654:	44488893          	addi	a7,a7,1092 # 44444444 <_eusrstack+0x24422444>
    8658:	c112a223          	sw	a7,-1020(t0) # 40010c04 <_eusrstack+0x1ffeec04>
    865c:	4103aa23          	sw	a6,1044(t2) # 40010414 <_eusrstack+0x1ffee414>
    8660:	a811                	j	8674 <Cart_EXTI0_None_Handler+0x3c>
    8662:	4785                	li	a5,1
    8664:	40f3aa23          	sw	a5,1044(t2)
    8668:	80832803          	lw	a6,-2040(t1)
    866c:	00187813          	andi	a6,a6,1
    8670:	fe080ce3          	beqz	a6,8668 <Cart_EXTI0_None_Handler+0x30>
    8674:	30200073          	mret

00008678 <RunKonamiSCC>:
    8678:	40012737          	lui	a4,0x40012
    867c:	400117b7          	lui	a5,0x40011
    8680:	80070713          	addi	a4,a4,-2048 # 40011800 <_eusrstack+0x1ffef800>
    8684:	4087a583          	lw	a1,1032(a5) # 40011408 <_eusrstack+0x1ffef408>
    8688:	471c                	lw	a5,8(a4)
    868a:	0805c6b3          	zext.h	a3,a1
    868e:	8b89                	andi	a5,a5,2
    8690:	00d6d613          	srli	a2,a3,0xd
    8694:	c395                	beqz	a5,86b8 <RunKonamiSCC+0x40>
    8696:	40010537          	lui	a0,0x40010
    869a:	4805                	li	a6,1
    869c:	400117b7          	lui	a5,0x40011
    86a0:	41052a23          	sw	a6,1044(a0) # 40010414 <_eusrstack+0x1ffee414>
    86a4:	c087a503          	lw	a0,-1016(a5) # 40010c08 <_eusrstack+0x1ffeec08>
    86a8:	a021                	j	86b0 <RunKonamiSCC+0x38>
    86aa:	471c                	lw	a5,8(a4)
    86ac:	8b91                	andi	a5,a5,4
    86ae:	cfa1                	beqz	a5,8706 <RunKonamiSCC+0x8e>
    86b0:	471c                	lw	a5,8(a4)
    86b2:	8b85                	andi	a5,a5,1
    86b4:	dbfd                	beqz	a5,86aa <RunKonamiSCC+0x32>
    86b6:	8082                	ret
    86b8:	3d418793          	addi	a5,gp,980 # 2000102c <s_state>
    86bc:	20f64633          	sh2add	a2,a2,a5
    86c0:	421c                	lw	a5,0(a2)
    86c2:	80000637          	lui	a2,0x80000
    86c6:	96b2                	add	a3,a3,a2
    86c8:	96be                	add	a3,a3,a5
    86ca:	2294                	lbu	a3,0(a3)
    86cc:	400117b7          	lui	a5,0x40011
    86d0:	33333637          	lui	a2,0x33333
    86d4:	06a2                	slli	a3,a3,0x8
    86d6:	c0d7a623          	sw	a3,-1012(a5) # 40010c0c <_eusrstack+0x1ffeec0c>
    86da:	33360613          	addi	a2,a2,819 # 33333333 <_eusrstack+0x13311333>
    86de:	c0c7a223          	sw	a2,-1020(a5)
    86e2:	400107b7          	lui	a5,0x40010
    86e6:	40078793          	addi	a5,a5,1024 # 40010400 <_eusrstack+0x1ffee400>
    86ea:	4685                	li	a3,1
    86ec:	cbd4                	sw	a3,20(a5)
    86ee:	471c                	lw	a5,8(a4)
    86f0:	8b85                	andi	a5,a5,1
    86f2:	dff5                	beqz	a5,86ee <RunKonamiSCC+0x76>
    86f4:	44444737          	lui	a4,0x44444
    86f8:	400117b7          	lui	a5,0x40011
    86fc:	44470713          	addi	a4,a4,1092 # 44444444 <_eusrstack+0x24422444>
    8700:	c0e7a223          	sw	a4,-1020(a5) # 40010c04 <_eusrstack+0x1ffeec04>
    8704:	8082                	ret
    8706:	8121                	srli	a0,a0,0x8
    8708:	6805                	lui	a6,0x1
    870a:	0ff57513          	zext.b	a0,a0
    870e:	05c2                	slli	a1,a1,0x10
    8710:	40d806b3          	sub	a3,a6,a3
    8714:	3d418713          	addi	a4,gp,980 # 2000102c <s_state>
    8718:	00d51793          	slli	a5,a0,0xd
    871c:	97b6                	add	a5,a5,a3
    871e:	20e64633          	sh2add	a2,a2,a4
    8722:	8d4d                	or	a0,a0,a1
    8724:	c21c                	sw	a5,0(a2)
    8726:	a05d                	j	87cc <SCC_QueueWrite>

00008728 <Cart_Banked_Dispatch>:
    8728:	400127b7          	lui	a5,0x40012
    872c:	8087a703          	lw	a4,-2040(a5) # 40011808 <_eusrstack+0x1ffef808>
    8730:	80078793          	addi	a5,a5,-2048
    8734:	8b05                	andi	a4,a4,1
    8736:	ef11                	bnez	a4,8752 <Cart_Banked_Dispatch+0x2a>
    8738:	8401a703          	lw	a4,-1984(gp) # 20000498 <g_mapper>
    873c:	4699                	li	a3,6
    873e:	1771                	addi	a4,a4,-4
    8740:	06e6e163          	bltu	a3,a4,87a2 <Cart_Banked_Dispatch+0x7a>
    8744:	6799                	lui	a5,0x6
    8746:	56078793          	addi	a5,a5,1376 # 6560 <_read+0xe>
    874a:	20f74733          	sh2add	a4,a4,a5
    874e:	431c                	lw	a5,0(a4)
    8750:	8782                	jr	a5
    8752:	444446b7          	lui	a3,0x44444
    8756:	40011737          	lui	a4,0x40011
    875a:	44468693          	addi	a3,a3,1092 # 44444444 <_eusrstack+0x24422444>
    875e:	c0d72223          	sw	a3,-1020(a4) # 40010c04 <_eusrstack+0x1ffeec04>
    8762:	400107b7          	lui	a5,0x40010
    8766:	4705                	li	a4,1
    8768:	40e7aa23          	sw	a4,1044(a5) # 40010414 <_eusrstack+0x1ffee414>
    876c:	30200073          	mret
    8770:	32e9                	jal	813a <RunNEO16>
    8772:	30200073          	mret
    8776:	3709                	jal	8678 <RunKonamiSCC>
    8778:	30200073          	mret
    877c:	ddeff0ef          	jal	7d5a <RunKonami>
    8780:	30200073          	mret
    8784:	d08ff0ef          	jal	7c8c <RunKonamiNOSCC>
    8788:	30200073          	mret
    878c:	ebeff0ef          	jal	7e4a <Run8kASCII>
    8790:	30200073          	mret
    8794:	fe4ff0ef          	jal	7f78 <Run16kASCII>
    8798:	30200073          	mret
    879c:	384d                	jal	804e <RunNEO8>
    879e:	30200073          	mret
    87a2:	44444637          	lui	a2,0x44444
    87a6:	400116b7          	lui	a3,0x40011
    87aa:	44460613          	addi	a2,a2,1092 # 44444444 <_eusrstack+0x24422444>
    87ae:	c0c6a223          	sw	a2,-1020(a3) # 40010c04 <_eusrstack+0x1ffeec04>
    87b2:	40010737          	lui	a4,0x40010
    87b6:	4685                	li	a3,1
    87b8:	40d72a23          	sw	a3,1044(a4) # 40010414 <_eusrstack+0x1ffee414>
    87bc:	4798                	lw	a4,8(a5)
    87be:	8b05                	andi	a4,a4,1
    87c0:	df75                	beqz	a4,87bc <Cart_Banked_Dispatch+0x94>
    87c2:	30200073          	mret

000087c6 <CartServiceLoop>:
    87c6:	10500073          	wfi
    87ca:	8082                	ret

000087cc <SCC_QueueWrite>:
    87cc:	8601a783          	lw	a5,-1952(gp) # 200004b8 <s_q_head>
    87d0:	85c1a683          	lw	a3,-1956(gp) # 200004b4 <s_q_tail>
    87d4:	0785                	addi	a5,a5,1
    87d6:	03f7f793          	andi	a5,a5,63
    87da:	00f68d63          	beq	a3,a5,87f4 <SCC_QueueWrite+0x28>
    87de:	8601a683          	lw	a3,-1952(gp) # 200004b8 <s_q_head>
    87e2:	4d418613          	addi	a2,gp,1236 # 2000112c <s_scc_queue>
    87e6:	20c6c6b3          	sh2add	a3,a3,a2
    87ea:	c288                	sw	a0,0(a3)
    87ec:	86f1a023          	sw	a5,-1952(gp) # 200004b8 <s_q_head>
    87f0:	4501                	li	a0,0
    87f2:	8082                	ret
    87f4:	557d                	li	a0,-1
    87f6:	8082                	ret
