
HOST_Udisk.elf:     file format elf32-littleriscv
HOST_Udisk.elf
architecture: riscv:rv32, flags 0x00000112:
EXEC_P, HAS_SYMS, D_PAGED
start address 0x00000000

Program Header:
0x70000003 off    0x00023027 vaddr 0x00000000 paddr 0x00000000 align 2**0
         filesz 0x000000ad memsz 0x00000000 flags r--
    LOAD off    0x00001000 vaddr 0x00000000 paddr 0x00000000 align 2**12
         filesz 0x000057c0 memsz 0x000057c0 flags r-x
    LOAD off    0x00007400 vaddr 0x20000400 paddr 0x000057c0 align 2**12
         filesz 0x00000074 memsz 0x00000778 flags rw-
    LOAD off    0x00000800 vaddr 0x20021800 paddr 0x20021800 align 2**12
         filesz 0x00000000 memsz 0x00000800 flags rw-
   STACK off    0x00000000 vaddr 0x00000000 paddr 0x00000000 align 2**4
         filesz 0x00000000 memsz 0x00000000 flags rw-

Sections:
Idx Name          Size      VMA       LMA       File off  Algn
  0 .init         000001a0  00000000  00000000  00001000  2**1
                  CONTENTS, ALLOC, LOAD, READONLY, CODE
  1 .text         00005620  000001a0  000001a0  000011a0  2**2
                  CONTENTS, ALLOC, LOAD, READONLY, CODE
  2 .fini         00000000  000057c0  000057c0  00007474  2**0
                  CONTENTS, ALLOC, LOAD, CODE
  3 .dalign       00000000  20000400  20000400  00007474  2**0
                  CONTENTS
  4 .dlalign      00000000  000057c0  000057c0  00007474  2**0
                  CONTENTS
  5 .data         00000074  20000400  000057c0  00007400  2**2
                  CONTENTS, ALLOC, LOAD, DATA
  6 .bss          00000704  20000474  00005834  00007474  2**2
                  ALLOC
  7 .stack        00000800  20021800  20021800  00007800  2**0
                  ALLOC
  8 .debug_info   000088e2  00000000  00000000  00007474  2**0
                  CONTENTS, READONLY, DEBUGGING, OCTETS
  9 .debug_abbrev 00001ff5  00000000  00000000  0000fd56  2**0
                  CONTENTS, READONLY, DEBUGGING, OCTETS
 10 .debug_loc    00003c68  00000000  00000000  00011d4b  2**0
                  CONTENTS, READONLY, DEBUGGING, OCTETS
 11 .debug_aranges 000007c0  00000000  00000000  000159b8  2**3
                  CONTENTS, READONLY, DEBUGGING, OCTETS
 12 .debug_ranges 00000760  00000000  00000000  00016178  2**3
                  CONTENTS, READONLY, DEBUGGING, OCTETS
 13 .debug_line   00009c44  00000000  00000000  000168d8  2**0
                  CONTENTS, READONLY, DEBUGGING, OCTETS
 14 .debug_str    00002a81  00000000  00000000  0002051c  2**0
                  CONTENTS, READONLY, DEBUGGING, OCTETS
 15 .comment      0000008a  00000000  00000000  00022f9d  2**0
                  CONTENTS, READONLY
 16 .riscv.attributes 000000ad  00000000  00000000  00023027  2**0
                  CONTENTS, READONLY
 17 .debug_frame  00001040  00000000  00000000  000230d4  2**2
                  CONTENTS, READONLY, DEBUGGING, OCTETS
 18 .debug_loclists 00000c10  00000000  00000000  00024114  2**0
                  CONTENTS, READONLY, DEBUGGING, OCTETS
 19 .debug_rnglists 000000b7  00000000  00000000  00024d24  2**0
                  CONTENTS, READONLY, DEBUGGING, OCTETS
 20 .debug_line_str 00000126  00000000  00000000  00024ddb  2**0
                  CONTENTS, READONLY, DEBUGGING, OCTETS
SYMBOL TABLE:
00000000 l    d  .init	00000000 .init
000001a0 l    d  .text	00000000 .text
000057c0 l    d  .fini	00000000 .fini
20000400 l    d  .dalign	00000000 .dalign
000057c0 l    d  .dlalign	00000000 .dlalign
20000400 l    d  .data	00000000 .data
20000474 l    d  .bss	00000000 .bss
20021800 l    d  .stack	00000000 .stack
00000000 l    d  .debug_info	00000000 .debug_info
00000000 l    d  .debug_abbrev	00000000 .debug_abbrev
00000000 l    d  .debug_loc	00000000 .debug_loc
00000000 l    d  .debug_aranges	00000000 .debug_aranges
00000000 l    d  .debug_ranges	00000000 .debug_ranges
00000000 l    d  .debug_line	00000000 .debug_line
00000000 l    d  .debug_str	00000000 .debug_str
00000000 l    d  .comment	00000000 .comment
00000000 l    d  .riscv.attributes	00000000 .riscv.attributes
00000000 l    d  .debug_frame	00000000 .debug_frame
00000000 l    d  .debug_loclists	00000000 .debug_loclists
00000000 l    d  .debug_rnglists	00000000 .debug_rnglists
00000000 l    d  .debug_line_str	00000000 .debug_line_str
00000000 l    df *ABS*	00000000 startup_ch32v4x7.o
00000000 l    df *ABS*	00000000 save-restore.o
00000000 l    df *ABS*	00000000 libc_a-memset.o
00000000 l    df *ABS*	00000000 ch32v407_usbhs_host.c
00000218 l     F .text	0000006c USBHS_RCC_Init.part.0
00000000 l    df *ABS*	00000000 UDisk_HW.c
00000000 l    df *ABS*	00000000 Udisk_Func_BasicOp.c
00000000 l    df *ABS*	00000000 ch32v4x7_it.c
00000000 l    df *ABS*	00000000 main.c
20000494 l     O .bss	00000004 boot_count.0
00000000 l    df *ABS*	00000000 system_ch32v4x7.c
00005608 l     O .text	00000020 PLLMULTB
00005628 l     O .text	00000010 HBPrescTable
00000000 l    df *ABS*	00000000 CH32V407UFI.c
00000000 l    df *ABS*	00000000 ch32v4x7_dbgmcu.c
00000000 l    df *ABS*	00000000 ch32v4x7_gpio.c
00000000 l    df *ABS*	00000000 ch32v4x7_rcc.c
00005638 l     O .text	00000020 PLLMULTB
00005658 l     O .text	00000010 HBPrescTable
2000046c l     O .data	00000008 PBPrescTable
20000468 l     O .data	00000004 ADCPrescTable
00000000 l    df *ABS*	00000000 ch32v4x7_usart.c
00000000 l    df *ABS*	00000000 debug.c
2000049e l     O .bss	00000001 p_us
2000049c l     O .bss	00000002 p_ms
20000460 l     O .data	00000004 curbrk.0
00000000 l    df *ABS*	00000000 core_riscv.c
00000000 l    df *ABS*	00000000 CHRV3MAI.c
00001908 l     F .text	0000009c mBulkOnlyReset
000019a4 l     F .text	0000001a mUpdateStatus.part.1
00001e14 l     F .text	000000ac mReqDiskSense
00001ec0 l     F .text	0000014c mGetDiskSize
000020c4 l     F .text	00000310 CHRV3s10
00000000 l    df *ABS*	00000000 CHRV3BYT.c
00003964 l     F .text	00000020 CHRV3s25.part.0
00000000 l    df *ABS*	00000000 libgcc2.c
00000000 l    df *ABS*	00000000 printf.c
00000000 l    df *ABS*	00000000 puts.c
00000000 l    df *ABS*	00000000 wbuf.c
00000000 l    df *ABS*	00000000 wsetup.c
00000000 l    df *ABS*	00000000 strcpy.c
00000000 l    df *ABS*	00000000 freer.c
00000000 l    df *ABS*	00000000 mallocr.c
000044c2 l     F .text	00000056 sbrk_aligned
00000000 l    df *ABS*	00000000 mlock.c
00000000 l    df *ABS*	00000000 nano-vfprintf.c
00004632 l     F .text	00000028 __sfputc_r
00000000 l    df *ABS*	00000000 nano-vfprintf_i.c
00000000 l    df *ABS*	00000000 fflush.c
00000000 l    df *ABS*	00000000 findfp.c
00004d82 l     F .text	0000005e std
00004de0 l     F .text	00000018 stdio_exit_handler
00004df8 l     F .text	00000044 cleanup_stdio
00004e3c l     F .text	00000036 global_stdio_init.part.0
00000000 l    df *ABS*	00000000 fwalk.c
00000000 l    df *ABS*	00000000 makebuf.c
00000000 l    df *ABS*	00000000 stdio.c
00000000 l    df *ABS*	00000000 memchr.c
00000000 l    df *ABS*	00000000 closer.c
00000000 l    df *ABS*	00000000 fstatr.c
00000000 l    df *ABS*	00000000 isattyr.c
00000000 l    df *ABS*	00000000 lseekr.c
00000000 l    df *ABS*	00000000 readr.c
00000000 l    df *ABS*	00000000 sbrkr.c
00000000 l    df *ABS*	00000000 writer.c
00000000 l    df *ABS*	00000000 close.c
00000000 l    df *ABS*	00000000 fstat.c
00000000 l    df *ABS*	00000000 isatty.c
00000000 l    df *ABS*	00000000 lseek.c
00000000 l    df *ABS*	00000000 read.c
00000000 l    df *ABS*	00000000 libgcc2.c
00000000 l    df *ABS*	00000000 impure.c
0000127e  w      .text	00000000 EXTI2_IRQHandler
00001b0e g     F .text	00000020 mClusterToLba
0000127e  w      .text	00000000 TIM8_TRG_COM_IRQHandler
0000127e  w      .text	00000000 TIM8_CC_IRQHandler
000050c8 g     F .text	0000002a _isatty_r
00004414 g     F .text	00000010 strcpy
0000127e  w      .text	00000000 DMA1_Channel12_IRQHandler
00004228 g     F .text	00000098 _puts_r
0000127e  w      .text	00000000 USART9_IRQHandler
000050f2 g     F .text	0000002e _lseek_r
20000ae8 g     O .bss	00000004 pTX_LEN_REG
20000478 g     O .bss	00000004 pHOST_RX_RAM_Addr
20000aec g     O .bss	00000004 mLinkClusSource
20000af0 g     O .bss	00000001 mDiskSecPerClusB
20000af4 g     O .bss	00000004 pDISK_FAT_BUF
000019be g     F .text	00000062 mReadSectorFAT
20000af8 g     O .bss	00000001 mFatSecChanged
20000af9 g     O .bss	00000001 CHRV3vDiskFat
0000038c g     F .text	0000004e USBHSH_EnableRootHubPort
00004200 g     F .text	00000028 printf
20000c58 g       .data	00000000 __global_pointer$
000001a8 g     F .text	0000002a .hidden __riscv_save_8
0000127e  w      .text	00000000 TIM1_CC_IRQHandler
00005024 g     F .text	00000030 __sseek
00004e72 g     F .text	00000018 __sinit
000042ca g     F .text	00000090 __swbuf_r
00000ccc g     F .text	00000034 HardFault_Handler
00004630 g     F .text	00000002 __malloc_unlock
00001122 g     F .text	000000a2 CHRV3WriteSector
000001fc g     F .text	0000000c .hidden __riscv_restore_3
0000127e  w      .text	00000000 TIM6_IRQHandler
20000afc g     O .bss	00000004 CHRV3vDiskRoot
0000127e  w      .text	00000000 SysTick_Handler
20000b00 g     O .bss	00000004 CHRV3vStartCluster
0000127e  w      .text	00000000 I3C_ER_IRQHandler
20000b04 g     O .bss	00000004 mValue
20000484 g     O .bss	00000004 g_fault_sp
0000127e  w      .text	00000000 PVD_IRQHandler
0000127e  w      .text	00000000 SDIO_IRQHandler
20000b08 g     O .bss	00000004 pTX_DMA_A_REG
000001e4 g     F .text	00000024 .hidden __riscv_restore_10
0000127e  w      .text	00000000 DMA2_Channel8_IRQHandler
00000cca g     F .text	00000002 NMI_Handler
20000474 g     O .bss	00000004 pHOST_TX_RAM_Addr
000011c4 g     F .text	0000003c CHRV3DiskConnect
00003282 g     F .text	000000be mSectorLocate
0000127e  w      .text	00000000 EXTI3_IRQHandler
000001a8 g     F .text	0000002a .hidden __riscv_save_11
0000131e g     F .text	0000000a DBGMCU_GetCHIPID
00000b16 g     F .text	000001b4 UDisk_USBH_ByteOperation
200004a8 g     O .bss	00000004 __stdio_exit_handler
00001014 g     F .text	00000010 USBHostTransact
00001200 g     F .text	00000002 xFileNameEnumer
00001790 g     F .text	0000000a USART_GetFlagStatus
0000127e  w      .text	00000000 DMA2_Channel9_IRQHandler
0000509c g     F .text	0000002c _fstat_r
200004ac g     O .bss	00000004 errno
0000106a g     F .text	0000000e CtrlSetUsbConfig
20000474 g       .bss	00000000 _sbss
00000800 g       *ABS*	00000000 __stack_size
00001828 g     F .text	00000066 USART_Printf_Init
20000530 g     O .bss	0000010a HostCtl
20000b0c g     O .bss	00000004 pDISK_BASE_BUF
00000830 g     F .text	0000001c USBH_SetUsbAddress
0000127e  w      .text	00000000 USART10_IRQHandler
000001fc g     F .text	0000000c .hidden __riscv_restore_2
00000352 g     F .text	0000003a USBHSH_ResetRootHubPort
00000a98 g     F .text	0000007e UDisk_USBH_DiskReady
00001a82 g     F .text	00000046 mWriteSectorFAT
0000127e  w      .text	00000000 USART8_IRQHandler
0000127e  w      .text	00000000 EXTI0_IRQHandler
0000200c g     F .text	000000b8 CHRV3AnalyzeError
000042c0 g     F .text	0000000a puts
0000127e  w      .text	00000000 CAN1_RX0_IRQHandler
0000389a g     F .text	000000ca CHRV3FileModify
00000800 g     F .text	00000016 USBH_EnableRootHubPort
20000458 g     O .data	00000004 SystemCoreClock
000002aa g     F .text	00000046 USBHS_Host_Init
00002d8e g     F .text	00000022 CHRV3s22
000051b6 g     F .text	0000000c _fstat
000001a0 g       .init	00000000 _einit
00001676 g     F .text	0000001a RCC_USBHSPLLCLKConfig
20000b10 g     O .bss	00000004 CHRV3vCurrentOffset
000024c0 g     F .text	0000042e CHRV3s11
000001a0 g     F .text	00000032 .hidden __riscv_save_12
0000127e  w      .text	00000000 ADC1_2_IRQHandler
00001328 g     F .text	000000b6 GPIO_Init
0000127e  w      .text	00000000 Break_Point_Handler
000001e4 g     F .text	00000024 .hidden __riscv_restore_11
000006d2 g     F .text	00000058 USBHSH_GetConfigDescr
0000127e  w      .text	00000000 SPI1_IRQHandler
0000127e  w      .text	00000000 USART5_IRQHandler
00001774 g     F .text	00000014 USART_Cmd
0000514e g     F .text	0000002c _sbrk_r
00002be8 g     F .text	000001a6 CHRV3s21
00000326 g     F .text	0000002c USBHSH_CheckRootHubPortSpeed
00002db0 g     F .text	000004d2 CHRV3FileOpen
0000127e  w      .text	00000000 TAMPER_IRQHandler
000001d4 g     F .text	0000000c .hidden __riscv_save_1
000001fc g     F .text	0000000c .hidden __riscv_restore_0
00005120 g     F .text	0000002e _read_r
20000b14 g     O .bss	00000004 pRX_LEN_REG
000001b8 g     F .text	0000001a .hidden __riscv_save_7
000009f0 g     F .text	000000a8 UDisk_USBH_PreDeal
00003984 g     F .text	0000005c CHRV3ByteLocate
000028ee g     F .text	0000007e mSaveFatSector
20000490 g     O .bss	00000004 g_fault_mepc
0000127e  w      .text	00000000 TIM8_UP_IRQHandler
0000127c g     F .text	00000002 mDelaymS
0000127e  w      .text	00000000 Ecall_M_Mode_Handler
00000778 g     F .text	00000016 USBHSH_ClearEndpStall
00001046 g     F .text	00000024 CtrlGetConfigDescrTB
20021800 g       .stack	00000000 _heap_end
2000065c g     O .bss	00000012 DevDesc_Buf
000051c2 g     F .text	0000000c _isatty
000017c4 g     F .text	00000032 Delay_Us
00001b4e g     F .text	000002c6 CHRV3BulkOnlyCmd
000001f0 g     F .text	00000018 .hidden __riscv_restore_5
0000127e  w      .text	00000000 USART7_IRQHandler
0000127e  w      .text	00000000 DMA2_Channel2_IRQHandler
00003f12 g     F .text	000002ee .hidden __udivdi3
0000127e  w      .text	00000000 DMA1_Channel4_IRQHandler
000018cc g     F .text	0000002a _sbrk
0000072a g     F .text	00000036 USBHSH_SetUsbAddress
0000127e  w      .text	00000000 USART6_IRQHandler
20000b18 g     O .bss	00000001 mDiskBulkOutEndp
00001086 g     F .text	0000009c CHRV3ReadSector
000035b0 g     F .text	000002ea CHRV3FileCreate
000007a4 g     F .text	0000005c Udisk_USBH_Initialization
000001f0 g     F .text	00000018 .hidden __riscv_restore_6
0000127e  w      .text	00000000 USART3_IRQHandler
0000127e  w      .text	00000000 RTC_IRQHandler
20000b78 g       .bss	00000000 _ebss
0000127e  w      .text	00000000 DMA1_Channel7_IRQHandler
00000692 g     F .text	00000040 USBHSH_GetDeviceDescr
0000127e  w      .text	00000000 CAN1_RX1_IRQHandler
0000179a g     F .text	0000002a Delay_Init
0000127e  w      .text	00000000 USBHS2WakeUp_IRQHandler
0000127e  w      .text	00000000 DVP_IRQHandler
20000b1c g     O .bss	00000004 mDiskRsvdSecEnd
20000b20 g     O .bss	00000004 CHRV3vLbaCurrent
200009b0 g     O .bss	00000138 __sf
00001660 g     F .text	00000016 RCC_PB2PeriphClockCmd
000013de g     F .text	00000122 GPIO_IPD_Unused
20000b24 g     O .bss	00000001 CHRV3DiskStatus
20000b28 g     O .bss	00000004 mTempAddrPoint
0000127e  w      .text	00000000 TIM4_IRQHandler
000001a8 g     F .text	0000002a .hidden __riscv_save_9
0000127e  w      .text	00000000 DMA2_Channel1_IRQHandler
20000b2c g     O .bss	00000001 CHRV3IntStatus
000001b8 g     F .text	0000001a .hidden __riscv_save_4
00001078 g     F .text	0000000e CtrlClearEndpStall
0000127e  w      .text	00000000 USBHS1_IRQHandler
20000b30 g     O .bss	00000004 mDiskFatSize
00000816 g     F .text	0000001a USBH_GetDeviceDescr
0000127e  w      .text	00000000 I2C1_EV_IRQHandler
0000127e  w      .text	00000000 USART4_IRQHandler
00000284 g     F .text	00000026 USBHS_RCC_Init
20000b34 g     O .bss	00000004 CHRV3vFileSize
2000063c g     O .bss	0000001f RootHubDev
00001500 g     F .text	0000014a RCC_GetClocksFreq
20000b38 g     O .bss	00000002 CHRV3vSectorSize
0000127e  w      .text	00000000 DMA1_Channel6_IRQHandler
00001690 g     F .text	0000001a RCC_USBHSPLLReferConfig
20000b3a g     O .bss	00000002 CHRV3vFdtOffset
0000465a g     F .text	00000042 __sfputs_r
0000127e  w      .text	00000000 DMA2_Channel4_IRQHandler
0000505a g     F .text	00000018 memchr
000016c0 g     F .text	000000b4 USART_Init
20000b3c g     O .bss	00000001 CHRV3vSubClassIs6
00004424 g     F .text	0000009e _free_r
0000127e  w      .text	00000000 TIM3_IRQHandler
0000127e  w      .text	00000000 RCC_IRQHandler
000001d4 g     F .text	0000000c .hidden __riscv_save_3
0000127e  w      .text	00000000 TIM1_TRG_COM_IRQHandler
0000127e  w      .text	00000000 DMA1_Channel1_IRQHandler
000039e0 g     F .text	00000232 CHRV3ByteRead
00000000 g       .init	00000000 _start
0000127e  w      .text	00000000 DMA2_Channel7_IRQHandler
0000086c g     F .text	00000016 USBH_SetUsbConfig
0000164a g     F .text	00000016 RCC_HBPeriphClockCmd
000051ce g     F .text	0000000c _lseek
20000b40 g     O .bss	00000004 mCurrentCluster
0000127e  w      .text	00000000 EXTI15_10_IRQHandler
2000047c g     O .bss	00000001 UDisk_Opeation_Flag
20000b44 g     O .bss	00000004 CHRV3vFdtLba
0000127e  w      .text	00000000 DMA1_Channel8_IRQHandler
0000127e  w      .text	00000000 I3C_EV_IRQHandler
20000b48 g     O .bss	00000004 CHRV3vStartLba
20000b4c g     O .bss	00000001 CHRV3vSecPerClus
000018fc g     F .text	00000006 __get_MCAUSE
0000051e g     F .text	00000174 USBHSH_CtrlTransfer
0000127e  w      .text	00000000 TIM7_IRQHandler
20000b4e g     O .bss	00000002 CHRV3vPacketSize
00005072 g     F .text	0000002a _close_r
20000400 g       .dalign	00000000 _data_vma
0000127e  w      .text	00000000 TIM5_IRQHandler
20000480 g     O .bss	00000004 g_fault_ra
00001ac8 g     F .text	00000046 mWriteSectorFDT
00003340 g     F .text	0000006e CHRV3s13
20000b50 g     O .bss	00000001 mLinkEndOfClus
20000488 g     O .bss	00000004 g_fault_mtval
0000435a g     F .text	000000ba __swsetup_r
000033ae g     F .text	00000046 mModifyInfoFree
0000127e  w      .text	00000000 EXTI9_5_IRQHandler
0000084c g     F .text	00000020 USBH_GetConfigDescr
0000127e  w      .text	00000000 LTDC_IRQHandler
000001a8 g     F .text	0000002a .hidden __riscv_save_10
00004fb4 g     F .text	0000002a __sread
20000b52 g     O .bss	00000002 mDiskInfoSec
0000127e  w      .text	00000000 ETH_WKUP_IRQHandler
0000462e g     F .text	00000002 __malloc_lock
000001f0 g     F .text	00000018 .hidden __riscv_restore_4
00001902 g     F .text	00000006 __get_MTVAL
000001e4 g     F .text	00000024 .hidden __riscv_restore_8
000016aa g     F .text	00000016 RCC_UTMI1cmd
000018f6 g     F .text	00000006 __get_MEPC
00004d4a g     F .text	00000038 _fflush_r
00000882 g     F .text	0000016e Udisk_USBH_EnumRootDevice
000001b8 g     F .text	0000001a .hidden __riscv_save_6
20000b54 g     O .bss	00000001 CHRV3vCurrentLun
0000127e  w      .text	00000000 SPI2_IRQHandler
20000498 g     O .bss	00000004 HCLKClock
200004f0 g     O .bss	00000040 RxBuffer
00000208 g     F .text	00000010 memset
000001e4 g     F .text	00000024 .hidden __riscv_restore_9
000001f0 g     F .text	00000018 .hidden __riscv_restore_7
00000d00 g     F .text	000000ae main
0000078e g     F .text	00000016 mStopIfError
0000127e  w      .text	00000000 I3CWakeup_IRQHandler
0000127e  w      .text	00000000 CAN1_TX_IRQHandler
00005054 g     F .text	00000006 __sclose
0000127e  w      .text	00000000 DMA2_Channel5_IRQHandler
00004518 g     F .text	00000116 _malloc_r
20000b58 g     O .bss	00000004 mDiskTotalClus
0000127e  w      .text	00000000 USBHS2_IRQHandler
0000127e  w      .text	00000000 DMA1_Channel5_IRQHandler
0000127e  w      .text	00000000 EXTI4_IRQHandler
000017f6 g     F .text	00000032 Delay_Ms
200004b0 g     O .bss	00000040 TxBuffer
20000b5c g     O .bss	00000004 mLbaBufferFAT
00000dae g     F .text	0000016e SystemInit
00001202 g     F .text	0000007a CHRV3LibInit
0000127e  w      .text	00000000 RNG_IRQHandler
000034ec g     F .text	000000c4 CHRV3FileErase
000023d4 g     F .text	000000ec CHRV3DiskReady
2000048c g     O .bss	00000004 g_fault_mcause
00004200 g     F .text	00000028 iprintf
00005668 g     O .text	00000100 .hidden __clz_tab
0000127e  w      .text	00000000 DMA1_Channel9_IRQHandler
00000000 g       .init	00000000 _sinit
0000517a g     F .text	00000030 _write_r
0000127e  w      .text	00000000 DMA1_Channel3_IRQHandler
00003c12 g     F .text	00000300 CHRV3ByteWrite
0000127e  w      .text	00000000 ETH_IRQHandler
000048d8 g     F .text	00000108 _printf_common
20000464 g     O .data	00000004 _impure_ptr
0000127e  w      .text	00000000 TIM1_UP_IRQHandler
20000b60 g     O .bss	00000004 CHRV3vDataStart
20000b64 g     O .bss	00000004 mCurrentName
00004c2c g     F .text	0000011e __sflush_r
00004e8a g     F .text	0000005e _fwalk_sglue
00001a20 g     F .text	00000062 mReadSectorFDT
0000127e  w      .text	00000000 WWDG_IRQHandler
0000127e  w      .text	00000000 DMA2_Channel11_IRQHandler
20000b68 g     O .bss	00000001 mDiskBulkInEndp
0000127e  w      .text	00000000 Ecall_U_Mode_Handler
0000127e  w      .text	00000000 DMA2_Channel6_IRQHandler
0000127e  w      .text	00000000 TIM2_IRQHandler
20022000 g       .stack	00000000 _eusrstack
000001d4 g     F .text	0000000c .hidden __riscv_save_2
0000127e  w      .text	00000000 SW_Handler
0000127e  w      .text	00000000 ARGB_IRQHandler
2000045c g     O .data	00000004 SystemClock
00001024 g     F .text	00000022 HostCtrlTransfer
20000b69 g     O .bss	00000001 CHRV3vSectorSizeB
0000127e  w      .text	00000000 TIM1_BRK_IRQHandler
00004ee8 g     F .text	00000054 __swhatbuf_r
00001788 g     F .text	00000008 USART_SendData
0000127e  w      .text	00000000 DMA2_Channel10_IRQHandler
0000127e  w      .text	00000000 PSRAM_IRQHandler
0000127e  w      .text	00000000 EXTI1_IRQHandler
000001b8 g     F .text	0000001a .hidden __riscv_save_5
2000044c g     O .data	0000000c __sglue
0000188e g     F .text	0000003e _write
20000474 g       .data	00000000 _edata
20000b78 g       .bss	00000000 _end
20000670 g     O .bss	000000ff Com_Buffer
0000127e  w      .text	00000000 RTCAlarm_IRQHandler
000033f4 g     F .text	00000050 mModifyFileSize
000057c0 g       .dlalign	00000000 _data_lma
20000770 g     O .bss	00000200 DISK_BASE_BUF
0000127e  w      .text	00000000 DMA1_Channel13_IRQHandler
0000127e  w      .text	00000000 USBHS1Wakeup_IRQHandler
0000127e  w      .text	00000000 USART2_IRQHandler
00004fde g     F .text	00000046 __swrite
0000469c g     F .text	0000023c _vfiprintf_r
00000f1c g     F .text	000000f8 SystemCoreClockUpdate
20000b6c g     O .bss	00000004 mLbaBufferFDT
20000b70 g     O .bss	00000004 pRX_DMA_A_REG
20000970 g     O .bss	00000040 mCmdParam
000003da g     F .text	00000144 USBHSH_Transact
20000400 g     O .data	0000004c _impure_data
0000127e  w      .text	00000000 DMA1_Channel2_IRQHandler
00001b32 g     F .text	0000001c mUpdateStatus
000001e0 g     F .text	00000028 .hidden __riscv_restore_12
0000127e  w      .text	00000000 TIM8_BRK_IRQHandler
0000127e  w      .text	00000000 DMA1_Channel10_IRQHandler
000051da g     F .text	0000000c _read
00001280  w      .text	00000000 handle_reset
0000296c g     F .text	0000027c CHRV3s20
0000127e  w      .text	00000000 CAN1_SCE_IRQHandler
0000127e  w      .text	00000000 FLASH_IRQHandler
000001d4 g     F .text	0000000c .hidden __riscv_save_0
00001b2e g     F .text	00000004 CHRV3GetVer
20000b74 g     O .bss	00000001 mDiskInterfNumber
0000127e  w      .text	00000000 USART1_IRQHandler
00004f3c g     F .text	00000078 __smakebuf_r
20000b75 g     O .bss	00000001 mCurSecOffset
000049e0 g     F .text	0000024c _printf_i
0000127e  w      .text	00000000 SPI3_IRQHandler
200004a0 g     O .bss	00000004 __malloc_sbrk_start
20000b76 g     O .bss	00000001 mFileSizeChanged
0000127e  w      .text	00000000 I2C1_ER_IRQHandler
000002f0 g     F .text	00000036 USBHSH_CheckRootHubPortStatus
200004a4 g     O .bss	00000004 __malloc_free_list
000001fc g     F .text	0000000c .hidden __riscv_restore_1
0000127e  w      .text	00000000 DMA1_Channel11_IRQHandler
0000469c g     F .text	0000023c _vfprintf_r
20000b77 g     O .bss	00000001 mSaveDevEndpTog
00000760 g     F .text	00000018 USBHSH_SetUsbConfig
00003444 g     F .text	000000a8 CHRV3FileClose
000051aa g     F .text	0000000c _close
0000127e  w      .text	00000000 DMA2_Channel3_IRQHandler



Disassembly of section .init:

00000000 <_sinit>:
   0:	2800106f          	j	1280 <handle_reset>
   4:	00000000          	.word	0x00000000
   8:	00000cca          	.word	0x00000cca
   c:	00000ccc          	.word	0x00000ccc
  10:	00000000          	.word	0x00000000
  14:	0000127e          	.word	0x0000127e
	...
  20:	0000127e          	.word	0x0000127e
  24:	0000127e          	.word	0x0000127e
	...
  30:	0000127e          	.word	0x0000127e
  34:	00000000          	.word	0x00000000
  38:	0000127e          	.word	0x0000127e
  3c:	00000000          	.word	0x00000000
  40:	0000127e          	.word	0x0000127e
  44:	0000127e          	.word	0x0000127e
  48:	0000127e          	.word	0x0000127e
  4c:	0000127e          	.word	0x0000127e
  50:	0000127e          	.word	0x0000127e
  54:	0000127e          	.word	0x0000127e
  58:	0000127e          	.word	0x0000127e
  5c:	0000127e          	.word	0x0000127e
  60:	0000127e          	.word	0x0000127e
  64:	0000127e          	.word	0x0000127e
  68:	0000127e          	.word	0x0000127e
  6c:	0000127e          	.word	0x0000127e
  70:	0000127e          	.word	0x0000127e
  74:	0000127e          	.word	0x0000127e
  78:	0000127e          	.word	0x0000127e
  7c:	0000127e          	.word	0x0000127e
  80:	0000127e          	.word	0x0000127e
  84:	0000127e          	.word	0x0000127e
  88:	0000127e          	.word	0x0000127e
  8c:	0000127e          	.word	0x0000127e
  90:	0000127e          	.word	0x0000127e
  94:	0000127e          	.word	0x0000127e
  98:	0000127e          	.word	0x0000127e
  9c:	0000127e          	.word	0x0000127e
  a0:	0000127e          	.word	0x0000127e
  a4:	0000127e          	.word	0x0000127e
  a8:	0000127e          	.word	0x0000127e
  ac:	0000127e          	.word	0x0000127e
  b0:	0000127e          	.word	0x0000127e
  b4:	0000127e          	.word	0x0000127e
  b8:	0000127e          	.word	0x0000127e
  bc:	0000127e          	.word	0x0000127e
  c0:	0000127e          	.word	0x0000127e
  c4:	0000127e          	.word	0x0000127e
  c8:	0000127e          	.word	0x0000127e
  cc:	0000127e          	.word	0x0000127e
  d0:	0000127e          	.word	0x0000127e
  d4:	0000127e          	.word	0x0000127e
  d8:	0000127e          	.word	0x0000127e
  dc:	0000127e          	.word	0x0000127e
  e0:	0000127e          	.word	0x0000127e
  e4:	0000127e          	.word	0x0000127e
  e8:	0000127e          	.word	0x0000127e
  ec:	0000127e          	.word	0x0000127e
  f0:	0000127e          	.word	0x0000127e
  f4:	0000127e          	.word	0x0000127e
  f8:	0000127e          	.word	0x0000127e
  fc:	0000127e          	.word	0x0000127e
 100:	00000000          	.word	0x00000000
 104:	0000127e          	.word	0x0000127e
 108:	0000127e          	.word	0x0000127e
 10c:	0000127e          	.word	0x0000127e
 110:	0000127e          	.word	0x0000127e
 114:	0000127e          	.word	0x0000127e
 118:	0000127e          	.word	0x0000127e
 11c:	0000127e          	.word	0x0000127e
 120:	0000127e          	.word	0x0000127e
 124:	0000127e          	.word	0x0000127e
 128:	0000127e          	.word	0x0000127e
 12c:	0000127e          	.word	0x0000127e
 130:	0000127e          	.word	0x0000127e
 134:	0000127e          	.word	0x0000127e
 138:	0000127e          	.word	0x0000127e
 13c:	0000127e          	.word	0x0000127e
 140:	0000127e          	.word	0x0000127e
 144:	0000127e          	.word	0x0000127e
 148:	0000127e          	.word	0x0000127e
 14c:	0000127e          	.word	0x0000127e
 150:	0000127e          	.word	0x0000127e
 154:	0000127e          	.word	0x0000127e
 158:	0000127e          	.word	0x0000127e
 15c:	0000127e          	.word	0x0000127e
 160:	0000127e          	.word	0x0000127e
 164:	0000127e          	.word	0x0000127e
 168:	0000127e          	.word	0x0000127e
 16c:	0000127e          	.word	0x0000127e
 170:	0000127e          	.word	0x0000127e
 174:	0000127e          	.word	0x0000127e
 178:	0000127e          	.word	0x0000127e
 17c:	0000127e          	.word	0x0000127e
 180:	0000127e          	.word	0x0000127e
 184:	0000127e          	.word	0x0000127e
 188:	0000127e          	.word	0x0000127e
 18c:	0000127e          	.word	0x0000127e
 190:	0000127e          	.word	0x0000127e
 194:	0000127e          	.word	0x0000127e
 198:	0000127e          	.word	0x0000127e
 19c:	0000127e          	.word	0x0000127e

Disassembly of section .text:

000001a0 <__riscv_save_12>:
     1a0:	7139                	addi	sp,sp,-64
     1a2:	4301                	li	t1,0
     1a4:	c66e                	sw	s11,12(sp)
     1a6:	a019                	j	1ac <__riscv_save_10+0x4>

000001a8 <__riscv_save_10>:
     1a8:	7139                	addi	sp,sp,-64
     1aa:	5341                	li	t1,-16
     1ac:	c86a                	sw	s10,16(sp)
     1ae:	ca66                	sw	s9,20(sp)
     1b0:	cc62                	sw	s8,24(sp)
     1b2:	ce5e                	sw	s7,28(sp)
     1b4:	a021                	j	1bc <__riscv_save_4+0x4>
     1b6:	0001                	nop

000001b8 <__riscv_save_4>:
     1b8:	7139                	addi	sp,sp,-64
     1ba:	5301                	li	t1,-32
     1bc:	d05a                	sw	s6,32(sp)
     1be:	d256                	sw	s5,36(sp)
     1c0:	d452                	sw	s4,40(sp)
     1c2:	d64e                	sw	s3,44(sp)
     1c4:	d84a                	sw	s2,48(sp)
     1c6:	da26                	sw	s1,52(sp)
     1c8:	dc22                	sw	s0,56(sp)
     1ca:	de06                	sw	ra,60(sp)
     1cc:	40610133          	sub	sp,sp,t1
     1d0:	8282                	jr	t0
     1d2:	0001                	nop

000001d4 <__riscv_save_0>:
     1d4:	1141                	addi	sp,sp,-16
     1d6:	c04a                	sw	s2,0(sp)
     1d8:	c226                	sw	s1,4(sp)
     1da:	c422                	sw	s0,8(sp)
     1dc:	c606                	sw	ra,12(sp)
     1de:	8282                	jr	t0

000001e0 <__riscv_restore_12>:
     1e0:	4db2                	lw	s11,12(sp)
     1e2:	0141                	addi	sp,sp,16

000001e4 <__riscv_restore_10>:
     1e4:	4d02                	lw	s10,0(sp)
     1e6:	4c92                	lw	s9,4(sp)
     1e8:	4c22                	lw	s8,8(sp)
     1ea:	4bb2                	lw	s7,12(sp)
     1ec:	0141                	addi	sp,sp,16
     1ee:	0001                	nop

000001f0 <__riscv_restore_4>:
     1f0:	4b02                	lw	s6,0(sp)
     1f2:	4a92                	lw	s5,4(sp)
     1f4:	4a22                	lw	s4,8(sp)
     1f6:	49b2                	lw	s3,12(sp)
     1f8:	0141                	addi	sp,sp,16
     1fa:	0001                	nop

000001fc <__riscv_restore_0>:
     1fc:	4902                	lw	s2,0(sp)
     1fe:	4492                	lw	s1,4(sp)
     200:	4422                	lw	s0,8(sp)
     202:	40b2                	lw	ra,12(sp)
     204:	0141                	addi	sp,sp,16
     206:	8082                	ret

00000208 <memset>:
     208:	832a                	mv	t1,a0
     20a:	c611                	beqz	a2,216 <memset+0xe>
     20c:	00b30023          	sb	a1,0(t1)
     210:	167d                	addi	a2,a2,-1
     212:	0305                	addi	t1,t1,1
     214:	fe65                	bnez	a2,20c <memset+0x4>
     216:	8082                	ret

00000218 <USBHS_RCC_Init.part.0>:
     218:	fbdff2ef          	jal	t0,1d4 <__riscv_save_0>
     21c:	40021437          	lui	s0,0x40021
     220:	401c                	lw	a5,0(s0)
     222:	1141                	addi	sp,sp,-16
     224:	00a79713          	slli	a4,a5,0xa
     228:	00075b63          	bgez	a4,23e <USBHS_RCC_Init.part.0+0x26>
     22c:	4505                	li	a0,1
     22e:	47c010ef          	jal	16aa <RCC_UTMI1cmd>
     232:	4585                	li	a1,1
     234:	6505                	lui	a0,0x1
     236:	414010ef          	jal	164a <RCC_HBPeriphClockCmd>
     23a:	0141                	addi	sp,sp,16
     23c:	b7c1                	j	1fc <__riscv_restore_0>
     23e:	4581                	li	a1,0
     240:	6505                	lui	a0,0x1
     242:	408010ef          	jal	164a <RCC_HBPeriphClockCmd>
     246:	401c                	lw	a5,0(s0)
     248:	4505                	li	a0,1
     24a:	49479793          	bclri	a5,a5,0x14
     24e:	c01c                	sw	a5,0(s0)
     250:	426010ef          	jal	1676 <RCC_USBHSPLLCLKConfig>
     254:	4505                	li	a0,1
     256:	43a010ef          	jal	1690 <RCC_USBHSPLLReferConfig>
     25a:	401c                	lw	a5,0(s0)
     25c:	29479793          	bseti	a5,a5,0x14
     260:	c01c                	sw	a5,0(s0)
     262:	000317b7          	lui	a5,0x31
     266:	d4078793          	addi	a5,a5,-704 # 30d40 <_data_lma+0x2b580>
     26a:	c63e                	sw	a5,12(sp)
     26c:	47b2                	lw	a5,12(sp)
     26e:	fff78713          	addi	a4,a5,-1
     272:	c63a                	sw	a4,12(sp)
     274:	dfc5                	beqz	a5,22c <USBHS_RCC_Init.part.0+0x14>
     276:	401c                	lw	a5,0(s0)
     278:	00a79713          	slli	a4,a5,0xa
     27c:	fa0748e3          	bltz	a4,22c <USBHS_RCC_Init.part.0+0x14>
     280:	0001                	nop
     282:	b7ed                	j	26c <USBHS_RCC_Init.part.0+0x54>

00000284 <USBHS_RCC_Init>:
     284:	f51ff2ef          	jal	t0,1d4 <__riscv_save_0>
     288:	c119                	beqz	a0,28e <USBHS_RCC_Init+0xa>
     28a:	3779                	jal	218 <USBHS_RCC_Init.part.0>
     28c:	bf85                	j	1fc <__riscv_restore_0>
     28e:	4581                	li	a1,0
     290:	6505                	lui	a0,0x1
     292:	3b8010ef          	jal	164a <RCC_HBPeriphClockCmd>
     296:	4501                	li	a0,0
     298:	412010ef          	jal	16aa <RCC_UTMI1cmd>
     29c:	40021737          	lui	a4,0x40021
     2a0:	431c                	lw	a5,0(a4)
     2a2:	49479793          	bclri	a5,a5,0x14
     2a6:	c31c                	sw	a5,0(a4)
     2a8:	b7d5                	j	28c <USBHS_RCC_Init+0x8>

000002aa <USBHS_Host_Init>:
     2aa:	f2bff2ef          	jal	t0,1d4 <__riscv_save_0>
     2ae:	40024437          	lui	s0,0x40024
     2b2:	10040413          	addi	s0,s0,256 # 40024100 <_eusrstack+0x20002100>
     2b6:	c90d                	beqz	a0,2e8 <USBHS_Host_Init+0x3e>
     2b8:	3785                	jal	218 <USBHS_RCC_Init.part.0>
     2ba:	47a5                	li	a5,9
     2bc:	a01c                	sb	a5,0(s0)
     2be:	85818793          	addi	a5,gp,-1960 # 200004b0 <TxBuffer>
     2c2:	d41c                	sw	a5,40(s0)
     2c4:	89818793          	addi	a5,gp,-1896 # 200004f0 <RxBuffer>
     2c8:	d05c                	sw	a5,36(s0)
     2ca:	20000793          	li	a5,512
     2ce:	d01c                	sw	a5,32(s0)
     2d0:	f8100793          	li	a5,-127
     2d4:	02f40823          	sb	a5,48(s0)
     2d8:	485c                	lw	a5,20(s0)
     2da:	29879793          	bseti	a5,a5,0x18
     2de:	c85c                	sw	a5,20(s0)
     2e0:	03800793          	li	a5,56
     2e4:	a01c                	sb	a5,0(s0)
     2e6:	bf19                	j	1fc <__riscv_restore_0>
     2e8:	479d                	li	a5,7
     2ea:	a01c                	sb	a5,0(s0)
     2ec:	3f61                	jal	284 <USBHS_RCC_Init>
     2ee:	bfe5                	j	2e6 <USBHS_Host_Init+0x3c>

000002f0 <USBHSH_CheckRootHubPortStatus>:
     2f0:	40024737          	lui	a4,0x40024
     2f4:	13674783          	lbu	a5,310(a4) # 40024136 <_eusrstack+0x20002136>
     2f8:	10070713          	addi	a4,a4,256
     2fc:	8b85                	andi	a5,a5,1
     2fe:	cf99                	beqz	a5,31c <USBHSH_CheckRootHubPortStatus+0x2c>
     300:	4685                	li	a3,1
     302:	02d70b23          	sb	a3,54(a4)
     306:	3b56                	lhu	a3,52(a4)
     308:	8a85                	andi	a3,a3,1
     30a:	ce81                	beqz	a3,322 <USBHSH_CheckRootHubPortStatus+0x32>
     30c:	c909                	beqz	a0,31e <USBHSH_CheckRootHubPortStatus+0x2e>
     30e:	4689                	li	a3,2
     310:	00d50663          	beq	a0,a3,31c <USBHSH_CheckRootHubPortStatus+0x2c>
     314:	2318                	lbu	a4,0(a4)
     316:	02077713          	andi	a4,a4,32
     31a:	c311                	beqz	a4,31e <USBHSH_CheckRootHubPortStatus+0x2e>
     31c:	4789                	li	a5,2
     31e:	853e                	mv	a0,a5
     320:	8082                	ret
     322:	4781                	li	a5,0
     324:	bfed                	j	31e <USBHSH_CheckRootHubPortStatus+0x2e>

00000326 <USBHSH_CheckRootHubPortSpeed>:
     326:	400247b7          	lui	a5,0x40024
     32a:	10078793          	addi	a5,a5,256 # 40024100 <_eusrstack+0x20002100>
     32e:	3bde                	lhu	a5,52(a5)
     330:	20000713          	li	a4,512
     334:	4501                	li	a0,0
     336:	6007f793          	andi	a5,a5,1536
     33a:	00e78b63          	beq	a5,a4,350 <USBHSH_CheckRootHubPortSpeed+0x2a>
     33e:	4505                	li	a0,1
     340:	cb81                	beqz	a5,350 <USBHSH_CheckRootHubPortSpeed+0x2a>
     342:	40000713          	li	a4,1024
     346:	4509                	li	a0,2
     348:	00e78463          	beq	a5,a4,350 <USBHSH_CheckRootHubPortSpeed+0x2a>
     34c:	0ff00513          	li	a0,255
     350:	8082                	ret

00000352 <USBHSH_ResetRootHubPort>:
     352:	e83ff2ef          	jal	t0,1d4 <__riscv_save_0>
     356:	40024437          	lui	s0,0x40024
     35a:	10040413          	addi	s0,s0,256 # 40024100 <_eusrstack+0x20002100>
     35e:	000401a3          	sb	zero,3(s0)
     362:	545c                	lw	a5,44(s0)
     364:	12c00493          	li	s1,300
     368:	0017e793          	ori	a5,a5,1
     36c:	d45c                	sw	a5,44(s0)
     36e:	03644783          	lbu	a5,54(s0)
     372:	8bc1                	andi	a5,a5,16
     374:	c789                	beqz	a5,37e <USBHSH_ResetRootHubPort+0x2c>
     376:	47c1                	li	a5,16
     378:	02f40b23          	sb	a5,54(s0)
     37c:	b541                	j	1fc <__riscv_restore_0>
     37e:	06400513          	li	a0,100
     382:	14fd                	addi	s1,s1,-1
     384:	440010ef          	jal	17c4 <Delay_Us>
     388:	f0fd                	bnez	s1,36e <USBHSH_ResetRootHubPort+0x1c>
     38a:	bfcd                	j	37c <USBHSH_ResetRootHubPort+0x2a>

0000038c <USBHSH_EnableRootHubPort>:
     38c:	400247b7          	lui	a5,0x40024
     390:	1347d703          	lhu	a4,308(a5) # 40024134 <_eusrstack+0x20002134>
     394:	8b05                	andi	a4,a4,1
     396:	c715                	beqz	a4,3c2 <USBHSH_EnableRootHubPort+0x36>
     398:	10078793          	addi	a5,a5,256
     39c:	239c                	lbu	a5,0(a5)
     39e:	0207f793          	andi	a5,a5,32
     3a2:	e395                	bnez	a5,3c6 <USBHSH_EnableRootHubPort+0x3a>
     3a4:	e31ff2ef          	jal	t0,1d4 <__riscv_save_0>
     3a8:	842a                	mv	s0,a0
     3aa:	3fb5                	jal	326 <USBHSH_CheckRootHubPortSpeed>
     3ac:	a008                	sb	a0,0(s0)
     3ae:	400247b7          	lui	a5,0x40024
     3b2:	1007c703          	lbu	a4,256(a5) # 40024100 <_eusrstack+0x20002100>
     3b6:	4501                	li	a0,0
     3b8:	02076713          	ori	a4,a4,32
     3bc:	10e78023          	sb	a4,256(a5)
     3c0:	bd35                	j	1fc <__riscv_restore_0>
     3c2:	4559                	li	a0,22
     3c4:	8082                	ret
     3c6:	400247b7          	lui	a5,0x40024
     3ca:	1007c703          	lbu	a4,256(a5) # 40024100 <_eusrstack+0x20002100>
     3ce:	4501                	li	a0,0
     3d0:	02076713          	ori	a4,a4,32
     3d4:	10e78023          	sb	a4,256(a5)
     3d8:	8082                	ret

000003da <USBHSH_Transact>:
     3da:	dcfff2ef          	jal	t0,1a8 <__riscv_save_10>
     3de:	00f57913          	andi	s2,a0,15
     3e2:	47a5                	li	a5,9
     3e4:	89b2                	mv	s3,a2
     3e6:	04f91f63          	bne	s2,a5,444 <USBHSH_Transact+0x6a>
     3ea:	1805f593          	andi	a1,a1,384
     3ee:	00b035b3          	snez	a1,a1
     3f2:	00859c93          	slli	s9,a1,0x8
     3f6:	00ace533          	or	a0,s9,a0
     3fa:	40024437          	lui	s0,0x40024
     3fe:	4481                	li	s1,0
     400:	29051a13          	bseti	s4,a0,0x10
     404:	10040413          	addi	s0,s0,256 # 40024100 <_eusrstack+0x20002100>
     408:	4ac1                	li	s5,16
     40a:	4b05                	li	s6,1
     40c:	5bf1                	li	s7,-4
     40e:	4c25                	li	s8,9
     410:	01442223          	sw	s4,4(s0)
     414:	01540423          	sb	s5,8(s0)
     418:	3e800d13          	li	s10,1000
     41c:	241c                	lbu	a5,8(s0)
     41e:	8bc1                	andi	a5,a5,16
     420:	eb89                	bnez	a5,432 <USBHSH_Transact+0x58>
     422:	1d7d                	addi	s10,s10,-1
     424:	4505                	li	a0,1
     426:	080d4d33          	zext.h	s10,s10
     42a:	39a010ef          	jal	17c4 <Delay_Us>
     42e:	fe0d17e3          	bnez	s10,41c <USBHSH_Transact+0x42>
     432:	405c                	lw	a5,4(s0)
     434:	9bc1                	andi	a5,a5,-16
     436:	c05c                	sw	a5,4(s0)
     438:	241c                	lbu	a5,8(s0)
     43a:	8bc1                	andi	a5,a5,16
     43c:	eb99                	bnez	a5,452 <USBHSH_Transact+0x78>
     43e:	0fe00513          	li	a0,254
     442:	a881                	j	492 <USBHSH_Transact+0xb8>
     444:	4785                	li	a5,1
     446:	4c81                	li	s9,0
     448:	faf917e3          	bne	s2,a5,3f6 <USBHSH_Transact+0x1c>
     44c:	1405f593          	andi	a1,a1,320
     450:	bf79                	j	3ee <USBHSH_Transact+0x14>
     452:	03644503          	lbu	a0,54(s0)
     456:	8905                	andi	a0,a0,1
     458:	c105                	beqz	a0,478 <USBHSH_Transact+0x9e>
     45a:	03640b23          	sb	s6,54(s0)
     45e:	0c800513          	li	a0,200
     462:	362010ef          	jal	17c4 <Delay_Us>
     466:	385e                	lhu	a5,52(s0)
     468:	8b85                	andi	a5,a5,1
     46a:	c3d5                	beqz	a5,50e <USBHSH_Transact+0x134>
     46c:	201c                	lbu	a5,0(s0)
     46e:	0207f793          	andi	a5,a5,32
     472:	c3bd                	beqz	a5,4d8 <USBHSH_Transact+0xfe>
     474:	4555                	li	a0,21
     476:	a831                	j	492 <USBHSH_Transact+0xb8>
     478:	241c                	lbu	a5,8(s0)
     47a:	8bc1                	andi	a5,a5,16
     47c:	c7d1                	beqz	a5,508 <USBHSH_Transact+0x12e>
     47e:	3418                	lbu	a4,9(s0)
     480:	00f77793          	andi	a5,a4,15
     484:	03891463          	bne	s2,s8,4ac <USBHSH_Transact+0xd2>
     488:	468d                	li	a3,3
     48a:	00d79563          	bne	a5,a3,494 <USBHSH_Transact+0xba>
     48e:	000c9863          	bnez	s9,49e <USBHSH_Transact+0xc4>
     492:	bb89                	j	1e4 <__riscv_restore_10>
     494:	46ad                	li	a3,11
     496:	02d79063          	bne	a5,a3,4b6 <USBHSH_Transact+0xdc>
     49a:	fe0c9ce3          	bnez	s9,492 <USBHSH_Transact+0xb8>
     49e:	8b1d                	andi	a4,a4,7
     4a0:	1775                	addi	a4,a4,-3
     4a2:	cb1d                	beqz	a4,4d8 <USBHSH_Transact+0xfe>
     4a4:	cb95                	beqz	a5,4d8 <USBHSH_Transact+0xfe>
     4a6:	0207e513          	ori	a0,a5,32
     4aa:	b7e5                	j	492 <USBHSH_Transact+0xb8>
     4ac:	00b77693          	andi	a3,a4,11
     4b0:	4609                	li	a2,2
     4b2:	fec680e3          	beq	a3,a2,492 <USBHSH_Transact+0xb8>
     4b6:	46b9                	li	a3,14
     4b8:	04d78d63          	beq	a5,a3,512 <USBHSH_Transact+0x138>
     4bc:	46a9                	li	a3,10
     4be:	02d79963          	bne	a5,a3,4f0 <USBHSH_Transact+0x116>
     4c2:	04098b63          	beqz	s3,518 <USBHSH_Transact+0x13e>
     4c6:	67c1                	lui	a5,0x10
     4c8:	17f9                	addi	a5,a5,-2 # fffe <_data_lma+0xa83e>
     4ca:	0137b7b3          	sltu	a5,a5,s3
     4ce:	0017b793          	seqz	a5,a5
     4d2:	40f989b3          	sub	s3,s3,a5
     4d6:	14fd                	addi	s1,s1,-1
     4d8:	453d                	li	a0,15
     4da:	2ea010ef          	jal	17c4 <Delay_Us>
     4de:	0485                	addi	s1,s1,1
     4e0:	0ff4f493          	zext.b	s1,s1
     4e4:	47a9                	li	a5,10
     4e6:	f2f495e3          	bne	s1,a5,410 <USBHSH_Transact+0x36>
     4ea:	02000513          	li	a0,32
     4ee:	b755                	j	492 <USBHSH_Transact+0xb8>
     4f0:	46b5                	li	a3,13
     4f2:	fad909e3          	beq	s2,a3,4a4 <USBHSH_Transact+0xca>
     4f6:	f526e4e3          	bltu	a3,s2,43e <USBHSH_Transact+0x64>
     4fa:	4685                	li	a3,1
     4fc:	fad904e3          	beq	s2,a3,4a4 <USBHSH_Transact+0xca>
     500:	46a5                	li	a3,9
     502:	f2d91ee3          	bne	s2,a3,43e <USBHSH_Transact+0x64>
     506:	bf61                	j	49e <USBHSH_Transact+0xc4>
     508:	01740423          	sb	s7,8(s0)
     50c:	b7f1                	j	4d8 <USBHSH_Transact+0xfe>
     50e:	4559                	li	a0,22
     510:	b749                	j	492 <USBHSH_Transact+0xb8>
     512:	02e00513          	li	a0,46
     516:	bfb5                	j	492 <USBHSH_Transact+0xb8>
     518:	02a00513          	li	a0,42
     51c:	bf9d                	j	492 <USBHSH_Transact+0xb8>

0000051e <USBHSH_CtrlTransfer>:
     51e:	c9bff2ef          	jal	t0,1b8 <__riscv_save_4>
     522:	8a2a                	mv	s4,a0
     524:	89b2                	mv	s3,a2
     526:	06400513          	li	a0,100
     52a:	892e                	mv	s2,a1
     52c:	298010ef          	jal	17c4 <Delay_Us>
     530:	00098463          	beqz	s3,538 <USBHSH_CtrlTransfer+0x1a>
     534:	00099023          	sh	zero,0(s3)
     538:	40024437          	lui	s0,0x40024
     53c:	10040413          	addi	s0,s0,256 # 40024100 <_eusrstack+0x20002100>
     540:	47a1                	li	a5,8
     542:	663d                	lui	a2,0xf
     544:	cc1c                	sw	a5,24(s0)
     546:	a6060613          	addi	a2,a2,-1440 # ea60 <_data_lma+0x92a0>
     54a:	4581                	li	a1,0
     54c:	4535                	li	a0,13
     54e:	3571                	jal	3da <USBHSH_Transact>
     550:	e571                	bnez	a0,61c <USBHSH_CtrlTransfer+0xfe>
     552:	405c                	lw	a5,4(s0)
     554:	85818b13          	addi	s6,gp,-1960 # 200004b0 <TxBuffer>
     558:	cff7f793          	andi	a5,a5,-769
     55c:	006b5483          	lhu	s1,6(s6)
     560:	1007e793          	ori	a5,a5,256
     564:	c05c                	sw	a5,4(s0)
     566:	c0c1                	beqz	s1,5e6 <USBHSH_CtrlTransfer+0xc8>
     568:	06090f63          	beqz	s2,5e6 <USBHSH_CtrlTransfer+0xc8>
     56c:	000b0783          	lb	a5,0(s6)
     570:	0c07d063          	bgez	a5,630 <USBHSH_CtrlTransfer+0x112>
     574:	89818a93          	addi	s5,gp,-1896 # 200004f0 <RxBuffer>
     578:	06400513          	li	a0,100
     57c:	248010ef          	jal	17c4 <Delay_Us>
     580:	404c                	lw	a1,4(s0)
     582:	663d                	lui	a2,0xf
     584:	a6060613          	addi	a2,a2,-1440 # ea60 <_data_lma+0x92a0>
     588:	0805c5b3          	zext.h	a1,a1
     58c:	4525                	li	a0,9
     58e:	35b1                	jal	3da <USBHSH_Transact>
     590:	e551                	bnez	a0,61c <USBHSH_CtrlTransfer+0xfe>
     592:	405c                	lw	a5,4(s0)
     594:	1007c793          	xori	a5,a5,256
     598:	c05c                	sw	a5,4(s0)
     59a:	4c58                	lw	a4,28(s0)
     59c:	87a6                	mv	a5,s1
     59e:	00977563          	bgeu	a4,s1,5a8 <USBHSH_CtrlTransfer+0x8a>
     5a2:	4c5c                	lw	a5,28(s0)
     5a4:	0807c7b3          	zext.h	a5,a5
     5a8:	00098763          	beqz	s3,5b6 <USBHSH_CtrlTransfer+0x98>
     5ac:	0009d703          	lhu	a4,0(s3)
     5b0:	973e                	add	a4,a4,a5
     5b2:	00e99023          	sh	a4,0(s3)
     5b6:	4701                	li	a4,0
     5b8:	080746b3          	zext.h	a3,a4
     5bc:	06d79163          	bne	a5,a3,61e <USBHSH_CtrlTransfer+0x100>
     5c0:	4c58                	lw	a4,28(s0)
     5c2:	cf01                	beqz	a4,5da <USBHSH_CtrlTransfer+0xbc>
     5c4:	4c54                	lw	a3,28(s0)
     5c6:	fffa0713          	addi	a4,s4,-1
     5ca:	8f75                	and	a4,a4,a3
     5cc:	e719                	bnez	a4,5da <USBHSH_CtrlTransfer+0xbc>
     5ce:	993e                	add	s2,s2,a5
     5d0:	40f487b3          	sub	a5,s1,a5
     5d4:	0807c4b3          	zext.h	s1,a5
     5d8:	f0c5                	bnez	s1,578 <USBHSH_CtrlTransfer+0x5a>
     5da:	400247b7          	lui	a5,0x40024
     5de:	10078793          	addi	a5,a5,256 # 40024100 <_eusrstack+0x20002100>
     5e2:	0007ac23          	sw	zero,24(a5)
     5e6:	06400513          	li	a0,100
     5ea:	40024437          	lui	s0,0x40024
     5ee:	1d6010ef          	jal	17c4 <Delay_Us>
     5f2:	10040413          	addi	s0,s0,256 # 40024100 <_eusrstack+0x20002100>
     5f6:	4c08                	lw	a0,24(s0)
     5f8:	663d                	lui	a2,0xf
     5fa:	a6060613          	addi	a2,a2,-1440 # ea60 <_data_lma+0x92a0>
     5fe:	00153513          	seqz	a0,a0
     602:	40a00533          	neg	a0,a0
     606:	9961                	andi	a0,a0,-8
     608:	10000593          	li	a1,256
     60c:	0525                	addi	a0,a0,9 # 1009 <SystemCoreClockUpdate+0xed>
     60e:	33f1                	jal	3da <USBHSH_Transact>
     610:	e511                	bnez	a0,61c <USBHSH_CtrlTransfer+0xfe>
     612:	4c1c                	lw	a5,24(s0)
     614:	c781                	beqz	a5,61c <USBHSH_CtrlTransfer+0xfe>
     616:	4c5c                	lw	a5,28(s0)
     618:	c391                	beqz	a5,61c <USBHSH_CtrlTransfer+0xfe>
     61a:	455d                	li	a0,23
     61c:	bed1                	j	1f0 <__riscv_restore_4>
     61e:	015706b3          	add	a3,a4,s5
     622:	2290                	lbu	a2,0(a3)
     624:	00e906b3          	add	a3,s2,a4
     628:	0705                	addi	a4,a4,1
     62a:	a290                	sb	a2,0(a3)
     62c:	b771                	j	5b8 <USBHSH_CtrlTransfer+0x9a>
     62e:	8956                	mv	s2,s5
     630:	06400513          	li	a0,100
     634:	190010ef          	jal	17c4 <Delay_Us>
     638:	0a9a57b3          	minu	a5,s4,s1
     63c:	cc1c                	sw	a5,24(s0)
     63e:	8aca                	mv	s5,s2
     640:	4c18                	lw	a4,24(s0)
     642:	412a87b3          	sub	a5,s5,s2
     646:	0807c7b3          	zext.h	a5,a5
     64a:	02e79e63          	bne	a5,a4,686 <USBHSH_CtrlTransfer+0x168>
     64e:	404c                	lw	a1,4(s0)
     650:	663d                	lui	a2,0xf
     652:	a6060613          	addi	a2,a2,-1440 # ea60 <_data_lma+0x92a0>
     656:	0805c5b3          	zext.h	a1,a1
     65a:	4505                	li	a0,1
     65c:	3bbd                	jal	3da <USBHSH_Transact>
     65e:	fd5d                	bnez	a0,61c <USBHSH_CtrlTransfer+0xfe>
     660:	405c                	lw	a5,4(s0)
     662:	1007c793          	xori	a5,a5,256
     666:	c05c                	sw	a5,4(s0)
     668:	4c1c                	lw	a5,24(s0)
     66a:	40f487b3          	sub	a5,s1,a5
     66e:	0807c4b3          	zext.h	s1,a5
     672:	00098863          	beqz	s3,682 <USBHSH_CtrlTransfer+0x164>
     676:	4c18                	lw	a4,24(s0)
     678:	0009d783          	lhu	a5,0(s3)
     67c:	97ba                	add	a5,a5,a4
     67e:	00f99023          	sh	a5,0(s3)
     682:	f4d5                	bnez	s1,62e <USBHSH_CtrlTransfer+0x110>
     684:	b78d                	j	5e6 <USBHSH_CtrlTransfer+0xc8>
     686:	000ac703          	lbu	a4,0(s5)
     68a:	97da                	add	a5,a5,s6
     68c:	0a85                	addi	s5,s5,1
     68e:	a398                	sb	a4,0(a5)
     690:	bf45                	j	640 <USBHSH_CtrlTransfer+0x122>

00000692 <USBHSH_GetDeviceDescr>:
     692:	b43ff2ef          	jal	t0,1d4 <__riscv_save_0>
     696:	47a1                	li	a5,8
     698:	1101                	addi	sp,sp,-32
     69a:	01000737          	lui	a4,0x1000
     69e:	a11c                	sb	a5,0(a0)
     6a0:	85818793          	addi	a5,gp,-1960 # 200004b0 <TxBuffer>
     6a4:	68070713          	addi	a4,a4,1664 # 1000680 <_data_lma+0xffaec0>
     6a8:	c398                	sw	a4,0(a5)
     6aa:	00120737          	lui	a4,0x120
     6ae:	c3d8                	sw	a4,4(a5)
     6b0:	842a                	mv	s0,a0
     6b2:	2108                	lbu	a0,0(a0)
     6b4:	01e10613          	addi	a2,sp,30
     6b8:	c62e                	sw	a1,12(sp)
     6ba:	3595                	jal	51e <USBHSH_CtrlTransfer>
     6bc:	e909                	bnez	a0,6ce <USBHSH_GetDeviceDescr+0x3c>
     6be:	45b2                	lw	a1,12(sp)
     6c0:	87b8                	lhu	a4,30(sp)
     6c2:	31fc                	lbu	a5,7(a1)
     6c4:	a01c                	sb	a5,0(s0)
     6c6:	47c5                	li	a5,17
     6c8:	00e7e363          	bltu	a5,a4,6ce <USBHSH_GetDeviceDescr+0x3c>
     6cc:	455d                	li	a0,23
     6ce:	6105                	addi	sp,sp,32
     6d0:	b635                	j	1fc <__riscv_restore_0>

000006d2 <USBHSH_GetConfigDescr>:
     6d2:	ae7ff2ef          	jal	t0,1b8 <__riscv_save_4>
     6d6:	020004b7          	lui	s1,0x2000
     6da:	1141                	addi	sp,sp,-16
     6dc:	85818413          	addi	s0,gp,-1960 # 200004b0 <TxBuffer>
     6e0:	8a32                	mv	s4,a2
     6e2:	68048493          	addi	s1,s1,1664 # 2000680 <_data_lma+0x1ffaec0>
     6e6:	00040937          	lui	s2,0x40
     6ea:	8636                	mv	a2,a3
     6ec:	89aa                	mv	s3,a0
     6ee:	c62e                	sw	a1,12(sp)
     6f0:	c004                	sw	s1,0(s0)
     6f2:	01242223          	sw	s2,4(s0)
     6f6:	c436                	sw	a3,8(sp)
     6f8:	351d                	jal	51e <USBHSH_CtrlTransfer>
     6fa:	e515                	bnez	a0,726 <USBHSH_GetConfigDescr+0x54>
     6fc:	4622                	lw	a2,8(sp)
     6fe:	478d                	li	a5,3
     700:	455d                	li	a0,23
     702:	221a                	lhu	a4,0(a2)
     704:	02e7f163          	bgeu	a5,a4,726 <USBHSH_GetConfigDescr+0x54>
     708:	45b2                	lw	a1,12(sp)
     70a:	854e                	mv	a0,s3
     70c:	31bc                	lbu	a5,3(a1)
     70e:	21b8                	lbu	a4,2(a1)
     710:	07a2                	slli	a5,a5,0x8
     712:	8fd9                	or	a5,a5,a4
     714:	0b47d7b3          	minu	a5,a5,s4
     718:	a21e                	sh	a5,0(a2)
     71a:	01242223          	sw	s2,4(s0)
     71e:	c004                	sw	s1,0(s0)
     720:	221e                	lhu	a5,0(a2)
     722:	a07e                	sh	a5,6(s0)
     724:	3bed                	jal	51e <USBHSH_CtrlTransfer>
     726:	0141                	addi	sp,sp,16
     728:	b4e1                	j	1f0 <__riscv_restore_4>

0000072a <USBHSH_SetUsbAddress>:
     72a:	aabff2ef          	jal	t0,1d4 <__riscv_save_0>
     72e:	85818793          	addi	a5,gp,-1960 # 200004b0 <TxBuffer>
     732:	50000713          	li	a4,1280
     736:	c398                	sw	a4,0(a5)
     738:	a3ae                	sh	a1,2(a5)
     73a:	842e                	mv	s0,a1
     73c:	4601                	li	a2,0
     73e:	4581                	li	a1,0
     740:	0007a223          	sw	zero,4(a5)
     744:	3be9                	jal	51e <USBHSH_CtrlTransfer>
     746:	84aa                	mv	s1,a0
     748:	e911                	bnez	a0,75c <USBHSH_SetUsbAddress+0x32>
     74a:	07f47413          	andi	s0,s0,127
     74e:	400247b7          	lui	a5,0x40024
     752:	108781a3          	sb	s0,259(a5) # 40024103 <_eusrstack+0x20002103>
     756:	4515                	li	a0,5
     758:	09e010ef          	jal	17f6 <Delay_Ms>
     75c:	8526                	mv	a0,s1
     75e:	bc79                	j	1fc <__riscv_restore_0>

00000760 <USBHSH_SetUsbConfig>:
     760:	6705                	lui	a4,0x1
     762:	85818793          	addi	a5,gp,-1960 # 200004b0 <TxBuffer>
     766:	90070713          	addi	a4,a4,-1792 # 900 <Udisk_USBH_EnumRootDevice+0x7e>
     76a:	c398                	sw	a4,0(a5)
     76c:	a3ae                	sh	a1,2(a5)
     76e:	4601                	li	a2,0
     770:	4581                	li	a1,0
     772:	0007a223          	sw	zero,4(a5)
     776:	b365                	j	51e <USBHSH_CtrlTransfer>

00000778 <USBHSH_ClearEndpStall>:
     778:	85818793          	addi	a5,gp,-1960 # 200004b0 <TxBuffer>
     77c:	0007a223          	sw	zero,4(a5)
     780:	10200713          	li	a4,258
     784:	a3ce                	sh	a1,4(a5)
     786:	4601                	li	a2,0
     788:	4581                	li	a1,0
     78a:	c398                	sw	a4,0(a5)
     78c:	bb49                	j	51e <USBHSH_CtrlTransfer>

0000078e <mStopIfError>:
     78e:	c911                	beqz	a0,7a2 <mStopIfError+0x14>
     790:	a45ff2ef          	jal	t0,1d4 <__riscv_save_0>
     794:	85aa                	mv	a1,a0
     796:	6515                	lui	a0,0x5
     798:	1e850513          	addi	a0,a0,488 # 51e8 <_read+0xe>
     79c:	265030ef          	jal	4200 <iprintf>
     7a0:	a001                	j	7a0 <mStopIfError+0x12>
     7a2:	8082                	ret

000007a4 <Udisk_USBH_Initialization>:
     7a4:	a31ff2ef          	jal	t0,1d4 <__riscv_save_0>
     7a8:	6515                	lui	a0,0x5
     7aa:	1f850513          	addi	a0,a0,504 # 51f8 <_read+0x1e>
     7ae:	313030ef          	jal	42c0 <puts>
     7b2:	6515                	lui	a0,0x5
     7b4:	22450513          	addi	a0,a0,548 # 5224 <_read+0x4a>
     7b8:	309030ef          	jal	42c0 <puts>
     7bc:	4505                	li	a0,1
     7be:	34f5                	jal	2aa <USBHS_Host_Init>
     7c0:	6515                	lui	a0,0x5
     7c2:	23850513          	addi	a0,a0,568 # 5238 <_read+0x5e>
     7c6:	2fb030ef          	jal	42c0 <puts>
     7ca:	85818793          	addi	a5,gp,-1960 # 200004b0 <TxBuffer>
     7ce:	80f1ae23          	sw	a5,-2020(gp) # 20000474 <pHOST_TX_RAM_Addr>
     7d2:	89818793          	addi	a5,gp,-1896 # 200004f0 <RxBuffer>
     7d6:	467d                	li	a2,31
     7d8:	4581                	li	a1,0
     7da:	a0318513          	addi	a0,gp,-1533 # 2000065b <RootHubDev+0x1f>
     7de:	82f1a023          	sw	a5,-2016(gp) # 20000478 <pHOST_RX_RAM_Addr>
     7e2:	341d                	jal	208 <memset>
     7e4:	10a00613          	li	a2,266
     7e8:	4581                	li	a1,0
     7ea:	9e218513          	addi	a0,gp,-1566 # 2000063a <HostCtl+0x10a>
     7ee:	3c29                	jal	208 <memset>
     7f0:	6515                	lui	a0,0x5
     7f2:	25450513          	addi	a0,a0,596 # 5254 <_read+0x7a>
     7f6:	2cb030ef          	jal	42c0 <puts>
     7fa:	209000ef          	jal	1202 <CHRV3LibInit>
     7fe:	bafd                	j	1fc <__riscv_restore_0>

00000800 <USBH_EnableRootHubPort>:
     800:	4785                	li	a5,1
     802:	00f51763          	bne	a0,a5,810 <USBH_EnableRootHubPort+0x10>
     806:	20000537          	lui	a0,0x20000
     80a:	65e50513          	addi	a0,a0,1630 # 2000065e <DevDesc_Buf+0x2>
     80e:	bebd                	j	38c <USBHSH_EnableRootHubPort>
     810:	0fb00513          	li	a0,251
     814:	8082                	ret

00000816 <USBH_GetDeviceDescr>:
     816:	4785                	li	a5,1
     818:	00f51963          	bne	a0,a5,82a <USBH_GetDeviceDescr+0x14>
     81c:	20000537          	lui	a0,0x20000
     820:	a0418593          	addi	a1,gp,-1532 # 2000065c <DevDesc_Buf>
     824:	65f50513          	addi	a0,a0,1631 # 2000065f <DevDesc_Buf+0x3>
     828:	b5ad                	j	692 <USBHSH_GetDeviceDescr>
     82a:	0fb00513          	li	a0,251
     82e:	8082                	ret

00000830 <USBH_SetUsbAddress>:
     830:	4785                	li	a5,1
     832:	00f51a63          	bne	a0,a5,846 <USBH_SetUsbAddress+0x16>
     836:	9e418793          	addi	a5,gp,-1564 # 2000063c <RootHubDev>
     83a:	0237c503          	lbu	a0,35(a5)
     83e:	458d                	li	a1,3
     840:	02b780a3          	sb	a1,33(a5)
     844:	b5dd                	j	72a <USBHSH_SetUsbAddress>
     846:	0fb00513          	li	a0,251
     84a:	8082                	ret

0000084c <USBH_GetConfigDescr>:
     84c:	4785                	li	a5,1
     84e:	00f51c63          	bne	a0,a5,866 <USBH_GetConfigDescr+0x1a>
     852:	200007b7          	lui	a5,0x20000
     856:	65f7c503          	lbu	a0,1631(a5) # 2000065f <DevDesc_Buf+0x3>
     85a:	86ae                	mv	a3,a1
     85c:	0ff00613          	li	a2,255
     860:	a1818593          	addi	a1,gp,-1512 # 20000670 <Com_Buffer>
     864:	b5bd                	j	6d2 <USBHSH_GetConfigDescr>
     866:	0fb00513          	li	a0,251
     86a:	8082                	ret

0000086c <USBH_SetUsbConfig>:
     86c:	4785                	li	a5,1
     86e:	00f51763          	bne	a0,a5,87c <USBH_SetUsbConfig+0x10>
     872:	200007b7          	lui	a5,0x20000
     876:	65f7c503          	lbu	a0,1631(a5) # 2000065f <DevDesc_Buf+0x3>
     87a:	b5dd                	j	760 <USBHSH_SetUsbConfig>
     87c:	0fb00513          	li	a0,251
     880:	8082                	ret

00000882 <Udisk_USBH_EnumRootDevice>:
     882:	927ff2ef          	jal	t0,1a8 <__riscv_save_10>
     886:	8b2a                	mv	s6,a0
     888:	6515                	lui	a0,0x5
     88a:	1101                	addi	sp,sp,-32
     88c:	27450513          	addi	a0,a0,628 # 5274 <_read+0x9a>
     890:	231030ef          	jal	42c0 <puts>
     894:	6795                	lui	a5,0x5
     896:	4405                	li	s0,1
     898:	27c78b93          	addi	s7,a5,636 # 527c <_read+0xa2>
     89c:	6795                	lui	a5,0x5
     89e:	06400a93          	li	s5,100
     8a2:	8a22                	mv	s4,s0
     8a4:	29878c13          	addi	s8,a5,664 # 5298 <_read+0xbe>
     8a8:	4999                	li	s3,6
     8aa:	06400513          	li	a0,100
     8ae:	749000ef          	jal	17f6 <Delay_Ms>
     8b2:	4521                	li	a0,8
     8b4:	00851533          	sll	a0,a0,s0
     8b8:	73f000ef          	jal	17f6 <Delay_Ms>
     8bc:	85a2                	mv	a1,s0
     8be:	855e                	mv	a0,s7
     8c0:	141030ef          	jal	4200 <iprintf>
     8c4:	014b1363          	bne	s6,s4,8ca <Udisk_USBH_EnumRootDevice+0x48>
     8c8:	3469                	jal	352 <USBHSH_ResetRootHubPort>
     8ca:	8562                	mv	a0,s8
     8cc:	1f5030ef          	jal	42c0 <puts>
     8d0:	4481                	li	s1,0
     8d2:	4901                	li	s2,0
     8d4:	855a                	mv	a0,s6
     8d6:	372d                	jal	800 <USBH_EnableRootHubPort>
     8d8:	e519                	bnez	a0,8e6 <Udisk_USBH_EnumRootDevice+0x64>
     8da:	0905                	addi	s2,s2,1 # 40001 <_data_lma+0x3a841>
     8dc:	0ff97913          	zext.b	s2,s2
     8e0:	4481                	li	s1,0
     8e2:	0129ea63          	bltu	s3,s2,8f6 <Udisk_USBH_EnumRootDevice+0x74>
     8e6:	0485                	addi	s1,s1,1
     8e8:	4505                	li	a0,1
     8ea:	0804c4b3          	zext.h	s1,s1
     8ee:	709000ef          	jal	17f6 <Delay_Ms>
     8f2:	ff5491e3          	bne	s1,s5,8d4 <Udisk_USBH_EnumRootDevice+0x52>
     8f6:	6515                	lui	a0,0x5
     8f8:	864a                	mv	a2,s2
     8fa:	85a6                	mv	a1,s1
     8fc:	2ac50513          	addi	a0,a0,684 # 52ac <_read+0xd2>
     900:	101030ef          	jal	4200 <iprintf>
     904:	c891                	beqz	s1,918 <Udisk_USBH_EnumRootDevice+0x96>
     906:	01341763          	bne	s0,s3,914 <Udisk_USBH_EnumRootDevice+0x92>
     90a:	45d9                	li	a1,22
     90c:	852e                	mv	a0,a1
     90e:	6105                	addi	sp,sp,32
     910:	8d5ff06f          	j	1e4 <__riscv_restore_10>
     914:	0405                	addi	s0,s0,1
     916:	bf51                	j	8aa <Udisk_USBH_EnumRootDevice+0x28>
     918:	6515                	lui	a0,0x5
     91a:	2d050513          	addi	a0,a0,720 # 52d0 <_read+0xf6>
     91e:	0e3030ef          	jal	4200 <iprintf>
     922:	855a                	mv	a0,s6
     924:	3dcd                	jal	816 <USBH_GetDeviceDescr>
     926:	85aa                	mv	a1,a0
     928:	c62a                	sw	a0,12(sp)
     92a:	6515                	lui	a0,0x5
     92c:	2e050513          	addi	a0,a0,736 # 52e0 <_read+0x106>
     930:	0d1030ef          	jal	4200 <iprintf>
     934:	45b2                	lw	a1,12(sp)
     936:	cd81                	beqz	a1,94e <Udisk_USBH_EnumRootDevice+0xcc>
     938:	6515                	lui	a0,0x5
     93a:	2fc50513          	addi	a0,a0,764 # 52fc <_read+0x122>
     93e:	0c3030ef          	jal	4200 <iprintf>
     942:	4799                	li	a5,6
     944:	fcf418e3          	bne	s0,a5,914 <Udisk_USBH_EnumRootDevice+0x92>
     948:	04500593          	li	a1,69
     94c:	b7c1                	j	90c <Udisk_USBH_EnumRootDevice+0x8a>
     94e:	6515                	lui	a0,0x5
     950:	30850513          	addi	a0,a0,776 # 5308 <_read+0x12e>
     954:	0ad030ef          	jal	4200 <iprintf>
     958:	855a                	mv	a0,s6
     95a:	3dd9                	jal	830 <USBH_SetUsbAddress>
     95c:	85aa                	mv	a1,a0
     95e:	ed1d                	bnez	a0,99c <Udisk_USBH_EnumRootDevice+0x11a>
     960:	6495                	lui	s1,0x5
     962:	31848513          	addi	a0,s1,792 # 5318 <_read+0x13e>
     966:	15b030ef          	jal	42c0 <puts>
     96a:	4515                	li	a0,5
     96c:	68b000ef          	jal	17f6 <Delay_Ms>
     970:	6515                	lui	a0,0x5
     972:	31c50513          	addi	a0,a0,796 # 531c <_read+0x142>
     976:	08b030ef          	jal	4200 <iprintf>
     97a:	01e10593          	addi	a1,sp,30
     97e:	855a                	mv	a0,s6
     980:	35f1                	jal	84c <USBH_GetConfigDescr>
     982:	85aa                	mv	a1,a0
     984:	c51d                	beqz	a0,9b2 <Udisk_USBH_EnumRootDevice+0x130>
     986:	6515                	lui	a0,0x5
     988:	2fc50513          	addi	a0,a0,764 # 52fc <_read+0x122>
     98c:	075030ef          	jal	4200 <iprintf>
     990:	4799                	li	a5,6
     992:	f8f411e3          	bne	s0,a5,914 <Udisk_USBH_EnumRootDevice+0x92>
     996:	04700593          	li	a1,71
     99a:	bf8d                	j	90c <Udisk_USBH_EnumRootDevice+0x8a>
     99c:	6515                	lui	a0,0x5
     99e:	2fc50513          	addi	a0,a0,764 # 52fc <_read+0x122>
     9a2:	05f030ef          	jal	4200 <iprintf>
     9a6:	4799                	li	a5,6
     9a8:	f6f416e3          	bne	s0,a5,914 <Udisk_USBH_EnumRootDevice+0x92>
     9ac:	04600593          	li	a1,70
     9b0:	bfb1                	j	90c <Udisk_USBH_EnumRootDevice+0x8a>
     9b2:	a1d1c583          	lbu	a1,-1507(gp) # 20000675 <Com_Buffer+0x5>
     9b6:	6515                	lui	a0,0x5
     9b8:	32c50513          	addi	a0,a0,812 # 532c <_read+0x152>
     9bc:	c62e                	sw	a1,12(sp)
     9be:	043030ef          	jal	4200 <iprintf>
     9c2:	45b2                	lw	a1,12(sp)
     9c4:	855a                	mv	a0,s6
     9c6:	355d                	jal	86c <USBH_SetUsbConfig>
     9c8:	85aa                	mv	a1,a0
     9ca:	e901                	bnez	a0,9da <Udisk_USBH_EnumRootDevice+0x158>
     9cc:	c62a                	sw	a0,12(sp)
     9ce:	31848513          	addi	a0,s1,792
     9d2:	0ef030ef          	jal	42c0 <puts>
     9d6:	45b2                	lw	a1,12(sp)
     9d8:	bf15                	j	90c <Udisk_USBH_EnumRootDevice+0x8a>
     9da:	6515                	lui	a0,0x5
     9dc:	2fc50513          	addi	a0,a0,764 # 52fc <_read+0x122>
     9e0:	021030ef          	jal	4200 <iprintf>
     9e4:	4799                	li	a5,6
     9e6:	f2f417e3          	bne	s0,a5,914 <Udisk_USBH_EnumRootDevice+0x92>
     9ea:	0fb00593          	li	a1,251
     9ee:	bf39                	j	90c <Udisk_USBH_EnumRootDevice+0x8a>

000009f0 <UDisk_USBH_PreDeal>:
     9f0:	fe4ff2ef          	jal	t0,1d4 <__riscv_save_0>
     9f4:	9e418413          	addi	s0,gp,-1564 # 2000063c <RootHubDev>
     9f8:	3c68                	lbu	a0,31(s0)
     9fa:	1141                	addi	sp,sp,-16
     9fc:	8f5ff0ef          	jal	2f0 <USBHSH_CheckRootHubPortStatus>
     a00:	4585                	li	a1,1
     a02:	84aa                	mv	s1,a0
     a04:	04b51a63          	bne	a0,a1,a58 <UDisk_USBH_PreDeal+0x68>
     a08:	6515                	lui	a0,0x5
     a0a:	33850513          	addi	a0,a0,824 # 5338 <_read+0x15e>
     a0e:	0b3030ef          	jal	42c0 <puts>
     a12:	3c68                	lbu	a0,31(s0)
     a14:	8ddff0ef          	jal	2f0 <USBHSH_CheckRootHubPortStatus>
     a18:	8526                	mv	a0,s1
     a1a:	bc64                	sb	s1,31(s0)
     a1c:	02940223          	sb	s1,36(s0)
     a20:	358d                	jal	882 <Udisk_USBH_EnumRootDevice>
     a22:	862a                	mv	a2,a0
     a24:	ed19                	bnez	a0,a42 <UDisk_USBH_PreDeal+0x52>
     a26:	c62a                	sw	a0,12(sp)
     a28:	6515                	lui	a0,0x5
     a2a:	85a6                	mv	a1,s1
     a2c:	34450513          	addi	a0,a0,836 # 5344 <_read+0x16a>
     a30:	7d0030ef          	jal	4200 <iprintf>
     a34:	478d                	li	a5,3
     a36:	bc7c                	sb	a5,31(s0)
     a38:	4632                	lw	a2,12(sp)
     a3a:	8532                	mv	a0,a2
     a3c:	0141                	addi	sp,sp,16
     a3e:	fbeff06f          	j	1fc <__riscv_restore_0>
     a42:	6515                	lui	a0,0x5
     a44:	85a6                	mv	a1,s1
     a46:	37050513          	addi	a0,a0,880 # 5370 <_read+0x196>
     a4a:	7b6030ef          	jal	4200 <iprintf>
     a4e:	4789                	li	a5,2
     a50:	bc7c                	sb	a5,31(s0)
     a52:	0fc00613          	li	a2,252
     a56:	b7d5                	j	a3a <UDisk_USBH_PreDeal+0x4a>
     a58:	0fe00613          	li	a2,254
     a5c:	fd79                	bnez	a0,a3a <UDisk_USBH_PreDeal+0x4a>
     a5e:	6515                	lui	a0,0x5
     a60:	3a050513          	addi	a0,a0,928 # 53a0 <_read+0x1c6>
     a64:	79c030ef          	jal	4200 <iprintf>
     a68:	02444403          	lbu	s0,36(s0)
     a6c:	467d                	li	a2,31
     a6e:	4581                	li	a1,0
     a70:	a0318513          	addi	a0,gp,-1533 # 2000065b <RootHubDev+0x1f>
     a74:	f94ff0ef          	jal	208 <memset>
     a78:	10a00613          	li	a2,266
     a7c:	02c40433          	mul	s0,s0,a2
     a80:	20000537          	lui	a0,0x20000
     a84:	53050513          	addi	a0,a0,1328 # 20000530 <HostCtl>
     a88:	4581                	li	a1,0
     a8a:	9522                	add	a0,a0,s0
     a8c:	f7cff0ef          	jal	208 <memset>
     a90:	ec018623          	sb	zero,-308(gp) # 20000b24 <CHRV3DiskStatus>
     a94:	4659                	li	a2,22
     a96:	b755                	j	a3a <UDisk_USBH_PreDeal+0x4a>

00000a98 <UDisk_USBH_DiskReady>:
     a98:	f20ff2ef          	jal	t0,1b8 <__riscv_save_4>
     a9c:	3f91                	jal	9f0 <UDisk_USBH_PreDeal>
     a9e:	e53d                	bnez	a0,b0c <UDisk_USBH_DiskReady+0x74>
     aa0:	4791                	li	a5,4
     aa2:	ecf18623          	sb	a5,-308(gp) # 20000b24 <CHRV3DiskStatus>
     aa6:	6795                	lui	a5,0x5
     aa8:	3bc78913          	addi	s2,a5,956 # 53bc <_read+0x1e2>
     aac:	6795                	lui	a5,0x5
     aae:	40078993          	addi	s3,a5,1024 # 5400 <_read+0x226>
     ab2:	6795                	lui	a5,0x5
     ab4:	4429                	li	s0,10
     ab6:	41878a13          	addi	s4,a5,1048 # 5418 <_read+0x23e>
     aba:	854a                	mv	a0,s2
     abc:	005030ef          	jal	42c0 <puts>
     ac0:	115010ef          	jal	23d4 <CHRV3DiskReady>
     ac4:	85aa                	mv	a1,a0
     ac6:	e11d                	bnez	a0,aec <UDisk_USBH_DiskReady+0x54>
     ac8:	6515                	lui	a0,0x5
     aca:	3d050513          	addi	a0,a0,976 # 53d0 <_read+0x1f6>
     ace:	732030ef          	jal	4200 <iprintf>
     ad2:	ecc1c583          	lbu	a1,-308(gp) # 20000b24 <CHRV3DiskStatus>
     ad6:	6515                	lui	a0,0x5
     ad8:	3e850513          	addi	a0,a0,1000 # 53e8 <_read+0x20e>
     adc:	724030ef          	jal	4200 <iprintf>
     ae0:	4705                	li	a4,1
     ae2:	82e18223          	sb	a4,-2012(gp) # 2000047c <UDisk_Opeation_Flag>
     ae6:	4541                	li	a0,16
     ae8:	f08ff06f          	j	1f0 <__riscv_restore_4>
     aec:	854e                	mv	a0,s3
     aee:	712030ef          	jal	4200 <iprintf>
     af2:	ecc1c583          	lbu	a1,-308(gp) # 20000b24 <CHRV3DiskStatus>
     af6:	8552                	mv	a0,s4
     af8:	147d                	addi	s0,s0,-1
     afa:	706030ef          	jal	4200 <iprintf>
     afe:	03200513          	li	a0,50
     b02:	0ff47413          	zext.b	s0,s0
     b06:	4f1000ef          	jal	17f6 <Delay_Ms>
     b0a:	f845                	bnez	s0,aba <UDisk_USBH_DiskReady+0x22>
     b0c:	ecc1c503          	lbu	a0,-308(gp) # 20000b24 <CHRV3DiskStatus>
     b10:	0ff57513          	zext.b	a0,a0
     b14:	bfd1                	j	ae8 <UDisk_USBH_DiskReady+0x50>

00000b16 <UDisk_USBH_ByteOperation>:
     b16:	e92ff2ef          	jal	t0,1a8 <__riscv_save_10>
     b1a:	3fbd                	jal	a98 <UDisk_USBH_DiskReady>
     b1c:	ecc1c683          	lbu	a3,-308(gp) # 20000b24 <CHRV3DiskStatus>
     b20:	4711                	li	a4,4
     b22:	0cd77b63          	bgeu	a4,a3,bf8 <UDisk_USBH_ByteOperation+0xe2>
     b26:	8241c603          	lbu	a2,-2012(gp) # 2000047c <UDisk_Opeation_Flag>
     b2a:	4685                	li	a3,1
     b2c:	0cd61663          	bne	a2,a3,bf8 <UDisk_USBH_ByteOperation+0xe2>
     b30:	82018223          	sb	zero,-2012(gp) # 2000047c <UDisk_Opeation_Flag>
     b34:	ecc1c583          	lbu	a1,-308(gp) # 20000b24 <CHRV3DiskStatus>
     b38:	6515                	lui	a0,0x5
     b3a:	43050513          	addi	a0,a0,1072 # 5430 <_read+0x256>
     b3e:	6c2030ef          	jal	4200 <iprintf>
     b42:	6a15                	lui	s4,0x5
     b44:	448a0593          	addi	a1,s4,1096 # 5448 <_read+0x26e>
     b48:	d1818513          	addi	a0,gp,-744 # 20000970 <mCmdParam>
     b4c:	0c9030ef          	jal	4414 <strcpy>
     b50:	260020ef          	jal	2db0 <CHRV3FileOpen>
     b54:	fbe50793          	addi	a5,a0,-66
     b58:	6b15                	lui	s6,0x5
     b5a:	6a95                	lui	s5,0x5
     b5c:	d1818413          	addi	s0,gp,-744 # 20000970 <mCmdParam>
     b60:	a1818993          	addi	s3,gp,-1512 # 20000670 <Com_Buffer>
     b64:	6495                	lui	s1,0x5
     b66:	c781                	beqz	a5,b6e <UDisk_USBH_ByteOperation+0x58>
     b68:	f4d50513          	addi	a0,a0,-179
     b6c:	e941                	bnez	a0,bfc <UDisk_USBH_ByteOperation+0xe6>
     b6e:	6515                	lui	a0,0x5
     b70:	45450513          	addi	a0,a0,1108 # 5454 <_read+0x27a>
     b74:	74c030ef          	jal	42c0 <puts>
     b78:	448a0593          	addi	a1,s4,1096
     b7c:	d1818513          	addi	a0,gp,-744 # 20000970 <mCmdParam>
     b80:	095030ef          	jal	4414 <strcpy>
     b84:	22d020ef          	jal	35b0 <CHRV3FileCreate>
     b88:	3119                	jal	78e <mStopIfError>
     b8a:	470b0513          	addi	a0,s6,1136 # 5470 <_read+0x296>
     b8e:	732030ef          	jal	42c0 <puts>
     b92:	47ca8593          	addi	a1,s5,1148 # 547c <_read+0x2a2>
     b96:	a1818513          	addi	a0,gp,-1512 # 20000670 <Com_Buffer>
     b9a:	07b030ef          	jal	4414 <strcpy>
     b9e:	4901                	li	s2,0
     ba0:	03e00a93          	li	s5,62
     ba4:	4bc48493          	addi	s1,s1,1212 # 54bc <_read+0x2e2>
     ba8:	4a29                	li	s4,10
     baa:	01541023          	sh	s5,0(s0)
     bae:	01342223          	sw	s3,4(s0)
     bb2:	060030ef          	jal	3c12 <CHRV3ByteWrite>
     bb6:	3ee1                	jal	78e <mStopIfError>
     bb8:	85ca                	mv	a1,s2
     bba:	8526                	mv	a0,s1
     bbc:	0905                	addi	s2,s2,1
     bbe:	642030ef          	jal	4200 <iprintf>
     bc2:	ff4914e3          	bne	s2,s4,baa <UDisk_USBH_ByteOperation+0x94>
     bc6:	6515                	lui	a0,0x5
     bc8:	4d050513          	addi	a0,a0,1232 # 54d0 <_read+0x2f6>
     bcc:	6f4030ef          	jal	42c0 <puts>
     bd0:	77d1                	lui	a5,0xffff4
     bd2:	577d                	li	a4,-1
     bd4:	6b278793          	addi	a5,a5,1714 # ffff46b2 <_eusrstack+0xdffd26b2>
     bd8:	c05c                	sw	a5,4(s0)
     bda:	c018                	sw	a4,0(s0)
     bdc:	a418                	sb	a4,8(s0)
     bde:	4bd020ef          	jal	389a <CHRV3FileModify>
     be2:	3675                	jal	78e <mStopIfError>
     be4:	6515                	lui	a0,0x5
     be6:	4d850513          	addi	a0,a0,1240 # 54d8 <_read+0x2fe>
     bea:	6d6030ef          	jal	42c0 <puts>
     bee:	4785                	li	a5,1
     bf0:	a01c                	sb	a5,0(s0)
     bf2:	053020ef          	jal	3444 <CHRV3FileClose>
     bf6:	3e61                	jal	78e <mStopIfError>
     bf8:	decff06f          	j	1e4 <__riscv_restore_10>
     bfc:	470b0513          	addi	a0,s6,1136
     c00:	6c0030ef          	jal	42c0 <puts>
     c04:	57fd                	li	a5,-1
     c06:	c01c                	sw	a5,0(s0)
     c08:	57d020ef          	jal	3984 <CHRV3ByteLocate>
     c0c:	47ca8593          	addi	a1,s5,1148
     c10:	854e                	mv	a0,s3
     c12:	003030ef          	jal	4414 <strcpy>
     c16:	4901                	li	s2,0
     c18:	03e00b13          	li	s6,62
     c1c:	4bc48493          	addi	s1,s1,1212
     c20:	4aa9                	li	s5,10
     c22:	01641023          	sh	s6,0(s0)
     c26:	01342223          	sw	s3,4(s0)
     c2a:	7e9020ef          	jal	3c12 <CHRV3ByteWrite>
     c2e:	3685                	jal	78e <mStopIfError>
     c30:	85ca                	mv	a1,s2
     c32:	8526                	mv	a0,s1
     c34:	0905                	addi	s2,s2,1
     c36:	5ca030ef          	jal	4200 <iprintf>
     c3a:	ff5914e3          	bne	s2,s5,c22 <UDisk_USBH_ByteOperation+0x10c>
     c3e:	448a0593          	addi	a1,s4,1096
     c42:	8522                	mv	a0,s0
     c44:	7d0030ef          	jal	4414 <strcpy>
     c48:	168020ef          	jal	2db0 <CHRV3FileOpen>
     c4c:	6515                	lui	a0,0x5
     c4e:	03c00593          	li	a1,60
     c52:	4e050513          	addi	a0,a0,1248 # 54e0 <_read+0x306>
     c56:	5aa030ef          	jal	4200 <iprintf>
     c5a:	6795                	lui	a5,0x5
     c5c:	4f878b93          	addi	s7,a5,1272 # 54f8 <_read+0x31e>
     c60:	6795                	lui	a5,0x5
     c62:	03c00913          	li	s2,60
     c66:	03f00a93          	li	s5,63
     c6a:	50078c13          	addi	s8,a5,1280 # 5500 <_read+0x326>
     c6e:	0b595b33          	minu	s6,s2,s5
     c72:	01641023          	sh	s6,0(s0)
     c76:	01342223          	sw	s3,4(s0)
     c7a:	567020ef          	jal	39e0 <CHRV3ByteRead>
     c7e:	00045a03          	lhu	s4,0(s0)
     c82:	4481                	li	s1,0
     c84:	201e                	lhu	a5,0(s0)
     c86:	02979163          	bne	a5,s1,ca8 <UDisk_USBH_ByteOperation+0x192>
     c8a:	8562                	mv	a0,s8
     c8c:	634030ef          	jal	42c0 <puts>
     c90:	201e                	lhu	a5,0(s0)
     c92:	0367f563          	bgeu	a5,s6,cbc <UDisk_USBH_ByteOperation+0x1a6>
     c96:	8562                	mv	a0,s8
     c98:	628030ef          	jal	42c0 <puts>
     c9c:	6515                	lui	a0,0x5
     c9e:	50450513          	addi	a0,a0,1284 # 5504 <_read+0x32a>
     ca2:	61e030ef          	jal	42c0 <puts>
     ca6:	b7b1                	j	bf2 <UDisk_USBH_ByteOperation+0xdc>
     ca8:	405c                	lw	a5,4(s0)
     caa:	855e                	mv	a0,s7
     cac:	97a6                	add	a5,a5,s1
     cae:	238c                	lbu	a1,0(a5)
     cb0:	0485                	addi	s1,s1,1
     cb2:	0ff4f493          	zext.b	s1,s1
     cb6:	54a030ef          	jal	4200 <iprintf>
     cba:	b7e9                	j	c84 <UDisk_USBH_ByteOperation+0x16e>
     cbc:	41490a33          	sub	s4,s2,s4
     cc0:	080a4933          	zext.h	s2,s4
     cc4:	fa0915e3          	bnez	s2,c6e <UDisk_USBH_ByteOperation+0x158>
     cc8:	b72d                	j	bf2 <UDisk_USBH_ByteOperation+0xdc>

00000cca <NMI_Handler>:
     cca:	a001                	j	cca <NMI_Handler>

00000ccc <HardFault_Handler>:
     ccc:	42b000ef          	jal	18f6 <__get_MEPC>
     cd0:	82a1ac23          	sw	a0,-1992(gp) # 20000490 <g_fault_mepc>
     cd4:	429000ef          	jal	18fc <__get_MCAUSE>
     cd8:	82a1aa23          	sw	a0,-1996(gp) # 2000048c <g_fault_mcause>
     cdc:	427000ef          	jal	1902 <__get_MTVAL>
     ce0:	82a1a823          	sw	a0,-2000(gp) # 20000488 <g_fault_mtval>
     ce4:	870a                	mv	a4,sp
     ce6:	82e1a623          	sw	a4,-2004(gp) # 20000484 <g_fault_sp>
     cea:	8706                	mv	a4,ra
     cec:	82e1a423          	sw	a4,-2008(gp) # 20000480 <g_fault_ra>
     cf0:	beef07b7          	lui	a5,0xbeef0
     cf4:	e000e737          	lui	a4,0xe000e
     cf8:	08078793          	addi	a5,a5,128 # beef0080 <_eusrstack+0x9eece080>
     cfc:	c73c                	sw	a5,72(a4)
     cfe:	a001                	j	cfe <HardFault_Handler+0x32>

00000d00 <main>:
     d00:	cd4ff2ef          	jal	t0,1d4 <__riscv_save_0>
     d04:	83c1a783          	lw	a5,-1988(gp) # 20000494 <boot_count.0>
     d08:	0785                	addi	a5,a5,1
     d0a:	82f1ae23          	sw	a5,-1988(gp) # 20000494 <boot_count.0>
     d0e:	2439                	jal	f1c <SystemCoreClockUpdate>
     d10:	28b000ef          	jal	179a <Delay_Init>
     d14:	000e1537          	lui	a0,0xe1
     d18:	311000ef          	jal	1828 <USART_Printf_Init>
     d1c:	400217b7          	lui	a5,0x40021
     d20:	53d0                	lw	a2,36(a5)
     d22:	83c1a583          	lw	a1,-1988(gp) # 20000494 <boot_count.0>
     d26:	6515                	lui	a0,0x5
     d28:	51450513          	addi	a0,a0,1300 # 5514 <_read+0x33a>
     d2c:	4d4030ef          	jal	4200 <iprintf>
     d30:	8381a783          	lw	a5,-1992(gp) # 20000490 <g_fault_mepc>
     d34:	e781                	bnez	a5,d3c <main+0x3c>
     d36:	8341a783          	lw	a5,-1996(gp) # 2000048c <g_fault_mcause>
     d3a:	c785                	beqz	a5,d62 <main+0x62>
     d3c:	8381a583          	lw	a1,-1992(gp) # 20000490 <g_fault_mepc>
     d40:	8341a603          	lw	a2,-1996(gp) # 2000048c <g_fault_mcause>
     d44:	8301a683          	lw	a3,-2000(gp) # 20000488 <g_fault_mtval>
     d48:	82c1a703          	lw	a4,-2004(gp) # 20000484 <g_fault_sp>
     d4c:	8281a783          	lw	a5,-2008(gp) # 20000480 <g_fault_ra>
     d50:	6515                	lui	a0,0x5
     d52:	52c50513          	addi	a0,a0,1324 # 552c <_read+0x352>
     d56:	4aa030ef          	jal	4200 <iprintf>
     d5a:	8201ac23          	sw	zero,-1992(gp) # 20000490 <g_fault_mepc>
     d5e:	8201aa23          	sw	zero,-1996(gp) # 2000048c <g_fault_mcause>
     d62:	200007b7          	lui	a5,0x20000
     d66:	45c7a583          	lw	a1,1116(a5) # 2000045c <SystemClock>
     d6a:	6515                	lui	a0,0x5
     d6c:	56850513          	addi	a0,a0,1384 # 5568 <_read+0x38e>
     d70:	490030ef          	jal	4200 <iprintf>
     d74:	200007b7          	lui	a5,0x20000
     d78:	4587a583          	lw	a1,1112(a5) # 20000458 <SystemCoreClock>
     d7c:	6515                	lui	a0,0x5
     d7e:	57850513          	addi	a0,a0,1400 # 5578 <_read+0x39e>
     d82:	47e030ef          	jal	4200 <iprintf>
     d86:	2b61                	jal	131e <DBGMCU_GetCHIPID>
     d88:	85aa                	mv	a1,a0
     d8a:	6515                	lui	a0,0x5
     d8c:	58c50513          	addi	a0,a0,1420 # 558c <_read+0x3b2>
     d90:	470030ef          	jal	4200 <iprintf>
     d94:	6515                	lui	a0,0x5
     d96:	4585                	li	a1,1
     d98:	59c50513          	addi	a0,a0,1436 # 559c <_read+0x3c2>
     d9c:	464030ef          	jal	4200 <iprintf>
     da0:	a05ff0ef          	jal	7a4 <Udisk_USBH_Initialization>
     da4:	4705                	li	a4,1
     da6:	82e18223          	sb	a4,-2012(gp) # 2000047c <UDisk_Opeation_Flag>
     daa:	33b5                	jal	b16 <UDisk_USBH_ByteOperation>
     dac:	bffd                	j	daa <main+0xaa>

00000dae <SystemInit>:
     dae:	c26ff2ef          	jal	t0,1d4 <__riscv_save_0>
     db2:	40021437          	lui	s0,0x40021
     db6:	401c                	lw	a5,0(s0)
     db8:	1141                	addi	sp,sp,-16
     dba:	80ff0737          	lui	a4,0x80ff0
     dbe:	0017e793          	ori	a5,a5,1
     dc2:	c01c                	sw	a5,0(s0)
     dc4:	405c                	lw	a5,4(s0)
     dc6:	8ff9                	and	a5,a5,a4
     dc8:	c05c                	sw	a5,4(s0)
     dca:	405c                	lw	a5,4(s0)
     dcc:	8bb1                	andi	a5,a5,12
     dce:	fff5                	bnez	a5,dca <SystemInit+0x1c>
     dd0:	401c                	lw	a5,0(s0)
     dd2:	fea70737          	lui	a4,0xfea70
     dd6:	177d                	addi	a4,a4,-1 # fea6ffff <_eusrstack+0xdea4dfff>
     dd8:	8ff9                	and	a5,a5,a4
     dda:	c01c                	sw	a5,0(s0)
     ddc:	401c                	lw	a5,0(s0)
     dde:	ffc10737          	lui	a4,0xffc10
     de2:	177d                	addi	a4,a4,-1 # ffc0ffff <_eusrstack+0xdfbedfff>
     de4:	49279793          	bclri	a5,a5,0x12
     de8:	c01c                	sw	a5,0(s0)
     dea:	405c                	lw	a5,4(s0)
     dec:	8ff9                	and	a5,a5,a4
     dee:	c05c                	sw	a5,4(s0)
     df0:	545c                	lw	a5,44(s0)
     df2:	03f12737          	lui	a4,0x3f12
     df6:	80070713          	addi	a4,a4,-2048 # 3f11800 <_data_lma+0x3f0c040>
     dfa:	48c79793          	bclri	a5,a5,0xc
     dfe:	d45c                	sw	a5,44(s0)
     e00:	545c                	lw	a5,44(s0)
     e02:	8ff9                	and	a5,a5,a4
     e04:	d45c                	sw	a5,44(s0)
     e06:	405c                	lw	a5,4(s0)
     e08:	29d79793          	bseti	a5,a5,0x1d
     e0c:	c05c                	sw	a5,4(s0)
     e0e:	02042823          	sw	zero,48(s0) # 40021030 <_eusrstack+0x1ffff030>
     e12:	008f07b7          	lui	a5,0x8f0
     e16:	c41c                	sw	a5,8(s0)
     e18:	401c                	lw	a5,0(s0)
     e1a:	29279793          	bseti	a5,a5,0x12
     e1e:	c01c                	sw	a5,0(s0)
     e20:	2b7d                	jal	13de <GPIO_IPD_Unused>
     e22:	c202                	sw	zero,4(sp)
     e24:	c402                	sw	zero,8(sp)
     e26:	c602                	sw	zero,12(sp)
     e28:	401c                	lw	a5,0(s0)
     e2a:	40021737          	lui	a4,0x40021
     e2e:	00020637          	lui	a2,0x20
     e32:	29079793          	bseti	a5,a5,0x10
     e36:	c01c                	sw	a5,0(s0)
     e38:	6699                	lui	a3,0x6
     e3a:	431c                	lw	a5,0(a4)
     e3c:	8ff1                	and	a5,a5,a2
     e3e:	c43e                	sw	a5,8(sp)
     e40:	4792                	lw	a5,4(sp)
     e42:	0785                	addi	a5,a5,1 # 8f0001 <_data_lma+0x8ea841>
     e44:	c23e                	sw	a5,4(sp)
     e46:	47a2                	lw	a5,8(sp)
     e48:	e781                	bnez	a5,e50 <SystemInit+0xa2>
     e4a:	4792                	lw	a5,4(sp)
     e4c:	fed797e3          	bne	a5,a3,e3a <SystemInit+0x8c>
     e50:	4318                	lw	a4,0(a4)
     e52:	4785                	li	a5,1
     e54:	00e71693          	slli	a3,a4,0xe
     e58:	0c06d063          	bgez	a3,f18 <SystemInit+0x16a>
     e5c:	c43e                	sw	a5,8(sp)
     e5e:	4722                	lw	a4,8(sp)
     e60:	0af71963          	bne	a4,a5,f12 <SystemInit+0x164>
     e64:	400217b7          	lui	a5,0x40021
     e68:	43d8                	lw	a4,4(a5)
     e6a:	001906b7          	lui	a3,0x190
     e6e:	08076713          	ori	a4,a4,128
     e72:	c3d8                	sw	a4,4(a5)
     e74:	43d8                	lw	a4,4(a5)
     e76:	c3d8                	sw	a4,4(a5)
     e78:	43d8                	lw	a4,4(a5)
     e7a:	c3d8                	sw	a4,4(a5)
     e7c:	43d8                	lw	a4,4(a5)
     e7e:	8f55                	or	a4,a4,a3
     e80:	c3d8                	sw	a4,4(a5)
     e82:	4398                	lw	a4,0(a5)
     e84:	29871713          	bseti	a4,a4,0x18
     e88:	c398                	sw	a4,0(a5)
     e8a:	4398                	lw	a4,0(a5)
     e8c:	00671693          	slli	a3,a4,0x6
     e90:	fe06dde3          	bgez	a3,e8a <SystemInit+0xdc>
     e94:	57d8                	lw	a4,44(a5)
     e96:	6639                	lui	a2,0xe
     e98:	66b1                	lui	a3,0xc
     e9a:	28e71713          	bseti	a4,a4,0xe
     e9e:	28f71713          	bseti	a4,a4,0xf
     ea2:	d7d8                	sw	a4,44(a5)
     ea4:	40021737          	lui	a4,0x40021
     ea8:	575c                	lw	a5,44(a4)
     eaa:	8ff1                	and	a5,a5,a2
     eac:	fed79ee3          	bne	a5,a3,ea8 <SystemInit+0xfa>
     eb0:	45670637          	lui	a2,0x45670
     eb4:	400227b7          	lui	a5,0x40022
     eb8:	12360613          	addi	a2,a2,291 # 45670123 <_eusrstack+0x2564e123>
     ebc:	cdef96b7          	lui	a3,0xcdef9
     ec0:	c3d0                	sw	a2,4(a5)
     ec2:	9ab68693          	addi	a3,a3,-1621 # cdef89ab <_eusrstack+0xaded69ab>
     ec6:	c3d4                	sw	a3,4(a5)
     ec8:	d3d0                	sw	a2,36(a5)
     eca:	d3d4                	sw	a3,36(a5)
     ecc:	4b94                	lw	a3,16(a5)
     ece:	c636                	sw	a3,12(sp)
     ed0:	46b2                	lw	a3,12(sp)
     ed2:	49969693          	bclri	a3,a3,0x19
     ed6:	49a69693          	bclri	a3,a3,0x1a
     eda:	c636                	sw	a3,12(sp)
     edc:	46b2                	lw	a3,12(sp)
     ede:	29969693          	bseti	a3,a3,0x19
     ee2:	c636                	sw	a3,12(sp)
     ee4:	46b2                	lw	a3,12(sp)
     ee6:	cb94                	sw	a3,16(a5)
     ee8:	4b94                	lw	a3,16(a5)
     eea:	0806e693          	ori	a3,a3,128
     eee:	28f69693          	bseti	a3,a3,0xf
     ef2:	cb94                	sw	a3,16(a5)
     ef4:	575c                	lw	a5,44(a4)
     ef6:	400216b7          	lui	a3,0x40021
     efa:	28c79793          	bseti	a5,a5,0xc
     efe:	d75c                	sw	a5,44(a4)
     f00:	435c                	lw	a5,4(a4)
     f02:	0027e793          	ori	a5,a5,2
     f06:	c35c                	sw	a5,4(a4)
     f08:	4721                	li	a4,8
     f0a:	42dc                	lw	a5,4(a3)
     f0c:	8bb1                	andi	a5,a5,12
     f0e:	fee79ee3          	bne	a5,a4,f0a <SystemInit+0x15c>
     f12:	0141                	addi	sp,sp,16
     f14:	ae8ff06f          	j	1fc <__riscv_restore_0>
     f18:	c402                	sw	zero,8(sp)
     f1a:	b791                	j	e5e <SystemInit+0xb0>

00000f1c <SystemCoreClockUpdate>:
     f1c:	400215b7          	lui	a1,0x40021
     f20:	41d4                	lw	a3,4(a1)
     f22:	55d0                	lw	a2,44(a1)
     f24:	017d87b7          	lui	a5,0x17d8
     f28:	8ab1                	andi	a3,a3,12
     f2a:	4511                	li	a0,4
     f2c:	20000737          	lui	a4,0x20000
     f30:	84078793          	addi	a5,a5,-1984 # 17d7840 <_data_lma+0x17d2080>
     f34:	06a68b63          	beq	a3,a0,faa <SystemCoreClockUpdate+0x8e>
     f38:	013137b7          	lui	a5,0x1313
     f3c:	4521                	li	a0,8
     f3e:	d0078793          	addi	a5,a5,-768 # 1312d00 <_data_lma+0x130d540>
     f42:	06a69463          	bne	a3,a0,faa <SystemCoreClockUpdate+0x8e>
     f46:	0045a883          	lw	a7,4(a1) # 40021004 <_eusrstack+0x1ffff004>
     f4a:	55d4                	lw	a3,44(a1)
     f4c:	41c8                	lw	a0,4(a1)
     f4e:	67b9                	lui	a5,0xe
     f50:	8e7d                	and	a2,a2,a5
     f52:	8145                	srli	a0,a0,0x11
     f54:	6795                	lui	a5,0x5
     f56:	01f57593          	andi	a1,a0,31
     f5a:	60878793          	addi	a5,a5,1544 # 5608 <PLLMULTB>
     f5e:	97ae                	add	a5,a5,a1
     f60:	239c                	lbu	a5,0(a5)
     f62:	82a1                	srli	a3,a3,0x8
     f64:	8a9d                	andi	a3,a3,7
     f66:	ffb58813          	addi	a6,a1,-5
     f6a:	4339                	li	t1,14
     f6c:	0685                	addi	a3,a3,1 # 40021001 <_eusrstack+0x1ffff001>
     f6e:	0ff7f793          	zext.b	a5,a5
     f72:	4581                	li	a1,0
     f74:	01036463          	bltu	t1,a6,f7c <SystemCoreClockUpdate+0x60>
     f78:	00157593          	andi	a1,a0,1
     f7c:	6511                	lui	a0,0x4
     f7e:	06a60063          	beq	a2,a0,fde <SystemCoreClockUpdate+0xc2>
     f82:	00c56a63          	bltu	a0,a2,f96 <SystemCoreClockUpdate+0x7a>
     f86:	e639                	bnez	a2,fd4 <SystemCoreClockUpdate+0xb8>
     f88:	1c9c47b7          	lui	a5,0x1c9c4
     f8c:	80078793          	addi	a5,a5,-2048 # 1c9c3800 <_data_lma+0x1c9be040>
     f90:	44f72e23          	sw	a5,1116(a4) # 2000045c <SystemClock>
     f94:	a039                	j	fa2 <SystemCoreClockUpdate+0x86>
     f96:	6519                	lui	a0,0x6
     f98:	04a60663          	beq	a2,a0,fe4 <SystemCoreClockUpdate+0xc8>
     f9c:	6531                	lui	a0,0xc
     f9e:	04a60863          	beq	a2,a0,fee <SystemCoreClockUpdate+0xd2>
     fa2:	45c72783          	lw	a5,1116(a4)
     fa6:	02d7d7b3          	divu	a5,a5,a3
     faa:	44f72e23          	sw	a5,1116(a4)
     fae:	40021737          	lui	a4,0x40021
     fb2:	4354                	lw	a3,4(a4)
     fb4:	6715                	lui	a4,0x5
     fb6:	62870713          	addi	a4,a4,1576 # 5628 <HBPrescTable>
     fba:	8291                	srli	a3,a3,0x4
     fbc:	8abd                	andi	a3,a3,15
     fbe:	9736                	add	a4,a4,a3
     fc0:	2318                	lbu	a4,0(a4)
     fc2:	00e7d7b3          	srl	a5,a5,a4
     fc6:	20000737          	lui	a4,0x20000
     fca:	44f72c23          	sw	a5,1112(a4) # 20000458 <SystemCoreClock>
     fce:	84f1a023          	sw	a5,-1984(gp) # 20000498 <HCLKClock>
     fd2:	8082                	ret
     fd4:	1dcd67b7          	lui	a5,0x1dcd6
     fd8:	50078793          	addi	a5,a5,1280 # 1dcd6500 <_data_lma+0x1dcd0d40>
     fdc:	bf55                	j	f90 <SystemCoreClockUpdate+0x74>
     fde:	1312d7b7          	lui	a5,0x1312d
     fe2:	b77d                	j	f90 <SystemCoreClockUpdate+0x74>
     fe4:	13d937b7          	lui	a5,0x13d93
     fe8:	d4078793          	addi	a5,a5,-704 # 13d92d40 <_data_lma+0x13d8d580>
     fec:	b755                	j	f90 <SystemCoreClockUpdate+0x74>
     fee:	00f89613          	slli	a2,a7,0xf
     ff2:	00064c63          	bltz	a2,100a <SystemCoreClockUpdate+0xee>
     ff6:	01313637          	lui	a2,0x1313
     ffa:	d0060613          	addi	a2,a2,-768 # 1312d00 <_data_lma+0x130d540>
     ffe:	02c787b3          	mul	a5,a5,a2
    1002:	0585                	addi	a1,a1,1
    1004:	02b7d7b3          	divu	a5,a5,a1
    1008:	b761                	j	f90 <SystemCoreClockUpdate+0x74>
    100a:	017d8637          	lui	a2,0x17d8
    100e:	84060613          	addi	a2,a2,-1984 # 17d7840 <_data_lma+0x17d2080>
    1012:	b7f5                	j	ffe <SystemCoreClockUpdate+0xe2>

00001014 <USBHostTransact>:
    1014:	00455793          	srli	a5,a0,0x4
    1018:	0512                	slli	a0,a0,0x4
    101a:	953e                	add	a0,a0,a5
    101c:	0ff57513          	zext.b	a0,a0
    1020:	bbaff06f          	j	3da <USBHSH_Transact>

00001024 <HostCtrlTransfer>:
    1024:	9b0ff2ef          	jal	t0,1d4 <__riscv_save_0>
    1028:	219c                	lbu	a5,0(a1)
    102a:	1141                	addi	sp,sp,-16
    102c:	85aa                	mv	a1,a0
    102e:	877c                	sh	a5,14(sp)
    1030:	200007b7          	lui	a5,0x20000
    1034:	65f7c503          	lbu	a0,1631(a5) # 2000065f <DevDesc_Buf+0x3>
    1038:	00e10613          	addi	a2,sp,14
    103c:	ce2ff0ef          	jal	51e <USBHSH_CtrlTransfer>
    1040:	0141                	addi	sp,sp,16
    1042:	9baff06f          	j	1fc <__riscv_restore_0>

00001046 <CtrlGetConfigDescrTB>:
    1046:	98eff2ef          	jal	t0,1d4 <__riscv_save_0>
    104a:	200007b7          	lui	a5,0x20000
    104e:	65f7c503          	lbu	a0,1631(a5) # 2000065f <DevDesc_Buf+0x3>
    1052:	1141                	addi	sp,sp,-16
    1054:	00e10693          	addi	a3,sp,14
    1058:	10000613          	li	a2,256
    105c:	85818593          	addi	a1,gp,-1960 # 200004b0 <TxBuffer>
    1060:	e72ff0ef          	jal	6d2 <USBHSH_GetConfigDescr>
    1064:	0141                	addi	sp,sp,16
    1066:	996ff06f          	j	1fc <__riscv_restore_0>

0000106a <CtrlSetUsbConfig>:
    106a:	200007b7          	lui	a5,0x20000
    106e:	85aa                	mv	a1,a0
    1070:	65f7c503          	lbu	a0,1631(a5) # 2000065f <DevDesc_Buf+0x3>
    1074:	eecff06f          	j	760 <USBHSH_SetUsbConfig>

00001078 <CtrlClearEndpStall>:
    1078:	200007b7          	lui	a5,0x20000
    107c:	85aa                	mv	a1,a0
    107e:	65f7c503          	lbu	a0,1631(a5) # 2000065f <DevDesc_Buf+0x3>
    1082:	ef6ff06f          	j	778 <USBHSH_ClearEndpStall>

00001086 <CHRV3ReadSector>:
    1086:	922ff2ef          	jal	t0,1a8 <__riscv_save_10>
    108a:	698d                	lui	s3,0x3
    108c:	8a2a                	mv	s4,a0
    108e:	8cae                	mv	s9,a1
    1090:	4481                	li	s1,0
    1092:	85818413          	addi	s0,gp,-1960 # 200004b0 <TxBuffer>
    1096:	f8000c13          	li	s8,-128
    109a:	80a98993          	addi	s3,s3,-2038 # 280a <CHRV3s11+0x34a>
    109e:	f111c783          	lbu	a5,-239(gp) # 20000b69 <CHRV3vSectorSizeB>
    10a2:	8566                	mv	a0,s9
    10a4:	01840623          	sb	s8,12(s0)
    10a8:	00fa17b3          	sll	a5,s4,a5
    10ac:	c41c                	sw	a5,8(s0)
    10ae:	efc1c783          	lbu	a5,-260(gp) # 20000b54 <CHRV3vCurrentLun>
    10b2:	01341723          	sh	s3,14(s0)
    10b6:	00040823          	sb	zero,16(s0)
    10ba:	b45c                	sb	a5,13(s0)
    10bc:	ec81a783          	lw	a5,-312(gp) # 20000b20 <CHRV3vLbaCurrent>
    10c0:	00040aa3          	sb	zero,21(s0)
    10c4:	00040b23          	sb	zero,22(s0)
    10c8:	0187d713          	srli	a4,a5,0x18
    10cc:	b818                	sb	a4,17(s0)
    10ce:	0107d713          	srli	a4,a5,0x10
    10d2:	a838                	sb	a4,18(s0)
    10d4:	0087d713          	srli	a4,a5,0x8
    10d8:	a85c                	sb	a5,20(s0)
    10da:	b838                	sb	a4,19(s0)
    10dc:	01440ba3          	sb	s4,23(s0)
    10e0:	00040c23          	sb	zero,24(s0)
    10e4:	26b000ef          	jal	1b4e <CHRV3BulkOnlyCmd>
    10e8:	ed41c783          	lbu	a5,-300(gp) # 20000b2c <CHRV3IntStatus>
    10ec:	0ff7f513          	zext.b	a0,a5
    10f0:	cf89                	beqz	a5,110a <CHRV3ReadSector+0x84>
    10f2:	8526                	mv	a0,s1
    10f4:	719000ef          	jal	200c <CHRV3AnalyzeError>
    10f8:	eca18a23          	sb	a0,-300(gp) # 20000b2c <CHRV3IntStatus>
    10fc:	ed41c783          	lbu	a5,-300(gp) # 20000b2c <CHRV3IntStatus>
    1100:	c799                	beqz	a5,110e <CHRV3ReadSector+0x88>
    1102:	ed41c503          	lbu	a0,-300(gp) # 20000b2c <CHRV3IntStatus>
    1106:	0ff57513          	zext.b	a0,a0
    110a:	8daff06f          	j	1e4 <__riscv_restore_10>
    110e:	0485                	addi	s1,s1,1
    1110:	0ff4f493          	zext.b	s1,s1
    1114:	478d                	li	a5,3
    1116:	f8f494e3          	bne	s1,a5,109e <CHRV3ReadSector+0x18>
    111a:	457d                	li	a0,31
    111c:	eca18a23          	sb	a0,-300(gp) # 20000b2c <CHRV3IntStatus>
    1120:	b7ed                	j	110a <CHRV3ReadSector+0x84>

00001122 <CHRV3WriteSector>:
    1122:	886ff2ef          	jal	t0,1a8 <__riscv_save_10>
    1126:	6a0d                	lui	s4,0x3
    1128:	8aaa                	mv	s5,a0
    112a:	8d2e                	mv	s10,a1
    112c:	4901                	li	s2,0
    112e:	85818413          	addi	s0,gp,-1960 # 200004b0 <TxBuffer>
    1132:	a0aa0a13          	addi	s4,s4,-1526 # 2a0a <CHRV3s20+0x9e>
    1136:	4b0d                	li	s6,3
    1138:	f111c783          	lbu	a5,-239(gp) # 20000b69 <CHRV3vSectorSizeB>
    113c:	856a                	mv	a0,s10
    113e:	00040623          	sb	zero,12(s0)
    1142:	00fa97b3          	sll	a5,s5,a5
    1146:	c41c                	sw	a5,8(s0)
    1148:	efc1c783          	lbu	a5,-260(gp) # 20000b54 <CHRV3vCurrentLun>
    114c:	01441723          	sh	s4,14(s0)
    1150:	00040823          	sb	zero,16(s0)
    1154:	b45c                	sb	a5,13(s0)
    1156:	ec81a783          	lw	a5,-312(gp) # 20000b20 <CHRV3vLbaCurrent>
    115a:	00040aa3          	sb	zero,21(s0)
    115e:	00040b23          	sb	zero,22(s0)
    1162:	0187d713          	srli	a4,a5,0x18
    1166:	b818                	sb	a4,17(s0)
    1168:	0107d713          	srli	a4,a5,0x10
    116c:	a838                	sb	a4,18(s0)
    116e:	0087d713          	srli	a4,a5,0x8
    1172:	a85c                	sb	a5,20(s0)
    1174:	b838                	sb	a4,19(s0)
    1176:	01540ba3          	sb	s5,23(s0)
    117a:	00040c23          	sb	zero,24(s0)
    117e:	1d1000ef          	jal	1b4e <CHRV3BulkOnlyCmd>
    1182:	ed41c783          	lbu	a5,-300(gp) # 20000b2c <CHRV3IntStatus>
    1186:	0ff7f493          	zext.b	s1,a5
    118a:	e799                	bnez	a5,1198 <CHRV3WriteSector+0x76>
    118c:	0c800513          	li	a0,200
    1190:	2d15                	jal	17c4 <Delay_Us>
    1192:	8526                	mv	a0,s1
    1194:	850ff06f          	j	1e4 <__riscv_restore_10>
    1198:	854a                	mv	a0,s2
    119a:	673000ef          	jal	200c <CHRV3AnalyzeError>
    119e:	eca18a23          	sb	a0,-300(gp) # 20000b2c <CHRV3IntStatus>
    11a2:	ed41c783          	lbu	a5,-300(gp) # 20000b2c <CHRV3IntStatus>
    11a6:	c791                	beqz	a5,11b2 <CHRV3WriteSector+0x90>
    11a8:	ed41c483          	lbu	s1,-300(gp) # 20000b2c <CHRV3IntStatus>
    11ac:	0ff4f493          	zext.b	s1,s1
    11b0:	b7cd                	j	1192 <CHRV3WriteSector+0x70>
    11b2:	0905                	addi	s2,s2,1
    11b4:	0ff97913          	zext.b	s2,s2
    11b8:	f96910e3          	bne	s2,s6,1138 <CHRV3WriteSector+0x16>
    11bc:	44fd                	li	s1,31
    11be:	ec918a23          	sb	s1,-300(gp) # 20000b2c <CHRV3IntStatus>
    11c2:	bfc1                	j	1192 <CHRV3WriteSector+0x70>

000011c4 <CHRV3DiskConnect>:
    11c4:	400247b7          	lui	a5,0x40024
    11c8:	1037c703          	lbu	a4,259(a5) # 40024103 <_eusrstack+0x20002103>
    11cc:	07f77713          	andi	a4,a4,127
    11d0:	10e781a3          	sb	a4,259(a5)
    11d4:	1347d703          	lhu	a4,308(a5)
    11d8:	1037c683          	lbu	a3,259(a5)
    11dc:	478d                	li	a5,3
    11de:	00f69c63          	bne	a3,a5,11f6 <CHRV3DiskConnect+0x32>
    11e2:	00177793          	andi	a5,a4,1
    11e6:	cb81                	beqz	a5,11f6 <CHRV3DiskConnect+0x32>
    11e8:	8b11                	andi	a4,a4,4
    11ea:	c701                	beqz	a4,11f2 <CHRV3DiskConnect+0x2e>
    11ec:	4709                	li	a4,2
    11ee:	ece18623          	sb	a4,-308(gp) # 20000b24 <CHRV3DiskStatus>
    11f2:	4501                	li	a0,0
    11f4:	8082                	ret
    11f6:	4705                	li	a4,1
    11f8:	ece18623          	sb	a4,-308(gp) # 20000b24 <CHRV3DiskStatus>
    11fc:	4559                	li	a0,22
    11fe:	8082                	ret

00001200 <xFileNameEnumer>:
    1200:	8082                	ret

00001202 <CHRV3LibInit>:
    1202:	fd3fe2ef          	jal	t0,1d4 <__riscv_save_0>
    1206:	129000ef          	jal	1b2e <CHRV3GetVer>
    120a:	85aa                	mv	a1,a0
    120c:	473d                	li	a4,15
    120e:	0ff00513          	li	a0,255
    1212:	06b77363          	bgeu	a4,a1,1278 <CHRV3LibInit+0x76>
    1216:	6515                	lui	a0,0x5
    1218:	5b850513          	addi	a0,a0,1464 # 55b8 <_read+0x3de>
    121c:	7e5020ef          	jal	4200 <iprintf>
    1220:	b1818793          	addi	a5,gp,-1256 # 20000770 <DISK_BASE_BUF>
    1224:	eaf1aa23          	sw	a5,-332(gp) # 20000b0c <pDISK_BASE_BUF>
    1228:	e8f1ae23          	sw	a5,-356(gp) # 20000af4 <pDISK_FAT_BUF>
    122c:	4725                	li	a4,9
    122e:	ec018623          	sb	zero,-308(gp) # 20000b24 <CHRV3DiskStatus>
    1232:	f0e188a3          	sb	a4,-239(gp) # 20000b69 <CHRV3vSectorSizeB>
    1236:	20000793          	li	a5,512
    123a:	eef19023          	sh	a5,-288(gp) # 20000b38 <CHRV3vSectorSize>
    123e:	ee01a823          	sw	zero,-272(gp) # 20000b48 <CHRV3vStartLba>
    1242:	eef19b23          	sh	a5,-266(gp) # 20000b4e <CHRV3vPacketSize>
    1246:	400247b7          	lui	a5,0x40024
    124a:	12878793          	addi	a5,a5,296 # 40024128 <_eusrstack+0x20002128>
    124e:	eaf1a823          	sw	a5,-336(gp) # 20000b08 <pTX_DMA_A_REG>
    1252:	400247b7          	lui	a5,0x40024
    1256:	12478793          	addi	a5,a5,292 # 40024124 <_eusrstack+0x20002124>
    125a:	f0f1ac23          	sw	a5,-232(gp) # 20000b70 <pRX_DMA_A_REG>
    125e:	400247b7          	lui	a5,0x40024
    1262:	11878793          	addi	a5,a5,280 # 40024118 <_eusrstack+0x20002118>
    1266:	e8f1a823          	sw	a5,-368(gp) # 20000ae8 <pTX_LEN_REG>
    126a:	400247b7          	lui	a5,0x40024
    126e:	11c78793          	addi	a5,a5,284 # 4002411c <_eusrstack+0x2000211c>
    1272:	eaf1ae23          	sw	a5,-324(gp) # 20000b14 <pRX_LEN_REG>
    1276:	4501                	li	a0,0
    1278:	f85fe06f          	j	1fc <__riscv_restore_0>

0000127c <mDelaymS>:
    127c:	abad                	j	17f6 <Delay_Ms>

0000127e <ADC1_2_IRQHandler>:
    127e:	a001                	j	127e <ADC1_2_IRQHandler>

00001280 <handle_reset>:
    1280:	20000197          	auipc	gp,0x20000
    1284:	9d818193          	addi	gp,gp,-1576 # 20000c58 <__global_pointer$>
    1288:	20021117          	auipc	sp,0x20021
    128c:	d7810113          	addi	sp,sp,-648 # 20022000 <_eusrstack>
    1290:	00004517          	auipc	a0,0x4
    1294:	53050513          	addi	a0,a0,1328 # 57c0 <_data_lma>
    1298:	1ffff597          	auipc	a1,0x1ffff
    129c:	16858593          	addi	a1,a1,360 # 20000400 <_impure_data>
    12a0:	1ffff617          	auipc	a2,0x1ffff
    12a4:	1d460613          	addi	a2,a2,468 # 20000474 <pHOST_TX_RAM_Addr>
    12a8:	00c5fa63          	bgeu	a1,a2,12bc <handle_reset+0x3c>
    12ac:	00052283          	lw	t0,0(a0)
    12b0:	0055a023          	sw	t0,0(a1)
    12b4:	0511                	addi	a0,a0,4
    12b6:	0591                	addi	a1,a1,4
    12b8:	fec5eae3          	bltu	a1,a2,12ac <handle_reset+0x2c>
    12bc:	81c18513          	addi	a0,gp,-2020 # 20000474 <pHOST_TX_RAM_Addr>
    12c0:	20000597          	auipc	a1,0x20000
    12c4:	8b858593          	addi	a1,a1,-1864 # 20000b78 <_ebss>
    12c8:	00b57763          	bgeu	a0,a1,12d6 <handle_reset+0x56>
    12cc:	00052023          	sw	zero,0(a0)
    12d0:	0511                	addi	a0,a0,4
    12d2:	feb56de3          	bltu	a0,a1,12cc <handle_reset+0x4c>
    12d6:	10000293          	li	t0,256
    12da:	8052b073          	csrc	0x805,t0
    12de:	02100293          	li	t0,33
    12e2:	bc029073          	csrw	0xbc0,t0
    12e6:	4285                	li	t0,1
    12e8:	bc129073          	csrw	0xbc1,t0
    12ec:	429d                	li	t0,7
    12ee:	80429073          	csrw	0x804,t0
    12f2:	68800293          	li	t0,1672
    12f6:	30029073          	csrw	mstatus,t0
    12fa:	fffff297          	auipc	t0,0xfffff
    12fe:	d0628293          	addi	t0,t0,-762 # 0 <_sinit>
    1302:	0032e293          	ori	t0,t0,3
    1306:	30529073          	csrw	mtvec,t0
    130a:	aa5ff0ef          	jal	dae <SystemInit>
    130e:	00000297          	auipc	t0,0x0
    1312:	9f228293          	addi	t0,t0,-1550 # d00 <main>
    1316:	34129073          	csrw	mepc,t0
    131a:	30200073          	mret

0000131e <DBGMCU_GetCHIPID>:
    131e:	1ffff7b7          	lui	a5,0x1ffff
    1322:	7047a503          	lw	a0,1796(a5) # 1ffff704 <_data_lma+0x1fff9f44>
    1326:	8082                	ret

00001328 <GPIO_Init>:
    1328:	459c                	lw	a5,8(a1)
    132a:	0107f713          	andi	a4,a5,16
    132e:	00f7f813          	andi	a6,a5,15
    1332:	c701                	beqz	a4,133a <GPIO_Init+0x12>
    1334:	41d8                	lw	a4,4(a1)
    1336:	00e86833          	or	a6,a6,a4
    133a:	2192                	lhu	a2,0(a1)
    133c:	0ff67713          	zext.b	a4,a2
    1340:	cf1d                	beqz	a4,137e <GPIO_Init+0x56>
    1342:	4114                	lw	a3,0(a0)
    1344:	4701                	li	a4,0
    1346:	4e3d                	li	t3,15
    1348:	02800e93          	li	t4,40
    134c:	04800f13          	li	t5,72
    1350:	4321                	li	t1,8
    1352:	48e655b3          	bext	a1,a2,a4
    1356:	28e018b3          	bset	a7,zero,a4
    135a:	cd91                	beqz	a1,1376 <GPIO_Init+0x4e>
    135c:	00271593          	slli	a1,a4,0x2
    1360:	00be1fb3          	sll	t6,t3,a1
    1364:	41f6f6b3          	andn	a3,a3,t6
    1368:	00b815b3          	sll	a1,a6,a1
    136c:	8ecd                	or	a3,a3,a1
    136e:	05d79e63          	bne	a5,t4,13ca <GPIO_Init+0xa2>
    1372:	01152a23          	sw	a7,20(a0)
    1376:	0705                	addi	a4,a4,1
    1378:	fc671de3          	bne	a4,t1,1352 <GPIO_Init+0x2a>
    137c:	c114                	sw	a3,0(a0)
    137e:	0ff00713          	li	a4,255
    1382:	04c77363          	bgeu	a4,a2,13c8 <GPIO_Init+0xa0>
    1386:	4158                	lw	a4,4(a0)
    1388:	4681                	li	a3,0
    138a:	4e3d                	li	t3,15
    138c:	02800e93          	li	t4,40
    1390:	04800f13          	li	t5,72
    1394:	4321                	li	t1,8
    1396:	00868593          	addi	a1,a3,8
    139a:	48b65fb3          	bext	t6,a2,a1
    139e:	28b018b3          	bset	a7,zero,a1
    13a2:	000f8f63          	beqz	t6,13c0 <GPIO_Init+0x98>
    13a6:	00269593          	slli	a1,a3,0x2
    13aa:	00be1fb3          	sll	t6,t3,a1
    13ae:	41f77733          	andn	a4,a4,t6
    13b2:	00b815b3          	sll	a1,a6,a1
    13b6:	8f4d                	or	a4,a4,a1
    13b8:	01d79e63          	bne	a5,t4,13d4 <GPIO_Init+0xac>
    13bc:	01152a23          	sw	a7,20(a0)
    13c0:	0685                	addi	a3,a3,1
    13c2:	fc669ae3          	bne	a3,t1,1396 <GPIO_Init+0x6e>
    13c6:	c158                	sw	a4,4(a0)
    13c8:	8082                	ret
    13ca:	fbe796e3          	bne	a5,t5,1376 <GPIO_Init+0x4e>
    13ce:	01152823          	sw	a7,16(a0)
    13d2:	b755                	j	1376 <GPIO_Init+0x4e>
    13d4:	ffe796e3          	bne	a5,t5,13c0 <GPIO_Init+0x98>
    13d8:	01152823          	sw	a7,16(a0)
    13dc:	b7d5                	j	13c0 <GPIO_Init+0x98>

000013de <GPIO_IPD_Unused>:
    13de:	df7fe2ef          	jal	t0,1d4 <__riscv_save_0>
    13e2:	1141                	addi	sp,sp,-16
    13e4:	4585                	li	a1,1
    13e6:	07c00513          	li	a0,124
    13ea:	c202                	sw	zero,4(sp)
    13ec:	c402                	sw	zero,8(sp)
    13ee:	c602                	sw	zero,12(sp)
    13f0:	2c85                	jal	1660 <RCC_PB2PeriphClockCmd>
    13f2:	1ffff7b7          	lui	a5,0x1ffff
    13f6:	7047a783          	lw	a5,1796(a5) # 1ffff704 <_data_lma+0x1fff9f44>
    13fa:	46730737          	lui	a4,0x46730
    13fe:	f0f7f793          	andi	a5,a5,-241
    1402:	0ee78863          	beq	a5,a4,14f2 <GPIO_IPD_Unused+0x114>
    1406:	00f76f63          	bltu	a4,a5,1424 <GPIO_IPD_Unused+0x46>
    140a:	46710737          	lui	a4,0x46710
    140e:	0705                	addi	a4,a4,1 # 46710001 <_eusrstack+0x266ee001>
    1410:	08e78f63          	beq	a5,a4,14ae <GPIO_IPD_Unused+0xd0>
    1414:	46720737          	lui	a4,0x46720
    1418:	0709                	addi	a4,a4,2 # 46720002 <_eusrstack+0x266fe002>
    141a:	04e78463          	beq	a5,a4,1462 <GPIO_IPD_Unused+0x84>
    141e:	0141                	addi	sp,sp,16
    1420:	dddfe06f          	j	1fc <__riscv_restore_0>
    1424:	46740737          	lui	a4,0x46740
    1428:	0705                	addi	a4,a4,1 # 46740001 <_eusrstack+0x2671e001>
    142a:	0ae78863          	beq	a5,a4,14da <GPIO_IPD_Unused+0xfc>
    142e:	46750737          	lui	a4,0x46750
    1432:	0709                	addi	a4,a4,2 # 46750002 <_eusrstack+0x2672e002>
    1434:	fee795e3          	bne	a5,a4,141e <GPIO_IPD_Unused+0x40>
    1438:	4791                	li	a5,4
    143a:	40011537          	lui	a0,0x40011
    143e:	827c                	sh	a5,4(sp)
    1440:	004c                	addi	a1,sp,4
    1442:	02800793          	li	a5,40
    1446:	c0050513          	addi	a0,a0,-1024 # 40010c00 <_eusrstack+0x1ffeec00>
    144a:	c63e                	sw	a5,12(sp)
    144c:	3df1                	jal	1328 <GPIO_Init>
    144e:	3c000793          	li	a5,960
    1452:	004c                	addi	a1,sp,4
    1454:	40011537          	lui	a0,0x40011
    1458:	827c                	sh	a5,4(sp)
    145a:	35f9                	jal	1328 <GPIO_Init>
    145c:	6791                	lui	a5,0x4
    145e:	17ed                	addi	a5,a5,-5 # 3ffb <__udivdi3+0xe9>
    1460:	a035                	j	148c <GPIO_IPD_Unused+0xae>
    1462:	4791                	li	a5,4
    1464:	40011537          	lui	a0,0x40011
    1468:	827c                	sh	a5,4(sp)
    146a:	004c                	addi	a1,sp,4
    146c:	02800793          	li	a5,40
    1470:	c0050513          	addi	a0,a0,-1024 # 40010c00 <_eusrstack+0x1ffeec00>
    1474:	c63e                	sw	a5,12(sp)
    1476:	3d4d                	jal	1328 <GPIO_Init>
    1478:	3c000793          	li	a5,960
    147c:	004c                	addi	a1,sp,4
    147e:	40011537          	lui	a0,0x40011
    1482:	827c                	sh	a5,4(sp)
    1484:	3555                	jal	1328 <GPIO_Init>
    1486:	6791                	lui	a5,0x4
    1488:	efb78793          	addi	a5,a5,-261 # 3efb <CHRV3ByteWrite+0x2e9>
    148c:	40011537          	lui	a0,0x40011
    1490:	004c                	addi	a1,sp,4
    1492:	40050513          	addi	a0,a0,1024 # 40011400 <_eusrstack+0x1ffef400>
    1496:	827c                	sh	a5,4(sp)
    1498:	3d41                	jal	1328 <GPIO_Init>
    149a:	6789                	lui	a5,0x2
    149c:	17fd                	addi	a5,a5,-1 # 1fff <mGetDiskSize+0x13f>
    149e:	827c                	sh	a5,4(sp)
    14a0:	40012537          	lui	a0,0x40012
    14a4:	004c                	addi	a1,sp,4
    14a6:	80050513          	addi	a0,a0,-2048 # 40011800 <_eusrstack+0x1ffef800>
    14aa:	3dbd                	jal	1328 <GPIO_Init>
    14ac:	bf8d                	j	141e <GPIO_IPD_Unused+0x40>
    14ae:	3c000793          	li	a5,960
    14b2:	827c                	sh	a5,4(sp)
    14b4:	004c                	addi	a1,sp,4
    14b6:	02800793          	li	a5,40
    14ba:	40011537          	lui	a0,0x40011
    14be:	c63e                	sw	a5,12(sp)
    14c0:	35a5                	jal	1328 <GPIO_Init>
    14c2:	efb00793          	li	a5,-261
    14c6:	40011537          	lui	a0,0x40011
    14ca:	004c                	addi	a1,sp,4
    14cc:	40050513          	addi	a0,a0,1024 # 40011400 <_eusrstack+0x1ffef400>
    14d0:	827c                	sh	a5,4(sp)
    14d2:	3d99                	jal	1328 <GPIO_Init>
    14d4:	0fc00793          	li	a5,252
    14d8:	b7d9                	j	149e <GPIO_IPD_Unused+0xc0>
    14da:	3c000793          	li	a5,960
    14de:	827c                	sh	a5,4(sp)
    14e0:	004c                	addi	a1,sp,4
    14e2:	02800793          	li	a5,40
    14e6:	40011537          	lui	a0,0x40011
    14ea:	c63e                	sw	a5,12(sp)
    14ec:	3d35                	jal	1328 <GPIO_Init>
    14ee:	57ed                	li	a5,-5
    14f0:	bfd9                	j	14c6 <GPIO_IPD_Unused+0xe8>
    14f2:	08000793          	li	a5,128
    14f6:	827c                	sh	a5,4(sp)
    14f8:	02800793          	li	a5,40
    14fc:	c63e                	sw	a5,12(sp)
    14fe:	b74d                	j	14a0 <GPIO_IPD_Unused+0xc2>

00001500 <RCC_GetClocksFreq>:
    1500:	400216b7          	lui	a3,0x40021
    1504:	42d0                	lw	a2,4(a3)
    1506:	56d8                	lw	a4,44(a3)
    1508:	017d87b7          	lui	a5,0x17d8
    150c:	8a31                	andi	a2,a2,12
    150e:	4591                	li	a1,4
    1510:	84078793          	addi	a5,a5,-1984 # 17d7840 <_data_lma+0x17d2080>
    1514:	06b60a63          	beq	a2,a1,1588 <RCC_GetClocksFreq+0x88>
    1518:	013137b7          	lui	a5,0x1313
    151c:	45a1                	li	a1,8
    151e:	d0078793          	addi	a5,a5,-768 # 1312d00 <_data_lma+0x130d540>
    1522:	06b61363          	bne	a2,a1,1588 <RCC_GetClocksFreq+0x88>
    1526:	67b9                	lui	a5,0xe
    1528:	0046a883          	lw	a7,4(a3) # 40021004 <_eusrstack+0x1ffff004>
    152c:	8f7d                	and	a4,a4,a5
    152e:	56dc                	lw	a5,44(a3)
    1530:	42d0                	lw	a2,4(a3)
    1532:	4339                	li	t1,14
    1534:	83a1                	srli	a5,a5,0x8
    1536:	8b9d                	andi	a5,a5,7
    1538:	00178813          	addi	a6,a5,1 # e001 <_data_lma+0x8841>
    153c:	8245                	srli	a2,a2,0x11
    153e:	6795                	lui	a5,0x5
    1540:	01f67693          	andi	a3,a2,31
    1544:	63878793          	addi	a5,a5,1592 # 5638 <PLLMULTB>
    1548:	97b6                	add	a5,a5,a3
    154a:	239c                	lbu	a5,0(a5)
    154c:	ffb68593          	addi	a1,a3,-5
    1550:	4681                	li	a3,0
    1552:	0ff7f793          	zext.b	a5,a5
    1556:	00b36463          	bltu	t1,a1,155e <RCC_GetClocksFreq+0x5e>
    155a:	00167693          	andi	a3,a2,1
    155e:	6611                	lui	a2,0x4
    1560:	0ac70a63          	beq	a4,a2,1614 <RCC_GetClocksFreq+0x114>
    1564:	00e66963          	bltu	a2,a4,1576 <RCC_GetClocksFreq+0x76>
    1568:	e34d                	bnez	a4,160a <RCC_GetClocksFreq+0x10a>
    156a:	1c9c47b7          	lui	a5,0x1c9c4
    156e:	80078793          	addi	a5,a5,-2048 # 1c9c3800 <_data_lma+0x1c9be040>
    1572:	c11c                	sw	a5,0(a0)
    1574:	a039                	j	1582 <RCC_GetClocksFreq+0x82>
    1576:	6619                	lui	a2,0x6
    1578:	0ac70163          	beq	a4,a2,161a <RCC_GetClocksFreq+0x11a>
    157c:	6631                	lui	a2,0xc
    157e:	0ac70363          	beq	a4,a2,1624 <RCC_GetClocksFreq+0x124>
    1582:	411c                	lw	a5,0(a0)
    1584:	0307d7b3          	divu	a5,a5,a6
    1588:	c11c                	sw	a5,0(a0)
    158a:	40021637          	lui	a2,0x40021
    158e:	4254                	lw	a3,4(a2)
    1590:	6715                	lui	a4,0x5
    1592:	65870713          	addi	a4,a4,1624 # 5658 <HBPrescTable>
    1596:	8291                	srli	a3,a3,0x4
    1598:	8abd                	andi	a3,a3,15
    159a:	9736                	add	a4,a4,a3
    159c:	2318                	lbu	a4,0(a4)
    159e:	00e7d7b3          	srl	a5,a5,a4
    15a2:	c15c                	sw	a5,4(a0)
    15a4:	4254                	lw	a3,4(a2)
    15a6:	81418713          	addi	a4,gp,-2028 # 2000046c <PBPrescTable>
    15aa:	82a1                	srli	a3,a3,0x8
    15ac:	8a9d                	andi	a3,a3,7
    15ae:	96ba                	add	a3,a3,a4
    15b0:	2294                	lbu	a3,0(a3)
    15b2:	00d7d6b3          	srl	a3,a5,a3
    15b6:	c514                	sw	a3,8(a0)
    15b8:	4254                	lw	a3,4(a2)
    15ba:	82ad                	srli	a3,a3,0xb
    15bc:	8a9d                	andi	a3,a3,7
    15be:	96ba                	add	a3,a3,a4
    15c0:	2294                	lbu	a3,0(a3)
    15c2:	00d7d6b3          	srl	a3,a5,a3
    15c6:	c554                	sw	a3,12(a0)
    15c8:	4254                	lw	a3,4(a2)
    15ca:	00369593          	slli	a1,a3,0x3
    15ce:	0005da63          	bgez	a1,15e2 <RCC_GetClocksFreq+0xe2>
    15d2:	5a14                	lw	a3,48(a2)
    15d4:	1c9c47b7          	lui	a5,0x1c9c4
    15d8:	80078793          	addi	a5,a5,-2048 # 1c9c3800 <_data_lma+0x1c9be040>
    15dc:	0685                	addi	a3,a3,1
    15de:	02d7d7b3          	divu	a5,a5,a3
    15e2:	40021637          	lui	a2,0x40021
    15e6:	4254                	lw	a3,4(a2)
    15e8:	82ad                	srli	a3,a3,0xb
    15ea:	8a9d                	andi	a3,a3,7
    15ec:	9736                	add	a4,a4,a3
    15ee:	230c                	lbu	a1,0(a4)
    15f0:	4258                	lw	a4,4(a2)
    15f2:	81018693          	addi	a3,gp,-2032 # 20000468 <ADCPrescTable>
    15f6:	8339                	srli	a4,a4,0xe
    15f8:	8b0d                	andi	a4,a4,3
    15fa:	9736                	add	a4,a4,a3
    15fc:	2318                	lbu	a4,0(a4)
    15fe:	00b7d7b3          	srl	a5,a5,a1
    1602:	02e7d7b3          	divu	a5,a5,a4
    1606:	c91c                	sw	a5,16(a0)
    1608:	8082                	ret
    160a:	1dcd67b7          	lui	a5,0x1dcd6
    160e:	50078793          	addi	a5,a5,1280 # 1dcd6500 <_data_lma+0x1dcd0d40>
    1612:	b785                	j	1572 <RCC_GetClocksFreq+0x72>
    1614:	1312d7b7          	lui	a5,0x1312d
    1618:	bfa9                	j	1572 <RCC_GetClocksFreq+0x72>
    161a:	13d937b7          	lui	a5,0x13d93
    161e:	d4078793          	addi	a5,a5,-704 # 13d92d40 <_data_lma+0x13d8d580>
    1622:	bf81                	j	1572 <RCC_GetClocksFreq+0x72>
    1624:	00f89713          	slli	a4,a7,0xf
    1628:	00074c63          	bltz	a4,1640 <RCC_GetClocksFreq+0x140>
    162c:	01313737          	lui	a4,0x1313
    1630:	d0070713          	addi	a4,a4,-768 # 1312d00 <_data_lma+0x130d540>
    1634:	02e787b3          	mul	a5,a5,a4
    1638:	0685                	addi	a3,a3,1
    163a:	02d7d7b3          	divu	a5,a5,a3
    163e:	bf15                	j	1572 <RCC_GetClocksFreq+0x72>
    1640:	017d8737          	lui	a4,0x17d8
    1644:	84070713          	addi	a4,a4,-1984 # 17d7840 <_data_lma+0x17d2080>
    1648:	b7f5                	j	1634 <RCC_GetClocksFreq+0x134>

0000164a <RCC_HBPeriphClockCmd>:
    164a:	400217b7          	lui	a5,0x40021
    164e:	4bd8                	lw	a4,20(a5)
    1650:	c581                	beqz	a1,1658 <RCC_HBPeriphClockCmd+0xe>
    1652:	8f49                	or	a4,a4,a0
    1654:	cbd8                	sw	a4,20(a5)
    1656:	8082                	ret
    1658:	40a77533          	andn	a0,a4,a0
    165c:	cbc8                	sw	a0,20(a5)
    165e:	8082                	ret

00001660 <RCC_PB2PeriphClockCmd>:
    1660:	400217b7          	lui	a5,0x40021
    1664:	4f98                	lw	a4,24(a5)
    1666:	c581                	beqz	a1,166e <RCC_PB2PeriphClockCmd+0xe>
    1668:	8f49                	or	a4,a4,a0
    166a:	cf98                	sw	a4,24(a5)
    166c:	8082                	ret
    166e:	40a77533          	andn	a0,a4,a0
    1672:	cf88                	sw	a0,24(a5)
    1674:	8082                	ret

00001676 <RCC_USBHSPLLCLKConfig>:
    1676:	400217b7          	lui	a5,0x40021
    167a:	57d8                	lw	a4,44(a5)
    167c:	056a                	slli	a0,a0,0x1a
    167e:	49a71713          	bclri	a4,a4,0x1a
    1682:	49b71713          	bclri	a4,a4,0x1b
    1686:	d7d8                	sw	a4,44(a5)
    1688:	57d8                	lw	a4,44(a5)
    168a:	8d59                	or	a0,a0,a4
    168c:	d7c8                	sw	a0,44(a5)
    168e:	8082                	ret

00001690 <RCC_USBHSPLLReferConfig>:
    1690:	400217b7          	lui	a5,0x40021
    1694:	57d8                	lw	a4,44(a5)
    1696:	0572                	slli	a0,a0,0x1c
    1698:	49c71713          	bclri	a4,a4,0x1c
    169c:	49d71713          	bclri	a4,a4,0x1d
    16a0:	d7d8                	sw	a4,44(a5)
    16a2:	57d8                	lw	a4,44(a5)
    16a4:	8d59                	or	a0,a0,a4
    16a6:	d7c8                	sw	a0,44(a5)
    16a8:	8082                	ret

000016aa <RCC_UTMI1cmd>:
    16aa:	400217b7          	lui	a5,0x40021
    16ae:	57d8                	lw	a4,44(a5)
    16b0:	c509                	beqz	a0,16ba <RCC_UTMI1cmd+0x10>
    16b2:	29e71713          	bseti	a4,a4,0x1e
    16b6:	d7d8                	sw	a4,44(a5)
    16b8:	8082                	ret
    16ba:	49e71713          	bclri	a4,a4,0x1e
    16be:	bfe5                	j	16b6 <RCC_UTMI1cmd+0xc>

000016c0 <USART_Init>:
    16c0:	b15fe2ef          	jal	t0,1d4 <__riscv_save_0>
    16c4:	259e                	lhu	a5,8(a1)
    16c6:	673d                	lui	a4,0xf
    16c8:	1101                	addi	sp,sp,-32
    16ca:	8007f693          	andi	a3,a5,-2048
    16ce:	48b69693          	bclri	a3,a3,0xb
    16d2:	842a                	mv	s0,a0
    16d4:	84ae                	mv	s1,a1
    16d6:	00e69a63          	bne	a3,a4,16ea <USART_Init+0x2a>
    16da:	2d5a                	lhu	a4,28(a0)
    16dc:	8bb1                	andi	a5,a5,12
    16de:	9b4d                	andi	a4,a4,-13
    16e0:	8fd9                	or	a5,a5,a4
    16e2:	ad5e                	sh	a5,28(a0)
    16e4:	00059423          	sh	zero,8(a1)
    16e8:	4781                	li	a5,0
    16ea:	2816                	lhu	a3,16(s0)
    16ec:	20fa                	lhu	a4,6(s1)
    16ee:	0068                	addi	a0,sp,12
    16f0:	48c69693          	bclri	a3,a3,0xc
    16f4:	48d69693          	bclri	a3,a3,0xd
    16f8:	8f55                	or	a4,a4,a3
    16fa:	a81a                	sh	a4,16(s0)
    16fc:	2456                	lhu	a3,12(s0)
    16fe:	670d                	lui	a4,0x3
    1700:	9f370713          	addi	a4,a4,-1549 # 29f3 <CHRV3s20+0x87>
    1704:	8ef9                	and	a3,a3,a4
    1706:	20da                	lhu	a4,4(s1)
    1708:	8f55                	or	a4,a4,a3
    170a:	24b6                	lhu	a3,10(s1)
    170c:	8f55                	or	a4,a4,a3
    170e:	8fd9                	or	a5,a5,a4
    1710:	a45e                	sh	a5,12(s0)
    1712:	285a                	lhu	a4,20(s0)
    1714:	24de                	lhu	a5,12(s1)
    1716:	cff77713          	andi	a4,a4,-769
    171a:	8fd9                	or	a5,a5,a4
    171c:	a85e                	sh	a5,20(s0)
    171e:	33cd                	jal	1500 <RCC_GetClocksFreq>
    1720:	400147b7          	lui	a5,0x40014
    1724:	80078793          	addi	a5,a5,-2048 # 40013800 <_eusrstack+0x1fff1800>
    1728:	04f41063          	bne	s0,a5,1768 <USART_Init+0xa8>
    172c:	47e2                	lw	a5,24(sp)
    172e:	4565                	li	a0,25
    1730:	02a7b5b3          	mulhu	a1,a5,a0
    1734:	4090                	lw	a2,0(s1)
    1736:	4681                	li	a3,0
    1738:	060a                	slli	a2,a2,0x2
    173a:	02a78533          	mul	a0,a5,a0
    173e:	7d4020ef          	jal	3f12 <__udivdi3>
    1742:	06400713          	li	a4,100
    1746:	02e557b3          	divu	a5,a0,a4
    174a:	63f00693          	li	a3,1599
    174e:	02e57533          	remu	a0,a0,a4
    1752:	0792                	slli	a5,a5,0x4
    1754:	0512                	slli	a0,a0,0x4
    1756:	03250513          	addi	a0,a0,50 # 40011032 <_eusrstack+0x1ffef032>
    175a:	00a6f963          	bgeu	a3,a0,176c <USART_Init+0xac>
    175e:	07c1                	addi	a5,a5,16
    1760:	a41e                	sh	a5,8(s0)
    1762:	6105                	addi	sp,sp,32
    1764:	a99fe06f          	j	1fc <__riscv_restore_0>
    1768:	47d2                	lw	a5,20(sp)
    176a:	b7d1                	j	172e <USART_Init+0x6e>
    176c:	02e55533          	divu	a0,a0,a4
    1770:	8fc9                	or	a5,a5,a0
    1772:	b7fd                	j	1760 <USART_Init+0xa0>

00001774 <USART_Cmd>:
    1774:	255e                	lhu	a5,12(a0)
    1776:	c589                	beqz	a1,1780 <USART_Cmd+0xc>
    1778:	28d79793          	bseti	a5,a5,0xd
    177c:	a55e                	sh	a5,12(a0)
    177e:	8082                	ret
    1780:	6739                	lui	a4,0xe
    1782:	177d                	addi	a4,a4,-1 # dfff <_data_lma+0x883f>
    1784:	8ff9                	and	a5,a5,a4
    1786:	bfdd                	j	177c <USART_Cmd+0x8>

00001788 <USART_SendData>:
    1788:	1ff5f593          	andi	a1,a1,511
    178c:	a14e                	sh	a1,4(a0)
    178e:	8082                	ret

00001790 <USART_GetFlagStatus>:
    1790:	210a                	lhu	a0,0(a0)
    1792:	8d6d                	and	a0,a0,a1
    1794:	00a03533          	snez	a0,a0
    1798:	8082                	ret

0000179a <Delay_Init>:
    179a:	200007b7          	lui	a5,0x20000
    179e:	4587a783          	lw	a5,1112(a5) # 20000458 <SystemCoreClock>
    17a2:	007a1737          	lui	a4,0x7a1
    17a6:	20070713          	addi	a4,a4,512 # 7a1200 <_data_lma+0x79ba40>
    17aa:	02e7d7b3          	divu	a5,a5,a4
    17ae:	0ff7f793          	zext.b	a5,a5
    17b2:	84f18323          	sb	a5,-1978(gp) # 2000049e <p_us>
    17b6:	3e800713          	li	a4,1000
    17ba:	02e787b3          	mul	a5,a5,a4
    17be:	84f19223          	sh	a5,-1980(gp) # 2000049c <p_ms>
    17c2:	8082                	ret

000017c4 <Delay_Us>:
    17c4:	e000f7b7          	lui	a5,0xe000f
    17c8:	43d8                	lw	a4,4(a5)
    17ca:	9b79                	andi	a4,a4,-2
    17cc:	c3d8                	sw	a4,4(a5)
    17ce:	8461c703          	lbu	a4,-1978(gp) # 2000049e <p_us>
    17d2:	02a70733          	mul	a4,a4,a0
    17d6:	cb98                	sw	a4,16(a5)
    17d8:	4398                	lw	a4,0(a5)
    17da:	01076713          	ori	a4,a4,16
    17de:	c398                	sw	a4,0(a5)
    17e0:	4398                	lw	a4,0(a5)
    17e2:	02176713          	ori	a4,a4,33
    17e6:	c398                	sw	a4,0(a5)
    17e8:	43d8                	lw	a4,4(a5)
    17ea:	8b05                	andi	a4,a4,1
    17ec:	df75                	beqz	a4,17e8 <Delay_Us+0x24>
    17ee:	4398                	lw	a4,0(a5)
    17f0:	9b79                	andi	a4,a4,-2
    17f2:	c398                	sw	a4,0(a5)
    17f4:	8082                	ret

000017f6 <Delay_Ms>:
    17f6:	e000f7b7          	lui	a5,0xe000f
    17fa:	43d8                	lw	a4,4(a5)
    17fc:	9b79                	andi	a4,a4,-2
    17fe:	c3d8                	sw	a4,4(a5)
    1800:	8441d703          	lhu	a4,-1980(gp) # 2000049c <p_ms>
    1804:	02a70733          	mul	a4,a4,a0
    1808:	cb98                	sw	a4,16(a5)
    180a:	4398                	lw	a4,0(a5)
    180c:	01076713          	ori	a4,a4,16
    1810:	c398                	sw	a4,0(a5)
    1812:	4398                	lw	a4,0(a5)
    1814:	02176713          	ori	a4,a4,33
    1818:	c398                	sw	a4,0(a5)
    181a:	43d8                	lw	a4,4(a5)
    181c:	8b05                	andi	a4,a4,1
    181e:	df75                	beqz	a4,181a <Delay_Ms+0x24>
    1820:	4398                	lw	a4,0(a5)
    1822:	9b79                	andi	a4,a4,-2
    1824:	c398                	sw	a4,0(a5)
    1826:	8082                	ret

00001828 <USART_Printf_Init>:
    1828:	9adfe2ef          	jal	t0,1d4 <__riscv_save_0>
    182c:	842a                	mv	s0,a0
    182e:	6511                	lui	a0,0x4
    1830:	1101                	addi	sp,sp,-32
    1832:	4585                	li	a1,1
    1834:	0511                	addi	a0,a0,4 # 4004 <__udivdi3+0xf2>
    1836:	c202                	sw	zero,4(sp)
    1838:	c402                	sw	zero,8(sp)
    183a:	c602                	sw	zero,12(sp)
    183c:	c802                	sw	zero,16(sp)
    183e:	ca02                	sw	zero,20(sp)
    1840:	cc02                	sw	zero,24(sp)
    1842:	ce02                	sw	zero,28(sp)
    1844:	3d31                	jal	1660 <RCC_PB2PeriphClockCmd>
    1846:	20000793          	li	a5,512
    184a:	827c                	sh	a5,4(sp)
    184c:	40011537          	lui	a0,0x40011
    1850:	478d                	li	a5,3
    1852:	c43e                	sw	a5,8(sp)
    1854:	004c                	addi	a1,sp,4
    1856:	47e1                	li	a5,24
    1858:	80050513          	addi	a0,a0,-2048 # 40010800 <_eusrstack+0x1ffee800>
    185c:	c63e                	sw	a5,12(sp)
    185e:	acbff0ef          	jal	1328 <GPIO_Init>
    1862:	40014537          	lui	a0,0x40014
    1866:	000807b7          	lui	a5,0x80
    186a:	080c                	addi	a1,sp,16
    186c:	80050513          	addi	a0,a0,-2048 # 40013800 <_eusrstack+0x1fff1800>
    1870:	cc3e                	sw	a5,24(sp)
    1872:	c822                	sw	s0,16(sp)
    1874:	ca02                	sw	zero,20(sp)
    1876:	00011e23          	sh	zero,28(sp)
    187a:	3599                	jal	16c0 <USART_Init>
    187c:	40014537          	lui	a0,0x40014
    1880:	4585                	li	a1,1
    1882:	80050513          	addi	a0,a0,-2048 # 40013800 <_eusrstack+0x1fff1800>
    1886:	35fd                	jal	1774 <USART_Cmd>
    1888:	6105                	addi	sp,sp,32
    188a:	973fe06f          	j	1fc <__riscv_restore_0>

0000188e <_write>:
    188e:	947fe2ef          	jal	t0,1d4 <__riscv_save_0>
    1892:	892e                	mv	s2,a1
    1894:	84b2                	mv	s1,a2
    1896:	4401                	li	s0,0
    1898:	00944563          	blt	s0,s1,18a2 <_write+0x14>
    189c:	8526                	mv	a0,s1
    189e:	95ffe06f          	j	1fc <__riscv_restore_0>
    18a2:	40014537          	lui	a0,0x40014
    18a6:	04000593          	li	a1,64
    18aa:	80050513          	addi	a0,a0,-2048 # 40013800 <_eusrstack+0x1fff1800>
    18ae:	35cd                	jal	1790 <USART_GetFlagStatus>
    18b0:	d96d                	beqz	a0,18a2 <_write+0x14>
    18b2:	008907b3          	add	a5,s2,s0
    18b6:	00078583          	lb	a1,0(a5) # 80000 <_data_lma+0x7a840>
    18ba:	40014537          	lui	a0,0x40014
    18be:	80050513          	addi	a0,a0,-2048 # 40013800 <_eusrstack+0x1fff1800>
    18c2:	0805c5b3          	zext.h	a1,a1
    18c6:	35c9                	jal	1788 <USART_SendData>
    18c8:	0405                	addi	s0,s0,1
    18ca:	b7f9                	j	1898 <_write+0xa>

000018cc <_sbrk>:
    18cc:	87aa                	mv	a5,a0
    18ce:	8081a503          	lw	a0,-2040(gp) # 20000460 <curbrk.0>
    18d2:	20022737          	lui	a4,0x20022
    18d6:	80070713          	addi	a4,a4,-2048 # 20021800 <_heap_end>
    18da:	97aa                	add	a5,a5,a0
    18dc:	00f76b63          	bltu	a4,a5,18f2 <_sbrk+0x26>
    18e0:	20001737          	lui	a4,0x20001
    18e4:	b7870713          	addi	a4,a4,-1160 # 20000b78 <_ebss>
    18e8:	00e7e563          	bltu	a5,a4,18f2 <_sbrk+0x26>
    18ec:	80f1a423          	sw	a5,-2040(gp) # 20000460 <curbrk.0>
    18f0:	8082                	ret
    18f2:	557d                	li	a0,-1
    18f4:	8082                	ret

000018f6 <__get_MEPC>:
    18f6:	34102573          	csrr	a0,mepc
    18fa:	8082                	ret

000018fc <__get_MCAUSE>:
    18fc:	34202573          	csrr	a0,mcause
    1900:	8082                	ret

00001902 <__get_MTVAL>:
    1902:	34302573          	csrr	a0,mtval
    1906:	8082                	ret

00001908 <mBulkOnlyReset>:
    1908:	1141                	addi	sp,sp,-16
    190a:	4509                	li	a0,2
    190c:	c606                	sw	ra,12(sp)
    190e:	c422                	sw	s0,8(sp)
    1910:	c226                	sw	s1,4(sp)
    1912:	96bff0ef          	jal	127c <mDelaymS>
    1916:	ed41c783          	lbu	a5,-300(gp) # 20000b2c <CHRV3IntStatus>
    191a:	f0f18fa3          	sb	a5,-225(gp) # 20000b77 <mSaveDevEndpTog>
    191e:	8a7ff0ef          	jal	11c4 <CHRV3DiskConnect>
    1922:	87aa                	mv	a5,a0
    1924:	e935                	bnez	a0,1998 <mBulkOnlyReset+0x90>
    1926:	ecc1c703          	lbu	a4,-308(gp) # 20000b24 <CHRV3DiskStatus>
    192a:	468d                	li	a3,3
    192c:	08300793          	li	a5,131
    1930:	06e6f463          	bgeu	a3,a4,1998 <mBulkOnlyReset+0x90>
    1934:	f1c1c683          	lbu	a3,-228(gp) # 20000b74 <mDiskInterfNumber>
    1938:	02100613          	li	a2,33
    193c:	84c18c23          	sb	a2,-1960(gp) # 200004b0 <TxBuffer>
    1940:	567d                	li	a2,-1
    1942:	85818793          	addi	a5,gp,-1960 # 200004b0 <TxBuffer>
    1946:	84c18ca3          	sb	a2,-1959(gp) # 200004b1 <TxBuffer+0x1>
    194a:	00078123          	sb	zero,2(a5)
    194e:	000781a3          	sb	zero,3(a5)
    1952:	00d78223          	sb	a3,4(a5)
    1956:	000782a3          	sb	zero,5(a5)
    195a:	00078323          	sb	zero,6(a5)
    195e:	000783a3          	sb	zero,7(a5)
    1962:	4581                	li	a1,0
    1964:	ec0ff0ef          	jal	1024 <HostCtrlTransfer>
    1968:	eca18a23          	sb	a0,-300(gp) # 20000b2c <CHRV3IntStatus>
    196c:	4759                	li	a4,22
    196e:	87aa                	mv	a5,a0
    1970:	02e50463          	beq	a0,a4,1998 <mBulkOnlyReset+0x90>
    1974:	ec01c503          	lbu	a0,-320(gp) # 20000b18 <mDiskBulkOutEndp>
    1978:	893d                	andi	a0,a0,15
    197a:	efeff0ef          	jal	1078 <CtrlClearEndpStall>
    197e:	f101c503          	lbu	a0,-240(gp) # 20000b68 <mDiskBulkInEndp>
    1982:	893d                	andi	a0,a0,15
    1984:	08056513          	ori	a0,a0,128
    1988:	ef0ff0ef          	jal	1078 <CtrlClearEndpStall>
    198c:	f1f1c783          	lbu	a5,-225(gp) # 20000b77 <mSaveDevEndpTog>
    1990:	f0018fa3          	sb	zero,-225(gp) # 20000b77 <mSaveDevEndpTog>
    1994:	ecf18a23          	sb	a5,-300(gp) # 20000b2c <CHRV3IntStatus>
    1998:	40b2                	lw	ra,12(sp)
    199a:	4422                	lw	s0,8(sp)
    199c:	4492                	lw	s1,4(sp)
    199e:	853e                	mv	a0,a5
    19a0:	0141                	addi	sp,sp,16
    19a2:	8082                	ret

000019a4 <mUpdateStatus.part.1>:
    19a4:	1141                	addi	sp,sp,-16
    19a6:	4705                	li	a4,1
    19a8:	c606                	sw	ra,12(sp)
    19aa:	ece18623          	sb	a4,-308(gp) # 20000b24 <CHRV3DiskStatus>
    19ae:	817ff0ef          	jal	11c4 <CHRV3DiskConnect>
    19b2:	e119                	bnez	a0,19b8 <mUpdateStatus.part.1+0x14>
    19b4:	08300513          	li	a0,131
    19b8:	40b2                	lw	ra,12(sp)
    19ba:	0141                	addi	sp,sp,16
    19bc:	8082                	ret

000019be <mReadSectorFAT>:
    19be:	1141                	addi	sp,sp,-16
    19c0:	c422                	sw	s0,8(sp)
    19c2:	ec81a783          	lw	a5,-312(gp) # 20000b20 <CHRV3vLbaCurrent>
    19c6:	f041a703          	lw	a4,-252(gp) # 20000b5c <mLbaBufferFAT>
    19ca:	c606                	sw	ra,12(sp)
    19cc:	4501                	li	a0,0
    19ce:	02e78463          	beq	a5,a4,19f6 <mReadSectorFAT+0x38>
    19d2:	e9c1a583          	lw	a1,-356(gp) # 20000af4 <pDISK_FAT_BUF>
    19d6:	eb41a703          	lw	a4,-332(gp) # 20000b0c <pDISK_BASE_BUF>
    19da:	f0f1a223          	sw	a5,-252(gp) # 20000b5c <mLbaBufferFAT>
    19de:	02b70863          	beq	a4,a1,1a0e <mReadSectorFAT+0x50>
    19e2:	4505                	li	a0,1
    19e4:	ea2ff0ef          	jal	1086 <CHRV3ReadSector>
    19e8:	eca18a23          	sb	a0,-300(gp) # 20000b2c <CHRV3IntStatus>
    19ec:	e909                	bnez	a0,19fe <mReadSectorFAT+0x40>
    19ee:	ed41c503          	lbu	a0,-300(gp) # 20000b2c <CHRV3IntStatus>
    19f2:	0ff57513          	zext.b	a0,a0
    19f6:	40b2                	lw	ra,12(sp)
    19f8:	4422                	lw	s0,8(sp)
    19fa:	0141                	addi	sp,sp,16
    19fc:	8082                	ret
    19fe:	577d                	li	a4,-1
    1a00:	f0e1aa23          	sw	a4,-236(gp) # 20000b6c <mLbaBufferFDT>
    1a04:	f0e1a223          	sw	a4,-252(gp) # 20000b5c <mLbaBufferFAT>
    1a08:	ea018023          	sb	zero,-352(gp) # 20000af8 <mFatSecChanged>
    1a0c:	b7cd                	j	19ee <mReadSectorFAT+0x30>
    1a0e:	4505                	li	a0,1
    1a10:	f0f1aa23          	sw	a5,-236(gp) # 20000b6c <mLbaBufferFDT>
    1a14:	e72ff0ef          	jal	1086 <CHRV3ReadSector>
    1a18:	eca18a23          	sb	a0,-300(gp) # 20000b2c <CHRV3IntStatus>
    1a1c:	d969                	beqz	a0,19ee <mReadSectorFAT+0x30>
    1a1e:	b7c5                	j	19fe <mReadSectorFAT+0x40>

00001a20 <mReadSectorFDT>:
    1a20:	1141                	addi	sp,sp,-16
    1a22:	c422                	sw	s0,8(sp)
    1a24:	ec81a783          	lw	a5,-312(gp) # 20000b20 <CHRV3vLbaCurrent>
    1a28:	f141a703          	lw	a4,-236(gp) # 20000b6c <mLbaBufferFDT>
    1a2c:	c606                	sw	ra,12(sp)
    1a2e:	4501                	li	a0,0
    1a30:	02e78463          	beq	a5,a4,1a58 <mReadSectorFDT+0x38>
    1a34:	eb41a583          	lw	a1,-332(gp) # 20000b0c <pDISK_BASE_BUF>
    1a38:	e9c1a703          	lw	a4,-356(gp) # 20000af4 <pDISK_FAT_BUF>
    1a3c:	f0f1aa23          	sw	a5,-236(gp) # 20000b6c <mLbaBufferFDT>
    1a40:	02b70863          	beq	a4,a1,1a70 <mReadSectorFDT+0x50>
    1a44:	4505                	li	a0,1
    1a46:	e40ff0ef          	jal	1086 <CHRV3ReadSector>
    1a4a:	eca18a23          	sb	a0,-300(gp) # 20000b2c <CHRV3IntStatus>
    1a4e:	e909                	bnez	a0,1a60 <mReadSectorFDT+0x40>
    1a50:	ed41c503          	lbu	a0,-300(gp) # 20000b2c <CHRV3IntStatus>
    1a54:	0ff57513          	zext.b	a0,a0
    1a58:	40b2                	lw	ra,12(sp)
    1a5a:	4422                	lw	s0,8(sp)
    1a5c:	0141                	addi	sp,sp,16
    1a5e:	8082                	ret
    1a60:	577d                	li	a4,-1
    1a62:	f0e1aa23          	sw	a4,-236(gp) # 20000b6c <mLbaBufferFDT>
    1a66:	f0e1a223          	sw	a4,-252(gp) # 20000b5c <mLbaBufferFAT>
    1a6a:	ea018023          	sb	zero,-352(gp) # 20000af8 <mFatSecChanged>
    1a6e:	b7cd                	j	1a50 <mReadSectorFDT+0x30>
    1a70:	4505                	li	a0,1
    1a72:	f0f1a223          	sw	a5,-252(gp) # 20000b5c <mLbaBufferFAT>
    1a76:	e10ff0ef          	jal	1086 <CHRV3ReadSector>
    1a7a:	eca18a23          	sb	a0,-300(gp) # 20000b2c <CHRV3IntStatus>
    1a7e:	d969                	beqz	a0,1a50 <mReadSectorFDT+0x30>
    1a80:	b7c5                	j	1a60 <mReadSectorFDT+0x40>

00001a82 <mWriteSectorFAT>:
    1a82:	ec81a783          	lw	a5,-312(gp) # 20000b20 <CHRV3vLbaCurrent>
    1a86:	e9c1a583          	lw	a1,-356(gp) # 20000af4 <pDISK_FAT_BUF>
    1a8a:	1141                	addi	sp,sp,-16
    1a8c:	eb41a703          	lw	a4,-332(gp) # 20000b0c <pDISK_BASE_BUF>
    1a90:	c422                	sw	s0,8(sp)
    1a92:	c606                	sw	ra,12(sp)
    1a94:	f0f1a223          	sw	a5,-252(gp) # 20000b5c <mLbaBufferFAT>
    1a98:	02b70563          	beq	a4,a1,1ac2 <mWriteSectorFAT+0x40>
    1a9c:	4505                	li	a0,1
    1a9e:	e84ff0ef          	jal	1122 <CHRV3WriteSector>
    1aa2:	eca18a23          	sb	a0,-300(gp) # 20000b2c <CHRV3IntStatus>
    1aa6:	c901                	beqz	a0,1ab6 <mWriteSectorFAT+0x34>
    1aa8:	577d                	li	a4,-1
    1aaa:	f0e1aa23          	sw	a4,-236(gp) # 20000b6c <mLbaBufferFDT>
    1aae:	f0e1a223          	sw	a4,-252(gp) # 20000b5c <mLbaBufferFAT>
    1ab2:	ea018023          	sb	zero,-352(gp) # 20000af8 <mFatSecChanged>
    1ab6:	40b2                	lw	ra,12(sp)
    1ab8:	4422                	lw	s0,8(sp)
    1aba:	ed41c503          	lbu	a0,-300(gp) # 20000b2c <CHRV3IntStatus>
    1abe:	0141                	addi	sp,sp,16
    1ac0:	8082                	ret
    1ac2:	f0f1aa23          	sw	a5,-236(gp) # 20000b6c <mLbaBufferFDT>
    1ac6:	bfd9                	j	1a9c <mWriteSectorFAT+0x1a>

00001ac8 <mWriteSectorFDT>:
    1ac8:	ec81a783          	lw	a5,-312(gp) # 20000b20 <CHRV3vLbaCurrent>
    1acc:	eb41a583          	lw	a1,-332(gp) # 20000b0c <pDISK_BASE_BUF>
    1ad0:	1141                	addi	sp,sp,-16
    1ad2:	e9c1a703          	lw	a4,-356(gp) # 20000af4 <pDISK_FAT_BUF>
    1ad6:	c422                	sw	s0,8(sp)
    1ad8:	c606                	sw	ra,12(sp)
    1ada:	f0f1aa23          	sw	a5,-236(gp) # 20000b6c <mLbaBufferFDT>
    1ade:	02b70563          	beq	a4,a1,1b08 <mWriteSectorFDT+0x40>
    1ae2:	4505                	li	a0,1
    1ae4:	e3eff0ef          	jal	1122 <CHRV3WriteSector>
    1ae8:	eca18a23          	sb	a0,-300(gp) # 20000b2c <CHRV3IntStatus>
    1aec:	c901                	beqz	a0,1afc <mWriteSectorFDT+0x34>
    1aee:	577d                	li	a4,-1
    1af0:	f0e1aa23          	sw	a4,-236(gp) # 20000b6c <mLbaBufferFDT>
    1af4:	f0e1a223          	sw	a4,-252(gp) # 20000b5c <mLbaBufferFAT>
    1af8:	ea018023          	sb	zero,-352(gp) # 20000af8 <mFatSecChanged>
    1afc:	40b2                	lw	ra,12(sp)
    1afe:	4422                	lw	s0,8(sp)
    1b00:	ed41c503          	lbu	a0,-300(gp) # 20000b2c <CHRV3IntStatus>
    1b04:	0141                	addi	sp,sp,16
    1b06:	8082                	ret
    1b08:	f0f1a223          	sw	a5,-252(gp) # 20000b5c <mLbaBufferFAT>
    1b0c:	bfd9                	j	1ae2 <mWriteSectorFDT+0x1a>

00001b0e <mClusterToLba>:
    1b0e:	e981c603          	lbu	a2,-360(gp) # 20000af0 <mDiskSecPerClusB>
    1b12:	ee81a783          	lw	a5,-280(gp) # 20000b40 <mCurrentCluster>
    1b16:	f1d1c703          	lbu	a4,-227(gp) # 20000b75 <mCurSecOffset>
    1b1a:	f081a683          	lw	a3,-248(gp) # 20000b60 <CHRV3vDataStart>
    1b1e:	17f9                	addi	a5,a5,-2
    1b20:	00c797b3          	sll	a5,a5,a2
    1b24:	9736                	add	a4,a4,a3
    1b26:	97ba                	add	a5,a5,a4
    1b28:	ecf1a423          	sw	a5,-312(gp) # 20000b20 <CHRV3vLbaCurrent>
    1b2c:	8082                	ret

00001b2e <CHRV3GetVer>:
    1b2e:	4541                	li	a0,16
    1b30:	8082                	ret

00001b32 <mUpdateStatus>:
    1b32:	ecc1c783          	lbu	a5,-308(gp) # 20000b24 <CHRV3DiskStatus>
    1b36:	0ff7f793          	zext.b	a5,a5
    1b3a:	00a7e663          	bltu	a5,a0,1b46 <mUpdateStatus+0x14>
    1b3e:	ecb18623          	sb	a1,-308(gp) # 20000b24 <CHRV3DiskStatus>
    1b42:	4501                	li	a0,0
    1b44:	8082                	ret
    1b46:	feb78ee3          	beq	a5,a1,1b42 <mUpdateStatus+0x10>
    1b4a:	e5bff06f          	j	19a4 <mUpdateStatus.part.1>

00001b4e <CHRV3BulkOnlyCmd>:
    1b4e:	7179                	addi	sp,sp,-48
    1b50:	d226                	sw	s1,36(sp)
    1b52:	05500713          	li	a4,85
    1b56:	ca56                	sw	s5,20(sp)
    1b58:	84e18c23          	sb	a4,-1960(gp) # 200004b0 <TxBuffer>
    1b5c:	05300713          	li	a4,83
    1b60:	84e18ca3          	sb	a4,-1959(gp) # 200004b1 <TxBuffer+0x1>
    1b64:	e901a783          	lw	a5,-368(gp) # 20000ae8 <pTX_LEN_REG>
    1b68:	04200713          	li	a4,66
    1b6c:	84e18d23          	sb	a4,-1958(gp) # 200004b2 <TxBuffer+0x2>
    1b70:	04300713          	li	a4,67
    1b74:	d422                	sw	s0,40(sp)
    1b76:	d04a                	sw	s2,32(sp)
    1b78:	ce4e                	sw	s3,28(sp)
    1b7a:	cc52                	sw	s4,24(sp)
    1b7c:	84e18da3          	sb	a4,-1957(gp) # 200004b3 <TxBuffer+0x3>
    1b80:	d606                	sw	ra,44(sp)
    1b82:	477d                	li	a4,31
    1b84:	c85a                	sw	s6,16(sp)
    1b86:	c65e                	sw	s7,12(sp)
    1b88:	c462                	sw	s8,8(sp)
    1b8a:	00e79023          	sh	a4,0(a5)
    1b8e:	842a                	mv	s0,a0
    1b90:	f1f1c583          	lbu	a1,-225(gp) # 20000b77 <mSaveDevEndpTog>
    1b94:	ec01c503          	lbu	a0,-320(gp) # 20000b18 <mDiskBulkOutEndp>
    1b98:	00020637          	lui	a2,0x20
    1b9c:	c78ff0ef          	jal	1014 <USBHostTransact>
    1ba0:	eca18a23          	sb	a0,-300(gp) # 20000b2c <CHRV3IntStatus>
    1ba4:	4759                	li	a4,22
    1ba6:	16e50063          	beq	a0,a4,1d06 <CHRV3BulkOnlyCmd+0x1b8>
    1baa:	85818b93          	addi	s7,gp,-1960 # 200004b0 <TxBuffer>
    1bae:	cd1d                	beqz	a0,1bec <CHRV3BulkOnlyCmd+0x9e>
    1bb0:	85818793          	addi	a5,gp,-1960 # 200004b0 <TxBuffer>
    1bb4:	87818493          	addi	s1,gp,-1928 # 200004d0 <TxBuffer+0x20>
    1bb8:	4398                	lw	a4,0(a5)
    1bba:	0791                	addi	a5,a5,4
    1bbc:	cfd8                	sw	a4,28(a5)
    1bbe:	fe979de3          	bne	a5,s1,1bb8 <CHRV3BulkOnlyCmd+0x6a>
    1bc2:	d47ff0ef          	jal	1908 <mBulkOnlyReset>
    1bc6:	87de                	mv	a5,s7
    1bc8:	5398                	lw	a4,32(a5)
    1bca:	0791                	addi	a5,a5,4
    1bcc:	fee7ae23          	sw	a4,-4(a5)
    1bd0:	fe979ce3          	bne	a5,s1,1bc8 <CHRV3BulkOnlyCmd+0x7a>
    1bd4:	f1f1c583          	lbu	a1,-225(gp) # 20000b77 <mSaveDevEndpTog>
    1bd8:	ec01c503          	lbu	a0,-320(gp) # 20000b18 <mDiskBulkOutEndp>
    1bdc:	00020637          	lui	a2,0x20
    1be0:	c34ff0ef          	jal	1014 <USBHostTransact>
    1be4:	eca18a23          	sb	a0,-300(gp) # 20000b2c <CHRV3IntStatus>
    1be8:	16051b63          	bnez	a0,1d5e <CHRV3BulkOnlyCmd+0x210>
    1bec:	009bc483          	lbu	s1,9(s7)
    1bf0:	008bc603          	lbu	a2,8(s7)
    1bf4:	00abc783          	lbu	a5,10(s7)
    1bf8:	f1f1c703          	lbu	a4,-225(gp) # 20000b77 <mSaveDevEndpTog>
    1bfc:	00bbc683          	lbu	a3,11(s7)
    1c00:	04a2                	slli	s1,s1,0x8
    1c02:	8cd1                	or	s1,s1,a2
    1c04:	07c2                	slli	a5,a5,0x10
    1c06:	8fc5                	or	a5,a5,s1
    1c08:	04074713          	xori	a4,a4,64
    1c0c:	01869493          	slli	s1,a3,0x18
    1c10:	f0e18fa3          	sb	a4,-225(gp) # 20000b77 <mSaveDevEndpTog>
    1c14:	8cdd                	or	s1,s1,a5
    1c16:	10048463          	beqz	s1,1d1e <CHRV3BulkOnlyCmd+0x1d0>
    1c1a:	00cb8683          	lb	a3,12(s7)
    1c1e:	ef61d783          	lhu	a5,-266(gp) # 20000b4e <CHRV3vPacketSize>
    1c22:	0806d463          	bgez	a3,1caa <CHRV3BulkOnlyCmd+0x15c>
    1c26:	89818b13          	addi	s6,gp,-1896 # 200004f0 <RxBuffer>
    1c2a:	a091                	j	1c6e <CHRV3BulkOnlyCmd+0x120>
    1c2c:	c300                	sw	s0,0(a4)
    1c2e:	f1f1c583          	lbu	a1,-225(gp) # 20000b77 <mSaveDevEndpTog>
    1c32:	f101c503          	lbu	a0,-240(gp) # 20000b68 <mDiskBulkInEndp>
    1c36:	00020637          	lui	a2,0x20
    1c3a:	bdaff0ef          	jal	1014 <USBHostTransact>
    1c3e:	eca18a23          	sb	a0,-300(gp) # 20000b2c <CHRV3IntStatus>
    1c42:	14051f63          	bnez	a0,1da0 <CHRV3BulkOnlyCmd+0x252>
    1c46:	f1f1c703          	lbu	a4,-225(gp) # 20000b77 <mSaveDevEndpTog>
    1c4a:	ebc1a683          	lw	a3,-324(gp) # 20000b14 <pRX_LEN_REG>
    1c4e:	ef61d783          	lhu	a5,-266(gp) # 20000b4e <CHRV3vPacketSize>
    1c52:	08074713          	xori	a4,a4,128
    1c56:	f0e18fa3          	sb	a4,-225(gp) # 20000b77 <mSaveDevEndpTog>
    1c5a:	0006d683          	lhu	a3,0(a3)
    1c5e:	18f4e263          	bltu	s1,a5,1de2 <CHRV3BulkOnlyCmd+0x294>
    1c62:	8c9d                	sub	s1,s1,a5
    1c64:	14d79f63          	bne	a5,a3,1dc2 <CHRV3BulkOnlyCmd+0x274>
    1c68:	943e                	add	s0,s0,a5
    1c6a:	14048c63          	beqz	s1,1dc2 <CHRV3BulkOnlyCmd+0x274>
    1c6e:	f181a703          	lw	a4,-232(gp) # 20000b70 <pRX_DMA_A_REG>
    1c72:	faf4fde3          	bgeu	s1,a5,1c2c <CHRV3BulkOnlyCmd+0xde>
    1c76:	01672023          	sw	s6,0(a4)
    1c7a:	bf55                	j	1c2e <CHRV3BulkOnlyCmd+0xe0>
    1c7c:	0088a023          	sw	s0,0(a7)
    1c80:	00f69023          	sh	a5,0(a3)
    1c84:	ef61d783          	lhu	a5,-266(gp) # 20000b4e <CHRV3vPacketSize>
    1c88:	8c9d                	sub	s1,s1,a5
    1c8a:	943e                	add	s0,s0,a5
    1c8c:	b88ff0ef          	jal	1014 <USBHostTransact>
    1c90:	eca18a23          	sb	a0,-300(gp) # 20000b2c <CHRV3IntStatus>
    1c94:	e12d                	bnez	a0,1cf6 <CHRV3BulkOnlyCmd+0x1a8>
    1c96:	f1f1c703          	lbu	a4,-225(gp) # 20000b77 <mSaveDevEndpTog>
    1c9a:	04074713          	xori	a4,a4,64
    1c9e:	f0e18fa3          	sb	a4,-225(gp) # 20000b77 <mSaveDevEndpTog>
    1ca2:	0e048763          	beqz	s1,1d90 <CHRV3BulkOnlyCmd+0x242>
    1ca6:	ef61d783          	lhu	a5,-266(gp) # 20000b4e <CHRV3vPacketSize>
    1caa:	ec01c803          	lbu	a6,-320(gp) # 20000b18 <mDiskBulkOutEndp>
    1cae:	85ba                	mv	a1,a4
    1cb0:	00020637          	lui	a2,0x20
    1cb4:	eb01a883          	lw	a7,-336(gp) # 20000b08 <pTX_DMA_A_REG>
    1cb8:	e901a683          	lw	a3,-368(gp) # 20000ae8 <pTX_LEN_REG>
    1cbc:	8542                	mv	a0,a6
    1cbe:	faf4ffe3          	bgeu	s1,a5,1c7c <CHRV3BulkOnlyCmd+0x12e>
    1cc2:	0178a023          	sw	s7,0(a7)
    1cc6:	00969023          	sh	s1,0(a3)
    1cca:	4781                	li	a5,0
    1ccc:	00044603          	lbu	a2,0(s0)
    1cd0:	017786b3          	add	a3,a5,s7
    1cd4:	0785                	addi	a5,a5,1
    1cd6:	07c2                	slli	a5,a5,0x10
    1cd8:	00c68023          	sb	a2,0(a3)
    1cdc:	83c1                	srli	a5,a5,0x10
    1cde:	0405                	addi	s0,s0,1
    1ce0:	fe9796e3          	bne	a5,s1,1ccc <CHRV3BulkOnlyCmd+0x17e>
    1ce4:	00020637          	lui	a2,0x20
    1ce8:	85ba                	mv	a1,a4
    1cea:	8542                	mv	a0,a6
    1cec:	b28ff0ef          	jal	1014 <USBHostTransact>
    1cf0:	eca18a23          	sb	a0,-300(gp) # 20000b2c <CHRV3IntStatus>
    1cf4:	cd61                	beqz	a0,1dcc <CHRV3BulkOnlyCmd+0x27e>
    1cf6:	eb01a703          	lw	a4,-336(gp) # 20000b08 <pTX_DMA_A_REG>
    1cfa:	02e00793          	li	a5,46
    1cfe:	01772023          	sw	s7,0(a4)
    1d02:	08f50063          	beq	a0,a5,1d82 <CHRV3BulkOnlyCmd+0x234>
    1d06:	50b2                	lw	ra,44(sp)
    1d08:	5422                	lw	s0,40(sp)
    1d0a:	5492                	lw	s1,36(sp)
    1d0c:	5902                	lw	s2,32(sp)
    1d0e:	49f2                	lw	s3,28(sp)
    1d10:	4a62                	lw	s4,24(sp)
    1d12:	4ad2                	lw	s5,20(sp)
    1d14:	4b42                	lw	s6,16(sp)
    1d16:	4bb2                	lw	s7,12(sp)
    1d18:	4c22                	lw	s8,8(sp)
    1d1a:	6145                	addi	sp,sp,48
    1d1c:	8082                	ret
    1d1e:	f101c503          	lbu	a0,-240(gp) # 20000b68 <mDiskBulkInEndp>
    1d22:	00020637          	lui	a2,0x20
    1d26:	85ba                	mv	a1,a4
    1d28:	aecff0ef          	jal	1014 <USBHostTransact>
    1d2c:	eca18a23          	sb	a0,-300(gp) # 20000b2c <CHRV3IntStatus>
    1d30:	f979                	bnez	a0,1d06 <CHRV3BulkOnlyCmd+0x1b8>
    1d32:	f1f1c783          	lbu	a5,-225(gp) # 20000b77 <mSaveDevEndpTog>
    1d36:	ebc1a703          	lw	a4,-324(gp) # 20000b14 <pRX_LEN_REG>
    1d3a:	f807c793          	xori	a5,a5,-128
    1d3e:	f0f18fa3          	sb	a5,-225(gp) # 20000b77 <mSaveDevEndpTog>
    1d42:	47fd                	li	a5,31
    1d44:	ecf18a23          	sb	a5,-300(gp) # 20000b2c <CHRV3IntStatus>
    1d48:	00075703          	lhu	a4,0(a4)
    1d4c:	47b5                	li	a5,13
    1d4e:	02f71563          	bne	a4,a5,1d78 <CHRV3BulkOnlyCmd+0x22a>
    1d52:	8a41c503          	lbu	a0,-1884(gp) # 200004fc <RxBuffer+0xc>
    1d56:	c131                	beqz	a0,1d9a <CHRV3BulkOnlyCmd+0x24c>
    1d58:	4785                	li	a5,1
    1d5a:	00a7ff63          	bgeu	a5,a0,1d78 <CHRV3BulkOnlyCmd+0x22a>
    1d5e:	5422                	lw	s0,40(sp)
    1d60:	50b2                	lw	ra,44(sp)
    1d62:	5492                	lw	s1,36(sp)
    1d64:	5902                	lw	s2,32(sp)
    1d66:	49f2                	lw	s3,28(sp)
    1d68:	4a62                	lw	s4,24(sp)
    1d6a:	4ad2                	lw	s5,20(sp)
    1d6c:	4b42                	lw	s6,16(sp)
    1d6e:	4bb2                	lw	s7,12(sp)
    1d70:	4c22                	lw	s8,8(sp)
    1d72:	6145                	addi	sp,sp,48
    1d74:	b95ff06f          	j	1908 <mBulkOnlyReset>
    1d78:	ed41c503          	lbu	a0,-300(gp) # 20000b2c <CHRV3IntStatus>
    1d7c:	0ff57513          	zext.b	a0,a0
    1d80:	b759                	j	1d06 <CHRV3BulkOnlyCmd+0x1b8>
    1d82:	ec01c503          	lbu	a0,-320(gp) # 20000b18 <mDiskBulkOutEndp>
    1d86:	893d                	andi	a0,a0,15
    1d88:	af0ff0ef          	jal	1078 <CtrlClearEndpStall>
    1d8c:	f1f1c703          	lbu	a4,-225(gp) # 20000b77 <mSaveDevEndpTog>
    1d90:	eb01a783          	lw	a5,-336(gp) # 20000b08 <pTX_DMA_A_REG>
    1d94:	0177a023          	sw	s7,0(a5)
    1d98:	b759                	j	1d1e <CHRV3BulkOnlyCmd+0x1d0>
    1d9a:	ec018a23          	sb	zero,-300(gp) # 20000b2c <CHRV3IntStatus>
    1d9e:	b7a5                	j	1d06 <CHRV3BulkOnlyCmd+0x1b8>
    1da0:	f181a683          	lw	a3,-232(gp) # 20000b70 <pRX_DMA_A_REG>
    1da4:	02e00713          	li	a4,46
    1da8:	0166a023          	sw	s6,0(a3)
    1dac:	f4e51de3          	bne	a0,a4,1d06 <CHRV3BulkOnlyCmd+0x1b8>
    1db0:	f101c503          	lbu	a0,-240(gp) # 20000b68 <mDiskBulkInEndp>
    1db4:	893d                	andi	a0,a0,15
    1db6:	08056513          	ori	a0,a0,128
    1dba:	abeff0ef          	jal	1078 <CtrlClearEndpStall>
    1dbe:	f1f1c703          	lbu	a4,-225(gp) # 20000b77 <mSaveDevEndpTog>
    1dc2:	f181a783          	lw	a5,-232(gp) # 20000b70 <pRX_DMA_A_REG>
    1dc6:	0167a023          	sw	s6,0(a5)
    1dca:	bf91                	j	1d1e <CHRV3BulkOnlyCmd+0x1d0>
    1dcc:	f1f1c703          	lbu	a4,-225(gp) # 20000b77 <mSaveDevEndpTog>
    1dd0:	eb01a783          	lw	a5,-336(gp) # 20000b08 <pTX_DMA_A_REG>
    1dd4:	04074713          	xori	a4,a4,64
    1dd8:	f0e18fa3          	sb	a4,-225(gp) # 20000b77 <mSaveDevEndpTog>
    1ddc:	0177a023          	sw	s7,0(a5)
    1de0:	bf3d                	j	1d1e <CHRV3BulkOnlyCmd+0x1d0>
    1de2:	02d4e563          	bltu	s1,a3,1e0c <CHRV3BulkOnlyCmd+0x2be>
    1de6:	def1                	beqz	a3,1dc2 <CHRV3BulkOnlyCmd+0x274>
    1de8:	fff68793          	addi	a5,a3,-1
    1dec:	07c2                	slli	a5,a5,0x10
    1dee:	83c1                	srli	a5,a5,0x10
    1df0:	0785                	addi	a5,a5,1
    1df2:	97a2                	add	a5,a5,s0
    1df4:	875a                	mv	a4,s6
    1df6:	00074683          	lbu	a3,0(a4)
    1dfa:	0405                	addi	s0,s0,1
    1dfc:	0705                	addi	a4,a4,1
    1dfe:	fed40fa3          	sb	a3,-1(s0)
    1e02:	fe879ae3          	bne	a5,s0,1df6 <CHRV3BulkOnlyCmd+0x2a8>
    1e06:	f1f1c703          	lbu	a4,-225(gp) # 20000b77 <mSaveDevEndpTog>
    1e0a:	bf65                	j	1dc2 <CHRV3BulkOnlyCmd+0x274>
    1e0c:	01049693          	slli	a3,s1,0x10
    1e10:	82c1                	srli	a3,a3,0x10
    1e12:	bfd9                	j	1de8 <CHRV3BulkOnlyCmd+0x29a>

00001e14 <mReqDiskSense>:
    1e14:	1141                	addi	sp,sp,-16
    1e16:	4529                	li	a0,10
    1e18:	c606                	sw	ra,12(sp)
    1e1a:	c62ff0ef          	jal	127c <mDelaymS>
    1e1e:	efc1c703          	lbu	a4,-260(gp) # 20000b54 <CHRV3vCurrentLun>
    1e22:	85818793          	addi	a5,gp,-1960 # 200004b0 <TxBuffer>
    1e26:	00e786a3          	sb	a4,13(a5)
    1e2a:	46c9                	li	a3,18
    1e2c:	4719                	li	a4,6
    1e2e:	00d78423          	sb	a3,8(a5)
    1e32:	00e78723          	sb	a4,14(a5)
    1e36:	f8000693          	li	a3,-128
    1e3a:	470d                	li	a4,3
    1e3c:	00e787a3          	sb	a4,15(a5)
    1e40:	000784a3          	sb	zero,9(a5)
    1e44:	4749                	li	a4,18
    1e46:	00078523          	sb	zero,10(a5)
    1e4a:	000785a3          	sb	zero,11(a5)
    1e4e:	00d78623          	sb	a3,12(a5)
    1e52:	87818513          	addi	a0,gp,-1928 # 200004d0 <TxBuffer+0x20>
    1e56:	00e789a3          	sb	a4,19(a5)
    1e5a:	00078823          	sb	zero,16(a5)
    1e5e:	000788a3          	sb	zero,17(a5)
    1e62:	00078923          	sb	zero,18(a5)
    1e66:	00078a23          	sb	zero,20(a5)
    1e6a:	00078aa3          	sb	zero,21(a5)
    1e6e:	00078b23          	sb	zero,22(a5)
    1e72:	00078ba3          	sb	zero,23(a5)
    1e76:	00078c23          	sb	zero,24(a5)
    1e7a:	cd5ff0ef          	jal	1b4e <CHRV3BulkOnlyCmd>
    1e7e:	4515                	li	a0,5
    1e80:	bfcff0ef          	jal	127c <mDelaymS>
    1e84:	ed41c783          	lbu	a5,-300(gp) # 20000b2c <CHRV3IntStatus>
    1e88:	4501                	li	a0,0
    1e8a:	0ff7f793          	zext.b	a5,a5
    1e8e:	cf81                	beqz	a5,1ea6 <mReqDiskSense+0x92>
    1e90:	ed41c503          	lbu	a0,-300(gp) # 20000b2c <CHRV3IntStatus>
    1e94:	47d9                	li	a5,22
    1e96:	0ff57513          	zext.b	a0,a0
    1e9a:	00f50963          	beq	a0,a5,1eac <mReqDiskSense+0x98>
    1e9e:	47d5                	li	a5,21
    1ea0:	00f50c63          	beq	a0,a5,1eb8 <mReqDiskSense+0xa4>
    1ea4:	4501                	li	a0,0
    1ea6:	40b2                	lw	ra,12(sp)
    1ea8:	0141                	addi	sp,sp,16
    1eaa:	8082                	ret
    1eac:	4705                	li	a4,1
    1eae:	ece18623          	sb	a4,-308(gp) # 20000b24 <CHRV3DiskStatus>
    1eb2:	ee01a823          	sw	zero,-272(gp) # 20000b48 <CHRV3vStartLba>
    1eb6:	bfc5                	j	1ea6 <mReqDiskSense+0x92>
    1eb8:	4709                	li	a4,2
    1eba:	ece18623          	sb	a4,-308(gp) # 20000b24 <CHRV3DiskStatus>
    1ebe:	b7e5                	j	1ea6 <mReqDiskSense+0x92>

00001ec0 <mGetDiskSize>:
    1ec0:	7139                	addi	sp,sp,-64
    1ec2:	47a5                	li	a5,9
    1ec4:	dc22                	sw	s0,56(sp)
    1ec6:	f0f188a3          	sb	a5,-239(gp) # 20000b69 <CHRV3vSectorSizeB>
    1eca:	47bd                	li	a5,15
    1ecc:	eaf18623          	sb	a5,-340(gp) # 20000b04 <mValue>
    1ed0:	da26                	sw	s1,52(sp)
    1ed2:	d84a                	sw	s2,48(sp)
    1ed4:	d64e                	sw	s3,44(sp)
    1ed6:	d452                	sw	s4,40(sp)
    1ed8:	d256                	sw	s5,36(sp)
    1eda:	d05a                	sw	s6,32(sp)
    1edc:	ce5e                	sw	s7,28(sp)
    1ede:	cc62                	sw	s8,24(sp)
    1ee0:	ca66                	sw	s9,20(sp)
    1ee2:	c86a                	sw	s10,16(sp)
    1ee4:	c66e                	sw	s11,12(sp)
    1ee6:	de06                	sw	ra,60(sp)
    1ee8:	85818d93          	addi	s11,gp,-1960 # 200004b0 <TxBuffer>
    1eec:	eac18493          	addi	s1,gp,-340 # 20000b04 <mValue>
    1ef0:	4b21                	li	s6,8
    1ef2:	f8000a93          	li	s5,-128
    1ef6:	02500a13          	li	s4,37
    1efa:	49a9                	li	s3,10
    1efc:	4c85                	li	s9,1
    1efe:	4d4d                	li	s10,19
    1f00:	a83d                	j	1f3e <mGetDiskSize+0x7e>
    1f02:	0adcfa63          	bgeu	s9,a3,1fb6 <mGetDiskSize+0xf6>
    1f06:	0ba70863          	beq	a4,s10,1fb6 <mGetDiskSize+0xf6>
    1f0a:	00e480a3          	sb	a4,1(s1)
    1f0e:	f07ff0ef          	jal	1e14 <mReqDiskSense>
    1f12:	eac1c503          	lbu	a0,-340(gp) # 20000b04 <mValue>
    1f16:	0014c703          	lbu	a4,1(s1)
    1f1a:	0572                	slli	a0,a0,0x1c
    1f1c:	857d                	srai	a0,a0,0x1f
    1f1e:	f7857513          	andi	a0,a0,-136
    1f22:	0c850513          	addi	a0,a0,200
    1f26:	ece18a23          	sb	a4,-300(gp) # 20000b2c <CHRV3IntStatus>
    1f2a:	b52ff0ef          	jal	127c <mDelaymS>
    1f2e:	eac1c703          	lbu	a4,-340(gp) # 20000b04 <mValue>
    1f32:	177d                	addi	a4,a4,-1
    1f34:	0ff77713          	zext.b	a4,a4
    1f38:	eae18623          	sb	a4,-340(gp) # 20000b04 <mValue>
    1f3c:	cf2d                	beqz	a4,1fb6 <mGetDiskSize+0xf6>
    1f3e:	efc1c703          	lbu	a4,-260(gp) # 20000b54 <CHRV3vCurrentLun>
    1f42:	87818513          	addi	a0,gp,-1928 # 200004d0 <TxBuffer+0x20>
    1f46:	016d8423          	sb	s6,8(s11)
    1f4a:	00ed86a3          	sb	a4,13(s11)
    1f4e:	000d84a3          	sb	zero,9(s11)
    1f52:	000d8523          	sb	zero,10(s11)
    1f56:	000d85a3          	sb	zero,11(s11)
    1f5a:	015d8623          	sb	s5,12(s11)
    1f5e:	014d87a3          	sb	s4,15(s11)
    1f62:	000d8823          	sb	zero,16(s11)
    1f66:	000d88a3          	sb	zero,17(s11)
    1f6a:	000d8923          	sb	zero,18(s11)
    1f6e:	000d8a23          	sb	zero,20(s11)
    1f72:	000d8aa3          	sb	zero,21(s11)
    1f76:	000d8b23          	sb	zero,22(s11)
    1f7a:	000d8ba3          	sb	zero,23(s11)
    1f7e:	000d8c23          	sb	zero,24(s11)
    1f82:	013d8723          	sb	s3,14(s11)
    1f86:	000d89a3          	sb	zero,19(s11)
    1f8a:	bc5ff0ef          	jal	1b4e <CHRV3BulkOnlyCmd>
    1f8e:	ed41c703          	lbu	a4,-300(gp) # 20000b2c <CHRV3IntStatus>
    1f92:	0ff77713          	zext.b	a4,a4
    1f96:	feb70693          	addi	a3,a4,-21
    1f9a:	0ff6f693          	zext.b	a3,a3
    1f9e:	f335                	bnez	a4,1f02 <mGetDiskSize+0x42>
    1fa0:	026dc783          	lbu	a5,38(s11)
    1fa4:	4711                	li	a4,4
    1fa6:	04e78263          	beq	a5,a4,1fea <mGetDiskSize+0x12a>
    1faa:	4721                	li	a4,8
    1fac:	04e78463          	beq	a5,a4,1ff4 <mGetDiskSize+0x134>
    1fb0:	4741                	li	a4,16
    1fb2:	04e78863          	beq	a5,a4,2002 <mGetDiskSize+0x142>
    1fb6:	f111c703          	lbu	a4,-239(gp) # 20000b69 <CHRV3vSectorSizeB>
    1fba:	4785                	li	a5,1
    1fbc:	00e797b3          	sll	a5,a5,a4
    1fc0:	07c2                	slli	a5,a5,0x10
    1fc2:	83c1                	srli	a5,a5,0x10
    1fc4:	50f2                	lw	ra,60(sp)
    1fc6:	5462                	lw	s0,56(sp)
    1fc8:	eef19023          	sh	a5,-288(gp) # 20000b38 <CHRV3vSectorSize>
    1fcc:	0014c503          	lbu	a0,1(s1)
    1fd0:	5942                	lw	s2,48(sp)
    1fd2:	54d2                	lw	s1,52(sp)
    1fd4:	59b2                	lw	s3,44(sp)
    1fd6:	5a22                	lw	s4,40(sp)
    1fd8:	5a92                	lw	s5,36(sp)
    1fda:	5b02                	lw	s6,32(sp)
    1fdc:	4bf2                	lw	s7,28(sp)
    1fde:	4c62                	lw	s8,24(sp)
    1fe0:	4cd2                	lw	s9,20(sp)
    1fe2:	4d42                	lw	s10,16(sp)
    1fe4:	4db2                	lw	s11,12(sp)
    1fe6:	6121                	addi	sp,sp,64
    1fe8:	8082                	ret
    1fea:	f13188a3          	sb	s3,-239(gp) # 20000b69 <CHRV3vSectorSizeB>
    1fee:	40000793          	li	a5,1024
    1ff2:	bfc9                	j	1fc4 <mGetDiskSize+0x104>
    1ff4:	47ad                	li	a5,11
    1ff6:	f0f188a3          	sb	a5,-239(gp) # 20000b69 <CHRV3vSectorSizeB>
    1ffa:	6785                	lui	a5,0x1
    1ffc:	80078793          	addi	a5,a5,-2048 # 800 <USBH_EnableRootHubPort>
    2000:	b7d1                	j	1fc4 <mGetDiskSize+0x104>
    2002:	47b1                	li	a5,12
    2004:	f0f188a3          	sb	a5,-239(gp) # 20000b69 <CHRV3vSectorSizeB>
    2008:	6785                	lui	a5,0x1
    200a:	bf6d                	j	1fc4 <mGetDiskSize+0x104>

0000200c <CHRV3AnalyzeError>:
    200c:	1141                	addi	sp,sp,-16
    200e:	c226                	sw	s1,4(sp)
    2010:	84aa                	mv	s1,a0
    2012:	4505                	li	a0,1
    2014:	c606                	sw	ra,12(sp)
    2016:	c422                	sw	s0,8(sp)
    2018:	a64ff0ef          	jal	127c <mDelaymS>
    201c:	4785                	li	a5,1
    201e:	0697f263          	bgeu	a5,s1,2082 <CHRV3AnalyzeError+0x76>
    2022:	ecc1c783          	lbu	a5,-308(gp) # 20000b24 <CHRV3DiskStatus>
    2026:	46c9                	li	a3,18
    2028:	0ff7f793          	zext.b	a5,a5
    202c:	00d78863          	beq	a5,a3,203c <CHRV3AnalyzeError+0x30>
    2030:	46c1                	li	a3,16
    2032:	00f6f863          	bgeu	a3,a5,2042 <CHRV3AnalyzeError+0x36>
    2036:	ecd18623          	sb	a3,-308(gp) # 20000b24 <CHRV3DiskStatus>
    203a:	a021                	j	2042 <CHRV3AnalyzeError+0x36>
    203c:	4795                	li	a5,5
    203e:	ecf18623          	sb	a5,-308(gp) # 20000b24 <CHRV3DiskStatus>
    2042:	ed41c783          	lbu	a5,-300(gp) # 20000b2c <CHRV3IntStatus>
    2046:	0ff7f793          	zext.b	a5,a5
    204a:	17ad                	addi	a5,a5,-21 # feb <SystemCoreClockUpdate+0xcf>
    204c:	0ff7f793          	zext.b	a5,a5
    2050:	4705                	li	a4,1
    2052:	00f77563          	bgeu	a4,a5,205c <CHRV3AnalyzeError+0x50>
    2056:	dbfff0ef          	jal	1e14 <mReqDiskSense>
    205a:	cd11                	beqz	a0,2076 <CHRV3AnalyzeError+0x6a>
    205c:	4509                	li	a0,2
    205e:	a1eff0ef          	jal	127c <mDelaymS>
    2062:	ed41c503          	lbu	a0,-300(gp) # 20000b2c <CHRV3IntStatus>
    2066:	47d9                	li	a5,22
    2068:	0ff57513          	zext.b	a0,a0
    206c:	02f50a63          	beq	a0,a5,20a0 <CHRV3AnalyzeError+0x94>
    2070:	47d5                	li	a5,21
    2072:	04f50163          	beq	a0,a5,20b4 <CHRV3AnalyzeError+0xa8>
    2076:	40b2                	lw	ra,12(sp)
    2078:	4422                	lw	s0,8(sp)
    207a:	4492                	lw	s1,4(sp)
    207c:	4501                	li	a0,0
    207e:	0141                	addi	sp,sp,16
    2080:	8082                	ret
    2082:	ed41c783          	lbu	a5,-300(gp) # 20000b2c <CHRV3IntStatus>
    2086:	0ff7f793          	zext.b	a5,a5
    208a:	f0e1                	bnez	s1,204a <CHRV3AnalyzeError+0x3e>
    208c:	4509                	li	a0,2
    208e:	9eeff0ef          	jal	127c <mDelaymS>
    2092:	ed41c503          	lbu	a0,-300(gp) # 20000b2c <CHRV3IntStatus>
    2096:	47d9                	li	a5,22
    2098:	0ff57513          	zext.b	a0,a0
    209c:	fcf51ae3          	bne	a0,a5,2070 <CHRV3AnalyzeError+0x64>
    20a0:	40b2                	lw	ra,12(sp)
    20a2:	4422                	lw	s0,8(sp)
    20a4:	4705                	li	a4,1
    20a6:	ece18623          	sb	a4,-308(gp) # 20000b24 <CHRV3DiskStatus>
    20aa:	ee01a823          	sw	zero,-272(gp) # 20000b48 <CHRV3vStartLba>
    20ae:	4492                	lw	s1,4(sp)
    20b0:	0141                	addi	sp,sp,16
    20b2:	8082                	ret
    20b4:	40b2                	lw	ra,12(sp)
    20b6:	4422                	lw	s0,8(sp)
    20b8:	4709                	li	a4,2
    20ba:	ece18623          	sb	a4,-308(gp) # 20000b24 <CHRV3DiskStatus>
    20be:	4492                	lw	s1,4(sp)
    20c0:	0141                	addi	sp,sp,16
    20c2:	8082                	ret

000020c4 <CHRV3s10>:
    20c4:	7139                	addi	sp,sp,-64
    20c6:	c66e                	sw	s11,12(sp)
    20c8:	de06                	sw	ra,60(sp)
    20ca:	dc22                	sw	s0,56(sp)
    20cc:	da26                	sw	s1,52(sp)
    20ce:	d84a                	sw	s2,48(sp)
    20d0:	d64e                	sw	s3,44(sp)
    20d2:	d452                	sw	s4,40(sp)
    20d4:	d256                	sw	s5,36(sp)
    20d6:	d05a                	sw	s6,32(sp)
    20d8:	ce5e                	sw	s7,28(sp)
    20da:	cc62                	sw	s8,24(sp)
    20dc:	ca66                	sw	s9,20(sp)
    20de:	c86a                	sw	s10,16(sp)
    20e0:	8e4ff0ef          	jal	11c4 <CHRV3DiskConnect>
    20e4:	8daa                	mv	s11,a0
    20e6:	e971                	bnez	a0,21ba <CHRV3s10+0xf6>
    20e8:	ecc1c783          	lbu	a5,-308(gp) # 20000b24 <CHRV3DiskStatus>
    20ec:	470d                	li	a4,3
    20ee:	0ef77663          	bgeu	a4,a5,21da <CHRV3s10+0x116>
    20f2:	4791                	li	a5,4
    20f4:	ecf18623          	sb	a5,-308(gp) # 20000b24 <CHRV3DiskStatus>
    20f8:	f4ffe0ef          	jal	1046 <CtrlGetConfigDescrTB>
    20fc:	eca18a23          	sb	a0,-300(gp) # 20000b2c <CHRV3IntStatus>
    2100:	8daa                	mv	s11,a0
    2102:	ed45                	bnez	a0,21ba <CHRV3s10+0xf6>
    2104:	85818c93          	addi	s9,gp,-1960 # 200004b0 <TxBuffer>
    2108:	00ecc683          	lbu	a3,14(s9)
    210c:	4721                	li	a4,8
    210e:	0ce69d63          	bne	a3,a4,21e8 <CHRV3s10+0x124>
    2112:	00fcc603          	lbu	a2,15(s9)
    2116:	ee018223          	sb	zero,-284(gp) # 20000b3c <CHRV3vSubClassIs6>
    211a:	4699                	li	a3,6
    211c:	00d61563          	bne	a2,a3,2126 <CHRV3s10+0x62>
    2120:	4685                	li	a3,1
    2122:	eed18223          	sb	a3,-284(gp) # 20000b3c <CHRV3vSubClassIs6>
    2126:	017cc703          	lbu	a4,23(s9)
    212a:	00bcc583          	lbu	a1,11(s9)
    212e:	016cc603          	lbu	a2,22(s9)
    2132:	01ecc683          	lbu	a3,30(s9)
    2136:	01dcc803          	lbu	a6,29(s9)
    213a:	ef61d303          	lhu	t1,-266(gp) # 20000b4e <CHRV3vPacketSize>
    213e:	0722                	slli	a4,a4,0x8
    2140:	06a2                	slli	a3,a3,0x8
    2142:	f0b18e23          	sb	a1,-228(gp) # 20000b74 <mDiskInterfNumber>
    2146:	8f51                	or	a4,a4,a2
    2148:	ea018623          	sb	zero,-340(gp) # 20000b04 <mValue>
    214c:	0106e6b3          	or	a3,a3,a6
    2150:	014cc603          	lbu	a2,20(s9)
    2154:	01bcc583          	lbu	a1,27(s9)
    2158:	ec01c803          	lbu	a6,-320(gp) # 20000b18 <mDiskBulkOutEndp>
    215c:	f101ce03          	lbu	t3,-240(gp) # 20000b68 <mDiskBulkInEndp>
    2160:	08671063          	bne	a4,t1,21e0 <CHRV3s10+0x11c>
    2164:	0662                	slli	a2,a2,0x18
    2166:	8661                	srai	a2,a2,0x18
    2168:	00f67313          	andi	t1,a2,15
    216c:	08064663          	bltz	a2,21f8 <CHRV3s10+0x134>
    2170:	01036813          	ori	a6,t1,16
    2174:	4601                	li	a2,0
    2176:	4305                	li	t1,1
    2178:	1ee69e63          	bne	a3,a4,2374 <CHRV3s10+0x2b0>
    217c:	01859713          	slli	a4,a1,0x18
    2180:	8761                	srai	a4,a4,0x18
    2182:	00f77693          	andi	a3,a4,15
    2186:	eac18b13          	addi	s6,gp,-340 # 20000b04 <mValue>
    218a:	08074663          	bltz	a4,2216 <CHRV3s10+0x152>
    218e:	4709                	li	a4,2
    2190:	eae18623          	sb	a4,-340(gp) # 20000b04 <mValue>
    2194:	00bb00a3          	sb	a1,1(s6)
    2198:	0106e813          	ori	a6,a3,16
    219c:	18061f63          	bnez	a2,233a <CHRV3s10+0x276>
    21a0:	ed018023          	sb	a6,-320(gp) # 20000b18 <mDiskBulkOutEndp>
    21a4:	a061                	j	222c <CHRV3s10+0x168>
    21a6:	ed41c683          	lbu	a3,-300(gp) # 20000b2c <CHRV3IntStatus>
    21aa:	02e00613          	li	a2,46
    21ae:	20d60f63          	beq	a2,a3,23cc <CHRV3s10+0x308>
    21b2:	ed41c703          	lbu	a4,-300(gp) # 20000b2c <CHRV3IntStatus>
    21b6:	0ff77d93          	zext.b	s11,a4
    21ba:	50f2                	lw	ra,60(sp)
    21bc:	5462                	lw	s0,56(sp)
    21be:	856e                	mv	a0,s11
    21c0:	54d2                	lw	s1,52(sp)
    21c2:	5942                	lw	s2,48(sp)
    21c4:	59b2                	lw	s3,44(sp)
    21c6:	5a22                	lw	s4,40(sp)
    21c8:	5a92                	lw	s5,36(sp)
    21ca:	5b02                	lw	s6,32(sp)
    21cc:	4bf2                	lw	s7,28(sp)
    21ce:	4c62                	lw	s8,24(sp)
    21d0:	4cd2                	lw	s9,20(sp)
    21d2:	4d42                	lw	s10,16(sp)
    21d4:	4db2                	lw	s11,12(sp)
    21d6:	6121                	addi	sp,sp,64
    21d8:	8082                	ret
    21da:	08300d93          	li	s11,131
    21de:	bff1                	j	21ba <CHRV3s10+0xf6>
    21e0:	eac18913          	addi	s2,gp,-340 # 20000b04 <mValue>
    21e4:	00c900a3          	sb	a2,1(s2)
    21e8:	47fd                	li	a5,31
    21ea:	ecf18a23          	sb	a5,-300(gp) # 20000b2c <CHRV3IntStatus>
    21ee:	ed41c703          	lbu	a4,-300(gp) # 20000b2c <CHRV3IntStatus>
    21f2:	0ff77d93          	zext.b	s11,a4
    21f6:	b7d1                	j	21ba <CHRV3s10+0xf6>
    21f8:	09036e13          	ori	t3,t1,144
    21fc:	4605                	li	a2,1
    21fe:	4301                	li	t1,0
    2200:	f6e68ee3          	beq	a3,a4,217c <CHRV3s10+0xb8>
    2204:	eac18793          	addi	a5,gp,-340 # 20000b04 <mValue>
    2208:	eac18623          	sb	a2,-340(gp) # 20000b04 <mValue>
    220c:	00b780a3          	sb	a1,1(a5)
    2210:	f1c18823          	sb	t3,-240(gp) # 20000b68 <mDiskBulkInEndp>
    2214:	bfd1                	j	21e8 <CHRV3s10+0x124>
    2216:	f906e693          	ori	a3,a3,-112
    221a:	4709                	li	a4,2
    221c:	eae18623          	sb	a4,-340(gp) # 20000b04 <mValue>
    2220:	00bb00a3          	sb	a1,1(s6)
    2224:	f0d18823          	sb	a3,-240(gp) # 20000b68 <mDiskBulkInEndp>
    2228:	f6031ce3          	bnez	t1,21a0 <CHRV3s10+0xdc>
    222c:	005cc503          	lbu	a0,5(s9)
    2230:	e3bfe0ef          	jal	106a <CtrlSetUsbConfig>
    2234:	eca18a23          	sb	a0,-300(gp) # 20000b2c <CHRV3IntStatus>
    2238:	8daa                	mv	s11,a0
    223a:	f141                	bnez	a0,21ba <CHRV3s10+0xf6>
    223c:	f1c1c683          	lbu	a3,-228(gp) # 20000b74 <mDiskInterfNumber>
    2240:	fa100613          	li	a2,-95
    2244:	eb41a503          	lw	a0,-332(gp) # 20000b0c <pDISK_BASE_BUF>
    2248:	84c18c23          	sb	a2,-1960(gp) # 200004b0 <TxBuffer>
    224c:	5679                	li	a2,-2
    224e:	84c18ca3          	sb	a2,-1959(gp) # 200004b1 <TxBuffer+0x1>
    2252:	4a85                	li	s5,1
    2254:	ead18593          	addi	a1,gp,-339 # 20000b05 <mValue+0x1>
    2258:	ea018623          	sb	zero,-340(gp) # 20000b04 <mValue>
    225c:	000c8123          	sb	zero,2(s9)
    2260:	000c81a3          	sb	zero,3(s9)
    2264:	00dc8223          	sb	a3,4(s9)
    2268:	000c82a3          	sb	zero,5(s9)
    226c:	015c8323          	sb	s5,6(s9)
    2270:	000c83a3          	sb	zero,7(s9)
    2274:	db1fe0ef          	jal	1024 <HostCtrlTransfer>
    2278:	eca18a23          	sb	a0,-300(gp) # 20000b2c <CHRV3IntStatus>
    227c:	f50d                	bnez	a0,21a6 <CHRV3s10+0xe2>
    227e:	001b4683          	lbu	a3,1(s6)
    2282:	01569863          	bne	a3,s5,2292 <CHRV3s10+0x1ce>
    2286:	eb41a683          	lw	a3,-332(gp) # 20000b0c <pDISK_BASE_BUF>
    228a:	0006c683          	lbu	a3,0(a3)
    228e:	ead18623          	sb	a3,-340(gp) # 20000b04 <mValue>
    2292:	4515                	li	a0,5
    2294:	fe9fe0ef          	jal	127c <mDelaymS>
    2298:	56fd                	li	a3,-1
    229a:	f0d1aa23          	sw	a3,-236(gp) # 20000b6c <mLbaBufferFDT>
    229e:	f0d1a223          	sw	a3,-252(gp) # 20000b5c <mLbaBufferFAT>
    22a2:	eb41a503          	lw	a0,-332(gp) # 20000b0c <pDISK_BASE_BUF>
    22a6:	ea018023          	sb	zero,-352(gp) # 20000af8 <mFatSecChanged>
    22aa:	f0018fa3          	sb	zero,-225(gp) # 20000b77 <mSaveDevEndpTog>
    22ae:	ee018e23          	sb	zero,-260(gp) # 20000b54 <CHRV3vCurrentLun>
    22b2:	4601                	li	a2,0
    22b4:	02400c13          	li	s8,36
    22b8:	f8000b93          	li	s7,-128
    22bc:	4b19                	li	s6,6
    22be:	4ac9                	li	s5,18
    22c0:	02400a13          	li	s4,36
    22c4:	00cc86a3          	sb	a2,13(s9)
    22c8:	018c8423          	sb	s8,8(s9)
    22cc:	000c84a3          	sb	zero,9(s9)
    22d0:	000c8523          	sb	zero,10(s9)
    22d4:	000c85a3          	sb	zero,11(s9)
    22d8:	017c8623          	sb	s7,12(s9)
    22dc:	016c8723          	sb	s6,14(s9)
    22e0:	015c87a3          	sb	s5,15(s9)
    22e4:	000c8823          	sb	zero,16(s9)
    22e8:	000c88a3          	sb	zero,17(s9)
    22ec:	000c8923          	sb	zero,18(s9)
    22f0:	014c89a3          	sb	s4,19(s9)
    22f4:	000c8a23          	sb	zero,20(s9)
    22f8:	000c8aa3          	sb	zero,21(s9)
    22fc:	000c8b23          	sb	zero,22(s9)
    2300:	000c8ba3          	sb	zero,23(s9)
    2304:	000c8c23          	sb	zero,24(s9)
    2308:	847ff0ef          	jal	1b4e <CHRV3BulkOnlyCmd>
    230c:	ed41c683          	lbu	a3,-300(gp) # 20000b2c <CHRV3IntStatus>
    2310:	4605                	li	a2,1
    2312:	0ff6f693          	zext.b	a3,a3
    2316:	e68d                	bnez	a3,2340 <CHRV3s10+0x27c>
    2318:	eac1c683          	lbu	a3,-340(gp) # 20000b04 <mValue>
    231c:	c2b9                	beqz	a3,2362 <CHRV3s10+0x29e>
    231e:	efc1c683          	lbu	a3,-260(gp) # 20000b54 <CHRV3vCurrentLun>
    2322:	e2a1                	bnez	a3,2362 <CHRV3s10+0x29e>
    2324:	eb41a503          	lw	a0,-332(gp) # 20000b0c <pDISK_BASE_BUF>
    2328:	4795                	li	a5,5
    232a:	00054683          	lbu	a3,0(a0)
    232e:	02f69a63          	bne	a3,a5,2362 <CHRV3s10+0x29e>
    2332:	4785                	li	a5,1
    2334:	eef18e23          	sb	a5,-260(gp) # 20000b54 <CHRV3vCurrentLun>
    2338:	b771                	j	22c4 <CHRV3s10+0x200>
    233a:	f1c18823          	sb	t3,-240(gp) # 20000b68 <mDiskBulkInEndp>
    233e:	b58d                	j	21a0 <CHRV3s10+0xdc>
    2340:	eac1c683          	lbu	a3,-340(gp) # 20000b04 <mValue>
    2344:	c2a9                	beqz	a3,2386 <CHRV3s10+0x2c2>
    2346:	efc1c683          	lbu	a3,-260(gp) # 20000b54 <CHRV3vCurrentLun>
    234a:	4789                	li	a5,2
    234c:	00168613          	addi	a2,a3,1
    2350:	0ff67613          	zext.b	a2,a2
    2354:	02d7e963          	bltu	a5,a3,2386 <CHRV3s10+0x2c2>
    2358:	eec18e23          	sb	a2,-260(gp) # 20000b54 <CHRV3vCurrentLun>
    235c:	eb41a503          	lw	a0,-332(gp) # 20000b0c <pDISK_BASE_BUF>
    2360:	b795                	j	22c4 <CHRV3s10+0x200>
    2362:	ecc1c783          	lbu	a5,-308(gp) # 20000b24 <CHRV3DiskStatus>
    2366:	468d                	li	a3,3
    2368:	04f6f263          	bgeu	a3,a5,23ac <CHRV3s10+0x2e8>
    236c:	4795                	li	a5,5
    236e:	ecf18623          	sb	a5,-308(gp) # 20000b24 <CHRV3DiskStatus>
    2372:	b5a1                	j	21ba <CHRV3s10+0xf6>
    2374:	eac18793          	addi	a5,gp,-340 # 20000b04 <mValue>
    2378:	ea618623          	sb	t1,-340(gp) # 20000b04 <mValue>
    237c:	00b780a3          	sb	a1,1(a5)
    2380:	ed018023          	sb	a6,-320(gp) # 20000b18 <mDiskBulkOutEndp>
    2384:	b595                	j	21e8 <CHRV3s10+0x124>
    2386:	5462                	lw	s0,56(sp)
    2388:	ee018e23          	sb	zero,-260(gp) # 20000b54 <CHRV3vCurrentLun>
    238c:	50f2                	lw	ra,60(sp)
    238e:	54d2                	lw	s1,52(sp)
    2390:	5942                	lw	s2,48(sp)
    2392:	59b2                	lw	s3,44(sp)
    2394:	5a22                	lw	s4,40(sp)
    2396:	5a92                	lw	s5,36(sp)
    2398:	5b02                	lw	s6,32(sp)
    239a:	4bf2                	lw	s7,28(sp)
    239c:	4c62                	lw	s8,24(sp)
    239e:	4cd2                	lw	s9,20(sp)
    23a0:	4d42                	lw	s10,16(sp)
    23a2:	4db2                	lw	s11,12(sp)
    23a4:	4505                	li	a0,1
    23a6:	6121                	addi	sp,sp,64
    23a8:	c65ff06f          	j	200c <CHRV3AnalyzeError>
    23ac:	5462                	lw	s0,56(sp)
    23ae:	50f2                	lw	ra,60(sp)
    23b0:	54d2                	lw	s1,52(sp)
    23b2:	5942                	lw	s2,48(sp)
    23b4:	59b2                	lw	s3,44(sp)
    23b6:	5a22                	lw	s4,40(sp)
    23b8:	5a92                	lw	s5,36(sp)
    23ba:	5b02                	lw	s6,32(sp)
    23bc:	4bf2                	lw	s7,28(sp)
    23be:	4c62                	lw	s8,24(sp)
    23c0:	4cd2                	lw	s9,20(sp)
    23c2:	4d42                	lw	s10,16(sp)
    23c4:	4db2                	lw	s11,12(sp)
    23c6:	6121                	addi	sp,sp,64
    23c8:	ddcff06f          	j	19a4 <mUpdateStatus.part.1>
    23cc:	4501                	li	a0,0
    23ce:	cabfe0ef          	jal	1078 <CtrlClearEndpStall>
    23d2:	b5c1                	j	2292 <CHRV3s10+0x1ce>

000023d4 <CHRV3DiskReady>:
    23d4:	1141                	addi	sp,sp,-16
    23d6:	c226                	sw	s1,4(sp)
    23d8:	c422                	sw	s0,8(sp)
    23da:	c606                	sw	ra,12(sp)
    23dc:	d001ac23          	sw	zero,-744(gp) # 20000970 <mCmdParam>
    23e0:	de5fe0ef          	jal	11c4 <CHRV3DiskConnect>
    23e4:	842a                	mv	s0,a0
    23e6:	e141                	bnez	a0,2466 <CHRV3DiskReady+0x92>
    23e8:	ecc1c783          	lbu	a5,-308(gp) # 20000b24 <CHRV3DiskStatus>
    23ec:	4711                	li	a4,4
    23ee:	08f77263          	bgeu	a4,a5,2472 <CHRV3DiskReady+0x9e>
    23f2:	85818793          	addi	a5,gp,-1960 # 200004b0 <TxBuffer>
    23f6:	efc1c703          	lbu	a4,-260(gp) # 20000b54 <CHRV3vCurrentLun>
    23fa:	00078423          	sb	zero,8(a5)
    23fe:	00e786a3          	sb	a4,13(a5)
    2402:	4719                	li	a4,6
    2404:	000784a3          	sb	zero,9(a5)
    2408:	00078523          	sb	zero,10(a5)
    240c:	000785a3          	sb	zero,11(a5)
    2410:	00078623          	sb	zero,12(a5)
    2414:	00e78723          	sb	a4,14(a5)
    2418:	87818513          	addi	a0,gp,-1928 # 200004d0 <TxBuffer+0x20>
    241c:	000787a3          	sb	zero,15(a5)
    2420:	00078823          	sb	zero,16(a5)
    2424:	000788a3          	sb	zero,17(a5)
    2428:	00078923          	sb	zero,18(a5)
    242c:	000789a3          	sb	zero,19(a5)
    2430:	00078a23          	sb	zero,20(a5)
    2434:	00078aa3          	sb	zero,21(a5)
    2438:	00078b23          	sb	zero,22(a5)
    243c:	00078ba3          	sb	zero,23(a5)
    2440:	00078c23          	sb	zero,24(a5)
    2444:	f0aff0ef          	jal	1b4e <CHRV3BulkOnlyCmd>
    2448:	ed41c783          	lbu	a5,-300(gp) # 20000b2c <CHRV3IntStatus>
    244c:	0ff7f793          	zext.b	a5,a5
    2450:	cb99                	beqz	a5,2466 <CHRV3DiskReady+0x92>
    2452:	ed41c783          	lbu	a5,-300(gp) # 20000b2c <CHRV3IntStatus>
    2456:	eaf18623          	sb	a5,-340(gp) # 20000b04 <mValue>
    245a:	9bbff0ef          	jal	1e14 <mReqDiskSense>
    245e:	eac1c403          	lbu	s0,-340(gp) # 20000b04 <mValue>
    2462:	ec818a23          	sb	s0,-300(gp) # 20000b2c <CHRV3IntStatus>
    2466:	8522                	mv	a0,s0
    2468:	40b2                	lw	ra,12(sp)
    246a:	4422                	lw	s0,8(sp)
    246c:	4492                	lw	s1,4(sp)
    246e:	0141                	addi	sp,sp,16
    2470:	8082                	ret
    2472:	c53ff0ef          	jal	20c4 <CHRV3s10>
    2476:	c911                	beqz	a0,248a <CHRV3DiskReady+0xb6>
    2478:	04000513          	li	a0,64
    247c:	e01fe0ef          	jal	127c <mDelaymS>
    2480:	c45ff0ef          	jal	20c4 <CHRV3s10>
    2484:	c119                	beqz	a0,248a <CHRV3DiskReady+0xb6>
    2486:	842a                	mv	s0,a0
    2488:	bff9                	j	2466 <CHRV3DiskReady+0x92>
    248a:	a37ff0ef          	jal	1ec0 <mGetDiskSize>
    248e:	e505                	bnez	a0,24b6 <CHRV3DiskReady+0xe2>
    2490:	85818793          	addi	a5,gp,-1960 # 200004b0 <TxBuffer>
    2494:	0217c603          	lbu	a2,33(a5)
    2498:	0207c583          	lbu	a1,32(a5)
    249c:	0227c683          	lbu	a3,34(a5)
    24a0:	0237c703          	lbu	a4,35(a5)
    24a4:	0622                	slli	a2,a2,0x8
    24a6:	8e4d                	or	a2,a2,a1
    24a8:	06c2                	slli	a3,a3,0x10
    24aa:	8ed1                	or	a3,a3,a2
    24ac:	0762                	slli	a4,a4,0x18
    24ae:	8f55                	or	a4,a4,a3
    24b0:	d0e1ac23          	sw	a4,-744(gp) # 20000970 <mCmdParam>
    24b4:	b789                	j	23f6 <CHRV3DiskReady+0x22>
    24b6:	ed41c403          	lbu	s0,-300(gp) # 20000b2c <CHRV3IntStatus>
    24ba:	0ff47413          	zext.b	s0,s0
    24be:	b765                	j	2466 <CHRV3DiskReady+0x92>

000024c0 <CHRV3s11>:
    24c0:	ecc1c783          	lbu	a5,-308(gp) # 20000b24 <CHRV3DiskStatus>
    24c4:	7139                	addi	sp,sp,-64
    24c6:	de06                	sw	ra,60(sp)
    24c8:	dc22                	sw	s0,56(sp)
    24ca:	da26                	sw	s1,52(sp)
    24cc:	d84a                	sw	s2,48(sp)
    24ce:	d64e                	sw	s3,44(sp)
    24d0:	d452                	sw	s4,40(sp)
    24d2:	d256                	sw	s5,36(sp)
    24d4:	d05a                	sw	s6,32(sp)
    24d6:	ce5e                	sw	s7,28(sp)
    24d8:	cc62                	sw	s8,24(sp)
    24da:	ca66                	sw	s9,20(sp)
    24dc:	c86a                	sw	s10,16(sp)
    24de:	c66e                	sw	s11,12(sp)
    24e0:	4711                	li	a4,4
    24e2:	38f77463          	bgeu	a4,a5,286a <CHRV3s11+0x3aa>
    24e6:	ef01a703          	lw	a4,-272(gp) # 20000b48 <CHRV3vStartLba>
    24ea:	57fd                	li	a5,-1
    24ec:	f0f1aa23          	sw	a5,-236(gp) # 20000b6c <mLbaBufferFDT>
    24f0:	f0f1a223          	sw	a5,-252(gp) # 20000b5c <mLbaBufferFAT>
    24f4:	ea018023          	sb	zero,-352(gp) # 20000af8 <mFatSecChanged>
    24f8:	123457b7          	lui	a5,0x12345
    24fc:	ff077693          	andi	a3,a4,-16
    2500:	67078793          	addi	a5,a5,1648 # 12345670 <_data_lma+0x1233feb0>
    2504:	36f68a63          	beq	a3,a5,2878 <CHRV3s11+0x3b8>
    2508:	ed018493          	addi	s1,gp,-304 # 20000b28 <mTempAddrPoint>
    250c:	000480a3          	sb	zero,1(s1)
    2510:	ee018a23          	sb	zero,-268(gp) # 20000b4c <CHRV3vSecPerClus>
    2514:	f0018ea3          	sb	zero,-227(gp) # 20000b75 <mCurSecOffset>
    2518:	ec01ae23          	sw	zero,-292(gp) # 20000b34 <CHRV3vFileSize>
    251c:	6a2d                	lui	s4,0xb
    251e:	a55a0a13          	addi	s4,s4,-1451 # aa55 <_data_lma+0x5295>
    2522:	eac18d13          	addi	s10,gp,-340 # 20000b04 <mValue>
    2526:	ec01a423          	sw	zero,-312(gp) # 20000b20 <CHRV3vLbaCurrent>
    252a:	0e900b93          	li	s7,233
    252e:	04000d93          	li	s11,64
    2532:	ceeff0ef          	jal	1a20 <mReadSectorFDT>
    2536:	12051463          	bnez	a0,265e <CHRV3s11+0x19e>
    253a:	0014c683          	lbu	a3,1(s1)
    253e:	eb41a603          	lw	a2,-332(gp) # 20000b0c <pDISK_BASE_BUF>
    2542:	e699                	bnez	a3,2550 <CHRV3s11+0x90>
    2544:	00064783          	lbu	a5,0(a2) # 20000 <_data_lma+0x1a840>
    2548:	0fd7f793          	andi	a5,a5,253
    254c:	17778b63          	beq	a5,s7,26c2 <CHRV3s11+0x202>
    2550:	1fe65783          	lhu	a5,510(a2)
    2554:	31479863          	bne	a5,s4,2864 <CHRV3s11+0x3a4>
    2558:	ef41ce83          	lbu	t4,-268(gp) # 20000b4c <CHRV3vSecPerClus>
    255c:	edd18823          	sb	t4,-304(gp) # 20000b28 <mTempAddrPoint>
    2560:	2fbe8f63          	beq	t4,s11,285e <CHRV3s11+0x39e>
    2564:	1bee8793          	addi	a5,t4,446
    2568:	97b2                	add	a5,a5,a2
    256a:	00a7c583          	lbu	a1,10(a5)
    256e:	00b7c703          	lbu	a4,11(a5)
    2572:	0087c803          	lbu	a6,8(a5)
    2576:	0097c503          	lbu	a0,9(a5)
    257a:	00ed01a3          	sb	a4,3(s10)
    257e:	eb018623          	sb	a6,-340(gp) # 20000b04 <mValue>
    2582:	00ad00a3          	sb	a0,1(s10)
    2586:	00bd0123          	sb	a1,2(s10)
    258a:	eac1a583          	lw	a1,-340(gp) # 20000b04 <mValue>
    258e:	0047c783          	lbu	a5,4(a5)
    2592:	4715                	li	a4,5
    2594:	ecb1a423          	sw	a1,-312(gp) # 20000b20 <CHRV3vLbaCurrent>
    2598:	eaf18623          	sb	a5,-340(gp) # 20000b04 <mValue>
    259c:	2ae78763          	beq	a5,a4,284a <CHRV3s11+0x38a>
    25a0:	473d                	li	a4,15
    25a2:	2ae78463          	beq	a5,a4,284a <CHRV3s11+0x38a>
    25a6:	8776                	mv	a4,t4
    25a8:	4f01                	li	t5,0
    25aa:	4301                	li	t1,0
    25ac:	4535                	li	a0,13
    25ae:	4e05                	li	t3,1
    25b0:	4815                	li	a6,5
    25b2:	48bd                	li	a7,15
    25b4:	a09d                	j	261a <CHRV3s11+0x15a>
    25b6:	eac1c783          	lbu	a5,-340(gp) # 20000b04 <mValue>
    25ba:	17fd                	addi	a5,a5,-1
    25bc:	0ff7f793          	zext.b	a5,a5
    25c0:	01070f93          	addi	t6,a4,16
    25c4:	fff68293          	addi	t0,a3,-1
    25c8:	00f56763          	bltu	a0,a5,25d6 <CHRV3s11+0x116>
    25cc:	0ede7e63          	bgeu	t3,a3,26c8 <CHRV3s11+0x208>
    25d0:	0ff2f693          	zext.b	a3,t0
    25d4:	4f05                	li	t5,1
    25d6:	0ffff713          	zext.b	a4,t6
    25da:	1be70793          	addi	a5,a4,446
    25de:	97b2                	add	a5,a5,a2
    25e0:	0bb70663          	beq	a4,s11,268c <CHRV3s11+0x1cc>
    25e4:	00a7c303          	lbu	t1,10(a5)
    25e8:	00b7c583          	lbu	a1,11(a5)
    25ec:	0097cf83          	lbu	t6,9(a5)
    25f0:	006d0123          	sb	t1,2(s10)
    25f4:	00bd01a3          	sb	a1,3(s10)
    25f8:	01fd00a3          	sb	t6,1(s10)
    25fc:	0087c583          	lbu	a1,8(a5)
    2600:	0047c783          	lbu	a5,4(a5)
    2604:	4305                	li	t1,1
    2606:	eab18623          	sb	a1,-340(gp) # 20000b04 <mValue>
    260a:	eac1a583          	lw	a1,-340(gp) # 20000b04 <mValue>
    260e:	eaf18623          	sb	a5,-340(gp) # 20000b04 <mValue>
    2612:	01078f63          	beq	a5,a6,2630 <CHRV3s11+0x170>
    2616:	01178d63          	beq	a5,a7,2630 <CHRV3s11+0x170>
    261a:	01879f93          	slli	t6,a5,0x18
    261e:	418fdf93          	srai	t6,t6,0x18
    2622:	03f7f793          	andi	a5,a5,63
    2626:	f80fd8e3          	bgez	t6,25b6 <CHRV3s11+0xf6>
    262a:	eaf18623          	sb	a5,-340(gp) # 20000b04 <mValue>
    262e:	b771                	j	25ba <CHRV3s11+0xfa>
    2630:	ecb1a423          	sw	a1,-312(gp) # 20000b20 <CHRV3vLbaCurrent>
    2634:	000f0463          	beqz	t5,263c <CHRV3s11+0x17c>
    2638:	00d480a3          	sb	a3,1(s1)
    263c:	ece18823          	sb	a4,-304(gp) # 20000b28 <mTempAddrPoint>
    2640:	edc1a783          	lw	a5,-292(gp) # 20000b34 <CHRV3vFileSize>
    2644:	f1d1c683          	lbu	a3,-227(gp) # 20000b75 <mCurSecOffset>
    2648:	95be                	add	a1,a1,a5
    264a:	ecb1a423          	sw	a1,-312(gp) # 20000b20 <CHRV3vLbaCurrent>
    264e:	ee0692e3          	bnez	a3,2532 <CHRV3s11+0x72>
    2652:	0741                	addi	a4,a4,16
    2654:	f0e18ea3          	sb	a4,-227(gp) # 20000b75 <mCurSecOffset>
    2658:	ecb1ae23          	sw	a1,-292(gp) # 20000b34 <CHRV3vFileSize>
    265c:	b5f9                	j	252a <CHRV3s11+0x6a>
    265e:	aaaff0ef          	jal	1908 <mBulkOnlyReset>
    2662:	85fff0ef          	jal	1ec0 <mGetDiskSize>
    2666:	bbaff0ef          	jal	1a20 <mReadSectorFDT>
    266a:	ec0508e3          	beqz	a0,253a <CHRV3s11+0x7a>
    266e:	50f2                	lw	ra,60(sp)
    2670:	5462                	lw	s0,56(sp)
    2672:	54d2                	lw	s1,52(sp)
    2674:	5942                	lw	s2,48(sp)
    2676:	59b2                	lw	s3,44(sp)
    2678:	5a22                	lw	s4,40(sp)
    267a:	5a92                	lw	s5,36(sp)
    267c:	5b02                	lw	s6,32(sp)
    267e:	4bf2                	lw	s7,28(sp)
    2680:	4c62                	lw	s8,24(sp)
    2682:	4cd2                	lw	s9,20(sp)
    2684:	4d42                	lw	s10,16(sp)
    2686:	4db2                	lw	s11,12(sp)
    2688:	6121                	addi	sp,sp,64
    268a:	8082                	ret
    268c:	00030463          	beqz	t1,2694 <CHRV3s11+0x1d4>
    2690:	ecb1a423          	sw	a1,-312(gp) # 20000b20 <CHRV3vLbaCurrent>
    2694:	000f0463          	beqz	t5,269c <CHRV3s11+0x1dc>
    2698:	00d480a3          	sb	a3,1(s1)
    269c:	f1d1c783          	lbu	a5,-227(gp) # 20000b75 <mCurSecOffset>
    26a0:	04000713          	li	a4,64
    26a4:	ece18823          	sb	a4,-304(gp) # 20000b28 <mTempAddrPoint>
    26a8:	1a078b63          	beqz	a5,285e <CHRV3s11+0x39e>
    26ac:	1a0e9963          	bnez	t4,285e <CHRV3s11+0x39e>
    26b0:	0014c703          	lbu	a4,1(s1)
    26b4:	eef18a23          	sb	a5,-268(gp) # 20000b4c <CHRV3vSecPerClus>
    26b8:	ec01ae23          	sw	zero,-292(gp) # 20000b34 <CHRV3vFileSize>
    26bc:	47bd                	li	a5,15
    26be:	e6f714e3          	bne	a4,a5,2526 <CHRV3s11+0x66>
    26c2:	ec81a583          	lw	a1,-312(gp) # 20000b20 <CHRV3vLbaCurrent>
    26c6:	a005                	j	26e6 <CHRV3s11+0x226>
    26c8:	1e030263          	beqz	t1,28ac <CHRV3s11+0x3ec>
    26cc:	ecb1a423          	sw	a1,-312(gp) # 20000b20 <CHRV3vLbaCurrent>
    26d0:	000f0463          	beqz	t5,26d8 <CHRV3s11+0x218>
    26d4:	00d480a3          	sb	a3,1(s1)
    26d8:	ece18823          	sb	a4,-304(gp) # 20000b28 <mTempAddrPoint>
    26dc:	f141a783          	lw	a5,-236(gp) # 20000b6c <mLbaBufferFDT>
    26e0:	95be                	add	a1,a1,a5
    26e2:	ecb1a423          	sw	a1,-312(gp) # 20000b20 <CHRV3vLbaCurrent>
    26e6:	eeb1a823          	sw	a1,-272(gp) # 20000b48 <CHRV3vStartLba>
    26ea:	b36ff0ef          	jal	1a20 <mReadSectorFDT>
    26ee:	f141                	bnez	a0,266e <CHRV3s11+0x1ae>
    26f0:	eb41a583          	lw	a1,-332(gp) # 20000b0c <pDISK_BASE_BUF>
    26f4:	0e900713          	li	a4,233
    26f8:	0005c783          	lbu	a5,0(a1)
    26fc:	0fd7f793          	andi	a5,a5,253
    2700:	1ae79063          	bne	a5,a4,28a0 <CHRV3s11+0x3e0>
    2704:	00d5c783          	lbu	a5,13(a1)
    2708:	01879713          	slli	a4,a5,0x18
    270c:	eef18a23          	sb	a5,-268(gp) # 20000b4c <CHRV3vSecPerClus>
    2710:	8761                	srai	a4,a4,0x18
    2712:	18074263          	bltz	a4,2896 <CHRV3s11+0x3d6>
    2716:	4719                	li	a4,6
    2718:	0786                	slli	a5,a5,0x1
    271a:	e8e18c23          	sb	a4,-360(gp) # 20000af0 <mDiskSecPerClusB>
    271e:	0ff7f793          	zext.b	a5,a5
    2722:	4501                	li	a0,0
    2724:	4719                	li	a4,6
    2726:	01879693          	slli	a3,a5,0x18
    272a:	86e1                	srai	a3,a3,0x18
    272c:	fff70613          	addi	a2,a4,-1
    2730:	0786                	slli	a5,a5,0x1
    2732:	1006c763          	bltz	a3,2840 <CHRV3s11+0x380>
    2736:	0ff67713          	zext.b	a4,a2
    273a:	0ff7f793          	zext.b	a5,a5
    273e:	4505                	li	a0,1
    2740:	f37d                	bnez	a4,2726 <CHRV3s11+0x266>
    2742:	4785                	li	a5,1
    2744:	e8018c23          	sb	zero,-360(gp) # 20000af0 <mDiskSecPerClusB>
    2748:	eef18a23          	sb	a5,-268(gp) # 20000b4c <CHRV3vSecPerClus>
    274c:	0165d503          	lhu	a0,22(a1)
    2750:	eca1ac23          	sw	a0,-296(gp) # 20000b30 <mDiskFatSize>
    2754:	e501                	bnez	a0,275c <CHRV3s11+0x29c>
    2756:	51c8                	lw	a0,36(a1)
    2758:	eca1ac23          	sw	a0,-296(gp) # 20000b30 <mDiskFatSize>
    275c:	0145c783          	lbu	a5,20(a1)
    2760:	0135c603          	lbu	a2,19(a1)
    2764:	07a2                	slli	a5,a5,0x8
    2766:	8fd1                	or	a5,a5,a2
    2768:	eaf1ac23          	sw	a5,-328(gp) # 20000b10 <CHRV3vCurrentOffset>
    276c:	e781                	bnez	a5,2774 <CHRV3s11+0x2b4>
    276e:	519c                	lw	a5,32(a1)
    2770:	eaf1ac23          	sw	a5,-328(gp) # 20000b10 <CHRV3vCurrentOffset>
    2774:	0125c603          	lbu	a2,18(a1)
    2778:	0115c883          	lbu	a7,17(a1)
    277c:	ee01d683          	lhu	a3,-288(gp) # 20000b38 <CHRV3vSectorSize>
    2780:	f111c303          	lbu	t1,-239(gp) # 20000b69 <CHRV3vSectorSizeB>
    2784:	0622                	slli	a2,a2,0x8
    2786:	01166633          	or	a2,a2,a7
    278a:	8295                	srli	a3,a3,0x5
    278c:	00e5d883          	lhu	a7,14(a1)
    2790:	96b2                	add	a3,a3,a2
    2792:	16fd                	addi	a3,a3,-1
    2794:	ffb30613          	addi	a2,t1,-5
    2798:	40c6d6b3          	sra	a3,a3,a2
    279c:	01168633          	add	a2,a3,a7
    27a0:	0105cf03          	lbu	t5,16(a1)
    27a4:	962a                	add	a2,a2,a0
    27a6:	ead1a223          	sw	a3,-348(gp) # 20000afc <CHRV3vDiskRoot>
    27aa:	ed11a223          	sw	a7,-316(gp) # 20000b1c <mDiskRsvdSecEnd>
    27ae:	eac1a623          	sw	a2,-340(gp) # 20000b04 <mValue>
    27b2:	4689                	li	a3,2
    27b4:	08df0d63          	beq	t5,a3,284e <CHRV3s11+0x38e>
    27b8:	ec01ac23          	sw	zero,-296(gp) # 20000b30 <mDiskFatSize>
    27bc:	ec81a683          	lw	a3,-312(gp) # 20000b20 <CHRV3vLbaCurrent>
    27c0:	8f91                	sub	a5,a5,a2
    27c2:	00e7d733          	srl	a4,a5,a4
    27c6:	9636                	add	a2,a2,a3
    27c8:	f0c1a423          	sw	a2,-248(gp) # 20000b60 <CHRV3vDataStart>
    27cc:	f0e1a023          	sw	a4,-256(gp) # 20000b58 <mDiskTotalClus>
    27d0:	67c1                	lui	a5,0x10
    27d2:	17d1                	addi	a5,a5,-12 # fff4 <_data_lma+0xa834>
    27d4:	04e7eb63          	bltu	a5,a4,282a <CHRV3s11+0x36a>
    27d8:	ee019d23          	sh	zero,-262(gp) # 20000b52 <mDiskInfoSec>
    27dc:	6785                	lui	a5,0x1
    27de:	17d1                	addi	a5,a5,-12 # ff4 <SystemCoreClockUpdate+0xd8>
    27e0:	06e7eb63          	bltu	a5,a4,2856 <CHRV3s11+0x396>
    27e4:	4705                	li	a4,1
    27e6:	eae180a3          	sb	a4,-351(gp) # 20000af9 <CHRV3vDiskFat>
    27ea:	02088363          	beqz	a7,2810 <CHRV3s11+0x350>
    27ee:	ea41a783          	lw	a5,-348(gp) # 20000afc <CHRV3vDiskRoot>
    27f2:	cf99                	beqz	a5,2810 <CHRV3s11+0x350>
    27f4:	4785                	li	a5,1
    27f6:	00ff0563          	beq	t5,a5,2800 <CHRV3s11+0x340>
    27fa:	ed81a783          	lw	a5,-296(gp) # 20000b30 <mDiskFatSize>
    27fe:	cb89                	beqz	a5,2810 <CHRV3s11+0x350>
    2800:	00b5c503          	lbu	a0,11(a1)
    2804:	e511                	bnez	a0,2810 <CHRV3s11+0x350>
    2806:	00c5c703          	lbu	a4,12(a1)
    280a:	4785                	li	a5,1
    280c:	0ae7e563          	bltu	a5,a4,28b6 <CHRV3s11+0x3f6>
    2810:	0014c783          	lbu	a5,1(s1)
    2814:	ebc9                	bnez	a5,28a6 <CHRV3s11+0x3e6>
    2816:	4785                	li	a5,1
    2818:	00f480a3          	sb	a5,1(s1)
    281c:	ee018a23          	sb	zero,-268(gp) # 20000b4c <CHRV3vSecPerClus>
    2820:	f0018ea3          	sb	zero,-227(gp) # 20000b75 <mCurSecOffset>
    2824:	ec01ae23          	sw	zero,-292(gp) # 20000b34 <CHRV3vFileSize>
    2828:	b9d5                	j	251c <CHRV3s11+0x5c>
    282a:	55dc                	lw	a5,44(a1)
    282c:	0305d603          	lhu	a2,48(a1)
    2830:	eaf1a223          	sw	a5,-348(gp) # 20000afc <CHRV3vDiskRoot>
    2834:	eec19d23          	sh	a2,-262(gp) # 20000b52 <mDiskInfoSec>
    2838:	470d                	li	a4,3
    283a:	eae180a3          	sb	a4,-351(gp) # 20000af9 <CHRV3vDiskFat>
    283e:	b775                	j	27ea <CHRV3s11+0x32a>
    2840:	f00506e3          	beqz	a0,274c <CHRV3s11+0x28c>
    2844:	e8e18c23          	sb	a4,-360(gp) # 20000af0 <mDiskSecPerClusB>
    2848:	b711                	j	274c <CHRV3s11+0x28c>
    284a:	8776                	mv	a4,t4
    284c:	bbd5                	j	2640 <CHRV3s11+0x180>
    284e:	962a                	add	a2,a2,a0
    2850:	eac1a623          	sw	a2,-340(gp) # 20000b04 <mValue>
    2854:	b7a5                	j	27bc <CHRV3s11+0x2fc>
    2856:	4709                	li	a4,2
    2858:	eae180a3          	sb	a4,-351(gp) # 20000af9 <CHRV3vDiskFat>
    285c:	b779                	j	27ea <CHRV3s11+0x32a>
    285e:	09200513          	li	a0,146
    2862:	b531                	j	266e <CHRV3s11+0x1ae>
    2864:	09100513          	li	a0,145
    2868:	b519                	j	266e <CHRV3s11+0x1ae>
    286a:	85bff0ef          	jal	20c4 <CHRV3s10>
    286e:	e00510e3          	bnez	a0,266e <CHRV3s11+0x1ae>
    2872:	e4eff0ef          	jal	1ec0 <mGetDiskSize>
    2876:	b985                	j	24e6 <CHRV3s11+0x26>
    2878:	8b3d                	andi	a4,a4,15
    287a:	ed018493          	addi	s1,gp,-304 # 20000b28 <mTempAddrPoint>
    287e:	00e480a3          	sb	a4,1(s1)
    2882:	ee018a23          	sb	zero,-268(gp) # 20000b4c <CHRV3vSecPerClus>
    2886:	f0018ea3          	sb	zero,-227(gp) # 20000b75 <mCurSecOffset>
    288a:	ec01ae23          	sw	zero,-292(gp) # 20000b34 <CHRV3vFileSize>
    288e:	47bd                	li	a5,15
    2890:	c8f716e3          	bne	a4,a5,251c <CHRV3s11+0x5c>
    2894:	b53d                	j	26c2 <CHRV3s11+0x202>
    2896:	471d                	li	a4,7
    2898:	e8e18c23          	sb	a4,-360(gp) # 20000af0 <mDiskSecPerClusB>
    289c:	471d                	li	a4,7
    289e:	b57d                	j	274c <CHRV3s11+0x28c>
    28a0:	0a100513          	li	a0,161
    28a4:	b3e9                	j	266e <CHRV3s11+0x1ae>
    28a6:	0a300513          	li	a0,163
    28aa:	b3d1                	j	266e <CHRV3s11+0x1ae>
    28ac:	e20f08e3          	beqz	t5,26dc <CHRV3s11+0x21c>
    28b0:	00d480a3          	sb	a3,1(s1)
    28b4:	b525                	j	26dc <CHRV3s11+0x21c>
    28b6:	ecc1c783          	lbu	a5,-308(gp) # 20000b24 <CHRV3DiskStatus>
    28ba:	98b6                	add	a7,a7,a3
    28bc:	ed11a223          	sw	a7,-316(gp) # 20000b1c <mDiskRsvdSecEnd>
    28c0:	4711                	li	a4,4
    28c2:	00f77663          	bgeu	a4,a5,28ce <CHRV3s11+0x40e>
    28c6:	47c1                	li	a5,16
    28c8:	ecf18623          	sb	a5,-308(gp) # 20000b24 <CHRV3DiskStatus>
    28cc:	b34d                	j	266e <CHRV3s11+0x1ae>
    28ce:	5462                	lw	s0,56(sp)
    28d0:	50f2                	lw	ra,60(sp)
    28d2:	54d2                	lw	s1,52(sp)
    28d4:	5942                	lw	s2,48(sp)
    28d6:	59b2                	lw	s3,44(sp)
    28d8:	5a22                	lw	s4,40(sp)
    28da:	5a92                	lw	s5,36(sp)
    28dc:	5b02                	lw	s6,32(sp)
    28de:	4bf2                	lw	s7,28(sp)
    28e0:	4c62                	lw	s8,24(sp)
    28e2:	4cd2                	lw	s9,20(sp)
    28e4:	4d42                	lw	s10,16(sp)
    28e6:	4db2                	lw	s11,12(sp)
    28e8:	6121                	addi	sp,sp,64
    28ea:	8baff06f          	j	19a4 <mUpdateStatus.part.1>

000028ee <mSaveFatSector>:
    28ee:	1101                	addi	sp,sp,-32
    28f0:	c84a                	sw	s2,16(sp)
    28f2:	f041a783          	lw	a5,-252(gp) # 20000b5c <mLbaBufferFAT>
    28f6:	ca26                	sw	s1,20(sp)
    28f8:	cc22                	sw	s0,24(sp)
    28fa:	ce06                	sw	ra,28(sp)
    28fc:	c64e                	sw	s3,12(sp)
    28fe:	ecf1a423          	sw	a5,-312(gp) # 20000b20 <CHRV3vLbaCurrent>
    2902:	980ff0ef          	jal	1a82 <mWriteSectorFAT>
    2906:	842a                	mv	s0,a0
    2908:	e511                	bnez	a0,2914 <mSaveFatSector+0x26>
    290a:	ed81a783          	lw	a5,-296(gp) # 20000b30 <mDiskFatSize>
    290e:	eb99                	bnez	a5,2924 <mSaveFatSector+0x36>
    2910:	ea018023          	sb	zero,-352(gp) # 20000af8 <mFatSecChanged>
    2914:	8522                	mv	a0,s0
    2916:	40f2                	lw	ra,28(sp)
    2918:	4462                	lw	s0,24(sp)
    291a:	44d2                	lw	s1,20(sp)
    291c:	4942                	lw	s2,16(sp)
    291e:	49b2                	lw	s3,12(sp)
    2920:	6105                	addi	sp,sp,32
    2922:	8082                	ret
    2924:	ec81a703          	lw	a4,-312(gp) # 20000b20 <CHRV3vLbaCurrent>
    2928:	e9c1a583          	lw	a1,-356(gp) # 20000af4 <pDISK_FAT_BUF>
    292c:	97ba                	add	a5,a5,a4
    292e:	4505                	li	a0,1
    2930:	ecf1a423          	sw	a5,-312(gp) # 20000b20 <CHRV3vLbaCurrent>
    2934:	feefe0ef          	jal	1122 <CHRV3WriteSector>
    2938:	ec81a703          	lw	a4,-312(gp) # 20000b20 <CHRV3vLbaCurrent>
    293c:	eca18a23          	sb	a0,-300(gp) # 20000b2c <CHRV3IntStatus>
    2940:	ed81a603          	lw	a2,-296(gp) # 20000b30 <mDiskFatSize>
    2944:	ed41c783          	lbu	a5,-300(gp) # 20000b2c <CHRV3IntStatus>
    2948:	8f11                	sub	a4,a4,a2
    294a:	ece1a423          	sw	a4,-312(gp) # 20000b20 <CHRV3vLbaCurrent>
    294e:	0ff7f793          	zext.b	a5,a5
    2952:	dfdd                	beqz	a5,2910 <mSaveFatSector+0x22>
    2954:	ed41c403          	lbu	s0,-300(gp) # 20000b2c <CHRV3IntStatus>
    2958:	57fd                	li	a5,-1
    295a:	f0f1aa23          	sw	a5,-236(gp) # 20000b6c <mLbaBufferFDT>
    295e:	f0f1a223          	sw	a5,-252(gp) # 20000b5c <mLbaBufferFAT>
    2962:	ea018023          	sb	zero,-352(gp) # 20000af8 <mFatSecChanged>
    2966:	0ff47413          	zext.b	s0,s0
    296a:	b76d                	j	2914 <mSaveFatSector+0x26>

0000296c <CHRV3s20>:
    296c:	7179                	addi	sp,sp,-48
    296e:	cc52                	sw	s4,24(sp)
    2970:	ea11c803          	lbu	a6,-351(gp) # 20000af9 <CHRV3vDiskFat>
    2974:	d422                	sw	s0,40(sp)
    2976:	d226                	sw	s1,36(sp)
    2978:	d04a                	sw	s2,32(sp)
    297a:	d606                	sw	ra,44(sp)
    297c:	ce4e                	sw	s3,28(sp)
    297e:	ca56                	sw	s5,20(sp)
    2980:	c85a                	sw	s6,16(sp)
    2982:	c65e                	sw	s7,12(sp)
    2984:	4789                	li	a5,2
    2986:	892a                	mv	s2,a0
    2988:	4401                	li	s0,0
    298a:	e941a703          	lw	a4,-364(gp) # 20000aec <mLinkClusSource>
    298e:	12f80163          	beq	a6,a5,2ab0 <CHRV3s20+0x144>
    2992:	478d                	li	a5,3
    2994:	10f80c63          	beq	a6,a5,2aac <CHRV3s20+0x140>
    2998:	00175793          	srli	a5,a4,0x1
    299c:	00177413          	andi	s0,a4,1
    29a0:	973e                	add	a4,a4,a5
    29a2:	ee01d683          	lhu	a3,-288(gp) # 20000b38 <CHRV3vSectorSize>
    29a6:	f111c783          	lbu	a5,-239(gp) # 20000b69 <CHRV3vSectorSizeB>
    29aa:	e9c1a583          	lw	a1,-356(gp) # 20000af4 <pDISK_FAT_BUF>
    29ae:	ec41a603          	lw	a2,-316(gp) # 20000b1c <mDiskRsvdSecEnd>
    29b2:	16fd                	addi	a3,a3,-1
    29b4:	8ef9                	and	a3,a3,a4
    29b6:	00f757b3          	srl	a5,a4,a5
    29ba:	f041a703          	lw	a4,-252(gp) # 20000b5c <mLbaBufferFAT>
    29be:	96ae                	add	a3,a3,a1
    29c0:	97b2                	add	a5,a5,a2
    29c2:	ecd1a823          	sw	a3,-304(gp) # 20000b28 <mTempAddrPoint>
    29c6:	e8f1aa23          	sw	a5,-364(gp) # 20000aec <mLinkClusSource>
    29ca:	02e78363          	beq	a5,a4,29f0 <CHRV3s20+0x84>
    29ce:	ea01c703          	lbu	a4,-352(gp) # 20000af8 <mFatSecChanged>
    29d2:	c711                	beqz	a4,29de <CHRV3s20+0x72>
    29d4:	f1bff0ef          	jal	28ee <mSaveFatSector>
    29d8:	ed5d                	bnez	a0,2a96 <CHRV3s20+0x12a>
    29da:	e941a783          	lw	a5,-364(gp) # 20000aec <mLinkClusSource>
    29de:	ecf1a423          	sw	a5,-312(gp) # 20000b20 <CHRV3vLbaCurrent>
    29e2:	fddfe0ef          	jal	19be <mReadSectorFAT>
    29e6:	e945                	bnez	a0,2a96 <CHRV3s20+0x12a>
    29e8:	ea11c803          	lbu	a6,-351(gp) # 20000af9 <CHRV3vDiskFat>
    29ec:	ed01a683          	lw	a3,-304(gp) # 20000b28 <mTempAddrPoint>
    29f0:	00090f63          	beqz	s2,2a0e <CHRV3s20+0xa2>
    29f4:	4791                	li	a5,4
    29f6:	16f90863          	beq	s2,a5,2b66 <CHRV3s20+0x1fa>
    29fa:	4785                	li	a5,1
    29fc:	0ef90f63          	beq	s2,a5,2afa <CHRV3s20+0x18e>
    2a00:	ee81a783          	lw	a5,-280(gp) # 20000b40 <mCurrentCluster>
    2a04:	e8f1aa23          	sw	a5,-364(gp) # 20000aec <mLinkClusSource>
    2a08:	4705                	li	a4,1
    2a0a:	eae18023          	sb	a4,-352(gp) # 20000af8 <mFatSecChanged>
    2a0e:	ee018c23          	sb	zero,-264(gp) # 20000b50 <mLinkEndOfClus>
    2a12:	4789                	li	a5,2
    2a14:	0af80063          	beq	a6,a5,2ab4 <CHRV3s20+0x148>
    2a18:	470d                	li	a4,3
    2a1a:	e941a783          	lw	a5,-364(gp) # 20000aec <mLinkClusSource>
    2a1e:	0ee80163          	beq	a6,a4,2b00 <CHRV3s20+0x194>
    2a22:	0006c503          	lbu	a0,0(a3)
    2a26:	0ff7f813          	zext.b	a6,a5
    2a2a:	ee01d583          	lhu	a1,-288(gp) # 20000b38 <CHRV3vSectorSize>
    2a2e:	00f57713          	andi	a4,a0,15
    2a32:	00481893          	slli	a7,a6,0x4
    2a36:	e9c1a603          	lw	a2,-356(gp) # 20000af4 <pDISK_FAT_BUF>
    2a3a:	01176733          	or	a4,a4,a7
    2a3e:	eac18493          	addi	s1,gp,-340 # 20000b04 <mValue>
    2a42:	8391                	srli	a5,a5,0x4
    2a44:	0ff77713          	zext.b	a4,a4
    2a48:	15fd                	addi	a1,a1,-1
    2a4a:	00f480a3          	sb	a5,1(s1)
    2a4e:	00a48123          	sb	a0,2(s1)
    2a52:	eae18623          	sb	a4,-340(gp) # 20000b04 <mValue>
    2a56:	00b607b3          	add	a5,a2,a1
    2a5a:	10f68a63          	beq	a3,a5,2b6e <CHRV3s20+0x202>
    2a5e:	0016c783          	lbu	a5,1(a3)
    2a62:	00f481a3          	sb	a5,3(s1)
    2a66:	08091063          	bnez	s2,2ae6 <CHRV3s20+0x17a>
    2a6a:	0e040963          	beqz	s0,2b5c <CHRV3s20+0x1f0>
    2a6e:	0024d783          	lhu	a5,2(s1)
    2a72:	8391                	srli	a5,a5,0x4
    2a74:	6705                	lui	a4,0x1
    2a76:	00f49123          	sh	a5,2(s1)
    2a7a:	1759                	addi	a4,a4,-10 # ff6 <SystemCoreClockUpdate+0xda>
    2a7c:	0af76c63          	bltu	a4,a5,2b34 <CHRV3s20+0x1c8>
    2a80:	ef81c703          	lbu	a4,-264(gp) # 20000b50 <mLinkEndOfClus>
    2a84:	eaf1a623          	sw	a5,-340(gp) # 20000b04 <mValue>
    2a88:	00e96933          	or	s2,s2,a4
    2a8c:	04091b63          	bnez	s2,2ae2 <CHRV3s20+0x176>
    2a90:	eef1a423          	sw	a5,-280(gp) # 20000b40 <mCurrentCluster>
    2a94:	4501                	li	a0,0
    2a96:	50b2                	lw	ra,44(sp)
    2a98:	5422                	lw	s0,40(sp)
    2a9a:	5492                	lw	s1,36(sp)
    2a9c:	5902                	lw	s2,32(sp)
    2a9e:	49f2                	lw	s3,28(sp)
    2aa0:	4a62                	lw	s4,24(sp)
    2aa2:	4ad2                	lw	s5,20(sp)
    2aa4:	4b42                	lw	s6,16(sp)
    2aa6:	4bb2                	lw	s7,12(sp)
    2aa8:	6145                	addi	sp,sp,48
    2aaa:	8082                	ret
    2aac:	070a                	slli	a4,a4,0x2
    2aae:	bdd5                	j	29a2 <CHRV3s20+0x36>
    2ab0:	0706                	slli	a4,a4,0x1
    2ab2:	bdc5                	j	29a2 <CHRV3s20+0x36>
    2ab4:	0006d703          	lhu	a4,0(a3)
    2ab8:	eae1a623          	sw	a4,-340(gp) # 20000b04 <mValue>
    2abc:	67c1                	lui	a5,0x10
    2abe:	17d9                	addi	a5,a5,-10 # fff6 <_data_lma+0xa836>
    2ac0:	00e7fd63          	bgeu	a5,a4,2ada <CHRV3s20+0x16e>
    2ac4:	4785                	li	a5,1
    2ac6:	eef18c23          	sb	a5,-264(gp) # 20000b50 <mLinkEndOfClus>
    2aca:	00090c63          	beqz	s2,2ae2 <CHRV3s20+0x176>
    2ace:	e941a783          	lw	a5,-364(gp) # 20000aec <mLinkClusSource>
    2ad2:	4501                	li	a0,0
    2ad4:	00f69023          	sh	a5,0(a3)
    2ad8:	bf7d                	j	2a96 <CHRV3s20+0x12a>
    2ada:	fe091ae3          	bnez	s2,2ace <CHRV3s20+0x162>
    2ade:	eee1a423          	sw	a4,-280(gp) # 20000b40 <mCurrentCluster>
    2ae2:	4501                	li	a0,0
    2ae4:	bf4d                	j	2a96 <CHRV3s20+0x12a>
    2ae6:	cc31                	beqz	s0,2b42 <CHRV3s20+0x1d6>
    2ae8:	00e68023          	sb	a4,0(a3)
    2aec:	ed01a783          	lw	a5,-304(gp) # 20000b28 <mTempAddrPoint>
    2af0:	0014c703          	lbu	a4,1(s1)
    2af4:	00e780a3          	sb	a4,1(a5)
    2af8:	bf9d                	j	2a6e <CHRV3s20+0x102>
    2afa:	e801aa23          	sw	zero,-364(gp) # 20000aec <mLinkClusSource>
    2afe:	b729                	j	2a08 <CHRV3s20+0x9c>
    2b00:	4298                	lw	a4,0(a3)
    2b02:	10000637          	lui	a2,0x10000
    2b06:	fff60513          	addi	a0,a2,-1 # fffffff <_data_lma+0xfffa83f>
    2b0a:	f00005b7          	lui	a1,0xf0000
    2b0e:	8df9                	and	a1,a1,a4
    2b10:	8fe9                	and	a5,a5,a0
    2b12:	8fcd                	or	a5,a5,a1
    2b14:	8f69                	and	a4,a4,a0
    2b16:	e8f1aa23          	sw	a5,-364(gp) # 20000aec <mLinkClusSource>
    2b1a:	eae1a623          	sw	a4,-340(gp) # 20000b04 <mValue>
    2b1e:	1659                	addi	a2,a2,-10
    2b20:	06e67c63          	bgeu	a2,a4,2b98 <CHRV3s20+0x22c>
    2b24:	4705                	li	a4,1
    2b26:	eee18c23          	sb	a4,-264(gp) # 20000b50 <mLinkEndOfClus>
    2b2a:	fa090ce3          	beqz	s2,2ae2 <CHRV3s20+0x176>
    2b2e:	c29c                	sw	a5,0(a3)
    2b30:	4501                	li	a0,0
    2b32:	b795                	j	2a96 <CHRV3s20+0x12a>
    2b34:	4705                	li	a4,1
    2b36:	eee18c23          	sb	a4,-264(gp) # 20000b50 <mLinkEndOfClus>
    2b3a:	eaf1a623          	sw	a5,-340(gp) # 20000b04 <mValue>
    2b3e:	4501                	li	a0,0
    2b40:	bf99                	j	2a96 <CHRV3s20+0x12a>
    2b42:	01068023          	sb	a6,0(a3)
    2b46:	0034c783          	lbu	a5,3(s1)
    2b4a:	0014c703          	lbu	a4,1(s1)
    2b4e:	ed01a683          	lw	a3,-304(gp) # 20000b28 <mTempAddrPoint>
    2b52:	9bc1                	andi	a5,a5,-16
    2b54:	8311                	srli	a4,a4,0x4
    2b56:	8fd9                	or	a5,a5,a4
    2b58:	00f680a3          	sb	a5,1(a3)
    2b5c:	0024d783          	lhu	a5,2(s1)
    2b60:	07d2                	slli	a5,a5,0x14
    2b62:	83d1                	srli	a5,a5,0x14
    2b64:	bf01                	j	2a74 <CHRV3s20+0x108>
    2b66:	57fd                	li	a5,-1
    2b68:	e8f1aa23          	sw	a5,-364(gp) # 20000aec <mLinkClusSource>
    2b6c:	bd71                	j	2a08 <CHRV3s20+0x9c>
    2b6e:	02091863          	bnez	s2,2b9e <CHRV3s20+0x232>
    2b72:	ea01c783          	lbu	a5,-352(gp) # 20000af8 <mFatSecChanged>
    2b76:	eb85                	bnez	a5,2ba6 <CHRV3s20+0x23a>
    2b78:	f041a783          	lw	a5,-252(gp) # 20000b5c <mLbaBufferFAT>
    2b7c:	0785                	addi	a5,a5,1
    2b7e:	ecf1a423          	sw	a5,-312(gp) # 20000b20 <CHRV3vLbaCurrent>
    2b82:	e3dfe0ef          	jal	19be <mReadSectorFAT>
    2b86:	f00518e3          	bnez	a0,2a96 <CHRV3s20+0x12a>
    2b8a:	e9c1a783          	lw	a5,-356(gp) # 20000af4 <pDISK_FAT_BUF>
    2b8e:	0007c783          	lbu	a5,0(a5)
    2b92:	00f481a3          	sb	a5,3(s1)
    2b96:	bdd1                	j	2a6a <CHRV3s20+0xfe>
    2b98:	f8091be3          	bnez	s2,2b2e <CHRV3s20+0x1c2>
    2b9c:	b789                	j	2ade <CHRV3s20+0x172>
    2b9e:	e011                	bnez	s0,2ba2 <CHRV3s20+0x236>
    2ba0:	8742                	mv	a4,a6
    2ba2:	00e68023          	sb	a4,0(a3)
    2ba6:	d49ff0ef          	jal	28ee <mSaveFatSector>
    2baa:	ee0516e3          	bnez	a0,2a96 <CHRV3s20+0x12a>
    2bae:	f041a783          	lw	a5,-252(gp) # 20000b5c <mLbaBufferFAT>
    2bb2:	0785                	addi	a5,a5,1
    2bb4:	ecf1a423          	sw	a5,-312(gp) # 20000b20 <CHRV3vLbaCurrent>
    2bb8:	e07fe0ef          	jal	19be <mReadSectorFAT>
    2bbc:	ec051de3          	bnez	a0,2a96 <CHRV3s20+0x12a>
    2bc0:	e9c1a683          	lw	a3,-356(gp) # 20000af4 <pDISK_FAT_BUF>
    2bc4:	0006c703          	lbu	a4,0(a3)
    2bc8:	00e481a3          	sb	a4,3(s1)
    2bcc:	e8090fe3          	beqz	s2,2a6a <CHRV3s20+0xfe>
    2bd0:	0014c783          	lbu	a5,1(s1)
    2bd4:	e401                	bnez	s0,2bdc <CHRV3s20+0x270>
    2bd6:	9b41                	andi	a4,a4,-16
    2bd8:	8391                	srli	a5,a5,0x4
    2bda:	8fd9                	or	a5,a5,a4
    2bdc:	00f68023          	sb	a5,0(a3)
    2be0:	4705                	li	a4,1
    2be2:	eae18023          	sb	a4,-352(gp) # 20000af8 <mFatSecChanged>
    2be6:	b551                	j	2a6a <CHRV3s20+0xfe>

00002be8 <CHRV3s21>:
    2be8:	7179                	addi	sp,sp,-48
    2bea:	d422                	sw	s0,40(sp)
    2bec:	c266                	sw	s9,4(sp)
    2bee:	c462                	sw	s8,8(sp)
    2bf0:	f001a803          	lw	a6,-256(gp) # 20000b58 <mDiskTotalClus>
    2bf4:	ee81ac03          	lw	s8,-280(gp) # 20000b40 <mCurrentCluster>
    2bf8:	c06a                	sw	s10,0(sp)
    2bfa:	d226                	sw	s1,36(sp)
    2bfc:	d04a                	sw	s2,32(sp)
    2bfe:	ce4e                	sw	s3,28(sp)
    2c00:	cc52                	sw	s4,24(sp)
    2c02:	ca56                	sw	s5,20(sp)
    2c04:	c85a                	sw	s6,16(sp)
    2c06:	c65e                	sw	s7,12(sp)
    2c08:	d606                	sw	ra,44(sp)
    2c0a:	4985                	li	s3,1
    2c0c:	eac18a93          	addi	s5,gp,-340 # 20000b04 <mValue>
    2c10:	13886463          	bltu	a6,s8,2d38 <CHRV3s21+0x150>
    2c14:	0c05                	addi	s8,s8,1
    2c16:	4501                	li	a0,0
    2c18:	e981aa23          	sw	s8,-364(gp) # 20000aec <mLinkClusSource>
    2c1c:	d51ff0ef          	jal	296c <CHRV3s20>
    2c20:	ef81a423          	sw	s8,-280(gp) # 20000b40 <mCurrentCluster>
    2c24:	ed59                	bnez	a0,2cc2 <CHRV3s21+0xda>
    2c26:	eac1a783          	lw	a5,-340(gp) # 20000b04 <mValue>
    2c2a:	14078063          	beqz	a5,2d6a <CHRV3s21+0x182>
    2c2e:	f001a803          	lw	a6,-256(gp) # 20000b58 <mDiskTotalClus>
    2c32:	0ffc6793          	ori	a5,s8,255
    2c36:	0ff86713          	ori	a4,a6,255
    2c3a:	fce78be3          	beq	a5,a4,2c10 <CHRV3s21+0x28>
    2c3e:	ea11c683          	lbu	a3,-351(gp) # 20000af9 <CHRV3vDiskFat>
    2c42:	fd3687e3          	beq	a3,s3,2c10 <CHRV3s21+0x28>
    2c46:	e9c1a783          	lw	a5,-356(gp) # 20000af4 <pDISK_FAT_BUF>
    2c4a:	4609                	li	a2,2
    2c4c:	ee01d703          	lhu	a4,-288(gp) # 20000b38 <CHRV3vSectorSize>
    2c50:	ecf1a823          	sw	a5,-304(gp) # 20000b28 <mTempAddrPoint>
    2c54:	08c68563          	beq	a3,a2,2cde <CHRV3s21+0xf6>
    2c58:	00275693          	srli	a3,a4,0x2
    2c5c:	16fd                	addi	a3,a3,-1
    2c5e:	06c2                	slli	a3,a3,0x10
    2c60:	82c1                	srli	a3,a3,0x10
    2c62:	10000e37          	lui	t3,0x10000
    2c66:	ead19623          	sh	a3,-340(gp) # 20000b04 <mValue>
    2c6a:	00da9123          	sh	a3,2(s5)
    2c6e:	8736                	mv	a4,a3
    2c70:	4e81                	li	t4,0
    2c72:	1e7d                	addi	t3,t3,-1 # fffffff <_data_lma+0xfffa83f>
    2c74:	a039                	j	2c82 <CHRV3s21+0x9a>
    2c76:	01031713          	slli	a4,t1,0x10
    2c7a:	8341                	srli	a4,a4,0x10
    2c7c:	87ae                	mv	a5,a1
    2c7e:	4e85                	li	t4,1
    2c80:	cf5d                	beqz	a4,2d3e <CHRV3s21+0x156>
    2c82:	43d0                	lw	a2,4(a5)
    2c84:	fff70313          	addi	t1,a4,-1
    2c88:	00478593          	addi	a1,a5,4
    2c8c:	01c678b3          	and	a7,a2,t3
    2c90:	fe0893e3          	bnez	a7,2c76 <CHRV3s21+0x8e>
    2c94:	ecb1a823          	sw	a1,-304(gp) # 20000b28 <mTempAddrPoint>
    2c98:	0c0e8563          	beqz	t4,2d62 <CHRV3s21+0x17a>
    2c9c:	eae19623          	sh	a4,-340(gp) # 20000b04 <mValue>
    2ca0:	100005b7          	lui	a1,0x10000
    2ca4:	0186e6b3          	or	a3,a3,s8
    2ca8:	15fd                	addi	a1,a1,-1 # fffffff <_data_lma+0xfffa83f>
    2caa:	40e68733          	sub	a4,a3,a4
    2cae:	8e4d                	or	a2,a2,a1
    2cb0:	0705                	addi	a4,a4,1
    2cb2:	c3d0                	sw	a2,4(a5)
    2cb4:	eee1a423          	sw	a4,-280(gp) # 20000b40 <mCurrentCluster>
    2cb8:	08e86063          	bltu	a6,a4,2d38 <CHRV3s21+0x150>
    2cbc:	4705                	li	a4,1
    2cbe:	eae18023          	sb	a4,-352(gp) # 20000af8 <mFatSecChanged>
    2cc2:	50b2                	lw	ra,44(sp)
    2cc4:	5422                	lw	s0,40(sp)
    2cc6:	5492                	lw	s1,36(sp)
    2cc8:	5902                	lw	s2,32(sp)
    2cca:	49f2                	lw	s3,28(sp)
    2ccc:	4a62                	lw	s4,24(sp)
    2cce:	4ad2                	lw	s5,20(sp)
    2cd0:	4b42                	lw	s6,16(sp)
    2cd2:	4bb2                	lw	s7,12(sp)
    2cd4:	4c22                	lw	s8,8(sp)
    2cd6:	4c92                	lw	s9,4(sp)
    2cd8:	4d02                	lw	s10,0(sp)
    2cda:	6145                	addi	sp,sp,48
    2cdc:	8082                	ret
    2cde:	00175613          	srli	a2,a4,0x1
    2ce2:	167d                	addi	a2,a2,-1
    2ce4:	0642                	slli	a2,a2,0x10
    2ce6:	8241                	srli	a2,a2,0x10
    2ce8:	eac19623          	sh	a2,-340(gp) # 20000b04 <mValue>
    2cec:	00ca9123          	sh	a2,2(s5)
    2cf0:	8732                	mv	a4,a2
    2cf2:	4301                	li	t1,0
    2cf4:	a039                	j	2d02 <CHRV3s21+0x11a>
    2cf6:	01089713          	slli	a4,a7,0x10
    2cfa:	8341                	srli	a4,a4,0x10
    2cfc:	87ae                	mv	a5,a1
    2cfe:	4305                	li	t1,1
    2d00:	cb21                	beqz	a4,2d50 <CHRV3s21+0x168>
    2d02:	0027d683          	lhu	a3,2(a5)
    2d06:	fff70893          	addi	a7,a4,-1
    2d0a:	00278593          	addi	a1,a5,2
    2d0e:	f6e5                	bnez	a3,2cf6 <CHRV3s21+0x10e>
    2d10:	ecb1a823          	sw	a1,-304(gp) # 20000b28 <mTempAddrPoint>
    2d14:	04030963          	beqz	t1,2d66 <CHRV3s21+0x17e>
    2d18:	eae19623          	sh	a4,-340(gp) # 20000b04 <mValue>
    2d1c:	56fd                	li	a3,-1
    2d1e:	00d79123          	sh	a3,2(a5)
    2d22:	002ad683          	lhu	a3,2(s5)
    2d26:	0186e6b3          	or	a3,a3,s8
    2d2a:	40e68733          	sub	a4,a3,a4
    2d2e:	0705                	addi	a4,a4,1
    2d30:	eee1a423          	sw	a4,-280(gp) # 20000b40 <mCurrentCluster>
    2d34:	f8e874e3          	bgeu	a6,a4,2cbc <CHRV3s21+0xd4>
    2d38:	0b100513          	li	a0,177
    2d3c:	b759                	j	2cc2 <CHRV3s21+0xda>
    2d3e:	00dc6c33          	or	s8,s8,a3
    2d42:	ecb1a823          	sw	a1,-304(gp) # 20000b28 <mTempAddrPoint>
    2d46:	ea019623          	sh	zero,-340(gp) # 20000b04 <mValue>
    2d4a:	ef81a423          	sw	s8,-280(gp) # 20000b40 <mCurrentCluster>
    2d4e:	b5c9                	j	2c10 <CHRV3s21+0x28>
    2d50:	00cc6c33          	or	s8,s8,a2
    2d54:	ecb1a823          	sw	a1,-304(gp) # 20000b28 <mTempAddrPoint>
    2d58:	ea019623          	sh	zero,-340(gp) # 20000b04 <mValue>
    2d5c:	ef81a423          	sw	s8,-280(gp) # 20000b40 <mCurrentCluster>
    2d60:	bd45                	j	2c10 <CHRV3s21+0x28>
    2d62:	8736                	mv	a4,a3
    2d64:	bf35                	j	2ca0 <CHRV3s21+0xb8>
    2d66:	8732                	mv	a4,a2
    2d68:	bf55                	j	2d1c <CHRV3s21+0x134>
    2d6a:	5422                	lw	s0,40(sp)
    2d6c:	e981aa23          	sw	s8,-364(gp) # 20000aec <mLinkClusSource>
    2d70:	50b2                	lw	ra,44(sp)
    2d72:	5492                	lw	s1,36(sp)
    2d74:	5902                	lw	s2,32(sp)
    2d76:	49f2                	lw	s3,28(sp)
    2d78:	4a62                	lw	s4,24(sp)
    2d7a:	4ad2                	lw	s5,20(sp)
    2d7c:	4b42                	lw	s6,16(sp)
    2d7e:	4bb2                	lw	s7,12(sp)
    2d80:	4c22                	lw	s8,8(sp)
    2d82:	4c92                	lw	s9,4(sp)
    2d84:	4d02                	lw	s10,0(sp)
    2d86:	4511                	li	a0,4
    2d88:	6145                	addi	sp,sp,48
    2d8a:	be3ff06f          	j	296c <CHRV3s20>

00002d8e <CHRV3s22>:
    2d8e:	1141                	addi	sp,sp,-16
    2d90:	c606                	sw	ra,12(sp)
    2d92:	e57ff0ef          	jal	2be8 <CHRV3s21>
    2d96:	0b100793          	li	a5,177
    2d9a:	00f50563          	beq	a0,a5,2da4 <CHRV3s22+0x16>
    2d9e:	40b2                	lw	ra,12(sp)
    2da0:	0141                	addi	sp,sp,16
    2da2:	8082                	ret
    2da4:	40b2                	lw	ra,12(sp)
    2da6:	ee01a423          	sw	zero,-280(gp) # 20000b40 <mCurrentCluster>
    2daa:	0141                	addi	sp,sp,16
    2dac:	e3dff06f          	j	2be8 <CHRV3s21>

00002db0 <CHRV3FileOpen>:
    2db0:	715d                	addi	sp,sp,-80
    2db2:	da56                	sw	s5,52(sp)
    2db4:	ecc1c783          	lbu	a5,-308(gp) # 20000b24 <CHRV3DiskStatus>
    2db8:	c686                	sw	ra,76(sp)
    2dba:	c4a2                	sw	s0,72(sp)
    2dbc:	c2a6                	sw	s1,68(sp)
    2dbe:	c0ca                	sw	s2,64(sp)
    2dc0:	de4e                	sw	s3,60(sp)
    2dc2:	dc52                	sw	s4,56(sp)
    2dc4:	d85a                	sw	s6,48(sp)
    2dc6:	d65e                	sw	s7,44(sp)
    2dc8:	d462                	sw	s8,40(sp)
    2dca:	d266                	sw	s9,36(sp)
    2dcc:	d06a                	sw	s10,32(sp)
    2dce:	ce6e                	sw	s11,28(sp)
    2dd0:	473d                	li	a4,15
    2dd2:	2cf77c63          	bgeu	a4,a5,30aa <CHRV3FileOpen+0x2fa>
    2dd6:	ecc1c783          	lbu	a5,-308(gp) # 20000b24 <CHRV3DiskStatus>
    2dda:	473d                	li	a4,15
    2ddc:	10f77d63          	bgeu	a4,a5,2ef6 <CHRV3FileOpen+0x146>
    2de0:	47c1                	li	a5,16
    2de2:	ecf18623          	sb	a5,-308(gp) # 20000b24 <CHRV3DiskStatus>
    2de6:	d181c683          	lbu	a3,-744(gp) # 20000970 <mCmdParam>
    2dea:	f0018f23          	sb	zero,-226(gp) # 20000b76 <mFileSizeChanged>
    2dee:	30068663          	beqz	a3,30fa <CHRV3FileOpen+0x34a>
    2df2:	05c00713          	li	a4,92
    2df6:	30e68763          	beq	a3,a4,3104 <CHRV3FileOpen+0x354>
    2dfa:	02f00713          	li	a4,47
    2dfe:	30e68363          	beq	a3,a4,3104 <CHRV3FileOpen+0x354>
    2e02:	d1818713          	addi	a4,gp,-744 # 20000970 <mCmdParam>
    2e06:	00174603          	lbu	a2,1(a4)
    2e0a:	03a00793          	li	a5,58
    2e0e:	2af60663          	beq	a2,a5,30ba <CHRV3FileOpen+0x30a>
    2e12:	c43e                	sw	a5,8(sp)
    2e14:	ea81a683          	lw	a3,-344(gp) # 20000b00 <CHRV3vStartCluster>
    2e18:	f081a783          	lw	a5,-248(gp) # 20000b60 <CHRV3vDataStart>
    2e1c:	c632                	sw	a2,12(sp)
    2e1e:	f0e1a623          	sw	a4,-244(gp) # 20000b64 <mCurrentName>
    2e22:	eac18413          	addi	s0,gp,-340 # 20000b04 <mValue>
    2e26:	1c068d63          	beqz	a3,3000 <CHRV3FileOpen+0x250>
    2e2a:	e981c583          	lbu	a1,-360(gp) # 20000af0 <mDiskSecPerClusB>
    2e2e:	ef41c603          	lbu	a2,-268(gp) # 20000b4c <CHRV3vSecPerClus>
    2e32:	ffe68713          	addi	a4,a3,-2
    2e36:	00b71733          	sll	a4,a4,a1
    2e3a:	97ba                	add	a5,a5,a4
    2e3c:	f0c18ea3          	sb	a2,-227(gp) # 20000b75 <mCurSecOffset>
    2e40:	eef1a623          	sw	a5,-276(gp) # 20000b44 <CHRV3vFdtLba>
    2e44:	24060263          	beqz	a2,3088 <CHRV3FileOpen+0x2d8>
    2e48:	ecf1a423          	sw	a5,-312(gp) # 20000b20 <CHRV3vLbaCurrent>
    2e4c:	bd5fe0ef          	jal	1a20 <mReadSectorFDT>
    2e50:	e55d                	bnez	a0,2efe <CHRV3FileOpen+0x14e>
    2e52:	ee01d783          	lhu	a5,-288(gp) # 20000b38 <CHRV3vSectorSize>
    2e56:	ee019123          	sh	zero,-286(gp) # 20000b3a <CHRV3vFdtOffset>
    2e5a:	20078463          	beqz	a5,3062 <CHRV3FileOpen+0x2b2>
    2e5e:	eb41a583          	lw	a1,-332(gp) # 20000b0c <pDISK_BASE_BUF>
    2e62:	ecb1a823          	sw	a1,-304(gp) # 20000b28 <mTempAddrPoint>
    2e66:	0005c783          	lbu	a5,0(a1)
    2e6a:	cbb9                	beqz	a5,2ec0 <CHRV3FileOpen+0x110>
    2e6c:	0e500d93          	li	s11,229
    2e70:	452d                	li	a0,11
    2e72:	05c00b93          	li	s7,92
    2e76:	03b78163          	beq	a5,s11,2e98 <CHRV3FileOpen+0xe8>
    2e7a:	4715                	li	a4,5
    2e7c:	00e79463          	bne	a5,a4,2e84 <CHRV3FileOpen+0xd4>
    2e80:	0e500793          	li	a5,229
    2e84:	f0c1a803          	lw	a6,-244(gp) # 20000b64 <mCurrentName>
    2e88:	00084683          	lbu	a3,0(a6)
    2e8c:	08f68863          	beq	a3,a5,2f1c <CHRV3FileOpen+0x16c>
    2e90:	02a00713          	li	a4,42
    2e94:	08e68463          	beq	a3,a4,2f1c <CHRV3FileOpen+0x16c>
    2e98:	ee21d783          	lhu	a5,-286(gp) # 20000b3a <CHRV3vFdtOffset>
    2e9c:	ee01d703          	lhu	a4,-288(gp) # 20000b38 <CHRV3vSectorSize>
    2ea0:	02078793          	addi	a5,a5,32
    2ea4:	07c2                	slli	a5,a5,0x10
    2ea6:	83c1                	srli	a5,a5,0x10
    2ea8:	eef19123          	sh	a5,-286(gp) # 20000b3a <CHRV3vFdtOffset>
    2eac:	1ae7fb63          	bgeu	a5,a4,3062 <CHRV3FileOpen+0x2b2>
    2eb0:	eb41a583          	lw	a1,-332(gp) # 20000b0c <pDISK_BASE_BUF>
    2eb4:	95be                	add	a1,a1,a5
    2eb6:	ecb1a823          	sw	a1,-304(gp) # 20000b28 <mTempAddrPoint>
    2eba:	0005c783          	lbu	a5,0(a1)
    2ebe:	ffc5                	bnez	a5,2e76 <CHRV3FileOpen+0xc6>
    2ec0:	f0c1a683          	lw	a3,-244(gp) # 20000b64 <mCurrentName>
    2ec4:	4781                	li	a5,0
    2ec6:	02a00613          	li	a2,42
    2eca:	05c00593          	li	a1,92
    2ece:	02f00513          	li	a0,47
    2ed2:	a039                	j	2ee0 <CHRV3FileOpen+0x130>
    2ed4:	00c70e63          	beq	a4,a2,2ef0 <CHRV3FileOpen+0x140>
    2ed8:	22b70363          	beq	a4,a1,30fe <CHRV3FileOpen+0x34e>
    2edc:	22a70163          	beq	a4,a0,30fe <CHRV3FileOpen+0x34e>
    2ee0:	00f68733          	add	a4,a3,a5
    2ee4:	00074703          	lbu	a4,0(a4)
    2ee8:	0785                	addi	a5,a5,1
    2eea:	0ff7f793          	zext.b	a5,a5
    2eee:	f37d                	bnez	a4,2ed4 <CHRV3FileOpen+0x124>
    2ef0:	04200513          	li	a0,66
    2ef4:	a029                	j	2efe <CHRV3FileOpen+0x14e>
    2ef6:	aaffe0ef          	jal	19a4 <mUpdateStatus.part.1>
    2efa:	ee0506e3          	beqz	a0,2de6 <CHRV3FileOpen+0x36>
    2efe:	40b6                	lw	ra,76(sp)
    2f00:	4426                	lw	s0,72(sp)
    2f02:	4496                	lw	s1,68(sp)
    2f04:	4906                	lw	s2,64(sp)
    2f06:	59f2                	lw	s3,60(sp)
    2f08:	5a62                	lw	s4,56(sp)
    2f0a:	5ad2                	lw	s5,52(sp)
    2f0c:	5b42                	lw	s6,48(sp)
    2f0e:	5bb2                	lw	s7,44(sp)
    2f10:	5c22                	lw	s8,40(sp)
    2f12:	5c92                	lw	s9,36(sp)
    2f14:	5d02                	lw	s10,32(sp)
    2f16:	4df2                	lw	s11,28(sp)
    2f18:	6161                	addi	sp,sp,80
    2f1a:	8082                	ret
    2f1c:	8e9d                	sub	a3,a3,a5
    2f1e:	0016b693          	seqz	a3,a3
    2f22:	8736                	mv	a4,a3
    2f24:	00d40123          	sb	a3,2(s0)
    2f28:	00d58633          	add	a2,a1,a3
    2f2c:	00e807b3          	add	a5,a6,a4
    2f30:	0007c783          	lbu	a5,0(a5)
    2f34:	00064603          	lbu	a2,0(a2)
    2f38:	02f00893          	li	a7,47
    2f3c:	02e00313          	li	t1,46
    2f40:	4e21                	li	t3,8
    2f42:	02000e93          	li	t4,32
    2f46:	00170f13          	addi	t5,a4,1
    2f4a:	02c78e63          	beq	a5,a2,2f86 <CHRV3FileOpen+0x1d6>
    2f4e:	c7f9                	beqz	a5,301c <CHRV3FileOpen+0x26c>
    2f50:	0d778663          	beq	a5,s7,301c <CHRV3FileOpen+0x26c>
    2f54:	0d178463          	beq	a5,a7,301c <CHRV3FileOpen+0x26c>
    2f58:	0c679d63          	bne	a5,t1,3032 <CHRV3FileOpen+0x282>
    2f5c:	01c70463          	beq	a4,t3,2f64 <CHRV3FileOpen+0x1b4>
    2f60:	15d61a63          	bne	a2,t4,30b4 <CHRV3FileOpen+0x304>
    2f64:	01e40123          	sb	t5,2(s0)
    2f68:	46a1                	li	a3,8
    2f6a:	00244703          	lbu	a4,2(s0)
    2f6e:	00d58633          	add	a2,a1,a3
    2f72:	00064603          	lbu	a2,0(a2)
    2f76:	00e807b3          	add	a5,a6,a4
    2f7a:	0007c783          	lbu	a5,0(a5)
    2f7e:	00170f13          	addi	t5,a4,1
    2f82:	fcc796e3          	bne	a5,a2,2f4e <CHRV3FileOpen+0x19e>
    2f86:	0705                	addi	a4,a4,1
    2f88:	0685                	addi	a3,a3,1
    2f8a:	0ff77713          	zext.b	a4,a4
    2f8e:	00e40123          	sb	a4,2(s0)
    2f92:	0ff6f693          	zext.b	a3,a3
    2f96:	fca69ae3          	bne	a3,a0,2f6a <CHRV3FileOpen+0x1ba>
    2f9a:	9742                	add	a4,a4,a6
    2f9c:	00074783          	lbu	a5,0(a4)
    2fa0:	00f401a3          	sb	a5,3(s0)
    2fa4:	00b5c783          	lbu	a5,11(a1)
    2fa8:	8ba1                	andi	a5,a5,8
    2faa:	ee0797e3          	bnez	a5,2e98 <CHRV3FileOpen+0xe8>
    2fae:	ee018c23          	sb	zero,-264(gp) # 20000b50 <mLinkEndOfClus>
    2fb2:	ed01a783          	lw	a5,-304(gp) # 20000b28 <mTempAddrPoint>
    2fb6:	45a2                	lw	a1,8(sp)
    2fb8:	01a7d683          	lhu	a3,26(a5)
    2fbc:	ea11c603          	lbu	a2,-351(gp) # 20000af9 <CHRV3vDiskFat>
    2fc0:	470d                	li	a4,3
    2fc2:	ead1a423          	sw	a3,-344(gp) # 20000b00 <CHRV3vStartCluster>
    2fc6:	00e61863          	bne	a2,a4,2fd6 <CHRV3FileOpen+0x226>
    2fca:	0147d703          	lhu	a4,20(a5)
    2fce:	0742                	slli	a4,a4,0x10
    2fd0:	8ed9                	or	a3,a3,a4
    2fd2:	ead1a423          	sw	a3,-344(gp) # 20000b00 <CHRV3vStartCluster>
    2fd6:	00344703          	lbu	a4,3(s0)
    2fda:	24070b63          	beqz	a4,3230 <CHRV3FileOpen+0x480>
    2fde:	ef81c703          	lbu	a4,-264(gp) # 20000b50 <mLinkEndOfClus>
    2fe2:	24071763          	bnez	a4,3230 <CHRV3FileOpen+0x480>
    2fe6:	00244703          	lbu	a4,2(s0)
    2fea:	f0c1a783          	lw	a5,-244(gp) # 20000b64 <mCurrentName>
    2fee:	0705                	addi	a4,a4,1
    2ff0:	97ba                	add	a5,a5,a4
    2ff2:	f0f1a623          	sw	a5,-244(gp) # 20000b64 <mCurrentName>
    2ff6:	47b2                	lw	a5,12(sp)
    2ff8:	f081a783          	lw	a5,-248(gp) # 20000b60 <CHRV3vDataStart>
    2ffc:	e20697e3          	bnez	a3,2e2a <CHRV3FileOpen+0x7a>
    3000:	ea41a703          	lw	a4,-348(gp) # 20000afc <CHRV3vDiskRoot>
    3004:	0ff77693          	zext.b	a3,a4
    3008:	8f95                	sub	a5,a5,a3
    300a:	0ff77713          	zext.b	a4,a4
    300e:	f0e18ea3          	sb	a4,-227(gp) # 20000b75 <mCurSecOffset>
    3012:	eef1a623          	sw	a5,-276(gp) # 20000b44 <CHRV3vFdtLba>
    3016:	e20719e3          	bnez	a4,2e48 <CHRV3FileOpen+0x98>
    301a:	b55d                	j	2ec0 <CHRV3FileOpen+0x110>
    301c:	02000713          	li	a4,32
    3020:	02e61e63          	bne	a2,a4,305c <CHRV3FileOpen+0x2ac>
    3024:	471d                	li	a4,7
    3026:	f6d76de3          	bltu	a4,a3,2fa0 <CHRV3FileOpen+0x1f0>
    302a:	0085c703          	lbu	a4,8(a1)
    302e:	f6c709e3          	beq	a4,a2,2fa0 <CHRV3FileOpen+0x1f0>
    3032:	00f401a3          	sb	a5,3(s0)
    3036:	02a00713          	li	a4,42
    303a:	e4e79fe3          	bne	a5,a4,2e98 <CHRV3FileOpen+0xe8>
    303e:	00b5c783          	lbu	a5,11(a1)
    3042:	8ba1                	andi	a5,a5,8
    3044:	e4079ae3          	bnez	a5,2e98 <CHRV3FileOpen+0xe8>
    3048:	edc1a783          	lw	a5,-292(gp) # 20000b34 <CHRV3vFileSize>
    304c:	14078963          	beqz	a5,319e <CHRV3FileOpen+0x3ee>
    3050:	1207c163          	bltz	a5,3172 <CHRV3FileOpen+0x3c2>
    3054:	17fd                	addi	a5,a5,-1
    3056:	ecf1ae23          	sw	a5,-292(gp) # 20000b34 <CHRV3vFileSize>
    305a:	bd3d                	j	2e98 <CHRV3FileOpen+0xe8>
    305c:	00f401a3          	sb	a5,3(s0)
    3060:	bd25                	j	2e98 <CHRV3FileOpen+0xe8>
    3062:	f1d1c703          	lbu	a4,-227(gp) # 20000b75 <mCurSecOffset>
    3066:	eec1a783          	lw	a5,-276(gp) # 20000b44 <CHRV3vFdtLba>
    306a:	177d                	addi	a4,a4,-1
    306c:	0785                	addi	a5,a5,1
    306e:	0ff77713          	zext.b	a4,a4
    3072:	eef1a623          	sw	a5,-276(gp) # 20000b44 <CHRV3vFdtLba>
    3076:	f0e18ea3          	sb	a4,-227(gp) # 20000b75 <mCurSecOffset>
    307a:	dc0717e3          	bnez	a4,2e48 <CHRV3FileOpen+0x98>
    307e:	47a2                	lw	a5,8(sp)
    3080:	ea81a683          	lw	a3,-344(gp) # 20000b00 <CHRV3vStartCluster>
    3084:	e2068ee3          	beqz	a3,2ec0 <CHRV3FileOpen+0x110>
    3088:	4501                	li	a0,0
    308a:	e8d1aa23          	sw	a3,-364(gp) # 20000aec <mLinkClusSource>
    308e:	8dfff0ef          	jal	296c <CHRV3s20>
    3092:	e60516e3          	bnez	a0,2efe <CHRV3FileOpen+0x14e>
    3096:	ef81c783          	lbu	a5,-264(gp) # 20000b50 <mLinkEndOfClus>
    309a:	e20793e3          	bnez	a5,2ec0 <CHRV3FileOpen+0x110>
    309e:	eac1a683          	lw	a3,-340(gp) # 20000b04 <mValue>
    30a2:	47a2                	lw	a5,8(sp)
    30a4:	ead1a423          	sw	a3,-344(gp) # 20000b00 <CHRV3vStartCluster>
    30a8:	b7b9                	j	2ff6 <CHRV3FileOpen+0x246>
    30aa:	c16ff0ef          	jal	24c0 <CHRV3s11>
    30ae:	d20504e3          	beqz	a0,2dd6 <CHRV3FileOpen+0x26>
    30b2:	b5b1                	j	2efe <CHRV3FileOpen+0x14e>
    30b4:	006401a3          	sb	t1,3(s0)
    30b8:	b3c5                	j	2e98 <CHRV3FileOpen+0xe8>
    30ba:	04200793          	li	a5,66
    30be:	d4d7fae3          	bgeu	a5,a3,2e12 <CHRV3FileOpen+0x62>
    30c2:	d1b18713          	addi	a4,gp,-741 # 20000973 <mCmdParam+0x3>
    30c6:	f0e1a623          	sw	a4,-244(gp) # 20000b64 <mCurrentName>
    30ca:	d1b18793          	addi	a5,gp,-741 # 20000973 <mCmdParam+0x3>
    30ce:	a089                	j	3110 <CHRV3FileOpen+0x360>
    30d0:	4fd8                	lw	a4,28(a5)
    30d2:	ece1ae23          	sw	a4,-292(gp) # 20000b34 <CHRV3vFileSize>
    30d6:	e691                	bnez	a3,30e2 <CHRV3FileOpen+0x332>
    30d8:	577d                	li	a4,-1
    30da:	f0e18ea3          	sb	a4,-227(gp) # 20000b75 <mCurSecOffset>
    30de:	ec01ae23          	sw	zero,-292(gp) # 20000b34 <CHRV3vFileSize>
    30e2:	ecc1c783          	lbu	a5,-308(gp) # 20000b24 <CHRV3DiskStatus>
    30e6:	473d                	li	a4,15
    30e8:	18f77863          	bgeu	a4,a5,3278 <CHRV3FileOpen+0x4c8>
    30ec:	47d1                	li	a5,20
    30ee:	ecf18623          	sb	a5,-308(gp) # 20000b24 <CHRV3DiskStatus>
    30f2:	ef81c783          	lbu	a5,-264(gp) # 20000b50 <mLinkEndOfClus>
    30f6:	16079963          	bnez	a5,3268 <CHRV3FileOpen+0x4b8>
    30fa:	4501                	li	a0,0
    30fc:	b509                	j	2efe <CHRV3FileOpen+0x14e>
    30fe:	0b300513          	li	a0,179
    3102:	bbf5                	j	2efe <CHRV3FileOpen+0x14e>
    3104:	d1918713          	addi	a4,gp,-743 # 20000971 <mCmdParam+0x1>
    3108:	f0e1a623          	sw	a4,-244(gp) # 20000b64 <mCurrentName>
    310c:	d1918793          	addi	a5,gp,-743 # 20000971 <mCmdParam+0x1>
    3110:	ea11c683          	lbu	a3,-351(gp) # 20000af9 <CHRV3vDiskFat>
    3114:	470d                	li	a4,3
    3116:	06e68463          	beq	a3,a4,317e <CHRV3FileOpen+0x3ce>
    311a:	0007c703          	lbu	a4,0(a5)
    311e:	c43e                	sw	a5,8(sp)
    3120:	c636                	sw	a3,12(sp)
    3122:	ea01a423          	sw	zero,-344(gp) # 20000b00 <CHRV3vStartCluster>
    3126:	f081a783          	lw	a5,-248(gp) # 20000b60 <CHRV3vDataStart>
    312a:	4681                	li	a3,0
    312c:	ce071be3          	bnez	a4,2e22 <CHRV3FileOpen+0x72>
    3130:	ea41a683          	lw	a3,-348(gp) # 20000afc <CHRV3vDiskRoot>
    3134:	f111c603          	lbu	a2,-239(gp) # 20000b69 <CHRV3vSectorSizeB>
    3138:	45a2                	lw	a1,8(sp)
    313a:	0ff6f713          	zext.b	a4,a3
    313e:	8f99                	sub	a5,a5,a4
    3140:	00c71733          	sll	a4,a4,a2
    3144:	4609                	li	a2,2
    3146:	eac1a423          	sw	a2,-344(gp) # 20000b00 <CHRV3vStartCluster>
    314a:	eed18a23          	sb	a3,-268(gp) # 20000b4c <CHRV3vSecPerClus>
    314e:	46b2                	lw	a3,12(sp)
    3150:	f0f1a423          	sw	a5,-248(gp) # 20000b60 <CHRV3vDataStart>
    3154:	ece1ae23          	sw	a4,-292(gp) # 20000b34 <CHRV3vFileSize>
    3158:	4689                	li	a3,2
    315a:	eed1a423          	sw	a3,-280(gp) # 20000b40 <mCurrentCluster>
    315e:	ea01ac23          	sw	zero,-328(gp) # 20000b10 <CHRV3vCurrentOffset>
    3162:	f0018ea3          	sb	zero,-227(gp) # 20000b75 <mCurSecOffset>
    3166:	47c9                	li	a5,18
    3168:	ecf18623          	sb	a5,-308(gp) # 20000b24 <CHRV3DiskStatus>
    316c:	04100513          	li	a0,65
    3170:	b379                	j	2efe <CHRV3FileOpen+0x14e>
    3172:	88efe0ef          	jal	1200 <xFileNameEnumer>
    3176:	edc1a783          	lw	a5,-292(gp) # 20000b34 <CHRV3vFileSize>
    317a:	452d                	li	a0,11
    317c:	bde1                	j	3054 <CHRV3FileOpen+0x2a4>
    317e:	ea41a683          	lw	a3,-348(gp) # 20000afc <CHRV3vDiskRoot>
    3182:	0007c783          	lbu	a5,0(a5)
    3186:	c43a                	sw	a4,8(sp)
    3188:	ead1a423          	sw	a3,-344(gp) # 20000b00 <CHRV3vStartCluster>
    318c:	c789                	beqz	a5,3196 <CHRV3FileOpen+0x3e6>
    318e:	c63e                	sw	a5,12(sp)
    3190:	f081a783          	lw	a5,-248(gp) # 20000b60 <CHRV3vDataStart>
    3194:	b179                	j	2e22 <CHRV3FileOpen+0x72>
    3196:	577d                	li	a4,-1
    3198:	ece1ae23          	sw	a4,-292(gp) # 20000b34 <CHRV3vFileSize>
    319c:	bf7d                	j	315a <CHRV3FileOpen+0x3aa>
    319e:	ea018623          	sb	zero,-340(gp) # 20000b04 <mValue>
    31a2:	f0c1a783          	lw	a5,-244(gp) # 20000b64 <mCurrentName>
    31a6:	4701                	li	a4,0
    31a8:	02000513          	li	a0,32
    31ac:	4821                	li	a6,8
    31ae:	4e15                	li	t3,5
    31b0:	5315                	li	t1,-27
    31b2:	02e00893          	li	a7,46
    31b6:	45ad                	li	a1,11
    31b8:	a81d                	j	31ee <CHRV3FileOpen+0x43e>
    31ba:	00d60023          	sb	a3,0(a2)
    31be:	eac1c783          	lbu	a5,-340(gp) # 20000b04 <mValue>
    31c2:	f0c1a683          	lw	a3,-244(gp) # 20000b64 <mCurrentName>
    31c6:	eb99                	bnez	a5,31dc <CHRV3FileOpen+0x42c>
    31c8:	0006c603          	lbu	a2,0(a3)
    31cc:	01c61863          	bne	a2,t3,31dc <CHRV3FileOpen+0x42c>
    31d0:	00668023          	sb	t1,0(a3)
    31d4:	eac1c783          	lbu	a5,-340(gp) # 20000b04 <mValue>
    31d8:	f0c1a683          	lw	a3,-244(gp) # 20000b64 <mCurrentName>
    31dc:	0785                	addi	a5,a5,1
    31de:	0ff7f793          	zext.b	a5,a5
    31e2:	eaf18623          	sb	a5,-340(gp) # 20000b04 <mValue>
    31e6:	97b6                	add	a5,a5,a3
    31e8:	0705                	addi	a4,a4,1
    31ea:	02b70d63          	beq	a4,a1,3224 <CHRV3FileOpen+0x474>
    31ee:	ed01a683          	lw	a3,-304(gp) # 20000b28 <mTempAddrPoint>
    31f2:	863e                	mv	a2,a5
    31f4:	96ba                	add	a3,a3,a4
    31f6:	0006c683          	lbu	a3,0(a3)
    31fa:	fea687e3          	beq	a3,a0,31e8 <CHRV3FileOpen+0x438>
    31fe:	fb071ee3          	bne	a4,a6,31ba <CHRV3FileOpen+0x40a>
    3202:	01178023          	sb	a7,0(a5)
    3206:	eac1c783          	lbu	a5,-340(gp) # 20000b04 <mValue>
    320a:	ed01a683          	lw	a3,-304(gp) # 20000b28 <mTempAddrPoint>
    320e:	f0c1a603          	lw	a2,-244(gp) # 20000b64 <mCurrentName>
    3212:	0785                	addi	a5,a5,1
    3214:	0ff7f793          	zext.b	a5,a5
    3218:	eaf18623          	sb	a5,-340(gp) # 20000b04 <mValue>
    321c:	0086c683          	lbu	a3,8(a3)
    3220:	963e                	add	a2,a2,a5
    3222:	bf61                	j	31ba <CHRV3FileOpen+0x40a>
    3224:	00078023          	sb	zero,0(a5)
    3228:	4785                	li	a5,1
    322a:	eef18c23          	sb	a5,-264(gp) # 20000b50 <mLinkEndOfClus>
    322e:	b351                	j	2fb2 <CHRV3FileOpen+0x202>
    3230:	00b7c703          	lbu	a4,11(a5)
    3234:	eed1a423          	sw	a3,-280(gp) # 20000b40 <mCurrentCluster>
    3238:	ea01ac23          	sw	zero,-328(gp) # 20000b10 <CHRV3vCurrentOffset>
    323c:	f0018ea3          	sb	zero,-227(gp) # 20000b75 <mCurSecOffset>
    3240:	8b41                	andi	a4,a4,16
    3242:	e80707e3          	beqz	a4,30d0 <CHRV3FileOpen+0x320>
    3246:	ecc1c783          	lbu	a5,-308(gp) # 20000b24 <CHRV3DiskStatus>
    324a:	56fd                	li	a3,-1
    324c:	ecd1ae23          	sw	a3,-292(gp) # 20000b34 <CHRV3vFileSize>
    3250:	473d                	li	a4,15
    3252:	00f77e63          	bgeu	a4,a5,326e <CHRV3FileOpen+0x4be>
    3256:	47cd                	li	a5,19
    3258:	ecf18623          	sb	a5,-308(gp) # 20000b24 <CHRV3DiskStatus>
    325c:	ef81c783          	lbu	a5,-264(gp) # 20000b50 <mLinkEndOfClus>
    3260:	04100513          	li	a0,65
    3264:	c8078de3          	beqz	a5,2efe <CHRV3FileOpen+0x14e>
    3268:	04300513          	li	a0,67
    326c:	b949                	j	2efe <CHRV3FileOpen+0x14e>
    326e:	f36fe0ef          	jal	19a4 <mUpdateStatus.part.1>
    3272:	c80516e3          	bnez	a0,2efe <CHRV3FileOpen+0x14e>
    3276:	b7dd                	j	325c <CHRV3FileOpen+0x4ac>
    3278:	f2cfe0ef          	jal	19a4 <mUpdateStatus.part.1>
    327c:	c80511e3          	bnez	a0,2efe <CHRV3FileOpen+0x14e>
    3280:	bd8d                	j	30f2 <CHRV3FileOpen+0x342>

00003282 <mSectorLocate>:
    3282:	ea81a683          	lw	a3,-344(gp) # 20000b00 <CHRV3vStartCluster>
    3286:	1101                	addi	sp,sp,-32
    3288:	cc22                	sw	s0,24(sp)
    328a:	ca26                	sw	s1,20(sp)
    328c:	ce06                	sw	ra,28(sp)
    328e:	c84a                	sw	s2,16(sp)
    3290:	c64e                	sw	s3,12(sp)
    3292:	c452                	sw	s4,8(sp)
    3294:	c256                	sw	s5,4(sp)
    3296:	cab9                	beqz	a3,32ec <mSectorLocate+0x6a>
    3298:	d1818793          	addi	a5,gp,-744 # 20000970 <mCmdParam>
    329c:	f111c583          	lbu	a1,-239(gp) # 20000b69 <CHRV3vSectorSizeB>
    32a0:	43d8                	lw	a4,4(a5)
    32a2:	f1d1c603          	lbu	a2,-227(gp) # 20000b75 <mCurSecOffset>
    32a6:	d181a783          	lw	a5,-744(gp) # 20000970 <mCmdParam>
    32aa:	00b75733          	srl	a4,a4,a1
    32ae:	40c705b3          	sub	a1,a4,a2
    32b2:	04b7fd63          	bgeu	a5,a1,330c <mSectorLocate+0x8a>
    32b6:	eed1a423          	sw	a3,-280(gp) # 20000b40 <mCurrentCluster>
    32ba:	ef41c703          	lbu	a4,-268(gp) # 20000b4c <CHRV3vSecPerClus>
    32be:	04e7ee63          	bltu	a5,a4,331a <mSectorLocate+0x98>
    32c2:	a821                	j	32da <mSectorLocate+0x58>
    32c4:	d181a783          	lw	a5,-744(gp) # 20000970 <mCmdParam>
    32c8:	ef41c703          	lbu	a4,-268(gp) # 20000b4c <CHRV3vSecPerClus>
    32cc:	ee81a683          	lw	a3,-280(gp) # 20000b40 <mCurrentCluster>
    32d0:	8f99                	sub	a5,a5,a4
    32d2:	d0f1ac23          	sw	a5,-744(gp) # 20000970 <mCmdParam>
    32d6:	04e7e263          	bltu	a5,a4,331a <mSectorLocate+0x98>
    32da:	4501                	li	a0,0
    32dc:	e8d1aa23          	sw	a3,-364(gp) # 20000aec <mLinkClusSource>
    32e0:	e8cff0ef          	jal	296c <CHRV3s20>
    32e4:	e919                	bnez	a0,32fa <mSectorLocate+0x78>
    32e6:	ef81c783          	lbu	a5,-264(gp) # 20000b50 <mLinkEndOfClus>
    32ea:	dfe9                	beqz	a5,32c4 <mSectorLocate+0x42>
    32ec:	57fd                	li	a5,-1
    32ee:	f0f18ea3          	sb	a5,-227(gp) # 20000b75 <mCurSecOffset>
    32f2:	57fd                	li	a5,-1
    32f4:	d0f1ac23          	sw	a5,-744(gp) # 20000970 <mCmdParam>
    32f8:	4501                	li	a0,0
    32fa:	40f2                	lw	ra,28(sp)
    32fc:	4462                	lw	s0,24(sp)
    32fe:	44d2                	lw	s1,20(sp)
    3300:	4942                	lw	s2,16(sp)
    3302:	49b2                	lw	s3,12(sp)
    3304:	4a22                	lw	s4,8(sp)
    3306:	4a92                	lw	s5,4(sp)
    3308:	6105                	addi	sp,sp,32
    330a:	8082                	ret
    330c:	97b2                	add	a5,a5,a2
    330e:	8f99                	sub	a5,a5,a4
    3310:	d0f1ac23          	sw	a5,-744(gp) # 20000970 <mCmdParam>
    3314:	ee81a683          	lw	a3,-280(gp) # 20000b40 <mCurrentCluster>
    3318:	b74d                	j	32ba <mSectorLocate+0x38>
    331a:	e981c583          	lbu	a1,-360(gp) # 20000af0 <mDiskSecPerClusB>
    331e:	f081a603          	lw	a2,-248(gp) # 20000b60 <CHRV3vDataStart>
    3322:	ffe68713          	addi	a4,a3,-2
    3326:	00b71733          	sll	a4,a4,a1
    332a:	00c786b3          	add	a3,a5,a2
    332e:	9736                	add	a4,a4,a3
    3330:	f0f18ea3          	sb	a5,-227(gp) # 20000b75 <mCurSecOffset>
    3334:	ece1a423          	sw	a4,-312(gp) # 20000b20 <CHRV3vLbaCurrent>
    3338:	d0e1ac23          	sw	a4,-744(gp) # 20000970 <mCmdParam>
    333c:	4501                	li	a0,0
    333e:	bf75                	j	32fa <mSectorLocate+0x78>

00003340 <CHRV3s13>:
    3340:	1141                	addi	sp,sp,-16
    3342:	c606                	sw	ra,12(sp)
    3344:	c422                	sw	s0,8(sp)
    3346:	8a3ff0ef          	jal	2be8 <CHRV3s21>
    334a:	cd11                	beqz	a0,3366 <CHRV3s13+0x26>
    334c:	0b100793          	li	a5,177
    3350:	00f50663          	beq	a0,a5,335c <CHRV3s13+0x1c>
    3354:	40b2                	lw	ra,12(sp)
    3356:	4422                	lw	s0,8(sp)
    3358:	0141                	addi	sp,sp,16
    335a:	8082                	ret
    335c:	ee01a423          	sw	zero,-280(gp) # 20000b40 <mCurrentCluster>
    3360:	889ff0ef          	jal	2be8 <CHRV3s21>
    3364:	f965                	bnez	a0,3354 <CHRV3s13+0x14>
    3366:	d88ff0ef          	jal	28ee <mSaveFatSector>
    336a:	f56d                	bnez	a0,3354 <CHRV3s13+0x14>
    336c:	ee81a783          	lw	a5,-280(gp) # 20000b40 <mCurrentCluster>
    3370:	eec1a703          	lw	a4,-276(gp) # 20000b44 <CHRV3vFdtLba>
    3374:	eaf1a423          	sw	a5,-344(gp) # 20000b00 <CHRV3vStartCluster>
    3378:	ece1a423          	sw	a4,-312(gp) # 20000b20 <CHRV3vLbaCurrent>
    337c:	ea4fe0ef          	jal	1a20 <mReadSectorFDT>
    3380:	f971                	bnez	a0,3354 <CHRV3s13+0x14>
    3382:	ee21d603          	lhu	a2,-286(gp) # 20000b3a <CHRV3vFdtOffset>
    3386:	eb41a783          	lw	a5,-332(gp) # 20000b0c <pDISK_BASE_BUF>
    338a:	ea81a703          	lw	a4,-344(gp) # 20000b00 <CHRV3vStartCluster>
    338e:	4422                	lw	s0,8(sp)
    3390:	97b2                	add	a5,a5,a2
    3392:	01075693          	srli	a3,a4,0x10
    3396:	00e79d23          	sh	a4,26(a5)
    339a:	40b2                	lw	ra,12(sp)
    339c:	4605                	li	a2,1
    339e:	cfd0                	sw	a2,28(a5)
    33a0:	00d79a23          	sh	a3,20(a5)
    33a4:	ecf1a823          	sw	a5,-304(gp) # 20000b28 <mTempAddrPoint>
    33a8:	0141                	addi	sp,sp,16
    33aa:	f1efe06f          	j	1ac8 <mWriteSectorFDT>

000033ae <mModifyInfoFree>:
    33ae:	1141                	addi	sp,sp,-16
    33b0:	efa1d783          	lhu	a5,-262(gp) # 20000b52 <mDiskInfoSec>
    33b4:	c422                	sw	s0,8(sp)
    33b6:	eaa1a623          	sw	a0,-340(gp) # 20000b04 <mValue>
    33ba:	c606                	sw	ra,12(sp)
    33bc:	4501                	li	a0,0
    33be:	e789                	bnez	a5,33c8 <mModifyInfoFree+0x1a>
    33c0:	40b2                	lw	ra,12(sp)
    33c2:	4422                	lw	s0,8(sp)
    33c4:	0141                	addi	sp,sp,16
    33c6:	8082                	ret
    33c8:	ef01a703          	lw	a4,-272(gp) # 20000b48 <CHRV3vStartLba>
    33cc:	97ba                	add	a5,a5,a4
    33ce:	ecf1a423          	sw	a5,-312(gp) # 20000b20 <CHRV3vLbaCurrent>
    33d2:	e4efe0ef          	jal	1a20 <mReadSectorFDT>
    33d6:	f56d                	bnez	a0,33c0 <mModifyInfoFree+0x12>
    33d8:	eb41a703          	lw	a4,-332(gp) # 20000b0c <pDISK_BASE_BUF>
    33dc:	eac1a683          	lw	a3,-340(gp) # 20000b04 <mValue>
    33e0:	4422                	lw	s0,8(sp)
    33e2:	1e872783          	lw	a5,488(a4)
    33e6:	40b2                	lw	ra,12(sp)
    33e8:	97b6                	add	a5,a5,a3
    33ea:	1ef72423          	sw	a5,488(a4)
    33ee:	0141                	addi	sp,sp,16
    33f0:	ed8fe06f          	j	1ac8 <mWriteSectorFDT>

000033f4 <mModifyFileSize>:
    33f4:	ecc1c783          	lbu	a5,-308(gp) # 20000b24 <CHRV3DiskStatus>
    33f8:	f0018f23          	sb	zero,-226(gp) # 20000b76 <mFileSizeChanged>
    33fc:	474d                	li	a4,19
    33fe:	00f76463          	bltu	a4,a5,3406 <mModifyFileSize+0x12>
    3402:	4501                	li	a0,0
    3404:	8082                	ret
    3406:	eec1a703          	lw	a4,-276(gp) # 20000b44 <CHRV3vFdtLba>
    340a:	1141                	addi	sp,sp,-16
    340c:	c606                	sw	ra,12(sp)
    340e:	ece1a423          	sw	a4,-312(gp) # 20000b20 <CHRV3vLbaCurrent>
    3412:	e0efe0ef          	jal	1a20 <mReadSectorFDT>
    3416:	ed09                	bnez	a0,3430 <mModifyFileSize+0x3c>
    3418:	ee21d703          	lhu	a4,-286(gp) # 20000b3a <CHRV3vFdtOffset>
    341c:	eb41a783          	lw	a5,-332(gp) # 20000b0c <pDISK_BASE_BUF>
    3420:	4501                	li	a0,0
    3422:	97ba                	add	a5,a5,a4
    3424:	00b7c703          	lbu	a4,11(a5)
    3428:	ecf1a823          	sw	a5,-304(gp) # 20000b28 <mTempAddrPoint>
    342c:	8b41                	andi	a4,a4,16
    342e:	c701                	beqz	a4,3436 <mModifyFileSize+0x42>
    3430:	40b2                	lw	ra,12(sp)
    3432:	0141                	addi	sp,sp,16
    3434:	8082                	ret
    3436:	edc1a703          	lw	a4,-292(gp) # 20000b34 <CHRV3vFileSize>
    343a:	40b2                	lw	ra,12(sp)
    343c:	cfd8                	sw	a4,28(a5)
    343e:	0141                	addi	sp,sp,16
    3440:	e88fe06f          	j	1ac8 <mWriteSectorFDT>

00003444 <CHRV3FileClose>:
    3444:	1141                	addi	sp,sp,-16
    3446:	c422                	sw	s0,8(sp)
    3448:	ecc1c783          	lbu	a5,-308(gp) # 20000b24 <CHRV3DiskStatus>
    344c:	c606                	sw	ra,12(sp)
    344e:	4745                	li	a4,17
    3450:	0ff7f793          	zext.b	a5,a5
    3454:	08f77263          	bgeu	a4,a5,34d8 <CHRV3FileClose+0x94>
    3458:	4749                	li	a4,18
    345a:	04e78b63          	beq	a5,a4,34b0 <CHRV3FileClose+0x6c>
    345e:	ecc1c783          	lbu	a5,-308(gp) # 20000b24 <CHRV3DiskStatus>
    3462:	474d                	li	a4,19
    3464:	0ff7f793          	zext.b	a5,a5
    3468:	02f76163          	bltu	a4,a5,348a <CHRV3FileClose+0x46>
    346c:	f0018f23          	sb	zero,-226(gp) # 20000b76 <mFileSizeChanged>
    3470:	ecc1c783          	lbu	a5,-308(gp) # 20000b24 <CHRV3DiskStatus>
    3474:	473d                	li	a4,15
    3476:	02f77863          	bgeu	a4,a5,34a6 <CHRV3FileClose+0x62>
    347a:	47c1                	li	a5,16
    347c:	ecf18623          	sb	a5,-308(gp) # 20000b24 <CHRV3DiskStatus>
    3480:	4501                	li	a0,0
    3482:	40b2                	lw	ra,12(sp)
    3484:	4422                	lw	s0,8(sp)
    3486:	0141                	addi	sp,sp,16
    3488:	8082                	ret
    348a:	4751                	li	a4,20
    348c:	04e78c63          	beq	a5,a4,34e4 <CHRV3FileClose+0xa0>
    3490:	f1e1c783          	lbu	a5,-226(gp) # 20000b76 <mFileSizeChanged>
    3494:	dff1                	beqz	a5,3470 <CHRV3FileClose+0x2c>
    3496:	f5fff0ef          	jal	33f4 <mModifyFileSize>
    349a:	f565                	bnez	a0,3482 <CHRV3FileClose+0x3e>
    349c:	ecc1c783          	lbu	a5,-308(gp) # 20000b24 <CHRV3DiskStatus>
    34a0:	473d                	li	a4,15
    34a2:	fcf76ce3          	bltu	a4,a5,347a <CHRV3FileClose+0x36>
    34a6:	4422                	lw	s0,8(sp)
    34a8:	40b2                	lw	ra,12(sp)
    34aa:	0141                	addi	sp,sp,16
    34ac:	cf8fe06f          	j	19a4 <mUpdateStatus.part.1>
    34b0:	ea11c703          	lbu	a4,-351(gp) # 20000af9 <CHRV3vDiskFat>
    34b4:	478d                	li	a5,3
    34b6:	faf704e3          	beq	a4,a5,345e <CHRV3FileClose+0x1a>
    34ba:	e981c583          	lbu	a1,-360(gp) # 20000af0 <mDiskSecPerClusB>
    34be:	f081a603          	lw	a2,-248(gp) # 20000b60 <CHRV3vDataStart>
    34c2:	ea41c783          	lbu	a5,-348(gp) # 20000afc <CHRV3vDiskRoot>
    34c6:	4705                	li	a4,1
    34c8:	00b71733          	sll	a4,a4,a1
    34cc:	97b2                	add	a5,a5,a2
    34ce:	eee18a23          	sb	a4,-268(gp) # 20000b4c <CHRV3vSecPerClus>
    34d2:	f0f1a423          	sw	a5,-248(gp) # 20000b60 <CHRV3vDataStart>
    34d6:	b761                	j	345e <CHRV3FileClose+0x1a>
    34d8:	40b2                	lw	ra,12(sp)
    34da:	4422                	lw	s0,8(sp)
    34dc:	0b400513          	li	a0,180
    34e0:	0141                	addi	sp,sp,16
    34e2:	8082                	ret
    34e4:	d181c783          	lbu	a5,-744(gp) # 20000970 <mCmdParam>
    34e8:	f7c5                	bnez	a5,3490 <CHRV3FileClose+0x4c>
    34ea:	b749                	j	346c <CHRV3FileClose+0x28>

000034ec <CHRV3FileErase>:
    34ec:	1101                	addi	sp,sp,-32
    34ee:	cc22                	sw	s0,24(sp)
    34f0:	ecc1c783          	lbu	a5,-308(gp) # 20000b24 <CHRV3DiskStatus>
    34f4:	ce06                	sw	ra,28(sp)
    34f6:	ca26                	sw	s1,20(sp)
    34f8:	c84a                	sw	s2,16(sp)
    34fa:	c64e                	sw	s3,12(sp)
    34fc:	4749                	li	a4,18
    34fe:	08f77f63          	bgeu	a4,a5,359c <CHRV3FileErase+0xb0>
    3502:	ecc1c783          	lbu	a5,-308(gp) # 20000b24 <CHRV3DiskStatus>
    3506:	473d                	li	a4,15
    3508:	08f77063          	bgeu	a4,a5,3588 <CHRV3FileErase+0x9c>
    350c:	47c1                	li	a5,16
    350e:	ecf18623          	sb	a5,-308(gp) # 20000b24 <CHRV3DiskStatus>
    3512:	eec1a703          	lw	a4,-276(gp) # 20000b44 <CHRV3vFdtLba>
    3516:	ece1a423          	sw	a4,-312(gp) # 20000b20 <CHRV3vLbaCurrent>
    351a:	d06fe0ef          	jal	1a20 <mReadSectorFDT>
    351e:	e925                	bnez	a0,358e <CHRV3FileErase+0xa2>
    3520:	ee21d703          	lhu	a4,-286(gp) # 20000b3a <CHRV3vFdtOffset>
    3524:	eb41a783          	lw	a5,-332(gp) # 20000b0c <pDISK_BASE_BUF>
    3528:	97ba                	add	a5,a5,a4
    352a:	5715                	li	a4,-27
    352c:	00e78023          	sb	a4,0(a5)
    3530:	d98fe0ef          	jal	1ac8 <mWriteSectorFDT>
    3534:	ed29                	bnez	a0,358e <CHRV3FileErase+0xa2>
    3536:	ea81a783          	lw	a5,-344(gp) # 20000b00 <CHRV3vStartCluster>
    353a:	eaf1a623          	sw	a5,-340(gp) # 20000b04 <mValue>
    353e:	cba1                	beqz	a5,358e <CHRV3FileErase+0xa2>
    3540:	fff78693          	addi	a3,a5,-1
    3544:	ead1a423          	sw	a3,-344(gp) # 20000b00 <CHRV3vStartCluster>
    3548:	ee01a423          	sw	zero,-280(gp) # 20000b40 <mCurrentCluster>
    354c:	a019                	j	3552 <CHRV3FileErase+0x66>
    354e:	eac1a783          	lw	a5,-340(gp) # 20000b04 <mValue>
    3552:	4505                	li	a0,1
    3554:	e8f1aa23          	sw	a5,-364(gp) # 20000aec <mLinkClusSource>
    3558:	c14ff0ef          	jal	296c <CHRV3s20>
    355c:	e90d                	bnez	a0,358e <CHRV3FileErase+0xa2>
    355e:	ee81a783          	lw	a5,-280(gp) # 20000b40 <mCurrentCluster>
    3562:	ef81c703          	lbu	a4,-264(gp) # 20000b50 <mLinkEndOfClus>
    3566:	0785                	addi	a5,a5,1
    3568:	eef1a423          	sw	a5,-280(gp) # 20000b40 <mCurrentCluster>
    356c:	d36d                	beqz	a4,354e <CHRV3FileErase+0x62>
    356e:	b80ff0ef          	jal	28ee <mSaveFatSector>
    3572:	ed11                	bnez	a0,358e <CHRV3FileErase+0xa2>
    3574:	ee81a503          	lw	a0,-280(gp) # 20000b40 <mCurrentCluster>
    3578:	4462                	lw	s0,24(sp)
    357a:	40f2                	lw	ra,28(sp)
    357c:	44d2                	lw	s1,20(sp)
    357e:	4942                	lw	s2,16(sp)
    3580:	49b2                	lw	s3,12(sp)
    3582:	6105                	addi	sp,sp,32
    3584:	e2bff06f          	j	33ae <mModifyInfoFree>
    3588:	c1cfe0ef          	jal	19a4 <mUpdateStatus.part.1>
    358c:	d159                	beqz	a0,3512 <CHRV3FileErase+0x26>
    358e:	40f2                	lw	ra,28(sp)
    3590:	4462                	lw	s0,24(sp)
    3592:	44d2                	lw	s1,20(sp)
    3594:	4942                	lw	s2,16(sp)
    3596:	49b2                	lw	s3,12(sp)
    3598:	6105                	addi	sp,sp,32
    359a:	8082                	ret
    359c:	815ff0ef          	jal	2db0 <CHRV3FileOpen>
    35a0:	d12d                	beqz	a0,3502 <CHRV3FileErase+0x16>
    35a2:	40f2                	lw	ra,28(sp)
    35a4:	4462                	lw	s0,24(sp)
    35a6:	44d2                	lw	s1,20(sp)
    35a8:	4942                	lw	s2,16(sp)
    35aa:	49b2                	lw	s3,12(sp)
    35ac:	6105                	addi	sp,sp,32
    35ae:	8082                	ret

000035b0 <CHRV3FileCreate>:
    35b0:	7179                	addi	sp,sp,-48
    35b2:	d422                	sw	s0,40(sp)
    35b4:	d606                	sw	ra,44(sp)
    35b6:	d226                	sw	s1,36(sp)
    35b8:	d04a                	sw	s2,32(sp)
    35ba:	ce4e                	sw	s3,28(sp)
    35bc:	cc52                	sw	s4,24(sp)
    35be:	ca56                	sw	s5,20(sp)
    35c0:	c85a                	sw	s6,16(sp)
    35c2:	c65e                	sw	s7,12(sp)
    35c4:	fecff0ef          	jal	2db0 <CHRV3FileOpen>
    35c8:	f0a18ea3          	sb	a0,-227(gp) # 20000b75 <mCurSecOffset>
    35cc:	10050f63          	beqz	a0,36ea <CHRV3FileCreate+0x13a>
    35d0:	04200793          	li	a5,66
    35d4:	00f50d63          	beq	a0,a5,35ee <CHRV3FileCreate+0x3e>
    35d8:	50b2                	lw	ra,44(sp)
    35da:	5422                	lw	s0,40(sp)
    35dc:	5492                	lw	s1,36(sp)
    35de:	5902                	lw	s2,32(sp)
    35e0:	49f2                	lw	s3,28(sp)
    35e2:	4a62                	lw	s4,24(sp)
    35e4:	4ad2                	lw	s5,20(sp)
    35e6:	4b42                	lw	s6,16(sp)
    35e8:	4bb2                	lw	s7,12(sp)
    35ea:	6145                	addi	sp,sp,48
    35ec:	8082                	ret
    35ee:	ee21d683          	lhu	a3,-286(gp) # 20000b3a <CHRV3vFdtOffset>
    35f2:	ee01d783          	lhu	a5,-288(gp) # 20000b38 <CHRV3vSectorSize>
    35f6:	ea81a703          	lw	a4,-344(gp) # 20000b00 <CHRV3vStartCluster>
    35fa:	08f6e063          	bltu	a3,a5,367a <CHRV3FileCreate+0xca>
    35fe:	10071963          	bnez	a4,3710 <CHRV3FileCreate+0x160>
    3602:	ea41a783          	lw	a5,-348(gp) # 20000afc <CHRV3vDiskRoot>
    3606:	f0f18ea3          	sb	a5,-227(gp) # 20000b75 <mCurSecOffset>
    360a:	0e500a13          	li	s4,229
    360e:	eec1a783          	lw	a5,-276(gp) # 20000b44 <CHRV3vFdtLba>
    3612:	17fd                	addi	a5,a5,-1
    3614:	eef1a623          	sw	a5,-276(gp) # 20000b44 <CHRV3vFdtLba>
    3618:	ecf1a423          	sw	a5,-312(gp) # 20000b20 <CHRV3vLbaCurrent>
    361c:	c04fe0ef          	jal	1a20 <mReadSectorFDT>
    3620:	fd45                	bnez	a0,35d8 <CHRV3FileCreate+0x28>
    3622:	ee01d603          	lhu	a2,-288(gp) # 20000b38 <CHRV3vSectorSize>
    3626:	ee019123          	sh	zero,-286(gp) # 20000b3a <CHRV3vFdtOffset>
    362a:	ca0d                	beqz	a2,365c <CHRV3FileCreate+0xac>
    362c:	eb41a583          	lw	a1,-332(gp) # 20000b0c <pDISK_BASE_BUF>
    3630:	0005c783          	lbu	a5,0(a1)
    3634:	25478863          	beq	a5,s4,3884 <CHRV3FileCreate+0x2d4>
    3638:	02000793          	li	a5,32
    363c:	a801                	j	364c <CHRV3FileCreate+0x9c>
    363e:	0006c683          	lbu	a3,0(a3)
    3642:	0742                	slli	a4,a4,0x10
    3644:	8341                	srli	a4,a4,0x10
    3646:	03468663          	beq	a3,s4,3672 <CHRV3FileCreate+0xc2>
    364a:	87ba                	mv	a5,a4
    364c:	00f586b3          	add	a3,a1,a5
    3650:	02078713          	addi	a4,a5,32
    3654:	fec7e5e3          	bltu	a5,a2,363e <CHRV3FileCreate+0x8e>
    3658:	eef19123          	sh	a5,-286(gp) # 20000b3a <CHRV3vFdtOffset>
    365c:	f1d1c783          	lbu	a5,-227(gp) # 20000b75 <mCurSecOffset>
    3660:	17fd                	addi	a5,a5,-1
    3662:	0ff7f793          	zext.b	a5,a5
    3666:	f0f18ea3          	sb	a5,-227(gp) # 20000b75 <mCurSecOffset>
    366a:	f3d5                	bnez	a5,360e <CHRV3FileCreate+0x5e>
    366c:	0b200513          	li	a0,178
    3670:	b7a5                	j	35d8 <CHRV3FileCreate+0x28>
    3672:	ea81a703          	lw	a4,-344(gp) # 20000b00 <CHRV3vStartCluster>
    3676:	eef19123          	sh	a5,-286(gp) # 20000b3a <CHRV3vFdtOffset>
    367a:	eee1a423          	sw	a4,-280(gp) # 20000b40 <mCurrentCluster>
    367e:	d6aff0ef          	jal	2be8 <CHRV3s21>
    3682:	0b100793          	li	a5,177
    3686:	08f50063          	beq	a0,a5,3706 <CHRV3FileCreate+0x156>
    368a:	f539                	bnez	a0,35d8 <CHRV3FileCreate+0x28>
    368c:	a62ff0ef          	jal	28ee <mSaveFatSector>
    3690:	f521                	bnez	a0,35d8 <CHRV3FileCreate+0x28>
    3692:	ee81a783          	lw	a5,-280(gp) # 20000b40 <mCurrentCluster>
    3696:	557d                	li	a0,-1
    3698:	eaf1a423          	sw	a5,-344(gp) # 20000b00 <CHRV3vStartCluster>
    369c:	d13ff0ef          	jal	33ae <mModifyInfoFree>
    36a0:	fd05                	bnez	a0,35d8 <CHRV3FileCreate+0x28>
    36a2:	eec1a703          	lw	a4,-276(gp) # 20000b44 <CHRV3vFdtLba>
    36a6:	ece1a423          	sw	a4,-312(gp) # 20000b20 <CHRV3vLbaCurrent>
    36aa:	b76fe0ef          	jal	1a20 <mReadSectorFDT>
    36ae:	f20515e3          	bnez	a0,35d8 <CHRV3FileCreate+0x28>
    36b2:	ee21d683          	lhu	a3,-286(gp) # 20000b3a <CHRV3vFdtOffset>
    36b6:	eb41a703          	lw	a4,-332(gp) # 20000b0c <pDISK_BASE_BUF>
    36ba:	4781                	li	a5,0
    36bc:	9736                	add	a4,a4,a3
    36be:	ece1a823          	sw	a4,-304(gp) # 20000b28 <mTempAddrPoint>
    36c2:	45a9                	li	a1,10
    36c4:	02000893          	li	a7,32
    36c8:	487d                	li	a6,31
    36ca:	a801                	j	36da <CHRV3FileCreate+0x12a>
    36cc:	00070023          	sb	zero,0(a4)
    36d0:	11068063          	beq	a3,a6,37d0 <CHRV3FileCreate+0x220>
    36d4:	ed01a703          	lw	a4,-304(gp) # 20000b28 <mTempAddrPoint>
    36d8:	0785                	addi	a5,a5,1
    36da:	973e                	add	a4,a4,a5
    36dc:	0ff7f693          	zext.b	a3,a5
    36e0:	fef5e6e3          	bltu	a1,a5,36cc <CHRV3FileCreate+0x11c>
    36e4:	01170023          	sb	a7,0(a4)
    36e8:	b7f5                	j	36d4 <CHRV3FileCreate+0x124>
    36ea:	e03ff0ef          	jal	34ec <CHRV3FileErase>
    36ee:	ee0515e3          	bnez	a0,35d8 <CHRV3FileCreate+0x28>
    36f2:	ea81a703          	lw	a4,-344(gp) # 20000b00 <CHRV3vStartCluster>
    36f6:	eee1a423          	sw	a4,-280(gp) # 20000b40 <mCurrentCluster>
    36fa:	ceeff0ef          	jal	2be8 <CHRV3s21>
    36fe:	0b100793          	li	a5,177
    3702:	f8f514e3          	bne	a0,a5,368a <CHRV3FileCreate+0xda>
    3706:	ee01a423          	sw	zero,-280(gp) # 20000b40 <mCurrentCluster>
    370a:	cdeff0ef          	jal	2be8 <CHRV3s21>
    370e:	bfb5                	j	368a <CHRV3FileCreate+0xda>
    3710:	4501                	li	a0,0
    3712:	e8e1aa23          	sw	a4,-364(gp) # 20000aec <mLinkClusSource>
    3716:	a56ff0ef          	jal	296c <CHRV3s20>
    371a:	ea051fe3          	bnez	a0,35d8 <CHRV3FileCreate+0x28>
    371e:	ef81c783          	lbu	a5,-264(gp) # 20000b50 <mLinkEndOfClus>
    3722:	ea81a703          	lw	a4,-344(gp) # 20000b00 <CHRV3vStartCluster>
    3726:	dbb1                	beqz	a5,367a <CHRV3FileCreate+0xca>
    3728:	eee1a423          	sw	a4,-280(gp) # 20000b40 <mCurrentCluster>
    372c:	cbcff0ef          	jal	2be8 <CHRV3s21>
    3730:	0b100793          	li	a5,177
    3734:	08f50963          	beq	a0,a5,37c6 <CHRV3FileCreate+0x216>
    3738:	ea0510e3          	bnez	a0,35d8 <CHRV3FileCreate+0x28>
    373c:	ea81a783          	lw	a5,-344(gp) # 20000b00 <CHRV3vStartCluster>
    3740:	4509                	li	a0,2
    3742:	e8f1aa23          	sw	a5,-364(gp) # 20000aec <mLinkClusSource>
    3746:	a26ff0ef          	jal	296c <CHRV3s20>
    374a:	e80517e3          	bnez	a0,35d8 <CHRV3FileCreate+0x28>
    374e:	9a0ff0ef          	jal	28ee <mSaveFatSector>
    3752:	e80513e3          	bnez	a0,35d8 <CHRV3FileCreate+0x28>
    3756:	ee01d683          	lhu	a3,-288(gp) # 20000b38 <CHRV3vSectorSize>
    375a:	ce89                	beqz	a3,3774 <CHRV3FileCreate+0x1c4>
    375c:	eb41a603          	lw	a2,-332(gp) # 20000b0c <pDISK_BASE_BUF>
    3760:	4781                	li	a5,0
    3762:	00f60733          	add	a4,a2,a5
    3766:	0791                	addi	a5,a5,4
    3768:	07c2                	slli	a5,a5,0x10
    376a:	00072023          	sw	zero,0(a4)
    376e:	83c1                	srli	a5,a5,0x10
    3770:	fed799e3          	bne	a5,a3,3762 <CHRV3FileCreate+0x1b2>
    3774:	ee81a783          	lw	a5,-280(gp) # 20000b40 <mCurrentCluster>
    3778:	e981c603          	lbu	a2,-360(gp) # 20000af0 <mDiskSecPerClusB>
    377c:	f081a683          	lw	a3,-248(gp) # 20000b60 <CHRV3vDataStart>
    3780:	17f9                	addi	a5,a5,-2
    3782:	ef41c703          	lbu	a4,-268(gp) # 20000b4c <CHRV3vSecPerClus>
    3786:	00c797b3          	sll	a5,a5,a2
    378a:	97b6                	add	a5,a5,a3
    378c:	f0018ea3          	sb	zero,-227(gp) # 20000b75 <mCurSecOffset>
    3790:	ecf1a423          	sw	a5,-312(gp) # 20000b20 <CHRV3vLbaCurrent>
    3794:	ee019123          	sh	zero,-286(gp) # 20000b3a <CHRV3vFdtOffset>
    3798:	eef1a623          	sw	a5,-276(gp) # 20000b44 <CHRV3vFdtLba>
    379c:	eae18623          	sb	a4,-340(gp) # 20000b04 <mValue>
    37a0:	ef19                	bnez	a4,37be <CHRV3FileCreate+0x20e>
    37a2:	a0e5                	j	388a <CHRV3FileCreate+0x2da>
    37a4:	eac1c783          	lbu	a5,-340(gp) # 20000b04 <mValue>
    37a8:	ec81a703          	lw	a4,-312(gp) # 20000b20 <CHRV3vLbaCurrent>
    37ac:	17fd                	addi	a5,a5,-1
    37ae:	0705                	addi	a4,a4,1
    37b0:	0ff7f793          	zext.b	a5,a5
    37b4:	ece1a423          	sw	a4,-312(gp) # 20000b20 <CHRV3vLbaCurrent>
    37b8:	eaf18623          	sb	a5,-340(gp) # 20000b04 <mValue>
    37bc:	c7f9                	beqz	a5,388a <CHRV3FileCreate+0x2da>
    37be:	b0afe0ef          	jal	1ac8 <mWriteSectorFDT>
    37c2:	d16d                	beqz	a0,37a4 <CHRV3FileCreate+0x1f4>
    37c4:	bd11                	j	35d8 <CHRV3FileCreate+0x28>
    37c6:	ee01a423          	sw	zero,-280(gp) # 20000b40 <mCurrentCluster>
    37ca:	c1eff0ef          	jal	2be8 <CHRV3s21>
    37ce:	b7ad                	j	3738 <CHRV3FileCreate+0x188>
    37d0:	ed01a603          	lw	a2,-304(gp) # 20000b28 <mTempAddrPoint>
    37d4:	678d                	lui	a5,0x3
    37d6:	02178793          	addi	a5,a5,33 # 3021 <CHRV3FileOpen+0x271>
    37da:	00f61c23          	sh	a5,24(a2)
    37de:	4785                	li	a5,1
    37e0:	ce5c                	sw	a5,28(a2)
    37e2:	f0c1a783          	lw	a5,-244(gp) # 20000b64 <mCurrentName>
    37e6:	02e00893          	li	a7,46
    37ea:	432d                	li	t1,11
    37ec:	0007c703          	lbu	a4,0(a5)
    37f0:	00a605b3          	add	a1,a2,a0
    37f4:	0505                	addi	a0,a0,1
    37f6:	0ff57513          	zext.b	a0,a0
    37fa:	cf09                	beqz	a4,3814 <CHRV3FileCreate+0x264>
    37fc:	00178693          	addi	a3,a5,1
    3800:	05170963          	beq	a4,a7,3852 <CHRV3FileCreate+0x2a2>
    3804:	00e58023          	sb	a4,0(a1)
    3808:	f0d1a623          	sw	a3,-244(gp) # 20000b64 <mCurrentName>
    380c:	00650463          	beq	a0,t1,3814 <CHRV3FileCreate+0x264>
    3810:	87b6                	mv	a5,a3
    3812:	bfe9                	j	37ec <CHRV3FileCreate+0x23c>
    3814:	ea81a783          	lw	a5,-344(gp) # 20000b00 <CHRV3vStartCluster>
    3818:	0107d713          	srli	a4,a5,0x10
    381c:	00f61d23          	sh	a5,26(a2)
    3820:	00e61a23          	sh	a4,20(a2)
    3824:	aa4fe0ef          	jal	1ac8 <mWriteSectorFDT>
    3828:	da0518e3          	bnez	a0,35d8 <CHRV3FileCreate+0x28>
    382c:	ea81a683          	lw	a3,-344(gp) # 20000b00 <CHRV3vStartCluster>
    3830:	ecc1c703          	lbu	a4,-308(gp) # 20000b24 <CHRV3DiskStatus>
    3834:	eed1a423          	sw	a3,-280(gp) # 20000b40 <mCurrentCluster>
    3838:	ec01ae23          	sw	zero,-292(gp) # 20000b34 <CHRV3vFileSize>
    383c:	ea01ac23          	sw	zero,-328(gp) # 20000b10 <CHRV3vCurrentOffset>
    3840:	f0018ea3          	sb	zero,-227(gp) # 20000b75 <mCurSecOffset>
    3844:	46bd                	li	a3,15
    3846:	02e6f363          	bgeu	a3,a4,386c <CHRV3FileCreate+0x2bc>
    384a:	4751                	li	a4,20
    384c:	ece18623          	sb	a4,-308(gp) # 20000b24 <CHRV3DiskStatus>
    3850:	b361                	j	35d8 <CHRV3FileCreate+0x28>
    3852:	f0d1a623          	sw	a3,-244(gp) # 20000b64 <mCurrentName>
    3856:	0017c703          	lbu	a4,1(a5)
    385a:	00278693          	addi	a3,a5,2
    385e:	f0d1a623          	sw	a3,-244(gp) # 20000b64 <mCurrentName>
    3862:	00e60423          	sb	a4,8(a2)
    3866:	4525                	li	a0,9
    3868:	87b6                	mv	a5,a3
    386a:	b749                	j	37ec <CHRV3FileCreate+0x23c>
    386c:	5422                	lw	s0,40(sp)
    386e:	50b2                	lw	ra,44(sp)
    3870:	5492                	lw	s1,36(sp)
    3872:	5902                	lw	s2,32(sp)
    3874:	49f2                	lw	s3,28(sp)
    3876:	4a62                	lw	s4,24(sp)
    3878:	4ad2                	lw	s5,20(sp)
    387a:	4b42                	lw	s6,16(sp)
    387c:	4bb2                	lw	s7,12(sp)
    387e:	6145                	addi	sp,sp,48
    3880:	924fe06f          	j	19a4 <mUpdateStatus.part.1>
    3884:	ea81a703          	lw	a4,-344(gp) # 20000b00 <CHRV3vStartCluster>
    3888:	bbcd                	j	367a <CHRV3FileCreate+0xca>
    388a:	557d                	li	a0,-1
    388c:	b23ff0ef          	jal	33ae <mModifyInfoFree>
    3890:	d40514e3          	bnez	a0,35d8 <CHRV3FileCreate+0x28>
    3894:	ea81a703          	lw	a4,-344(gp) # 20000b00 <CHRV3vStartCluster>
    3898:	b3cd                	j	367a <CHRV3FileCreate+0xca>

0000389a <CHRV3FileModify>:
    389a:	ecc1c783          	lbu	a5,-308(gp) # 20000b24 <CHRV3DiskStatus>
    389e:	4749                	li	a4,18
    38a0:	0af77f63          	bgeu	a4,a5,395e <CHRV3FileModify+0xc4>
    38a4:	eec1a703          	lw	a4,-276(gp) # 20000b44 <CHRV3vFdtLba>
    38a8:	1141                	addi	sp,sp,-16
    38aa:	c606                	sw	ra,12(sp)
    38ac:	ece1a423          	sw	a4,-312(gp) # 20000b20 <CHRV3vLbaCurrent>
    38b0:	970fe0ef          	jal	1a20 <mReadSectorFDT>
    38b4:	e155                	bnez	a0,3958 <CHRV3FileModify+0xbe>
    38b6:	ee21d683          	lhu	a3,-286(gp) # 20000b3a <CHRV3vFdtOffset>
    38ba:	eb41a783          	lw	a5,-332(gp) # 20000b0c <pDISK_BASE_BUF>
    38be:	d1818713          	addi	a4,gp,-744 # 20000970 <mCmdParam>
    38c2:	97b6                	add	a5,a5,a3
    38c4:	00b7c583          	lbu	a1,11(a5)
    38c8:	00874683          	lbu	a3,8(a4)
    38cc:	00b70423          	sb	a1,8(a4)
    38d0:	ecf1a823          	sw	a5,-304(gp) # 20000b28 <mTempAddrPoint>
    38d4:	0ff00593          	li	a1,255
    38d8:	4881                	li	a7,0
    38da:	00b68563          	beq	a3,a1,38e4 <CHRV3FileModify+0x4a>
    38de:	00d785a3          	sb	a3,11(a5)
    38e2:	4885                	li	a7,1
    38e4:	0167d683          	lhu	a3,22(a5)
    38e8:	00675803          	lhu	a6,6(a4)
    38ec:	00d71323          	sh	a3,6(a4)
    38f0:	66c1                	lui	a3,0x10
    38f2:	eb019623          	sh	a6,-340(gp) # 20000b04 <mValue>
    38f6:	16fd                	addi	a3,a3,-1 # ffff <_data_lma+0xa83f>
    38f8:	00d80563          	beq	a6,a3,3902 <CHRV3FileModify+0x68>
    38fc:	01079b23          	sh	a6,22(a5)
    3900:	4885                	li	a7,1
    3902:	0187d683          	lhu	a3,24(a5)
    3906:	00475803          	lhu	a6,4(a4)
    390a:	01c7a303          	lw	t1,28(a5)
    390e:	00d71223          	sh	a3,4(a4)
    3912:	6741                	lui	a4,0x10
    3914:	eb019623          	sh	a6,-340(gp) # 20000b04 <mValue>
    3918:	177d                	addi	a4,a4,-1 # ffff <_data_lma+0xa83f>
    391a:	d181a683          	lw	a3,-744(gp) # 20000970 <mCmdParam>
    391e:	02e80463          	beq	a6,a4,3946 <CHRV3FileModify+0xac>
    3922:	01079c23          	sh	a6,24(a5)
    3926:	ead1a623          	sw	a3,-340(gp) # 20000b04 <mValue>
    392a:	d061ac23          	sw	t1,-744(gp) # 20000970 <mCmdParam>
    392e:	577d                	li	a4,-1
    3930:	00e68763          	beq	a3,a4,393e <CHRV3FileModify+0xa4>
    3934:	cfd4                	sw	a3,28(a5)
    3936:	ecd1ae23          	sw	a3,-292(gp) # 20000b34 <CHRV3vFileSize>
    393a:	f0018f23          	sb	zero,-226(gp) # 20000b76 <mFileSizeChanged>
    393e:	40b2                	lw	ra,12(sp)
    3940:	0141                	addi	sp,sp,16
    3942:	986fe06f          	j	1ac8 <mWriteSectorFDT>
    3946:	ead1a623          	sw	a3,-340(gp) # 20000b04 <mValue>
    394a:	d061ac23          	sw	t1,-744(gp) # 20000970 <mCmdParam>
    394e:	577d                	li	a4,-1
    3950:	fee692e3          	bne	a3,a4,3934 <CHRV3FileModify+0x9a>
    3954:	fe0895e3          	bnez	a7,393e <CHRV3FileModify+0xa4>
    3958:	40b2                	lw	ra,12(sp)
    395a:	0141                	addi	sp,sp,16
    395c:	8082                	ret
    395e:	0b400513          	li	a0,180
    3962:	8082                	ret

00003964 <CHRV3s25.part.0>:
    3964:	ea81a703          	lw	a4,-344(gp) # 20000b00 <CHRV3vStartCluster>
    3968:	45d5                	li	a1,21
    396a:	00173793          	seqz	a5,a4
    396e:	eee1a423          	sw	a4,-280(gp) # 20000b40 <mCurrentCluster>
    3972:	40f007b3          	neg	a5,a5
    3976:	ea01ac23          	sw	zero,-328(gp) # 20000b10 <CHRV3vCurrentOffset>
    397a:	4551                	li	a0,20
    397c:	f0f18ea3          	sb	a5,-227(gp) # 20000b75 <mCurSecOffset>
    3980:	9b2fe06f          	j	1b32 <mUpdateStatus>

00003984 <CHRV3ByteLocate>:
    3984:	ecc1c703          	lbu	a4,-308(gp) # 20000b24 <CHRV3DiskStatus>
    3988:	1141                	addi	sp,sp,-16
    398a:	c606                	sw	ra,12(sp)
    398c:	46d5                	li	a3,21
    398e:	00e68a63          	beq	a3,a4,39a2 <CHRV3ByteLocate+0x1e>
    3992:	ecc1c783          	lbu	a5,-308(gp) # 20000b24 <CHRV3DiskStatus>
    3996:	4751                	li	a4,20
    3998:	02f71f63          	bne	a4,a5,39d6 <CHRV3ByteLocate+0x52>
    399c:	fc9ff0ef          	jal	3964 <CHRV3s25.part.0>
    39a0:	ed0d                	bnez	a0,39da <CHRV3ByteLocate+0x56>
    39a2:	eb81a503          	lw	a0,-328(gp) # 20000b10 <CHRV3vCurrentOffset>
    39a6:	d181a783          	lw	a5,-744(gp) # 20000970 <mCmdParam>
    39aa:	edc1a603          	lw	a2,-292(gp) # 20000b34 <CHRV3vFileSize>
    39ae:	d1818593          	addi	a1,gp,-744 # 20000970 <mCmdParam>
    39b2:	c1c8                	sw	a0,4(a1)
    39b4:	eaf1ac23          	sw	a5,-328(gp) # 20000b10 <CHRV3vCurrentOffset>
    39b8:	00f67563          	bgeu	a2,a5,39c2 <CHRV3ByteLocate+0x3e>
    39bc:	eac1ac23          	sw	a2,-328(gp) # 20000b10 <CHRV3vCurrentOffset>
    39c0:	87b2                	mv	a5,a2
    39c2:	f111c683          	lbu	a3,-239(gp) # 20000b69 <CHRV3vSectorSizeB>
    39c6:	40b2                	lw	ra,12(sp)
    39c8:	00d7d7b3          	srl	a5,a5,a3
    39cc:	d0f1ac23          	sw	a5,-744(gp) # 20000970 <mCmdParam>
    39d0:	0141                	addi	sp,sp,16
    39d2:	8b1ff06f          	j	3282 <mSectorLocate>
    39d6:	0b400513          	li	a0,180
    39da:	40b2                	lw	ra,12(sp)
    39dc:	0141                	addi	sp,sp,16
    39de:	8082                	ret

000039e0 <CHRV3ByteRead>:
    39e0:	ecc1c703          	lbu	a4,-308(gp) # 20000b24 <CHRV3DiskStatus>
    39e4:	7139                	addi	sp,sp,-64
    39e6:	de06                	sw	ra,60(sp)
    39e8:	dc22                	sw	s0,56(sp)
    39ea:	da26                	sw	s1,52(sp)
    39ec:	d84a                	sw	s2,48(sp)
    39ee:	d64e                	sw	s3,44(sp)
    39f0:	d452                	sw	s4,40(sp)
    39f2:	d256                	sw	s5,36(sp)
    39f4:	d05a                	sw	s6,32(sp)
    39f6:	ce5e                	sw	s7,28(sp)
    39f8:	cc62                	sw	s8,24(sp)
    39fa:	ca66                	sw	s9,20(sp)
    39fc:	c86a                	sw	s10,16(sp)
    39fe:	c66e                	sw	s11,12(sp)
    3a00:	46d5                	li	a3,21
    3a02:	00e68d63          	beq	a3,a4,3a1c <CHRV3ByteRead+0x3c>
    3a06:	ecc1c783          	lbu	a5,-308(gp) # 20000b24 <CHRV3DiskStatus>
    3a0a:	4751                	li	a4,20
    3a0c:	0b400513          	li	a0,180
    3a10:	12f71863          	bne	a4,a5,3b40 <CHRV3ByteRead+0x160>
    3a14:	f51ff0ef          	jal	3964 <CHRV3s25.part.0>
    3a18:	12051463          	bnez	a0,3b40 <CHRV3ByteRead+0x160>
    3a1c:	d181d783          	lhu	a5,-744(gp) # 20000970 <mCmdParam>
    3a20:	f1d1c683          	lbu	a3,-227(gp) # 20000b75 <mCurSecOffset>
    3a24:	d1818d93          	addi	s11,gp,-744 # 20000970 <mCmdParam>
    3a28:	00fd9423          	sh	a5,8(s11)
    3a2c:	d0019c23          	sh	zero,-744(gp) # 20000970 <mCmdParam>
    3a30:	0ff00713          	li	a4,255
    3a34:	10e68563          	beq	a3,a4,3b3e <CHRV3ByteRead+0x15e>
    3a38:	6a41                	lui	s4,0x10
    3a3a:	fffa0b13          	addi	s6,s4,-1 # ffff <_data_lma+0xa83f>
    3a3e:	10078063          	beqz	a5,3b3e <CHRV3ByteRead+0x15e>
    3a42:	edc1a703          	lw	a4,-292(gp) # 20000b34 <CHRV3vFileSize>
    3a46:	eb81a783          	lw	a5,-328(gp) # 20000b10 <CHRV3vCurrentOffset>
    3a4a:	0ee7fa63          	bgeu	a5,a4,3b3e <CHRV3ByteRead+0x15e>
    3a4e:	8c0fe0ef          	jal	1b0e <mClusterToLba>
    3a52:	edc1a783          	lw	a5,-292(gp) # 20000b34 <CHRV3vFileSize>
    3a56:	0147e363          	bltu	a5,s4,3a5c <CHRV3ByteRead+0x7c>
    3a5a:	87da                	mv	a5,s6
    3a5c:	008dd703          	lhu	a4,8(s11)
    3a60:	07c2                	slli	a5,a5,0x10
    3a62:	83c1                	srli	a5,a5,0x10
    3a64:	00e7f363          	bgeu	a5,a4,3a6a <CHRV3ByteRead+0x8a>
    3a68:	873e                	mv	a4,a5
    3a6a:	ee01d783          	lhu	a5,-288(gp) # 20000b38 <CHRV3vSectorSize>
    3a6e:	eb81a603          	lw	a2,-328(gp) # 20000b10 <CHRV3vCurrentOffset>
    3a72:	86ba                	mv	a3,a4
    3a74:	fff78c93          	addi	s9,a5,-1
    3a78:	00ccfcb3          	and	s9,s9,a2
    3a7c:	0cc2                	slli	s9,s9,0x10
    3a7e:	010cdc93          	srli	s9,s9,0x10
    3a82:	0cf76f63          	bltu	a4,a5,3b60 <CHRV3ByteRead+0x180>
    3a86:	0c0c9d63          	bnez	s9,3b60 <CHRV3ByteRead+0x180>
    3a8a:	d181d683          	lhu	a3,-744(gp) # 20000970 <mCmdParam>
    3a8e:	004da583          	lw	a1,4(s11)
    3a92:	95b6                	add	a1,a1,a3
    3a94:	0035f693          	andi	a3,a1,3
    3a98:	e2f9                	bnez	a3,3b5e <CHRV3ByteRead+0x17e>
    3a9a:	f111c503          	lbu	a0,-239(gp) # 20000b69 <CHRV3vSectorSizeB>
    3a9e:	ef41c783          	lbu	a5,-268(gp) # 20000b4c <CHRV3vSecPerClus>
    3aa2:	f1d1c603          	lbu	a2,-227(gp) # 20000b75 <mCurSecOffset>
    3aa6:	40a75733          	sra	a4,a4,a0
    3aaa:	0742                	slli	a4,a4,0x10
    3aac:	8f91                	sub	a5,a5,a2
    3aae:	8341                	srli	a4,a4,0x10
    3ab0:	0ff7f793          	zext.b	a5,a5
    3ab4:	00f77363          	bgeu	a4,a5,3aba <CHRV3ByteRead+0xda>
    3ab8:	87ba                	mv	a5,a4
    3aba:	01079c93          	slli	s9,a5,0x10
    3abe:	010cdc93          	srli	s9,s9,0x10
    3ac2:	0ffcfc13          	zext.b	s8,s9
    3ac6:	8562                	mv	a0,s8
    3ac8:	dbefd0ef          	jal	1086 <CHRV3ReadSector>
    3acc:	e935                	bnez	a0,3b40 <CHRV3ByteRead+0x160>
    3ace:	f111c783          	lbu	a5,-239(gp) # 20000b69 <CHRV3vSectorSizeB>
    3ad2:	008dd603          	lhu	a2,8(s11)
    3ad6:	f1d1c803          	lbu	a6,-227(gp) # 20000b75 <mCurSecOffset>
    3ada:	00fc97b3          	sll	a5,s9,a5
    3ade:	01079693          	slli	a3,a5,0x10
    3ae2:	eb81a503          	lw	a0,-328(gp) # 20000b10 <CHRV3vCurrentOffset>
    3ae6:	d181d583          	lhu	a1,-744(gp) # 20000970 <mCmdParam>
    3aea:	82c1                	srli	a3,a3,0x10
    3aec:	0167fcb3          	and	s9,a5,s6
    3af0:	40d607b3          	sub	a5,a2,a3
    3af4:	010c0733          	add	a4,s8,a6
    3af8:	07c2                	slli	a5,a5,0x10
    3afa:	ef41c603          	lbu	a2,-268(gp) # 20000b4c <CHRV3vSecPerClus>
    3afe:	0ff77713          	zext.b	a4,a4
    3b02:	9caa                	add	s9,s9,a0
    3b04:	83c1                	srli	a5,a5,0x10
    3b06:	96ae                	add	a3,a3,a1
    3b08:	f0e18ea3          	sb	a4,-227(gp) # 20000b75 <mCurSecOffset>
    3b0c:	eb91ac23          	sw	s9,-328(gp) # 20000b10 <CHRV3vCurrentOffset>
    3b10:	00fd9423          	sh	a5,8(s11)
    3b14:	d0d19c23          	sh	a3,-744(gp) # 20000970 <mCmdParam>
    3b18:	f2c763e3          	bltu	a4,a2,3a3e <CHRV3ByteRead+0x5e>
    3b1c:	ee81a783          	lw	a5,-280(gp) # 20000b40 <mCurrentCluster>
    3b20:	4501                	li	a0,0
    3b22:	e8f1aa23          	sw	a5,-364(gp) # 20000aec <mLinkClusSource>
    3b26:	e47fe0ef          	jal	296c <CHRV3s20>
    3b2a:	e919                	bnez	a0,3b40 <CHRV3ByteRead+0x160>
    3b2c:	ef81c783          	lbu	a5,-264(gp) # 20000b50 <mLinkEndOfClus>
    3b30:	ebe9                	bnez	a5,3c02 <CHRV3ByteRead+0x222>
    3b32:	008dd783          	lhu	a5,8(s11)
    3b36:	f0018ea3          	sb	zero,-227(gp) # 20000b75 <mCurSecOffset>
    3b3a:	f00794e3          	bnez	a5,3a42 <CHRV3ByteRead+0x62>
    3b3e:	4501                	li	a0,0
    3b40:	50f2                	lw	ra,60(sp)
    3b42:	5462                	lw	s0,56(sp)
    3b44:	54d2                	lw	s1,52(sp)
    3b46:	5942                	lw	s2,48(sp)
    3b48:	59b2                	lw	s3,44(sp)
    3b4a:	5a22                	lw	s4,40(sp)
    3b4c:	5a92                	lw	s5,36(sp)
    3b4e:	5b02                	lw	s6,32(sp)
    3b50:	4bf2                	lw	s7,28(sp)
    3b52:	4c62                	lw	s8,24(sp)
    3b54:	4cd2                	lw	s9,20(sp)
    3b56:	4d42                	lw	s10,16(sp)
    3b58:	4db2                	lw	s11,12(sp)
    3b5a:	6121                	addi	sp,sp,64
    3b5c:	8082                	ret
    3b5e:	86be                	mv	a3,a5
    3b60:	41978cb3          	sub	s9,a5,s9
    3b64:	010c9793          	slli	a5,s9,0x10
    3b68:	83c1                	srli	a5,a5,0x10
    3b6a:	00f6f363          	bgeu	a3,a5,3b70 <CHRV3ByteRead+0x190>
    3b6e:	8cb6                	mv	s9,a3
    3b70:	0cc2                	slli	s9,s9,0x10
    3b72:	010cdc93          	srli	s9,s9,0x10
    3b76:	eabfd0ef          	jal	1a20 <mReadSectorFDT>
    3b7a:	f179                	bnez	a0,3b40 <CHRV3ByteRead+0x160>
    3b7c:	ee01d603          	lhu	a2,-288(gp) # 20000b38 <CHRV3vSectorSize>
    3b80:	eb81a683          	lw	a3,-328(gp) # 20000b10 <CHRV3vCurrentOffset>
    3b84:	eb41a703          	lw	a4,-332(gp) # 20000b0c <pDISK_BASE_BUF>
    3b88:	d181d583          	lhu	a1,-744(gp) # 20000970 <mCmdParam>
    3b8c:	004da783          	lw	a5,4(s11)
    3b90:	167d                	addi	a2,a2,-1
    3b92:	00d67533          	and	a0,a2,a3
    3b96:	972a                	add	a4,a4,a0
    3b98:	97ae                	add	a5,a5,a1
    3b9a:	020c8763          	beqz	s9,3bc8 <CHRV3ByteRead+0x1e8>
    3b9e:	fffc8613          	addi	a2,s9,-1
    3ba2:	0642                	slli	a2,a2,0x10
    3ba4:	8241                	srli	a2,a2,0x10
    3ba6:	0605                	addi	a2,a2,1
    3ba8:	963e                	add	a2,a2,a5
    3baa:	0705                	addi	a4,a4,1
    3bac:	fff74683          	lbu	a3,-1(a4)
    3bb0:	0785                	addi	a5,a5,1
    3bb2:	fed78fa3          	sb	a3,-1(a5)
    3bb6:	fef61ae3          	bne	a2,a5,3baa <CHRV3ByteRead+0x1ca>
    3bba:	ee01d603          	lhu	a2,-288(gp) # 20000b38 <CHRV3vSectorSize>
    3bbe:	eb81a683          	lw	a3,-328(gp) # 20000b10 <CHRV3vCurrentOffset>
    3bc2:	d181d583          	lhu	a1,-744(gp) # 20000970 <mCmdParam>
    3bc6:	167d                	addi	a2,a2,-1
    3bc8:	008dd783          	lhu	a5,8(s11)
    3bcc:	96e6                	add	a3,a3,s9
    3bce:	95e6                	add	a1,a1,s9
    3bd0:	419787b3          	sub	a5,a5,s9
    3bd4:	07c2                	slli	a5,a5,0x10
    3bd6:	83c1                	srli	a5,a5,0x10
    3bd8:	ead1ac23          	sw	a3,-328(gp) # 20000b10 <CHRV3vCurrentOffset>
    3bdc:	00fd9423          	sh	a5,8(s11)
    3be0:	d0b19c23          	sh	a1,-744(gp) # 20000970 <mCmdParam>
    3be4:	8ef1                	and	a3,a3,a2
    3be6:	e4069ce3          	bnez	a3,3a3e <CHRV3ByteRead+0x5e>
    3bea:	f1d1c703          	lbu	a4,-227(gp) # 20000b75 <mCurSecOffset>
    3bee:	ef41c683          	lbu	a3,-268(gp) # 20000b4c <CHRV3vSecPerClus>
    3bf2:	0705                	addi	a4,a4,1
    3bf4:	0ff77713          	zext.b	a4,a4
    3bf8:	f0e18ea3          	sb	a4,-227(gp) # 20000b75 <mCurSecOffset>
    3bfc:	f2d770e3          	bgeu	a4,a3,3b1c <CHRV3ByteRead+0x13c>
    3c00:	bd3d                	j	3a3e <CHRV3ByteRead+0x5e>
    3c02:	eb81a783          	lw	a5,-328(gp) # 20000b10 <CHRV3vCurrentOffset>
    3c06:	577d                	li	a4,-1
    3c08:	f0e18ea3          	sb	a4,-227(gp) # 20000b75 <mCurSecOffset>
    3c0c:	ecf1ae23          	sw	a5,-292(gp) # 20000b34 <CHRV3vFileSize>
    3c10:	bf05                	j	3b40 <CHRV3ByteRead+0x160>

00003c12 <CHRV3ByteWrite>:
    3c12:	7139                	addi	sp,sp,-64
    3c14:	d05a                	sw	s6,32(sp)
    3c16:	ecc1c783          	lbu	a5,-308(gp) # 20000b24 <CHRV3DiskStatus>
    3c1a:	de06                	sw	ra,60(sp)
    3c1c:	dc22                	sw	s0,56(sp)
    3c1e:	da26                	sw	s1,52(sp)
    3c20:	d84a                	sw	s2,48(sp)
    3c22:	d64e                	sw	s3,44(sp)
    3c24:	d452                	sw	s4,40(sp)
    3c26:	d256                	sw	s5,36(sp)
    3c28:	ce5e                	sw	s7,28(sp)
    3c2a:	cc62                	sw	s8,24(sp)
    3c2c:	ca66                	sw	s9,20(sp)
    3c2e:	c86a                	sw	s10,16(sp)
    3c30:	c66e                	sw	s11,12(sp)
    3c32:	4755                	li	a4,21
    3c34:	00f70b63          	beq	a4,a5,3c4a <CHRV3ByteWrite+0x38>
    3c38:	ecc1c783          	lbu	a5,-308(gp) # 20000b24 <CHRV3DiskStatus>
    3c3c:	4751                	li	a4,20
    3c3e:	26f71f63          	bne	a4,a5,3ebc <CHRV3ByteWrite+0x2aa>
    3c42:	d23ff0ef          	jal	3964 <CHRV3s25.part.0>
    3c46:	1a051663          	bnez	a0,3df2 <CHRV3ByteWrite+0x1e0>
    3c4a:	d181d703          	lhu	a4,-744(gp) # 20000970 <mCmdParam>
    3c4e:	d1818493          	addi	s1,gp,-744 # 20000970 <mCmdParam>
    3c52:	00e49423          	sh	a4,8(s1)
    3c56:	e709                	bnez	a4,3c60 <CHRV3ByteWrite+0x4e>
    3c58:	f1e1c783          	lbu	a5,-226(gp) # 20000b76 <mFileSizeChanged>
    3c5c:	26079863          	bnez	a5,3ecc <CHRV3ByteWrite+0x2ba>
    3c60:	d0019c23          	sh	zero,-744(gp) # 20000970 <mCmdParam>
    3c64:	4c05                	li	s8,1
    3c66:	18070163          	beqz	a4,3de8 <CHRV3ByteWrite+0x1d6>
    3c6a:	f1d1c703          	lbu	a4,-227(gp) # 20000b75 <mCurSecOffset>
    3c6e:	0ff00793          	li	a5,255
    3c72:	06f71263          	bne	a4,a5,3cd6 <CHRV3ByteWrite+0xc4>
    3c76:	ea81a783          	lw	a5,-344(gp) # 20000b00 <CHRV3vStartCluster>
    3c7a:	22078563          	beqz	a5,3ea4 <CHRV3ByteWrite+0x292>
    3c7e:	ecc1c783          	lbu	a5,-308(gp) # 20000b24 <CHRV3DiskStatus>
    3c82:	4749                	li	a4,18
    3c84:	00f71763          	bne	a4,a5,3c92 <CHRV3ByteWrite+0x80>
    3c88:	ea11c703          	lbu	a4,-351(gp) # 20000af9 <CHRV3vDiskFat>
    3c8c:	478d                	li	a5,3
    3c8e:	26f71f63          	bne	a4,a5,3f0c <CHRV3ByteWrite+0x2fa>
    3c92:	ee81a783          	lw	a5,-280(gp) # 20000b40 <mCurrentCluster>
    3c96:	eaf1ac23          	sw	a5,-328(gp) # 20000b10 <CHRV3vCurrentOffset>
    3c9a:	8f4ff0ef          	jal	2d8e <CHRV3s22>
    3c9e:	14051a63          	bnez	a0,3df2 <CHRV3ByteWrite+0x1e0>
    3ca2:	eb81a703          	lw	a4,-328(gp) # 20000b10 <CHRV3vCurrentOffset>
    3ca6:	4509                	li	a0,2
    3ca8:	e8e1aa23          	sw	a4,-364(gp) # 20000aec <mLinkClusSource>
    3cac:	cc1fe0ef          	jal	296c <CHRV3s20>
    3cb0:	14051163          	bnez	a0,3df2 <CHRV3ByteWrite+0x1e0>
    3cb4:	e9c1a703          	lw	a4,-356(gp) # 20000af4 <pDISK_FAT_BUF>
    3cb8:	eb41a783          	lw	a5,-332(gp) # 20000b0c <pDISK_BASE_BUF>
    3cbc:	20f70363          	beq	a4,a5,3ec2 <CHRV3ByteWrite+0x2b0>
    3cc0:	557d                	li	a0,-1
    3cc2:	eecff0ef          	jal	33ae <mModifyInfoFree>
    3cc6:	12051663          	bnez	a0,3df2 <CHRV3ByteWrite+0x1e0>
    3cca:	edc1a783          	lw	a5,-292(gp) # 20000b34 <CHRV3vFileSize>
    3cce:	f0018ea3          	sb	zero,-227(gp) # 20000b75 <mCurSecOffset>
    3cd2:	eaf1ac23          	sw	a5,-328(gp) # 20000b10 <CHRV3vCurrentOffset>
    3cd6:	e39fd0ef          	jal	1b0e <mClusterToLba>
    3cda:	ee01d583          	lhu	a1,-288(gp) # 20000b38 <CHRV3vSectorSize>
    3cde:	eb81a683          	lw	a3,-328(gp) # 20000b10 <CHRV3vCurrentOffset>
    3ce2:	f1d1c703          	lbu	a4,-227(gp) # 20000b75 <mCurSecOffset>
    3ce6:	ef41c783          	lbu	a5,-268(gp) # 20000b4c <CHRV3vSecPerClus>
    3cea:	f111c803          	lbu	a6,-239(gp) # 20000b69 <CHRV3vSectorSizeB>
    3cee:	fff58513          	addi	a0,a1,-1
    3cf2:	00d57633          	and	a2,a0,a3
    3cf6:	8f99                	sub	a5,a5,a4
    3cf8:	0642                	slli	a2,a2,0x10
    3cfa:	0084d703          	lhu	a4,8(s1)
    3cfe:	8241                	srli	a2,a2,0x10
    3d00:	010797b3          	sll	a5,a5,a6
    3d04:	8f91                	sub	a5,a5,a2
    3d06:	00e7f363          	bgeu	a5,a4,3d0c <CHRV3ByteWrite+0xfa>
    3d0a:	873e                	mv	a4,a5
    3d0c:	8dae                	mv	s11,a1
    3d0e:	10b76163          	bltu	a4,a1,3e10 <CHRV3ByteWrite+0x1fe>
    3d12:	10060e63          	beqz	a2,3e2e <CHRV3ByteWrite+0x21c>
    3d16:	40c58db3          	sub	s11,a1,a2
    3d1a:	0dc2                	slli	s11,s11,0x10
    3d1c:	010ddd93          	srli	s11,s11,0x10
    3d20:	19b76c63          	bltu	a4,s11,3eb8 <CHRV3ByteWrite+0x2a6>
    3d24:	cfdfd0ef          	jal	1a20 <mReadSectorFDT>
    3d28:	e569                	bnez	a0,3df2 <CHRV3ByteWrite+0x1e0>
    3d2a:	ee01d583          	lhu	a1,-288(gp) # 20000b38 <CHRV3vSectorSize>
    3d2e:	eb81a683          	lw	a3,-328(gp) # 20000b10 <CHRV3vCurrentOffset>
    3d32:	fff58513          	addi	a0,a1,-1
    3d36:	eb41a703          	lw	a4,-332(gp) # 20000b0c <pDISK_BASE_BUF>
    3d3a:	d181d603          	lhu	a2,-744(gp) # 20000970 <mCmdParam>
    3d3e:	40dc                	lw	a5,4(s1)
    3d40:	8d75                	and	a0,a0,a3
    3d42:	010d9593          	slli	a1,s11,0x10
    3d46:	972a                	add	a4,a4,a0
    3d48:	97b2                	add	a5,a5,a2
    3d4a:	81c1                	srli	a1,a1,0x10
    3d4c:	020d8463          	beqz	s11,3d74 <CHRV3ByteWrite+0x162>
    3d50:	fff58613          	addi	a2,a1,-1
    3d54:	0642                	slli	a2,a2,0x10
    3d56:	8241                	srli	a2,a2,0x10
    3d58:	0605                	addi	a2,a2,1
    3d5a:	963e                	add	a2,a2,a5
    3d5c:	0785                	addi	a5,a5,1
    3d5e:	fff7c683          	lbu	a3,-1(a5)
    3d62:	0705                	addi	a4,a4,1
    3d64:	fed70fa3          	sb	a3,-1(a4)
    3d68:	fec79ae3          	bne	a5,a2,3d5c <CHRV3ByteWrite+0x14a>
    3d6c:	eb81a683          	lw	a3,-328(gp) # 20000b10 <CHRV3vCurrentOffset>
    3d70:	d181d603          	lhu	a2,-744(gp) # 20000970 <mCmdParam>
    3d74:	0084d783          	lhu	a5,8(s1)
    3d78:	9db6                	add	s11,s11,a3
    3d7a:	962e                	add	a2,a2,a1
    3d7c:	8f8d                	sub	a5,a5,a1
    3d7e:	ebb1ac23          	sw	s11,-328(gp) # 20000b10 <CHRV3vCurrentOffset>
    3d82:	00f49423          	sh	a5,8(s1)
    3d86:	d0c19c23          	sh	a2,-744(gp) # 20000970 <mCmdParam>
    3d8a:	d3ffd0ef          	jal	1ac8 <mWriteSectorFDT>
    3d8e:	e135                	bnez	a0,3df2 <CHRV3ByteWrite+0x1e0>
    3d90:	eb81a703          	lw	a4,-328(gp) # 20000b10 <CHRV3vCurrentOffset>
    3d94:	edc1a683          	lw	a3,-292(gp) # 20000b34 <CHRV3vFileSize>
    3d98:	00e6f663          	bgeu	a3,a4,3da4 <CHRV3ByteWrite+0x192>
    3d9c:	ece1ae23          	sw	a4,-292(gp) # 20000b34 <CHRV3vFileSize>
    3da0:	f1818f23          	sb	s8,-226(gp) # 20000b76 <mFileSizeChanged>
    3da4:	ee01d783          	lhu	a5,-288(gp) # 20000b38 <CHRV3vSectorSize>
    3da8:	17fd                	addi	a5,a5,-1
    3daa:	8ff9                	and	a5,a5,a4
    3dac:	eb95                	bnez	a5,3de0 <CHRV3ByteWrite+0x1ce>
    3dae:	f1d1c783          	lbu	a5,-227(gp) # 20000b75 <mCurSecOffset>
    3db2:	ef41c703          	lbu	a4,-268(gp) # 20000b4c <CHRV3vSecPerClus>
    3db6:	0785                	addi	a5,a5,1
    3db8:	0ff7f793          	zext.b	a5,a5
    3dbc:	f0f18ea3          	sb	a5,-227(gp) # 20000b75 <mCurSecOffset>
    3dc0:	02e7e063          	bltu	a5,a4,3de0 <CHRV3ByteWrite+0x1ce>
    3dc4:	ee81a703          	lw	a4,-280(gp) # 20000b40 <mCurrentCluster>
    3dc8:	4501                	li	a0,0
    3dca:	e8e1aa23          	sw	a4,-364(gp) # 20000aec <mLinkClusSource>
    3dce:	b9ffe0ef          	jal	296c <CHRV3s20>
    3dd2:	e105                	bnez	a0,3df2 <CHRV3ByteWrite+0x1e0>
    3dd4:	ef81c783          	lbu	a5,-264(gp) # 20000b50 <mLinkEndOfClus>
    3dd8:	cbf9                	beqz	a5,3eae <CHRV3ByteWrite+0x29c>
    3dda:	57fd                	li	a5,-1
    3ddc:	f0f18ea3          	sb	a5,-227(gp) # 20000b75 <mCurSecOffset>
    3de0:	0084d703          	lhu	a4,8(s1)
    3de4:	e80713e3          	bnez	a4,3c6a <CHRV3ByteWrite+0x58>
    3de8:	ea01c783          	lbu	a5,-352(gp) # 20000af8 <mFatSecChanged>
    3dec:	4501                	li	a0,0
    3dee:	0e079f63          	bnez	a5,3eec <CHRV3ByteWrite+0x2da>
    3df2:	50f2                	lw	ra,60(sp)
    3df4:	5462                	lw	s0,56(sp)
    3df6:	54d2                	lw	s1,52(sp)
    3df8:	5942                	lw	s2,48(sp)
    3dfa:	59b2                	lw	s3,44(sp)
    3dfc:	5a22                	lw	s4,40(sp)
    3dfe:	5a92                	lw	s5,36(sp)
    3e00:	5b02                	lw	s6,32(sp)
    3e02:	4bf2                	lw	s7,28(sp)
    3e04:	4c62                	lw	s8,24(sp)
    3e06:	4cd2                	lw	s9,20(sp)
    3e08:	4d42                	lw	s10,16(sp)
    3e0a:	4db2                	lw	s11,12(sp)
    3e0c:	6121                	addi	sp,sp,64
    3e0e:	8082                	ret
    3e10:	40c58db3          	sub	s11,a1,a2
    3e14:	0dc2                	slli	s11,s11,0x10
    3e16:	010ddd93          	srli	s11,s11,0x10
    3e1a:	01b77363          	bgeu	a4,s11,3e20 <CHRV3ByteWrite+0x20e>
    3e1e:	8dba                	mv	s11,a4
    3e20:	f00612e3          	bnez	a2,3d24 <CHRV3ByteWrite+0x112>
    3e24:	edc1a783          	lw	a5,-292(gp) # 20000b34 <CHRV3vFileSize>
    3e28:	f0f6f7e3          	bgeu	a3,a5,3d36 <CHRV3ByteWrite+0x124>
    3e2c:	bde5                	j	3d24 <CHRV3ByteWrite+0x112>
    3e2e:	d181d783          	lhu	a5,-744(gp) # 20000970 <mCmdParam>
    3e32:	40cc                	lw	a1,4(s1)
    3e34:	95be                	add	a1,a1,a5
    3e36:	0035f793          	andi	a5,a1,3
    3e3a:	f7ed                	bnez	a5,3e24 <CHRV3ByteWrite+0x212>
    3e3c:	01075a33          	srl	s4,a4,a6
    3e40:	0ffa7d93          	zext.b	s11,s4
    3e44:	856e                	mv	a0,s11
    3e46:	adcfd0ef          	jal	1122 <CHRV3WriteSector>
    3e4a:	f545                	bnez	a0,3df2 <CHRV3ByteWrite+0x1e0>
    3e4c:	f111c783          	lbu	a5,-239(gp) # 20000b69 <CHRV3vSectorSizeB>
    3e50:	0084d703          	lhu	a4,8(s1)
    3e54:	f1d1c683          	lbu	a3,-227(gp) # 20000b75 <mCurSecOffset>
    3e58:	00fa17b3          	sll	a5,s4,a5
    3e5c:	01079613          	slli	a2,a5,0x10
    3e60:	eb81a883          	lw	a7,-328(gp) # 20000b10 <CHRV3vCurrentOffset>
    3e64:	d181d803          	lhu	a6,-744(gp) # 20000970 <mCmdParam>
    3e68:	8241                	srli	a2,a2,0x10
    3e6a:	8f11                	sub	a4,a4,a2
    3e6c:	96ee                	add	a3,a3,s11
    3e6e:	0742                	slli	a4,a4,0x10
    3e70:	edc1a503          	lw	a0,-292(gp) # 20000b34 <CHRV3vFileSize>
    3e74:	0ff6f693          	zext.b	a3,a3
    3e78:	97c6                	add	a5,a5,a7
    3e7a:	8341                	srli	a4,a4,0x10
    3e7c:	9642                	add	a2,a2,a6
    3e7e:	f0d18ea3          	sb	a3,-227(gp) # 20000b75 <mCurSecOffset>
    3e82:	eaf1ac23          	sw	a5,-328(gp) # 20000b10 <CHRV3vCurrentOffset>
    3e86:	00e49423          	sh	a4,8(s1)
    3e8a:	d0c19c23          	sh	a2,-744(gp) # 20000970 <mCmdParam>
    3e8e:	00f57663          	bgeu	a0,a5,3e9a <CHRV3ByteWrite+0x288>
    3e92:	ecf1ae23          	sw	a5,-292(gp) # 20000b34 <CHRV3vFileSize>
    3e96:	f1818f23          	sb	s8,-226(gp) # 20000b76 <mFileSizeChanged>
    3e9a:	ef41c783          	lbu	a5,-268(gp) # 20000b4c <CHRV3vSecPerClus>
    3e9e:	dcf6e4e3          	bltu	a3,a5,3c66 <CHRV3ByteWrite+0x54>
    3ea2:	b70d                	j	3dc4 <CHRV3ByteWrite+0x1b2>
    3ea4:	c9cff0ef          	jal	3340 <CHRV3s13>
    3ea8:	e0050ce3          	beqz	a0,3cc0 <CHRV3ByteWrite+0xae>
    3eac:	b799                	j	3df2 <CHRV3ByteWrite+0x1e0>
    3eae:	0084d703          	lhu	a4,8(s1)
    3eb2:	f0018ea3          	sb	zero,-227(gp) # 20000b75 <mCurSecOffset>
    3eb6:	bb45                	j	3c66 <CHRV3ByteWrite+0x54>
    3eb8:	8dba                	mv	s11,a4
    3eba:	b5ad                	j	3d24 <CHRV3ByteWrite+0x112>
    3ebc:	0b400513          	li	a0,180
    3ec0:	bf0d                	j	3df2 <CHRV3ByteWrite+0x1e0>
    3ec2:	a2dfe0ef          	jal	28ee <mSaveFatSector>
    3ec6:	de050de3          	beqz	a0,3cc0 <CHRV3ByteWrite+0xae>
    3eca:	b725                	j	3df2 <CHRV3ByteWrite+0x1e0>
    3ecc:	5462                	lw	s0,56(sp)
    3ece:	50f2                	lw	ra,60(sp)
    3ed0:	54d2                	lw	s1,52(sp)
    3ed2:	5942                	lw	s2,48(sp)
    3ed4:	59b2                	lw	s3,44(sp)
    3ed6:	5a22                	lw	s4,40(sp)
    3ed8:	5a92                	lw	s5,36(sp)
    3eda:	5b02                	lw	s6,32(sp)
    3edc:	4bf2                	lw	s7,28(sp)
    3ede:	4c62                	lw	s8,24(sp)
    3ee0:	4cd2                	lw	s9,20(sp)
    3ee2:	4d42                	lw	s10,16(sp)
    3ee4:	4db2                	lw	s11,12(sp)
    3ee6:	6121                	addi	sp,sp,64
    3ee8:	d0cff06f          	j	33f4 <mModifyFileSize>
    3eec:	5462                	lw	s0,56(sp)
    3eee:	50f2                	lw	ra,60(sp)
    3ef0:	54d2                	lw	s1,52(sp)
    3ef2:	5942                	lw	s2,48(sp)
    3ef4:	59b2                	lw	s3,44(sp)
    3ef6:	5a22                	lw	s4,40(sp)
    3ef8:	5a92                	lw	s5,36(sp)
    3efa:	5b02                	lw	s6,32(sp)
    3efc:	4bf2                	lw	s7,28(sp)
    3efe:	4c62                	lw	s8,24(sp)
    3f00:	4cd2                	lw	s9,20(sp)
    3f02:	4d42                	lw	s10,16(sp)
    3f04:	4db2                	lw	s11,12(sp)
    3f06:	6121                	addi	sp,sp,64
    3f08:	9e7fe06f          	j	28ee <mSaveFatSector>
    3f0c:	0b100513          	li	a0,177
    3f10:	b5cd                	j	3df2 <CHRV3ByteWrite+0x1e0>

00003f12 <__udivdi3>:
    3f12:	8732                	mv	a4,a2
    3f14:	88b6                	mv	a7,a3
    3f16:	882a                	mv	a6,a0
    3f18:	832e                	mv	t1,a1
    3f1a:	1a069c63          	bnez	a3,40d2 <__udivdi3+0x1c0>
    3f1e:	6795                	lui	a5,0x5
    3f20:	66878793          	addi	a5,a5,1640 # 5668 <__clz_tab>
    3f24:	0ac5f863          	bgeu	a1,a2,3fd4 <__udivdi3+0xc2>
    3f28:	66c1                	lui	a3,0x10
    3f2a:	08d67b63          	bgeu	a2,a3,3fc0 <__udivdi3+0xae>
    3f2e:	10063693          	sltiu	a3,a2,256
    3f32:	0016b693          	seqz	a3,a3
    3f36:	068e                	slli	a3,a3,0x3
    3f38:	00d65e33          	srl	t3,a2,a3
    3f3c:	97f2                	add	a5,a5,t3
    3f3e:	239c                	lbu	a5,0(a5)
    3f40:	97b6                	add	a5,a5,a3
    3f42:	02000693          	li	a3,32
    3f46:	00d78d63          	beq	a5,a3,3f60 <__udivdi3+0x4e>
    3f4a:	8e9d                	sub	a3,a3,a5
    3f4c:	00d59333          	sll	t1,a1,a3
    3f50:	00f557b3          	srl	a5,a0,a5
    3f54:	00d61733          	sll	a4,a2,a3
    3f58:	0067e333          	or	t1,a5,t1
    3f5c:	00d51833          	sll	a6,a0,a3
    3f60:	01075513          	srli	a0,a4,0x10
    3f64:	02a357b3          	divu	a5,t1,a0
    3f68:	080745b3          	zext.h	a1,a4
    3f6c:	01085693          	srli	a3,a6,0x10
    3f70:	02a37333          	remu	t1,t1,a0
    3f74:	02f58633          	mul	a2,a1,a5
    3f78:	0342                	slli	t1,t1,0x10
    3f7a:	0066e6b3          	or	a3,a3,t1
    3f7e:	00c6f863          	bgeu	a3,a2,3f8e <__udivdi3+0x7c>
    3f82:	96ba                	add	a3,a3,a4
    3f84:	00c6f463          	bgeu	a3,a2,3f8c <__udivdi3+0x7a>
    3f88:	04e6f363          	bgeu	a3,a4,3fce <__udivdi3+0xbc>
    3f8c:	17fd                	addi	a5,a5,-1
    3f8e:	8e91                	sub	a3,a3,a2
    3f90:	02a6d633          	divu	a2,a3,a0
    3f94:	08084833          	zext.h	a6,a6
    3f98:	02a6f6b3          	remu	a3,a3,a0
    3f9c:	02c585b3          	mul	a1,a1,a2
    3fa0:	06c2                	slli	a3,a3,0x10
    3fa2:	00d86833          	or	a6,a6,a3
    3fa6:	00b87863          	bgeu	a6,a1,3fb6 <__udivdi3+0xa4>
    3faa:	983a                	add	a6,a6,a4
    3fac:	00b87463          	bgeu	a6,a1,3fb4 <__udivdi3+0xa2>
    3fb0:	10e87f63          	bgeu	a6,a4,40ce <__udivdi3+0x1bc>
    3fb4:	167d                	addi	a2,a2,-1
    3fb6:	07c2                	slli	a5,a5,0x10
    3fb8:	8fd1                	or	a5,a5,a2
    3fba:	853e                	mv	a0,a5
    3fbc:	85c6                	mv	a1,a7
    3fbe:	8082                	ret
    3fc0:	01000e37          	lui	t3,0x1000
    3fc4:	46e1                	li	a3,24
    3fc6:	f7c679e3          	bgeu	a2,t3,3f38 <__udivdi3+0x26>
    3fca:	46c1                	li	a3,16
    3fcc:	b7b5                	j	3f38 <__udivdi3+0x26>
    3fce:	17f9                	addi	a5,a5,-2
    3fd0:	96ba                	add	a3,a3,a4
    3fd2:	bf75                	j	3f8e <__udivdi3+0x7c>
    3fd4:	4681                	li	a3,0
    3fd6:	ca09                	beqz	a2,3fe8 <__udivdi3+0xd6>
    3fd8:	66c1                	lui	a3,0x10
    3fda:	04d67c63          	bgeu	a2,a3,4032 <__udivdi3+0x120>
    3fde:	10063693          	sltiu	a3,a2,256
    3fe2:	0016b693          	seqz	a3,a3
    3fe6:	068e                	slli	a3,a3,0x3
    3fe8:	00d658b3          	srl	a7,a2,a3
    3fec:	97c6                	add	a5,a5,a7
    3fee:	239c                	lbu	a5,0(a5)
    3ff0:	97b6                	add	a5,a5,a3
    3ff2:	02000693          	li	a3,32
    3ff6:	04d79563          	bne	a5,a3,4040 <__udivdi3+0x12e>
    3ffa:	40c58633          	sub	a2,a1,a2
    3ffe:	4885                	li	a7,1
    4000:	01075513          	srli	a0,a4,0x10
    4004:	02a657b3          	divu	a5,a2,a0
    4008:	080745b3          	zext.h	a1,a4
    400c:	01085693          	srli	a3,a6,0x10
    4010:	02a67633          	remu	a2,a2,a0
    4014:	02f58333          	mul	t1,a1,a5
    4018:	0642                	slli	a2,a2,0x10
    401a:	8ed1                	or	a3,a3,a2
    401c:	0066f863          	bgeu	a3,t1,402c <__udivdi3+0x11a>
    4020:	96ba                	add	a3,a3,a4
    4022:	0066f463          	bgeu	a3,t1,402a <__udivdi3+0x118>
    4026:	0ae6f163          	bgeu	a3,a4,40c8 <__udivdi3+0x1b6>
    402a:	17fd                	addi	a5,a5,-1
    402c:	406686b3          	sub	a3,a3,t1
    4030:	b785                	j	3f90 <__udivdi3+0x7e>
    4032:	010008b7          	lui	a7,0x1000
    4036:	46e1                	li	a3,24
    4038:	fb1678e3          	bgeu	a2,a7,3fe8 <__udivdi3+0xd6>
    403c:	46c1                	li	a3,16
    403e:	b76d                	j	3fe8 <__udivdi3+0xd6>
    4040:	40f68833          	sub	a6,a3,a5
    4044:	01061733          	sll	a4,a2,a6
    4048:	00f5d6b3          	srl	a3,a1,a5
    404c:	010595b3          	sll	a1,a1,a6
    4050:	00f557b3          	srl	a5,a0,a5
    4054:	01051833          	sll	a6,a0,a6
    4058:	01075513          	srli	a0,a4,0x10
    405c:	02a6d8b3          	divu	a7,a3,a0
    4060:	08074633          	zext.h	a2,a4
    4064:	8fcd                	or	a5,a5,a1
    4066:	02a6f6b3          	remu	a3,a3,a0
    406a:	03160333          	mul	t1,a2,a7
    406e:	01069593          	slli	a1,a3,0x10
    4072:	0107d693          	srli	a3,a5,0x10
    4076:	8ecd                	or	a3,a3,a1
    4078:	0066f863          	bgeu	a3,t1,4088 <__udivdi3+0x176>
    407c:	96ba                	add	a3,a3,a4
    407e:	0066f463          	bgeu	a3,t1,4086 <__udivdi3+0x174>
    4082:	02e6fd63          	bgeu	a3,a4,40bc <__udivdi3+0x1aa>
    4086:	18fd                	addi	a7,a7,-1 # ffffff <_data_lma+0xffa83f>
    4088:	406686b3          	sub	a3,a3,t1
    408c:	02a6d5b3          	divu	a1,a3,a0
    4090:	0807c7b3          	zext.h	a5,a5
    4094:	02a6f6b3          	remu	a3,a3,a0
    4098:	02b60633          	mul	a2,a2,a1
    409c:	06c2                	slli	a3,a3,0x10
    409e:	8fd5                	or	a5,a5,a3
    40a0:	00c7f863          	bgeu	a5,a2,40b0 <__udivdi3+0x19e>
    40a4:	97ba                	add	a5,a5,a4
    40a6:	00c7f463          	bgeu	a5,a2,40ae <__udivdi3+0x19c>
    40aa:	00e7fc63          	bgeu	a5,a4,40c2 <__udivdi3+0x1b0>
    40ae:	15fd                	addi	a1,a1,-1
    40b0:	08c2                	slli	a7,a7,0x10
    40b2:	40c78633          	sub	a2,a5,a2
    40b6:	00b8e8b3          	or	a7,a7,a1
    40ba:	b799                	j	4000 <__udivdi3+0xee>
    40bc:	18f9                	addi	a7,a7,-2
    40be:	96ba                	add	a3,a3,a4
    40c0:	b7e1                	j	4088 <__udivdi3+0x176>
    40c2:	15f9                	addi	a1,a1,-2
    40c4:	97ba                	add	a5,a5,a4
    40c6:	b7ed                	j	40b0 <__udivdi3+0x19e>
    40c8:	17f9                	addi	a5,a5,-2
    40ca:	96ba                	add	a3,a3,a4
    40cc:	b785                	j	402c <__udivdi3+0x11a>
    40ce:	1679                	addi	a2,a2,-2
    40d0:	b5dd                	j	3fb6 <__udivdi3+0xa4>
    40d2:	12d5e463          	bltu	a1,a3,41fa <__udivdi3+0x2e8>
    40d6:	67c1                	lui	a5,0x10
    40d8:	02f6fc63          	bgeu	a3,a5,4110 <__udivdi3+0x1fe>
    40dc:	1006b793          	sltiu	a5,a3,256
    40e0:	0017b793          	seqz	a5,a5
    40e4:	078e                	slli	a5,a5,0x3
    40e6:	6715                	lui	a4,0x5
    40e8:	00f6d833          	srl	a6,a3,a5
    40ec:	66870713          	addi	a4,a4,1640 # 5668 <__clz_tab>
    40f0:	9742                	add	a4,a4,a6
    40f2:	2318                	lbu	a4,0(a4)
    40f4:	02000813          	li	a6,32
    40f8:	973e                	add	a4,a4,a5
    40fa:	03071263          	bne	a4,a6,411e <__udivdi3+0x20c>
    40fe:	00c537b3          	sltu	a5,a0,a2
    4102:	0017b793          	seqz	a5,a5
    4106:	00b6b6b3          	sltu	a3,a3,a1
    410a:	8fd5                	or	a5,a5,a3
    410c:	4881                	li	a7,0
    410e:	b575                	j	3fba <__udivdi3+0xa8>
    4110:	01000737          	lui	a4,0x1000
    4114:	47e1                	li	a5,24
    4116:	fce6f8e3          	bgeu	a3,a4,40e6 <__udivdi3+0x1d4>
    411a:	47c1                	li	a5,16
    411c:	b7e9                	j	40e6 <__udivdi3+0x1d4>
    411e:	40e80833          	sub	a6,a6,a4
    4122:	00e658b3          	srl	a7,a2,a4
    4126:	010696b3          	sll	a3,a3,a6
    412a:	00d8e8b3          	or	a7,a7,a3
    412e:	0108de13          	srli	t3,a7,0x10
    4132:	00e5d6b3          	srl	a3,a1,a4
    4136:	03c6d7b3          	divu	a5,a3,t3
    413a:	0808c333          	zext.h	t1,a7
    413e:	010595b3          	sll	a1,a1,a6
    4142:	00e55733          	srl	a4,a0,a4
    4146:	8f4d                	or	a4,a4,a1
    4148:	01061633          	sll	a2,a2,a6
    414c:	03c6f6b3          	remu	a3,a3,t3
    4150:	02f30eb3          	mul	t4,t1,a5
    4154:	01069593          	slli	a1,a3,0x10
    4158:	01075693          	srli	a3,a4,0x10
    415c:	8ecd                	or	a3,a3,a1
    415e:	01d6f863          	bgeu	a3,t4,416e <__udivdi3+0x25c>
    4162:	96c6                	add	a3,a3,a7
    4164:	01d6f463          	bgeu	a3,t4,416c <__udivdi3+0x25a>
    4168:	0916f363          	bgeu	a3,a7,41ee <__udivdi3+0x2dc>
    416c:	17fd                	addi	a5,a5,-1 # ffff <_data_lma+0xa83f>
    416e:	41d686b3          	sub	a3,a3,t4
    4172:	03c6d5b3          	divu	a1,a3,t3
    4176:	08074733          	zext.h	a4,a4
    417a:	03c6f6b3          	remu	a3,a3,t3
    417e:	02b30333          	mul	t1,t1,a1
    4182:	06c2                	slli	a3,a3,0x10
    4184:	8f55                	or	a4,a4,a3
    4186:	00677863          	bgeu	a4,t1,4196 <__udivdi3+0x284>
    418a:	9746                	add	a4,a4,a7
    418c:	00677463          	bgeu	a4,t1,4194 <__udivdi3+0x282>
    4190:	07177263          	bgeu	a4,a7,41f4 <__udivdi3+0x2e2>
    4194:	15fd                	addi	a1,a1,-1
    4196:	07c2                	slli	a5,a5,0x10
    4198:	8fcd                	or	a5,a5,a1
    419a:	0107d893          	srli	a7,a5,0x10
    419e:	0805c5b3          	zext.h	a1,a1
    41a2:	40670733          	sub	a4,a4,t1
    41a6:	08064333          	zext.h	t1,a2
    41aa:	8241                	srli	a2,a2,0x10
    41ac:	02658e33          	mul	t3,a1,t1
    41b0:	02688333          	mul	t1,a7,t1
    41b4:	010e5693          	srli	a3,t3,0x10
    41b8:	02c585b3          	mul	a1,a1,a2
    41bc:	959a                	add	a1,a1,t1
    41be:	96ae                	add	a3,a3,a1
    41c0:	02c888b3          	mul	a7,a7,a2
    41c4:	0066f463          	bgeu	a3,t1,41cc <__udivdi3+0x2ba>
    41c8:	6641                	lui	a2,0x10
    41ca:	98b2                	add	a7,a7,a2
    41cc:	0106d613          	srli	a2,a3,0x10
    41d0:	9646                	add	a2,a2,a7
    41d2:	00c76c63          	bltu	a4,a2,41ea <__udivdi3+0x2d8>
    41d6:	06c2                	slli	a3,a3,0x10
    41d8:	080e4e33          	zext.h	t3,t3
    41dc:	01051533          	sll	a0,a0,a6
    41e0:	96f2                	add	a3,a3,t3
    41e2:	f2d575e3          	bgeu	a0,a3,410c <__udivdi3+0x1fa>
    41e6:	f2c713e3          	bne	a4,a2,410c <__udivdi3+0x1fa>
    41ea:	17fd                	addi	a5,a5,-1
    41ec:	b705                	j	410c <__udivdi3+0x1fa>
    41ee:	17f9                	addi	a5,a5,-2
    41f0:	96c6                	add	a3,a3,a7
    41f2:	bfb5                	j	416e <__udivdi3+0x25c>
    41f4:	15f9                	addi	a1,a1,-2
    41f6:	9746                	add	a4,a4,a7
    41f8:	bf79                	j	4196 <__udivdi3+0x284>
    41fa:	4881                	li	a7,0
    41fc:	4781                	li	a5,0
    41fe:	bb75                	j	3fba <__udivdi3+0xa8>

00004200 <iprintf>:
    4200:	7139                	addi	sp,sp,-64
    4202:	da3e                	sw	a5,52(sp)
    4204:	80c1a783          	lw	a5,-2036(gp) # 20000464 <_impure_ptr>
    4208:	d432                	sw	a2,40(sp)
    420a:	d636                	sw	a3,44(sp)
    420c:	d22e                	sw	a1,36(sp)
    420e:	d83a                	sw	a4,48(sp)
    4210:	dc42                	sw	a6,56(sp)
    4212:	de46                	sw	a7,60(sp)
    4214:	478c                	lw	a1,8(a5)
    4216:	1054                	addi	a3,sp,36
    4218:	862a                	mv	a2,a0
    421a:	853e                	mv	a0,a5
    421c:	ce06                	sw	ra,28(sp)
    421e:	c636                	sw	a3,12(sp)
    4220:	29b5                	jal	469c <_vfiprintf_r>
    4222:	40f2                	lw	ra,28(sp)
    4224:	6121                	addi	sp,sp,64
    4226:	8082                	ret

00004228 <_puts_r>:
    4228:	511c                	lw	a5,32(a0)
    422a:	1101                	addi	sp,sp,-32
    422c:	cc22                	sw	s0,24(sp)
    422e:	ca26                	sw	s1,20(sp)
    4230:	c84a                	sw	s2,16(sp)
    4232:	ce06                	sw	ra,28(sp)
    4234:	c64e                	sw	s3,12(sp)
    4236:	4500                	lw	s0,8(a0)
    4238:	84aa                	mv	s1,a0
    423a:	892e                	mv	s2,a1
    423c:	e399                	bnez	a5,4242 <_puts_r+0x1a>
    423e:	435000ef          	jal	4e72 <__sinit>
    4242:	245e                	lhu	a5,12(s0)
    4244:	8ba1                	andi	a5,a5,8
    4246:	c399                	beqz	a5,424c <_puts_r+0x24>
    4248:	481c                	lw	a5,16(s0)
    424a:	e3b5                	bnez	a5,42ae <_puts_r+0x86>
    424c:	85a2                	mv	a1,s0
    424e:	8526                	mv	a0,s1
    4250:	2229                	jal	435a <__swsetup_r>
    4252:	cd31                	beqz	a0,42ae <_puts_r+0x86>
    4254:	557d                	li	a0,-1
    4256:	40f2                	lw	ra,28(sp)
    4258:	4462                	lw	s0,24(sp)
    425a:	44d2                	lw	s1,20(sp)
    425c:	4942                	lw	s2,16(sp)
    425e:	49b2                	lw	s3,12(sp)
    4260:	6105                	addi	sp,sp,32
    4262:	8082                	ret
    4264:	0007d863          	bgez	a5,4274 <_puts_r+0x4c>
    4268:	4c18                	lw	a4,24(s0)
    426a:	02e7cc63          	blt	a5,a4,42a2 <_puts_r+0x7a>
    426e:	ff658793          	addi	a5,a1,-10
    4272:	cb85                	beqz	a5,42a2 <_puts_r+0x7a>
    4274:	401c                	lw	a5,0(s0)
    4276:	00178713          	addi	a4,a5,1
    427a:	c018                	sw	a4,0(s0)
    427c:	a38c                	sb	a1,0(a5)
    427e:	0905                	addi	s2,s2,1
    4280:	441c                	lw	a5,8(s0)
    4282:	00094583          	lbu	a1,0(s2)
    4286:	17fd                	addi	a5,a5,-1
    4288:	c41c                	sw	a5,8(s0)
    428a:	fde9                	bnez	a1,4264 <_puts_r+0x3c>
    428c:	0207d363          	bgez	a5,42b2 <_puts_r+0x8a>
    4290:	8622                	mv	a2,s0
    4292:	45a9                	li	a1,10
    4294:	8526                	mv	a0,s1
    4296:	2815                	jal	42ca <__swbuf_r>
    4298:	57fd                	li	a5,-1
    429a:	faf50de3          	beq	a0,a5,4254 <_puts_r+0x2c>
    429e:	4529                	li	a0,10
    42a0:	bf5d                	j	4256 <_puts_r+0x2e>
    42a2:	8622                	mv	a2,s0
    42a4:	8526                	mv	a0,s1
    42a6:	2015                	jal	42ca <__swbuf_r>
    42a8:	fd351be3          	bne	a0,s3,427e <_puts_r+0x56>
    42ac:	b765                	j	4254 <_puts_r+0x2c>
    42ae:	59fd                	li	s3,-1
    42b0:	bfc1                	j	4280 <_puts_r+0x58>
    42b2:	401c                	lw	a5,0(s0)
    42b4:	00178713          	addi	a4,a5,1
    42b8:	c018                	sw	a4,0(s0)
    42ba:	4729                	li	a4,10
    42bc:	a398                	sb	a4,0(a5)
    42be:	b7c5                	j	429e <_puts_r+0x76>

000042c0 <puts>:
    42c0:	85aa                	mv	a1,a0
    42c2:	80c1a503          	lw	a0,-2036(gp) # 20000464 <_impure_ptr>
    42c6:	f63ff06f          	j	4228 <_puts_r>

000042ca <__swbuf_r>:
    42ca:	1101                	addi	sp,sp,-32
    42cc:	cc22                	sw	s0,24(sp)
    42ce:	ca26                	sw	s1,20(sp)
    42d0:	c64e                	sw	s3,12(sp)
    42d2:	ce06                	sw	ra,28(sp)
    42d4:	c84a                	sw	s2,16(sp)
    42d6:	84aa                	mv	s1,a0
    42d8:	89ae                	mv	s3,a1
    42da:	8432                	mv	s0,a2
    42dc:	c509                	beqz	a0,42e6 <__swbuf_r+0x1c>
    42de:	511c                	lw	a5,32(a0)
    42e0:	e399                	bnez	a5,42e6 <__swbuf_r+0x1c>
    42e2:	391000ef          	jal	4e72 <__sinit>
    42e6:	4c1c                	lw	a5,24(s0)
    42e8:	c41c                	sw	a5,8(s0)
    42ea:	245e                	lhu	a5,12(s0)
    42ec:	8ba1                	andi	a5,a5,8
    42ee:	c399                	beqz	a5,42f4 <__swbuf_r+0x2a>
    42f0:	481c                	lw	a5,16(s0)
    42f2:	ef91                	bnez	a5,430e <__swbuf_r+0x44>
    42f4:	85a2                	mv	a1,s0
    42f6:	8526                	mv	a0,s1
    42f8:	208d                	jal	435a <__swsetup_r>
    42fa:	c911                	beqz	a0,430e <__swbuf_r+0x44>
    42fc:	597d                	li	s2,-1
    42fe:	40f2                	lw	ra,28(sp)
    4300:	4462                	lw	s0,24(sp)
    4302:	44d2                	lw	s1,20(sp)
    4304:	49b2                	lw	s3,12(sp)
    4306:	854a                	mv	a0,s2
    4308:	4942                	lw	s2,16(sp)
    430a:	6105                	addi	sp,sp,32
    430c:	8082                	ret
    430e:	481c                	lw	a5,16(s0)
    4310:	4008                	lw	a0,0(s0)
    4312:	8d1d                	sub	a0,a0,a5
    4314:	485c                	lw	a5,20(s0)
    4316:	00f54763          	blt	a0,a5,4324 <__swbuf_r+0x5a>
    431a:	85a2                	mv	a1,s0
    431c:	8526                	mv	a0,s1
    431e:	22d000ef          	jal	4d4a <_fflush_r>
    4322:	fd69                	bnez	a0,42fc <__swbuf_r+0x32>
    4324:	441c                	lw	a5,8(s0)
    4326:	0505                	addi	a0,a0,1
    4328:	0ff9f913          	zext.b	s2,s3
    432c:	17fd                	addi	a5,a5,-1
    432e:	c41c                	sw	a5,8(s0)
    4330:	401c                	lw	a5,0(s0)
    4332:	00178713          	addi	a4,a5,1
    4336:	c018                	sw	a4,0(s0)
    4338:	01378023          	sb	s3,0(a5)
    433c:	485c                	lw	a5,20(s0)
    433e:	00a78863          	beq	a5,a0,434e <__swbuf_r+0x84>
    4342:	245e                	lhu	a5,12(s0)
    4344:	8b85                	andi	a5,a5,1
    4346:	dfc5                	beqz	a5,42fe <__swbuf_r+0x34>
    4348:	ff690793          	addi	a5,s2,-10
    434c:	fbcd                	bnez	a5,42fe <__swbuf_r+0x34>
    434e:	85a2                	mv	a1,s0
    4350:	8526                	mv	a0,s1
    4352:	1f9000ef          	jal	4d4a <_fflush_r>
    4356:	d545                	beqz	a0,42fe <__swbuf_r+0x34>
    4358:	b755                	j	42fc <__swbuf_r+0x32>

0000435a <__swsetup_r>:
    435a:	1141                	addi	sp,sp,-16
    435c:	c226                	sw	s1,4(sp)
    435e:	84aa                	mv	s1,a0
    4360:	80c1a503          	lw	a0,-2036(gp) # 20000464 <_impure_ptr>
    4364:	c422                	sw	s0,8(sp)
    4366:	c606                	sw	ra,12(sp)
    4368:	842e                	mv	s0,a1
    436a:	c509                	beqz	a0,4374 <__swsetup_r+0x1a>
    436c:	511c                	lw	a5,32(a0)
    436e:	e399                	bnez	a5,4374 <__swsetup_r+0x1a>
    4370:	303000ef          	jal	4e72 <__sinit>
    4374:	00c41783          	lh	a5,12(s0)
    4378:	0087f713          	andi	a4,a5,8
    437c:	e331                	bnez	a4,43c0 <__swsetup_r+0x66>
    437e:	0107f713          	andi	a4,a5,16
    4382:	eb01                	bnez	a4,4392 <__swsetup_r+0x38>
    4384:	4725                	li	a4,9
    4386:	c098                	sw	a4,0(s1)
    4388:	0407e793          	ori	a5,a5,64
    438c:	a45e                	sh	a5,12(s0)
    438e:	557d                	li	a0,-1
    4390:	a0b5                	j	43fc <__swsetup_r+0xa2>
    4392:	0047f713          	andi	a4,a5,4
    4396:	c315                	beqz	a4,43ba <__swsetup_r+0x60>
    4398:	584c                	lw	a1,52(s0)
    439a:	c989                	beqz	a1,43ac <__swsetup_r+0x52>
    439c:	04440793          	addi	a5,s0,68
    43a0:	00f58463          	beq	a1,a5,43a8 <__swsetup_r+0x4e>
    43a4:	8526                	mv	a0,s1
    43a6:	28bd                	jal	4424 <_free_r>
    43a8:	02042a23          	sw	zero,52(s0)
    43ac:	245e                	lhu	a5,12(s0)
    43ae:	4818                	lw	a4,16(s0)
    43b0:	00042223          	sw	zero,4(s0)
    43b4:	fdb7f793          	andi	a5,a5,-37
    43b8:	c018                	sw	a4,0(s0)
    43ba:	0087e793          	ori	a5,a5,8
    43be:	a45e                	sh	a5,12(s0)
    43c0:	481c                	lw	a5,16(s0)
    43c2:	ef81                	bnez	a5,43da <__swsetup_r+0x80>
    43c4:	445c                	lw	a5,12(s0)
    43c6:	20000713          	li	a4,512
    43ca:	2807f793          	andi	a5,a5,640
    43ce:	00e78663          	beq	a5,a4,43da <__swsetup_r+0x80>
    43d2:	85a2                	mv	a1,s0
    43d4:	8526                	mv	a0,s1
    43d6:	367000ef          	jal	4f3c <__smakebuf_r>
    43da:	00c41783          	lh	a5,12(s0)
    43de:	0017f713          	andi	a4,a5,1
    43e2:	c315                	beqz	a4,4406 <__swsetup_r+0xac>
    43e4:	4858                	lw	a4,20(s0)
    43e6:	00042423          	sw	zero,8(s0)
    43ea:	40e00733          	neg	a4,a4
    43ee:	cc18                	sw	a4,24(s0)
    43f0:	4818                	lw	a4,16(s0)
    43f2:	4501                	li	a0,0
    43f4:	e701                	bnez	a4,43fc <__swsetup_r+0xa2>
    43f6:	0807f713          	andi	a4,a5,128
    43fa:	f759                	bnez	a4,4388 <__swsetup_r+0x2e>
    43fc:	40b2                	lw	ra,12(sp)
    43fe:	4422                	lw	s0,8(sp)
    4400:	4492                	lw	s1,4(sp)
    4402:	0141                	addi	sp,sp,16
    4404:	8082                	ret
    4406:	0027f713          	andi	a4,a5,2
    440a:	4681                	li	a3,0
    440c:	e311                	bnez	a4,4410 <__swsetup_r+0xb6>
    440e:	4854                	lw	a3,20(s0)
    4410:	c414                	sw	a3,8(s0)
    4412:	bff9                	j	43f0 <__swsetup_r+0x96>

00004414 <strcpy>:
    4414:	87aa                	mv	a5,a0
    4416:	2198                	lbu	a4,0(a1)
    4418:	0785                	addi	a5,a5,1
    441a:	0585                	addi	a1,a1,1
    441c:	fee78fa3          	sb	a4,-1(a5)
    4420:	fb7d                	bnez	a4,4416 <strcpy+0x2>
    4422:	8082                	ret

00004424 <_free_r>:
    4424:	cdd1                	beqz	a1,44c0 <_free_r+0x9c>
    4426:	ffc5a783          	lw	a5,-4(a1)
    442a:	1101                	addi	sp,sp,-32
    442c:	cc22                	sw	s0,24(sp)
    442e:	ce06                	sw	ra,28(sp)
    4430:	ffc58413          	addi	s0,a1,-4
    4434:	0007d363          	bgez	a5,443a <_free_r+0x16>
    4438:	943e                	add	s0,s0,a5
    443a:	c62a                	sw	a0,12(sp)
    443c:	2acd                	jal	462e <__malloc_lock>
    443e:	84c1a783          	lw	a5,-1972(gp) # 200004a4 <__malloc_free_list>
    4442:	4532                	lw	a0,12(sp)
    4444:	eb89                	bnez	a5,4456 <_free_r+0x32>
    4446:	00042223          	sw	zero,4(s0)
    444a:	8481a623          	sw	s0,-1972(gp) # 200004a4 <__malloc_free_list>
    444e:	4462                	lw	s0,24(sp)
    4450:	40f2                	lw	ra,28(sp)
    4452:	6105                	addi	sp,sp,32
    4454:	aaf1                	j	4630 <__malloc_unlock>
    4456:	00f47d63          	bgeu	s0,a5,4470 <_free_r+0x4c>
    445a:	4010                	lw	a2,0(s0)
    445c:	00c406b3          	add	a3,s0,a2
    4460:	00d79663          	bne	a5,a3,446c <_free_r+0x48>
    4464:	4394                	lw	a3,0(a5)
    4466:	43dc                	lw	a5,4(a5)
    4468:	96b2                	add	a3,a3,a2
    446a:	c014                	sw	a3,0(s0)
    446c:	c05c                	sw	a5,4(s0)
    446e:	bff1                	j	444a <_free_r+0x26>
    4470:	873e                	mv	a4,a5
    4472:	43dc                	lw	a5,4(a5)
    4474:	c399                	beqz	a5,447a <_free_r+0x56>
    4476:	fef47de3          	bgeu	s0,a5,4470 <_free_r+0x4c>
    447a:	4314                	lw	a3,0(a4)
    447c:	00d70633          	add	a2,a4,a3
    4480:	00861f63          	bne	a2,s0,449e <_free_r+0x7a>
    4484:	4010                	lw	a2,0(s0)
    4486:	96b2                	add	a3,a3,a2
    4488:	c314                	sw	a3,0(a4)
    448a:	00d70633          	add	a2,a4,a3
    448e:	fcc790e3          	bne	a5,a2,444e <_free_r+0x2a>
    4492:	4390                	lw	a2,0(a5)
    4494:	43dc                	lw	a5,4(a5)
    4496:	96b2                	add	a3,a3,a2
    4498:	c314                	sw	a3,0(a4)
    449a:	c35c                	sw	a5,4(a4)
    449c:	bf4d                	j	444e <_free_r+0x2a>
    449e:	00c47563          	bgeu	s0,a2,44a8 <_free_r+0x84>
    44a2:	47b1                	li	a5,12
    44a4:	c11c                	sw	a5,0(a0)
    44a6:	b765                	j	444e <_free_r+0x2a>
    44a8:	4010                	lw	a2,0(s0)
    44aa:	00c406b3          	add	a3,s0,a2
    44ae:	00d79663          	bne	a5,a3,44ba <_free_r+0x96>
    44b2:	4394                	lw	a3,0(a5)
    44b4:	43dc                	lw	a5,4(a5)
    44b6:	96b2                	add	a3,a3,a2
    44b8:	c014                	sw	a3,0(s0)
    44ba:	c05c                	sw	a5,4(s0)
    44bc:	c340                	sw	s0,4(a4)
    44be:	bf41                	j	444e <_free_r+0x2a>
    44c0:	8082                	ret

000044c2 <sbrk_aligned>:
    44c2:	1141                	addi	sp,sp,-16
    44c4:	c422                	sw	s0,8(sp)
    44c6:	8481a783          	lw	a5,-1976(gp) # 200004a0 <__malloc_sbrk_start>
    44ca:	c226                	sw	s1,4(sp)
    44cc:	c04a                	sw	s2,0(sp)
    44ce:	c606                	sw	ra,12(sp)
    44d0:	892a                	mv	s2,a0
    44d2:	84ae                	mv	s1,a1
    44d4:	e791                	bnez	a5,44e0 <sbrk_aligned+0x1e>
    44d6:	4581                	li	a1,0
    44d8:	477000ef          	jal	514e <_sbrk_r>
    44dc:	84a1a423          	sw	a0,-1976(gp) # 200004a0 <__malloc_sbrk_start>
    44e0:	85a6                	mv	a1,s1
    44e2:	854a                	mv	a0,s2
    44e4:	46b000ef          	jal	514e <_sbrk_r>
    44e8:	54fd                	li	s1,-1
    44ea:	00951a63          	bne	a0,s1,44fe <sbrk_aligned+0x3c>
    44ee:	547d                	li	s0,-1
    44f0:	40b2                	lw	ra,12(sp)
    44f2:	8522                	mv	a0,s0
    44f4:	4422                	lw	s0,8(sp)
    44f6:	4492                	lw	s1,4(sp)
    44f8:	4902                	lw	s2,0(sp)
    44fa:	0141                	addi	sp,sp,16
    44fc:	8082                	ret
    44fe:	00350413          	addi	s0,a0,3
    4502:	9871                	andi	s0,s0,-4
    4504:	fe8506e3          	beq	a0,s0,44f0 <sbrk_aligned+0x2e>
    4508:	40a405b3          	sub	a1,s0,a0
    450c:	854a                	mv	a0,s2
    450e:	441000ef          	jal	514e <_sbrk_r>
    4512:	fc951fe3          	bne	a0,s1,44f0 <sbrk_aligned+0x2e>
    4516:	bfe1                	j	44ee <sbrk_aligned+0x2c>

00004518 <_malloc_r>:
    4518:	1101                	addi	sp,sp,-32
    451a:	ca26                	sw	s1,20(sp)
    451c:	00358493          	addi	s1,a1,3
    4520:	98f1                	andi	s1,s1,-4
    4522:	04a1                	addi	s1,s1,8
    4524:	47b1                	li	a5,12
    4526:	c84a                	sw	s2,16(sp)
    4528:	ce06                	sw	ra,28(sp)
    452a:	cc22                	sw	s0,24(sp)
    452c:	c64e                	sw	s3,12(sp)
    452e:	c452                	sw	s4,8(sp)
    4530:	0af4f4b3          	maxu	s1,s1,a5
    4534:	892a                	mv	s2,a0
    4536:	0004c463          	bltz	s1,453e <_malloc_r+0x26>
    453a:	00b4fd63          	bgeu	s1,a1,4554 <_malloc_r+0x3c>
    453e:	00f92023          	sw	a5,0(s2)
    4542:	4501                	li	a0,0
    4544:	40f2                	lw	ra,28(sp)
    4546:	4462                	lw	s0,24(sp)
    4548:	44d2                	lw	s1,20(sp)
    454a:	4942                	lw	s2,16(sp)
    454c:	49b2                	lw	s3,12(sp)
    454e:	4a22                	lw	s4,8(sp)
    4550:	6105                	addi	sp,sp,32
    4552:	8082                	ret
    4554:	28e9                	jal	462e <__malloc_lock>
    4556:	84c1a783          	lw	a5,-1972(gp) # 200004a4 <__malloc_free_list>
    455a:	843e                	mv	s0,a5
    455c:	e831                	bnez	s0,45b0 <_malloc_r+0x98>
    455e:	85a6                	mv	a1,s1
    4560:	854a                	mv	a0,s2
    4562:	f61ff0ef          	jal	44c2 <sbrk_aligned>
    4566:	57fd                	li	a5,-1
    4568:	842a                	mv	s0,a0
    456a:	0cf51063          	bne	a0,a5,462a <_malloc_r+0x112>
    456e:	84c1a403          	lw	s0,-1972(gp) # 200004a4 <__malloc_free_list>
    4572:	87a2                	mv	a5,s0
    4574:	ebd9                	bnez	a5,460a <_malloc_r+0xf2>
    4576:	c445                	beqz	s0,461e <_malloc_r+0x106>
    4578:	00042a03          	lw	s4,0(s0)
    457c:	4581                	li	a1,0
    457e:	854a                	mv	a0,s2
    4580:	9a22                	add	s4,s4,s0
    4582:	3cd000ef          	jal	514e <_sbrk_r>
    4586:	08aa1c63          	bne	s4,a0,461e <_malloc_r+0x106>
    458a:	401c                	lw	a5,0(s0)
    458c:	854a                	mv	a0,s2
    458e:	8c9d                	sub	s1,s1,a5
    4590:	85a6                	mv	a1,s1
    4592:	f31ff0ef          	jal	44c2 <sbrk_aligned>
    4596:	57fd                	li	a5,-1
    4598:	08f50363          	beq	a0,a5,461e <_malloc_r+0x106>
    459c:	401c                	lw	a5,0(s0)
    459e:	97a6                	add	a5,a5,s1
    45a0:	c01c                	sw	a5,0(s0)
    45a2:	84c1a783          	lw	a5,-1972(gp) # 200004a4 <__malloc_free_list>
    45a6:	43d8                	lw	a4,4(a5)
    45a8:	e725                	bnez	a4,4610 <_malloc_r+0xf8>
    45aa:	8401a623          	sw	zero,-1972(gp) # 200004a4 <__malloc_free_list>
    45ae:	a015                	j	45d2 <_malloc_r+0xba>
    45b0:	4014                	lw	a3,0(s0)
    45b2:	8e85                	sub	a3,a3,s1
    45b4:	0406c863          	bltz	a3,4604 <_malloc_r+0xec>
    45b8:	472d                	li	a4,11
    45ba:	02d77d63          	bgeu	a4,a3,45f4 <_malloc_r+0xdc>
    45be:	c004                	sw	s1,0(s0)
    45c0:	00940733          	add	a4,s0,s1
    45c4:	02879663          	bne	a5,s0,45f0 <_malloc_r+0xd8>
    45c8:	84e1a623          	sw	a4,-1972(gp) # 200004a4 <__malloc_free_list>
    45cc:	405c                	lw	a5,4(s0)
    45ce:	c314                	sw	a3,0(a4)
    45d0:	c35c                	sw	a5,4(a4)
    45d2:	854a                	mv	a0,s2
    45d4:	28b1                	jal	4630 <__malloc_unlock>
    45d6:	00b40513          	addi	a0,s0,11
    45da:	00440793          	addi	a5,s0,4
    45de:	9961                	andi	a0,a0,-8
    45e0:	40f50733          	sub	a4,a0,a5
    45e4:	f6f500e3          	beq	a0,a5,4544 <_malloc_r+0x2c>
    45e8:	943a                	add	s0,s0,a4
    45ea:	8f89                	sub	a5,a5,a0
    45ec:	c01c                	sw	a5,0(s0)
    45ee:	bf99                	j	4544 <_malloc_r+0x2c>
    45f0:	c3d8                	sw	a4,4(a5)
    45f2:	bfe9                	j	45cc <_malloc_r+0xb4>
    45f4:	4058                	lw	a4,4(s0)
    45f6:	00879563          	bne	a5,s0,4600 <_malloc_r+0xe8>
    45fa:	84e1a623          	sw	a4,-1972(gp) # 200004a4 <__malloc_free_list>
    45fe:	bfd1                	j	45d2 <_malloc_r+0xba>
    4600:	c3d8                	sw	a4,4(a5)
    4602:	bfc1                	j	45d2 <_malloc_r+0xba>
    4604:	87a2                	mv	a5,s0
    4606:	4040                	lw	s0,4(s0)
    4608:	bf91                	j	455c <_malloc_r+0x44>
    460a:	843e                	mv	s0,a5
    460c:	43dc                	lw	a5,4(a5)
    460e:	b79d                	j	4574 <_malloc_r+0x5c>
    4610:	873e                	mv	a4,a5
    4612:	43dc                	lw	a5,4(a5)
    4614:	fe879ee3          	bne	a5,s0,4610 <_malloc_r+0xf8>
    4618:	00072223          	sw	zero,4(a4) # 1000004 <_data_lma+0xffa844>
    461c:	bf5d                	j	45d2 <_malloc_r+0xba>
    461e:	47b1                	li	a5,12
    4620:	00f92023          	sw	a5,0(s2)
    4624:	854a                	mv	a0,s2
    4626:	2029                	jal	4630 <__malloc_unlock>
    4628:	bf29                	j	4542 <_malloc_r+0x2a>
    462a:	c104                	sw	s1,0(a0)
    462c:	b75d                	j	45d2 <_malloc_r+0xba>

0000462e <__malloc_lock>:
    462e:	8082                	ret

00004630 <__malloc_unlock>:
    4630:	8082                	ret

00004632 <__sfputc_r>:
    4632:	461c                	lw	a5,8(a2)
    4634:	17fd                	addi	a5,a5,-1
    4636:	c61c                	sw	a5,8(a2)
    4638:	0007da63          	bgez	a5,464c <__sfputc_r+0x1a>
    463c:	4e18                	lw	a4,24(a2)
    463e:	00e7c563          	blt	a5,a4,4648 <__sfputc_r+0x16>
    4642:	ff658793          	addi	a5,a1,-10
    4646:	e399                	bnez	a5,464c <__sfputc_r+0x1a>
    4648:	c83ff06f          	j	42ca <__swbuf_r>
    464c:	421c                	lw	a5,0(a2)
    464e:	852e                	mv	a0,a1
    4650:	00178713          	addi	a4,a5,1
    4654:	c218                	sw	a4,0(a2)
    4656:	a38c                	sb	a1,0(a5)
    4658:	8082                	ret

0000465a <__sfputs_r>:
    465a:	1101                	addi	sp,sp,-32
    465c:	cc22                	sw	s0,24(sp)
    465e:	ca26                	sw	s1,20(sp)
    4660:	c84a                	sw	s2,16(sp)
    4662:	c64e                	sw	s3,12(sp)
    4664:	c452                	sw	s4,8(sp)
    4666:	ce06                	sw	ra,28(sp)
    4668:	89aa                	mv	s3,a0
    466a:	8a2e                	mv	s4,a1
    466c:	8432                	mv	s0,a2
    466e:	00d604b3          	add	s1,a2,a3
    4672:	597d                	li	s2,-1
    4674:	00941463          	bne	s0,s1,467c <__sfputs_r+0x22>
    4678:	4501                	li	a0,0
    467a:	a809                	j	468c <__sfputs_r+0x32>
    467c:	200c                	lbu	a1,0(s0)
    467e:	8652                	mv	a2,s4
    4680:	854e                	mv	a0,s3
    4682:	fb1ff0ef          	jal	4632 <__sfputc_r>
    4686:	0405                	addi	s0,s0,1
    4688:	ff2516e3          	bne	a0,s2,4674 <__sfputs_r+0x1a>
    468c:	40f2                	lw	ra,28(sp)
    468e:	4462                	lw	s0,24(sp)
    4690:	44d2                	lw	s1,20(sp)
    4692:	4942                	lw	s2,16(sp)
    4694:	49b2                	lw	s3,12(sp)
    4696:	4a22                	lw	s4,8(sp)
    4698:	6105                	addi	sp,sp,32
    469a:	8082                	ret

0000469c <_vfiprintf_r>:
    469c:	7171                	addi	sp,sp,-176
    469e:	d522                	sw	s0,168(sp)
    46a0:	d326                	sw	s1,164(sp)
    46a2:	cf4e                	sw	s3,156(sp)
    46a4:	cd52                	sw	s4,152(sp)
    46a6:	d706                	sw	ra,172(sp)
    46a8:	d14a                	sw	s2,160(sp)
    46aa:	cb56                	sw	s5,148(sp)
    46ac:	c95a                	sw	s6,144(sp)
    46ae:	c75e                	sw	s7,140(sp)
    46b0:	c562                	sw	s8,136(sp)
    46b2:	89aa                	mv	s3,a0
    46b4:	84ae                	mv	s1,a1
    46b6:	8432                	mv	s0,a2
    46b8:	8a36                	mv	s4,a3
    46ba:	c509                	beqz	a0,46c4 <_vfiprintf_r+0x28>
    46bc:	511c                	lw	a5,32(a0)
    46be:	e399                	bnez	a5,46c4 <_vfiprintf_r+0x28>
    46c0:	7b2000ef          	jal	4e72 <__sinit>
    46c4:	24de                	lhu	a5,12(s1)
    46c6:	8ba1                	andi	a5,a5,8
    46c8:	c3f9                	beqz	a5,478e <_vfiprintf_r+0xf2>
    46ca:	489c                	lw	a5,16(s1)
    46cc:	c3e9                	beqz	a5,478e <_vfiprintf_r+0xf2>
    46ce:	02000793          	li	a5,32
    46d2:	02f10ca3          	sb	a5,57(sp)
    46d6:	6a95                	lui	s5,0x5
    46d8:	03000793          	li	a5,48
    46dc:	ce52                	sw	s4,28(sp)
    46de:	da02                	sw	zero,52(sp)
    46e0:	02f10d23          	sb	a5,58(sp)
    46e4:	5a7d                	li	s4,-1
    46e6:	5cca8a93          	addi	s5,s5,1484 # 55cc <_read+0x3f2>
    46ea:	4b29                	li	s6,10
    46ec:	8ba2                	mv	s7,s0
    46ee:	000bc783          	lbu	a5,0(s7)
    46f2:	00f03c33          	snez	s8,a5
    46f6:	fdb78793          	addi	a5,a5,-37
    46fa:	00f037b3          	snez	a5,a5
    46fe:	00fc7c33          	and	s8,s8,a5
    4702:	0a0c1863          	bnez	s8,47b2 <_vfiprintf_r+0x116>
    4706:	408b86b3          	sub	a3,s7,s0
    470a:	008b8e63          	beq	s7,s0,4726 <_vfiprintf_r+0x8a>
    470e:	8622                	mv	a2,s0
    4710:	85a6                	mv	a1,s1
    4712:	854e                	mv	a0,s3
    4714:	c636                	sw	a3,12(sp)
    4716:	f45ff0ef          	jal	465a <__sfputs_r>
    471a:	19450f63          	beq	a0,s4,48b8 <_vfiprintf_r+0x21c>
    471e:	57d2                	lw	a5,52(sp)
    4720:	46b2                	lw	a3,12(sp)
    4722:	97b6                	add	a5,a5,a3
    4724:	da3e                	sw	a5,52(sp)
    4726:	000bc783          	lbu	a5,0(s7)
    472a:	18078763          	beqz	a5,48b8 <_vfiprintf_r+0x21c>
    472e:	001b8413          	addi	s0,s7,1
    4732:	d002                	sw	zero,32(sp)
    4734:	d602                	sw	zero,44(sp)
    4736:	d252                	sw	s4,36(sp)
    4738:	d402                	sw	zero,40(sp)
    473a:	060101a3          	sb	zero,99(sp)
    473e:	dc82                	sw	zero,120(sp)
    4740:	200c                	lbu	a1,0(s0)
    4742:	4615                	li	a2,5
    4744:	8556                	mv	a0,s5
    4746:	115000ef          	jal	505a <memchr>
    474a:	5782                	lw	a5,32(sp)
    474c:	00140693          	addi	a3,s0,1
    4750:	e13d                	bnez	a0,47b6 <_vfiprintf_r+0x11a>
    4752:	0107f713          	andi	a4,a5,16
    4756:	c709                	beqz	a4,4760 <_vfiprintf_r+0xc4>
    4758:	02000713          	li	a4,32
    475c:	06e101a3          	sb	a4,99(sp)
    4760:	0087f713          	andi	a4,a5,8
    4764:	c709                	beqz	a4,476e <_vfiprintf_r+0xd2>
    4766:	02b00713          	li	a4,43
    476a:	06e101a3          	sb	a4,99(sp)
    476e:	2010                	lbu	a2,0(s0)
    4770:	02a00713          	li	a4,42
    4774:	04e60863          	beq	a2,a4,47c4 <_vfiprintf_r+0x128>
    4778:	57b2                	lw	a5,44(sp)
    477a:	4681                	li	a3,0
    477c:	4625                	li	a2,9
    477e:	2018                	lbu	a4,0(s0)
    4780:	fd070713          	addi	a4,a4,-48
    4784:	08e67463          	bgeu	a2,a4,480c <_vfiprintf_r+0x170>
    4788:	c6b9                	beqz	a3,47d6 <_vfiprintf_r+0x13a>
    478a:	d63e                	sw	a5,44(sp)
    478c:	a0a9                	j	47d6 <_vfiprintf_r+0x13a>
    478e:	85a6                	mv	a1,s1
    4790:	854e                	mv	a0,s3
    4792:	bc9ff0ef          	jal	435a <__swsetup_r>
    4796:	dd05                	beqz	a0,46ce <_vfiprintf_r+0x32>
    4798:	557d                	li	a0,-1
    479a:	50ba                	lw	ra,172(sp)
    479c:	542a                	lw	s0,168(sp)
    479e:	549a                	lw	s1,164(sp)
    47a0:	590a                	lw	s2,160(sp)
    47a2:	49fa                	lw	s3,156(sp)
    47a4:	4a6a                	lw	s4,152(sp)
    47a6:	4ada                	lw	s5,148(sp)
    47a8:	4b4a                	lw	s6,144(sp)
    47aa:	4bba                	lw	s7,140(sp)
    47ac:	4c2a                	lw	s8,136(sp)
    47ae:	614d                	addi	sp,sp,176
    47b0:	8082                	ret
    47b2:	0b85                	addi	s7,s7,1
    47b4:	bf2d                	j	46ee <_vfiprintf_r+0x52>
    47b6:	41550533          	sub	a0,a0,s5
    47ba:	28a797b3          	bset	a5,a5,a0
    47be:	d03e                	sw	a5,32(sp)
    47c0:	8436                	mv	s0,a3
    47c2:	bfbd                	j	4740 <_vfiprintf_r+0xa4>
    47c4:	4772                	lw	a4,28(sp)
    47c6:	00470613          	addi	a2,a4,4
    47ca:	4318                	lw	a4,0(a4)
    47cc:	ce32                	sw	a2,28(sp)
    47ce:	02074863          	bltz	a4,47fe <_vfiprintf_r+0x162>
    47d2:	d63a                	sw	a4,44(sp)
    47d4:	8436                	mv	s0,a3
    47d6:	2018                	lbu	a4,0(s0)
    47d8:	02e00793          	li	a5,46
    47dc:	04f71963          	bne	a4,a5,482e <_vfiprintf_r+0x192>
    47e0:	3018                	lbu	a4,1(s0)
    47e2:	02a00793          	li	a5,42
    47e6:	02f71963          	bne	a4,a5,4818 <_vfiprintf_r+0x17c>
    47ea:	47f2                	lw	a5,28(sp)
    47ec:	0409                	addi	s0,s0,2
    47ee:	00478713          	addi	a4,a5,4
    47f2:	439c                	lw	a5,0(a5)
    47f4:	ce3a                	sw	a4,28(sp)
    47f6:	0b47e7b3          	max	a5,a5,s4
    47fa:	d23e                	sw	a5,36(sp)
    47fc:	a80d                	j	482e <_vfiprintf_r+0x192>
    47fe:	40e00733          	neg	a4,a4
    4802:	0027e793          	ori	a5,a5,2
    4806:	d63a                	sw	a4,44(sp)
    4808:	d03e                	sw	a5,32(sp)
    480a:	b7e9                	j	47d4 <_vfiprintf_r+0x138>
    480c:	036787b3          	mul	a5,a5,s6
    4810:	0405                	addi	s0,s0,1
    4812:	4685                	li	a3,1
    4814:	97ba                	add	a5,a5,a4
    4816:	b7a5                	j	477e <_vfiprintf_r+0xe2>
    4818:	0405                	addi	s0,s0,1
    481a:	d202                	sw	zero,36(sp)
    481c:	4781                	li	a5,0
    481e:	46a5                	li	a3,9
    4820:	2018                	lbu	a4,0(s0)
    4822:	fd070713          	addi	a4,a4,-48
    4826:	06e6f163          	bgeu	a3,a4,4888 <_vfiprintf_r+0x1ec>
    482a:	fc0c18e3          	bnez	s8,47fa <_vfiprintf_r+0x15e>
    482e:	200c                	lbu	a1,0(s0)
    4830:	6b95                	lui	s7,0x5
    4832:	460d                	li	a2,3
    4834:	5d4b8513          	addi	a0,s7,1492 # 55d4 <_read+0x3fa>
    4838:	023000ef          	jal	505a <memchr>
    483c:	cd09                	beqz	a0,4856 <_vfiprintf_r+0x1ba>
    483e:	5782                	lw	a5,32(sp)
    4840:	5d4b8b93          	addi	s7,s7,1492
    4844:	41750533          	sub	a0,a0,s7
    4848:	04000713          	li	a4,64
    484c:	00a71733          	sll	a4,a4,a0
    4850:	8fd9                	or	a5,a5,a4
    4852:	0405                	addi	s0,s0,1
    4854:	d03e                	sw	a5,32(sp)
    4856:	200c                	lbu	a1,0(s0)
    4858:	6515                	lui	a0,0x5
    485a:	4619                	li	a2,6
    485c:	5d850513          	addi	a0,a0,1496 # 55d8 <_read+0x3fe>
    4860:	02b10c23          	sb	a1,56(sp)
    4864:	7f6000ef          	jal	505a <memchr>
    4868:	cd39                	beqz	a0,48c6 <_vfiprintf_r+0x22a>
    486a:	00000793          	li	a5,0
    486e:	e79d                	bnez	a5,489c <_vfiprintf_r+0x200>
    4870:	5702                	lw	a4,32(sp)
    4872:	47f2                	lw	a5,28(sp)
    4874:	10077713          	andi	a4,a4,256
    4878:	cf11                	beqz	a4,4894 <_vfiprintf_r+0x1f8>
    487a:	0791                	addi	a5,a5,4
    487c:	ce3e                	sw	a5,28(sp)
    487e:	57d2                	lw	a5,52(sp)
    4880:	0405                	addi	s0,s0,1
    4882:	97ca                	add	a5,a5,s2
    4884:	da3e                	sw	a5,52(sp)
    4886:	b59d                	j	46ec <_vfiprintf_r+0x50>
    4888:	036787b3          	mul	a5,a5,s6
    488c:	0405                	addi	s0,s0,1
    488e:	4c05                	li	s8,1
    4890:	97ba                	add	a5,a5,a4
    4892:	b779                	j	4820 <_vfiprintf_r+0x184>
    4894:	079d                	addi	a5,a5,7
    4896:	9be1                	andi	a5,a5,-8
    4898:	07a1                	addi	a5,a5,8
    489a:	b7cd                	j	487c <_vfiprintf_r+0x1e0>
    489c:	6691                	lui	a3,0x4
    489e:	0878                	addi	a4,sp,28
    48a0:	65a68693          	addi	a3,a3,1626 # 465a <__sfputs_r>
    48a4:	8626                	mv	a2,s1
    48a6:	100c                	addi	a1,sp,32
    48a8:	854e                	mv	a0,s3
    48aa:	00000097          	auipc	ra,0x0
    48ae:	000000e7          	jalr	zero # 0 <_sinit>
    48b2:	892a                	mv	s2,a0
    48b4:	fd4515e3          	bne	a0,s4,487e <_vfiprintf_r+0x1e2>
    48b8:	24de                	lhu	a5,12(s1)
    48ba:	0407f793          	andi	a5,a5,64
    48be:	ec079de3          	bnez	a5,4798 <_vfiprintf_r+0xfc>
    48c2:	5552                	lw	a0,52(sp)
    48c4:	bdd9                	j	479a <_vfiprintf_r+0xfe>
    48c6:	6691                	lui	a3,0x4
    48c8:	0878                	addi	a4,sp,28
    48ca:	65a68693          	addi	a3,a3,1626 # 465a <__sfputs_r>
    48ce:	8626                	mv	a2,s1
    48d0:	100c                	addi	a1,sp,32
    48d2:	854e                	mv	a0,s3
    48d4:	2231                	jal	49e0 <_printf_i>
    48d6:	bff1                	j	48b2 <_vfiprintf_r+0x216>

000048d8 <_printf_common>:
    48d8:	7179                	addi	sp,sp,-48
    48da:	ce4e                	sw	s3,28(sp)
    48dc:	499c                	lw	a5,16(a1)
    48de:	89ba                	mv	s3,a4
    48e0:	4598                	lw	a4,8(a1)
    48e2:	d422                	sw	s0,40(sp)
    48e4:	d04a                	sw	s2,32(sp)
    48e6:	c85a                	sw	s6,16(sp)
    48e8:	c65e                	sw	s7,12(sp)
    48ea:	d606                	sw	ra,44(sp)
    48ec:	d226                	sw	s1,36(sp)
    48ee:	cc52                	sw	s4,24(sp)
    48f0:	ca56                	sw	s5,20(sp)
    48f2:	0ae7e7b3          	max	a5,a5,a4
    48f6:	c21c                	sw	a5,0(a2)
    48f8:	0435c703          	lbu	a4,67(a1)
    48fc:	8b2a                	mv	s6,a0
    48fe:	842e                	mv	s0,a1
    4900:	8932                	mv	s2,a2
    4902:	8bb6                	mv	s7,a3
    4904:	c319                	beqz	a4,490a <_printf_common+0x32>
    4906:	0785                	addi	a5,a5,1
    4908:	c21c                	sw	a5,0(a2)
    490a:	401c                	lw	a5,0(s0)
    490c:	0207f793          	andi	a5,a5,32
    4910:	c791                	beqz	a5,491c <_printf_common+0x44>
    4912:	00092783          	lw	a5,0(s2)
    4916:	0789                	addi	a5,a5,2
    4918:	00f92023          	sw	a5,0(s2)
    491c:	4004                	lw	s1,0(s0)
    491e:	8899                	andi	s1,s1,6
    4920:	e891                	bnez	s1,4934 <_printf_common+0x5c>
    4922:	01940a13          	addi	s4,s0,25
    4926:	5afd                	li	s5,-1
    4928:	445c                	lw	a5,12(s0)
    492a:	00092703          	lw	a4,0(s2)
    492e:	8f99                	sub	a5,a5,a4
    4930:	04f4cb63          	blt	s1,a5,4986 <_printf_common+0xae>
    4934:	401c                	lw	a5,0(s0)
    4936:	04344683          	lbu	a3,67(s0)
    493a:	0207f793          	andi	a5,a5,32
    493e:	00d036b3          	snez	a3,a3
    4942:	e7bd                	bnez	a5,49b0 <_printf_common+0xd8>
    4944:	04340613          	addi	a2,s0,67
    4948:	85de                	mv	a1,s7
    494a:	855a                	mv	a0,s6
    494c:	9982                	jalr	s3
    494e:	57fd                	li	a5,-1
    4950:	04f50263          	beq	a0,a5,4994 <_printf_common+0xbc>
    4954:	401c                	lw	a5,0(s0)
    4956:	4711                	li	a4,4
    4958:	4481                	li	s1,0
    495a:	8b99                	andi	a5,a5,6
    495c:	00e79863          	bne	a5,a4,496c <_printf_common+0x94>
    4960:	4444                	lw	s1,12(s0)
    4962:	00092783          	lw	a5,0(s2)
    4966:	8c9d                	sub	s1,s1,a5
    4968:	0a04e4b3          	max	s1,s1,zero
    496c:	441c                	lw	a5,8(s0)
    496e:	4818                	lw	a4,16(s0)
    4970:	00f75463          	bge	a4,a5,4978 <_printf_common+0xa0>
    4974:	8f99                	sub	a5,a5,a4
    4976:	94be                	add	s1,s1,a5
    4978:	4901                	li	s2,0
    497a:	0469                	addi	s0,s0,26
    497c:	5a7d                	li	s4,-1
    497e:	05249863          	bne	s1,s2,49ce <_printf_common+0xf6>
    4982:	4501                	li	a0,0
    4984:	a809                	j	4996 <_printf_common+0xbe>
    4986:	4685                	li	a3,1
    4988:	8652                	mv	a2,s4
    498a:	85de                	mv	a1,s7
    498c:	855a                	mv	a0,s6
    498e:	9982                	jalr	s3
    4990:	01551e63          	bne	a0,s5,49ac <_printf_common+0xd4>
    4994:	557d                	li	a0,-1
    4996:	50b2                	lw	ra,44(sp)
    4998:	5422                	lw	s0,40(sp)
    499a:	5492                	lw	s1,36(sp)
    499c:	5902                	lw	s2,32(sp)
    499e:	49f2                	lw	s3,28(sp)
    49a0:	4a62                	lw	s4,24(sp)
    49a2:	4ad2                	lw	s5,20(sp)
    49a4:	4b42                	lw	s6,16(sp)
    49a6:	4bb2                	lw	s7,12(sp)
    49a8:	6145                	addi	sp,sp,48
    49aa:	8082                	ret
    49ac:	0485                	addi	s1,s1,1
    49ae:	bfad                	j	4928 <_printf_common+0x50>
    49b0:	00d40733          	add	a4,s0,a3
    49b4:	03000613          	li	a2,48
    49b8:	04c701a3          	sb	a2,67(a4)
    49bc:	04544703          	lbu	a4,69(s0)
    49c0:	00168793          	addi	a5,a3,1
    49c4:	97a2                	add	a5,a5,s0
    49c6:	0689                	addi	a3,a3,2
    49c8:	04e781a3          	sb	a4,67(a5)
    49cc:	bfa5                	j	4944 <_printf_common+0x6c>
    49ce:	4685                	li	a3,1
    49d0:	8622                	mv	a2,s0
    49d2:	85de                	mv	a1,s7
    49d4:	855a                	mv	a0,s6
    49d6:	9982                	jalr	s3
    49d8:	fb450ee3          	beq	a0,s4,4994 <_printf_common+0xbc>
    49dc:	0905                	addi	s2,s2,1
    49de:	b745                	j	497e <_printf_common+0xa6>

000049e0 <_printf_i>:
    49e0:	7139                	addi	sp,sp,-64
    49e2:	dc22                	sw	s0,56(sp)
    49e4:	da26                	sw	s1,52(sp)
    49e6:	d452                	sw	s4,40(sp)
    49e8:	d256                	sw	s5,36(sp)
    49ea:	de06                	sw	ra,60(sp)
    49ec:	d84a                	sw	s2,48(sp)
    49ee:	d64e                	sw	s3,44(sp)
    49f0:	2d9c                	lbu	a5,24(a1)
    49f2:	84b6                	mv	s1,a3
    49f4:	07800693          	li	a3,120
    49f8:	8a2a                	mv	s4,a0
    49fa:	842e                	mv	s0,a1
    49fc:	8ab2                	mv	s5,a2
    49fe:	00f6ee63          	bltu	a3,a5,4a1a <_printf_i+0x3a>
    4a02:	06200693          	li	a3,98
    4a06:	04358613          	addi	a2,a1,67
    4a0a:	00f6eb63          	bltu	a3,a5,4a20 <_printf_i+0x40>
    4a0e:	1a078663          	beqz	a5,4bba <_printf_i+0x1da>
    4a12:	05800693          	li	a3,88
    4a16:	16d78463          	beq	a5,a3,4b7e <_printf_i+0x19e>
    4a1a:	04240913          	addi	s2,s0,66
    4a1e:	a035                	j	4a4a <_printf_i+0x6a>
    4a20:	f9d78693          	addi	a3,a5,-99
    4a24:	0ff6f693          	zext.b	a3,a3
    4a28:	45d5                	li	a1,21
    4a2a:	fed5e8e3          	bltu	a1,a3,4a1a <_printf_i+0x3a>
    4a2e:	6595                	lui	a1,0x5
    4a30:	76858593          	addi	a1,a1,1896 # 5768 <__clz_tab+0x100>
    4a34:	20b6c6b3          	sh2add	a3,a3,a1
    4a38:	4294                	lw	a3,0(a3)
    4a3a:	8682                	jr	a3
    4a3c:	431c                	lw	a5,0(a4)
    4a3e:	04240913          	addi	s2,s0,66
    4a42:	00478693          	addi	a3,a5,4
    4a46:	439c                	lw	a5,0(a5)
    4a48:	c314                	sw	a3,0(a4)
    4a4a:	04f40123          	sb	a5,66(s0)
    4a4e:	4785                	li	a5,1
    4a50:	aa41                	j	4be0 <_printf_i+0x200>
    4a52:	401c                	lw	a5,0(s0)
    4a54:	4308                	lw	a0,0(a4)
    4a56:	0807f693          	andi	a3,a5,128
    4a5a:	00450593          	addi	a1,a0,4
    4a5e:	c285                	beqz	a3,4a7e <_printf_i+0x9e>
    4a60:	411c                	lw	a5,0(a0)
    4a62:	c30c                	sw	a1,0(a4)
    4a64:	6695                	lui	a3,0x5
    4a66:	0007d863          	bgez	a5,4a76 <_printf_i+0x96>
    4a6a:	02d00713          	li	a4,45
    4a6e:	40f007b3          	neg	a5,a5
    4a72:	04e401a3          	sb	a4,67(s0)
    4a76:	5e068693          	addi	a3,a3,1504 # 55e0 <_read+0x406>
    4a7a:	4729                	li	a4,10
    4a7c:	a089                	j	4abe <_printf_i+0xde>
    4a7e:	0407f693          	andi	a3,a5,64
    4a82:	411c                	lw	a5,0(a0)
    4a84:	c30c                	sw	a1,0(a4)
    4a86:	def9                	beqz	a3,4a64 <_printf_i+0x84>
    4a88:	60579793          	sext.h	a5,a5
    4a8c:	bfe1                	j	4a64 <_printf_i+0x84>
    4a8e:	400c                	lw	a1,0(s0)
    4a90:	4314                	lw	a3,0(a4)
    4a92:	0805f513          	andi	a0,a1,128
    4a96:	429c                	lw	a5,0(a3)
    4a98:	0691                	addi	a3,a3,4
    4a9a:	e511                	bnez	a0,4aa6 <_printf_i+0xc6>
    4a9c:	0405f593          	andi	a1,a1,64
    4aa0:	c199                	beqz	a1,4aa6 <_printf_i+0xc6>
    4aa2:	0807c7b3          	zext.h	a5,a5
    4aa6:	c314                	sw	a3,0(a4)
    4aa8:	2c0c                	lbu	a1,24(s0)
    4aaa:	6695                	lui	a3,0x5
    4aac:	06f00713          	li	a4,111
    4ab0:	5e068693          	addi	a3,a3,1504 # 55e0 <_read+0x406>
    4ab4:	0ce59e63          	bne	a1,a4,4b90 <_printf_i+0x1b0>
    4ab8:	4721                	li	a4,8
    4aba:	040401a3          	sb	zero,67(s0)
    4abe:	404c                	lw	a1,4(s0)
    4ac0:	c40c                	sw	a1,8(s0)
    4ac2:	0005c863          	bltz	a1,4ad2 <_printf_i+0xf2>
    4ac6:	4008                	lw	a0,0(s0)
    4ac8:	8ddd                	or	a1,a1,a5
    4aca:	8932                	mv	s2,a2
    4acc:	996d                	andi	a0,a0,-5
    4ace:	c008                	sw	a0,0(s0)
    4ad0:	cd91                	beqz	a1,4aec <_printf_i+0x10c>
    4ad2:	8932                	mv	s2,a2
    4ad4:	02e7f5b3          	remu	a1,a5,a4
    4ad8:	197d                	addi	s2,s2,-1
    4ada:	95b6                	add	a1,a1,a3
    4adc:	218c                	lbu	a1,0(a1)
    4ade:	00b90023          	sb	a1,0(s2)
    4ae2:	85be                	mv	a1,a5
    4ae4:	02e7d7b3          	divu	a5,a5,a4
    4ae8:	fee5f6e3          	bgeu	a1,a4,4ad4 <_printf_i+0xf4>
    4aec:	47a1                	li	a5,8
    4aee:	00f71e63          	bne	a4,a5,4b0a <_printf_i+0x12a>
    4af2:	401c                	lw	a5,0(s0)
    4af4:	8b85                	andi	a5,a5,1
    4af6:	cb91                	beqz	a5,4b0a <_printf_i+0x12a>
    4af8:	4058                	lw	a4,4(s0)
    4afa:	481c                	lw	a5,16(s0)
    4afc:	00e7c763          	blt	a5,a4,4b0a <_printf_i+0x12a>
    4b00:	03000793          	li	a5,48
    4b04:	fef90fa3          	sb	a5,-1(s2)
    4b08:	197d                	addi	s2,s2,-1
    4b0a:	41260633          	sub	a2,a2,s2
    4b0e:	c810                	sw	a2,16(s0)
    4b10:	8726                	mv	a4,s1
    4b12:	86d6                	mv	a3,s5
    4b14:	0870                	addi	a2,sp,28
    4b16:	85a2                	mv	a1,s0
    4b18:	8552                	mv	a0,s4
    4b1a:	dbfff0ef          	jal	48d8 <_printf_common>
    4b1e:	59fd                	li	s3,-1
    4b20:	0d351463          	bne	a0,s3,4be8 <_printf_i+0x208>
    4b24:	557d                	li	a0,-1
    4b26:	50f2                	lw	ra,60(sp)
    4b28:	5462                	lw	s0,56(sp)
    4b2a:	54d2                	lw	s1,52(sp)
    4b2c:	5942                	lw	s2,48(sp)
    4b2e:	59b2                	lw	s3,44(sp)
    4b30:	5a22                	lw	s4,40(sp)
    4b32:	5a92                	lw	s5,36(sp)
    4b34:	6121                	addi	sp,sp,64
    4b36:	8082                	ret
    4b38:	401c                	lw	a5,0(s0)
    4b3a:	0207e793          	ori	a5,a5,32
    4b3e:	c01c                	sw	a5,0(s0)
    4b40:	6695                	lui	a3,0x5
    4b42:	07800793          	li	a5,120
    4b46:	5f468693          	addi	a3,a3,1524 # 55f4 <_read+0x41a>
    4b4a:	04f402a3          	sb	a5,69(s0)
    4b4e:	400c                	lw	a1,0(s0)
    4b50:	4308                	lw	a0,0(a4)
    4b52:	0805f813          	andi	a6,a1,128
    4b56:	411c                	lw	a5,0(a0)
    4b58:	0511                	addi	a0,a0,4
    4b5a:	00081863          	bnez	a6,4b6a <_printf_i+0x18a>
    4b5e:	0405f813          	andi	a6,a1,64
    4b62:	00080463          	beqz	a6,4b6a <_printf_i+0x18a>
    4b66:	0807c7b3          	zext.h	a5,a5
    4b6a:	c308                	sw	a0,0(a4)
    4b6c:	0015f713          	andi	a4,a1,1
    4b70:	c701                	beqz	a4,4b78 <_printf_i+0x198>
    4b72:	0205e593          	ori	a1,a1,32
    4b76:	c00c                	sw	a1,0(s0)
    4b78:	c799                	beqz	a5,4b86 <_printf_i+0x1a6>
    4b7a:	4741                	li	a4,16
    4b7c:	bf3d                	j	4aba <_printf_i+0xda>
    4b7e:	6695                	lui	a3,0x5
    4b80:	5e068693          	addi	a3,a3,1504 # 55e0 <_read+0x406>
    4b84:	b7d9                	j	4b4a <_printf_i+0x16a>
    4b86:	4018                	lw	a4,0(s0)
    4b88:	fdf77713          	andi	a4,a4,-33
    4b8c:	c018                	sw	a4,0(s0)
    4b8e:	b7f5                	j	4b7a <_printf_i+0x19a>
    4b90:	4729                	li	a4,10
    4b92:	b725                	j	4aba <_printf_i+0xda>
    4b94:	4014                	lw	a3,0(s0)
    4b96:	431c                	lw	a5,0(a4)
    4b98:	484c                	lw	a1,20(s0)
    4b9a:	0806f813          	andi	a6,a3,128
    4b9e:	00478513          	addi	a0,a5,4
    4ba2:	00080663          	beqz	a6,4bae <_printf_i+0x1ce>
    4ba6:	c308                	sw	a0,0(a4)
    4ba8:	439c                	lw	a5,0(a5)
    4baa:	c38c                	sw	a1,0(a5)
    4bac:	a039                	j	4bba <_printf_i+0x1da>
    4bae:	c308                	sw	a0,0(a4)
    4bb0:	0406f693          	andi	a3,a3,64
    4bb4:	439c                	lw	a5,0(a5)
    4bb6:	daf5                	beqz	a3,4baa <_printf_i+0x1ca>
    4bb8:	a38e                	sh	a1,0(a5)
    4bba:	00042823          	sw	zero,16(s0)
    4bbe:	8932                	mv	s2,a2
    4bc0:	bf81                	j	4b10 <_printf_i+0x130>
    4bc2:	431c                	lw	a5,0(a4)
    4bc4:	4050                	lw	a2,4(s0)
    4bc6:	4581                	li	a1,0
    4bc8:	00478693          	addi	a3,a5,4
    4bcc:	c314                	sw	a3,0(a4)
    4bce:	0007a903          	lw	s2,0(a5)
    4bd2:	854a                	mv	a0,s2
    4bd4:	2159                	jal	505a <memchr>
    4bd6:	c501                	beqz	a0,4bde <_printf_i+0x1fe>
    4bd8:	41250533          	sub	a0,a0,s2
    4bdc:	c048                	sw	a0,4(s0)
    4bde:	405c                	lw	a5,4(s0)
    4be0:	c81c                	sw	a5,16(s0)
    4be2:	040401a3          	sb	zero,67(s0)
    4be6:	b72d                	j	4b10 <_printf_i+0x130>
    4be8:	4814                	lw	a3,16(s0)
    4bea:	864a                	mv	a2,s2
    4bec:	85d6                	mv	a1,s5
    4bee:	8552                	mv	a0,s4
    4bf0:	9482                	jalr	s1
    4bf2:	f33509e3          	beq	a0,s3,4b24 <_printf_i+0x144>
    4bf6:	401c                	lw	a5,0(s0)
    4bf8:	8b89                	andi	a5,a5,2
    4bfa:	e78d                	bnez	a5,4c24 <_printf_i+0x244>
    4bfc:	4448                	lw	a0,12(s0)
    4bfe:	47f2                	lw	a5,28(sp)
    4c00:	0af56533          	max	a0,a0,a5
    4c04:	b70d                	j	4b26 <_printf_i+0x146>
    4c06:	4685                	li	a3,1
    4c08:	85d6                	mv	a1,s5
    4c0a:	8552                	mv	a0,s4
    4c0c:	c632                	sw	a2,12(sp)
    4c0e:	9482                	jalr	s1
    4c10:	f1350ae3          	beq	a0,s3,4b24 <_printf_i+0x144>
    4c14:	4632                	lw	a2,12(sp)
    4c16:	0905                	addi	s2,s2,1
    4c18:	445c                	lw	a5,12(s0)
    4c1a:	4772                	lw	a4,28(sp)
    4c1c:	8f99                	sub	a5,a5,a4
    4c1e:	fef944e3          	blt	s2,a5,4c06 <_printf_i+0x226>
    4c22:	bfe9                	j	4bfc <_printf_i+0x21c>
    4c24:	4901                	li	s2,0
    4c26:	01940613          	addi	a2,s0,25
    4c2a:	b7fd                	j	4c18 <_printf_i+0x238>

00004c2c <__sflush_r>:
    4c2c:	00c59783          	lh	a5,12(a1)
    4c30:	1101                	addi	sp,sp,-32
    4c32:	cc22                	sw	s0,24(sp)
    4c34:	ca26                	sw	s1,20(sp)
    4c36:	ce06                	sw	ra,28(sp)
    4c38:	c84a                	sw	s2,16(sp)
    4c3a:	0087f713          	andi	a4,a5,8
    4c3e:	84aa                	mv	s1,a0
    4c40:	842e                	mv	s0,a1
    4c42:	ef5d                	bnez	a4,4d00 <__sflush_r+0xd4>
    4c44:	41d8                	lw	a4,4(a1)
    4c46:	00e04563          	bgtz	a4,4c50 <__sflush_r+0x24>
    4c4a:	41b8                	lw	a4,64(a1)
    4c4c:	0ae05863          	blez	a4,4cfc <__sflush_r+0xd0>
    4c50:	5458                	lw	a4,44(s0)
    4c52:	c74d                	beqz	a4,4cfc <__sflush_r+0xd0>
    4c54:	0004a903          	lw	s2,0(s1)
    4c58:	01379693          	slli	a3,a5,0x13
    4c5c:	0004a023          	sw	zero,0(s1)
    4c60:	0606dc63          	bgez	a3,4cd8 <__sflush_r+0xac>
    4c64:	4870                	lw	a2,84(s0)
    4c66:	245e                	lhu	a5,12(s0)
    4c68:	8b91                	andi	a5,a5,4
    4c6a:	c799                	beqz	a5,4c78 <__sflush_r+0x4c>
    4c6c:	405c                	lw	a5,4(s0)
    4c6e:	8e1d                	sub	a2,a2,a5
    4c70:	585c                	lw	a5,52(s0)
    4c72:	c399                	beqz	a5,4c78 <__sflush_r+0x4c>
    4c74:	403c                	lw	a5,64(s0)
    4c76:	8e1d                	sub	a2,a2,a5
    4c78:	545c                	lw	a5,44(s0)
    4c7a:	500c                	lw	a1,32(s0)
    4c7c:	4681                	li	a3,0
    4c7e:	8526                	mv	a0,s1
    4c80:	9782                	jalr	a5
    4c82:	577d                	li	a4,-1
    4c84:	00c41783          	lh	a5,12(s0)
    4c88:	00e51c63          	bne	a0,a4,4ca0 <__sflush_r+0x74>
    4c8c:	4094                	lw	a3,0(s1)
    4c8e:	4775                	li	a4,29
    4c90:	08d76f63          	bltu	a4,a3,4d2e <__sflush_r+0x102>
    4c94:	20400737          	lui	a4,0x20400
    4c98:	0705                	addi	a4,a4,1 # 20400001 <_eusrstack+0x3de001>
    4c9a:	48d75633          	bext	a2,a4,a3
    4c9e:	ca41                	beqz	a2,4d2e <__sflush_r+0x102>
    4ca0:	4818                	lw	a4,16(s0)
    4ca2:	00042223          	sw	zero,4(s0)
    4ca6:	c018                	sw	a4,0(s0)
    4ca8:	01379713          	slli	a4,a5,0x13
    4cac:	00075863          	bgez	a4,4cbc <__sflush_r+0x90>
    4cb0:	57fd                	li	a5,-1
    4cb2:	00f51463          	bne	a0,a5,4cba <__sflush_r+0x8e>
    4cb6:	409c                	lw	a5,0(s1)
    4cb8:	e391                	bnez	a5,4cbc <__sflush_r+0x90>
    4cba:	c868                	sw	a0,84(s0)
    4cbc:	584c                	lw	a1,52(s0)
    4cbe:	0124a023          	sw	s2,0(s1)
    4cc2:	cd8d                	beqz	a1,4cfc <__sflush_r+0xd0>
    4cc4:	04440793          	addi	a5,s0,68
    4cc8:	00f58563          	beq	a1,a5,4cd2 <__sflush_r+0xa6>
    4ccc:	8526                	mv	a0,s1
    4cce:	f56ff0ef          	jal	4424 <_free_r>
    4cd2:	02042a23          	sw	zero,52(s0)
    4cd6:	a01d                	j	4cfc <__sflush_r+0xd0>
    4cd8:	500c                	lw	a1,32(s0)
    4cda:	4601                	li	a2,0
    4cdc:	4685                	li	a3,1
    4cde:	8526                	mv	a0,s1
    4ce0:	9702                	jalr	a4
    4ce2:	57fd                	li	a5,-1
    4ce4:	862a                	mv	a2,a0
    4ce6:	f8f510e3          	bne	a0,a5,4c66 <__sflush_r+0x3a>
    4cea:	409c                	lw	a5,0(s1)
    4cec:	dfad                	beqz	a5,4c66 <__sflush_r+0x3a>
    4cee:	fe378713          	addi	a4,a5,-29
    4cf2:	c319                	beqz	a4,4cf8 <__sflush_r+0xcc>
    4cf4:	17a9                	addi	a5,a5,-22
    4cf6:	eb9d                	bnez	a5,4d2c <__sflush_r+0x100>
    4cf8:	0124a023          	sw	s2,0(s1)
    4cfc:	4501                	li	a0,0
    4cfe:	a825                	j	4d36 <__sflush_r+0x10a>
    4d00:	4990                	lw	a2,16(a1)
    4d02:	de6d                	beqz	a2,4cfc <__sflush_r+0xd0>
    4d04:	4194                	lw	a3,0(a1)
    4d06:	8b8d                	andi	a5,a5,3
    4d08:	c190                	sw	a2,0(a1)
    4d0a:	40c68933          	sub	s2,a3,a2
    4d0e:	4701                	li	a4,0
    4d10:	e391                	bnez	a5,4d14 <__sflush_r+0xe8>
    4d12:	49d8                	lw	a4,20(a1)
    4d14:	c418                	sw	a4,8(s0)
    4d16:	ff2053e3          	blez	s2,4cfc <__sflush_r+0xd0>
    4d1a:	541c                	lw	a5,40(s0)
    4d1c:	500c                	lw	a1,32(s0)
    4d1e:	86ca                	mv	a3,s2
    4d20:	8526                	mv	a0,s1
    4d22:	c632                	sw	a2,12(sp)
    4d24:	9782                	jalr	a5
    4d26:	4632                	lw	a2,12(sp)
    4d28:	00a04d63          	bgtz	a0,4d42 <__sflush_r+0x116>
    4d2c:	245e                	lhu	a5,12(s0)
    4d2e:	0407e793          	ori	a5,a5,64
    4d32:	a45e                	sh	a5,12(s0)
    4d34:	557d                	li	a0,-1
    4d36:	40f2                	lw	ra,28(sp)
    4d38:	4462                	lw	s0,24(sp)
    4d3a:	44d2                	lw	s1,20(sp)
    4d3c:	4942                	lw	s2,16(sp)
    4d3e:	6105                	addi	sp,sp,32
    4d40:	8082                	ret
    4d42:	962a                	add	a2,a2,a0
    4d44:	40a90933          	sub	s2,s2,a0
    4d48:	b7f9                	j	4d16 <__sflush_r+0xea>

00004d4a <_fflush_r>:
    4d4a:	499c                	lw	a5,16(a1)
    4d4c:	cb8d                	beqz	a5,4d7e <_fflush_r+0x34>
    4d4e:	1101                	addi	sp,sp,-32
    4d50:	cc22                	sw	s0,24(sp)
    4d52:	ce06                	sw	ra,28(sp)
    4d54:	842a                	mv	s0,a0
    4d56:	c511                	beqz	a0,4d62 <_fflush_r+0x18>
    4d58:	511c                	lw	a5,32(a0)
    4d5a:	e781                	bnez	a5,4d62 <_fflush_r+0x18>
    4d5c:	c62e                	sw	a1,12(sp)
    4d5e:	2a11                	jal	4e72 <__sinit>
    4d60:	45b2                	lw	a1,12(sp)
    4d62:	00c59783          	lh	a5,12(a1)
    4d66:	c799                	beqz	a5,4d74 <_fflush_r+0x2a>
    4d68:	8522                	mv	a0,s0
    4d6a:	4462                	lw	s0,24(sp)
    4d6c:	40f2                	lw	ra,28(sp)
    4d6e:	6105                	addi	sp,sp,32
    4d70:	ebdff06f          	j	4c2c <__sflush_r>
    4d74:	40f2                	lw	ra,28(sp)
    4d76:	4462                	lw	s0,24(sp)
    4d78:	4501                	li	a0,0
    4d7a:	6105                	addi	sp,sp,32
    4d7c:	8082                	ret
    4d7e:	4501                	li	a0,0
    4d80:	8082                	ret

00004d82 <std>:
    4d82:	1141                	addi	sp,sp,-16
    4d84:	c422                	sw	s0,8(sp)
    4d86:	c606                	sw	ra,12(sp)
    4d88:	842a                	mv	s0,a0
    4d8a:	a54e                	sh	a1,12(a0)
    4d8c:	a572                	sh	a2,14(a0)
    4d8e:	00052023          	sw	zero,0(a0)
    4d92:	00052223          	sw	zero,4(a0)
    4d96:	00052423          	sw	zero,8(a0)
    4d9a:	06052223          	sw	zero,100(a0)
    4d9e:	00052823          	sw	zero,16(a0)
    4da2:	00052a23          	sw	zero,20(a0)
    4da6:	00052c23          	sw	zero,24(a0)
    4daa:	4621                	li	a2,8
    4dac:	4581                	li	a1,0
    4dae:	05c50513          	addi	a0,a0,92
    4db2:	c56fb0ef          	jal	208 <memset>
    4db6:	6795                	lui	a5,0x5
    4db8:	fb478793          	addi	a5,a5,-76 # 4fb4 <__sread>
    4dbc:	d05c                	sw	a5,36(s0)
    4dbe:	6795                	lui	a5,0x5
    4dc0:	fde78793          	addi	a5,a5,-34 # 4fde <__swrite>
    4dc4:	d41c                	sw	a5,40(s0)
    4dc6:	6795                	lui	a5,0x5
    4dc8:	02478793          	addi	a5,a5,36 # 5024 <__sseek>
    4dcc:	d45c                	sw	a5,44(s0)
    4dce:	6795                	lui	a5,0x5
    4dd0:	05478793          	addi	a5,a5,84 # 5054 <__sclose>
    4dd4:	40b2                	lw	ra,12(sp)
    4dd6:	d000                	sw	s0,32(s0)
    4dd8:	d81c                	sw	a5,48(s0)
    4dda:	4422                	lw	s0,8(sp)
    4ddc:	0141                	addi	sp,sp,16
    4dde:	8082                	ret

00004de0 <stdio_exit_handler>:
    4de0:	20000637          	lui	a2,0x20000
    4de4:	6595                	lui	a1,0x5
    4de6:	20000537          	lui	a0,0x20000
    4dea:	44c60613          	addi	a2,a2,1100 # 2000044c <__sglue>
    4dee:	d4a58593          	addi	a1,a1,-694 # 4d4a <_fflush_r>
    4df2:	40050513          	addi	a0,a0,1024 # 20000400 <_impure_data>
    4df6:	a851                	j	4e8a <_fwalk_sglue>

00004df8 <cleanup_stdio>:
    4df8:	414c                	lw	a1,4(a0)
    4dfa:	1141                	addi	sp,sp,-16
    4dfc:	c422                	sw	s0,8(sp)
    4dfe:	c606                	sw	ra,12(sp)
    4e00:	d5818793          	addi	a5,gp,-680 # 200009b0 <__sf>
    4e04:	842a                	mv	s0,a0
    4e06:	00f58463          	beq	a1,a5,4e0e <cleanup_stdio+0x16>
    4e0a:	f41ff0ef          	jal	4d4a <_fflush_r>
    4e0e:	440c                	lw	a1,8(s0)
    4e10:	dc018793          	addi	a5,gp,-576 # 20000a18 <__sf+0x68>
    4e14:	00f58563          	beq	a1,a5,4e1e <cleanup_stdio+0x26>
    4e18:	8522                	mv	a0,s0
    4e1a:	f31ff0ef          	jal	4d4a <_fflush_r>
    4e1e:	444c                	lw	a1,12(s0)
    4e20:	e2818793          	addi	a5,gp,-472 # 20000a80 <__sf+0xd0>
    4e24:	00f58863          	beq	a1,a5,4e34 <cleanup_stdio+0x3c>
    4e28:	8522                	mv	a0,s0
    4e2a:	4422                	lw	s0,8(sp)
    4e2c:	40b2                	lw	ra,12(sp)
    4e2e:	0141                	addi	sp,sp,16
    4e30:	f1bff06f          	j	4d4a <_fflush_r>
    4e34:	40b2                	lw	ra,12(sp)
    4e36:	4422                	lw	s0,8(sp)
    4e38:	0141                	addi	sp,sp,16
    4e3a:	8082                	ret

00004e3c <global_stdio_init.part.0>:
    4e3c:	6795                	lui	a5,0x5
    4e3e:	1141                	addi	sp,sp,-16
    4e40:	de078793          	addi	a5,a5,-544 # 4de0 <stdio_exit_handler>
    4e44:	4601                	li	a2,0
    4e46:	4591                	li	a1,4
    4e48:	d5818513          	addi	a0,gp,-680 # 200009b0 <__sf>
    4e4c:	c606                	sw	ra,12(sp)
    4e4e:	84f1a823          	sw	a5,-1968(gp) # 200004a8 <__stdio_exit_handler>
    4e52:	f31ff0ef          	jal	4d82 <std>
    4e56:	4605                	li	a2,1
    4e58:	45a5                	li	a1,9
    4e5a:	dc018513          	addi	a0,gp,-576 # 20000a18 <__sf+0x68>
    4e5e:	f25ff0ef          	jal	4d82 <std>
    4e62:	40b2                	lw	ra,12(sp)
    4e64:	4609                	li	a2,2
    4e66:	45c9                	li	a1,18
    4e68:	e2818513          	addi	a0,gp,-472 # 20000a80 <__sf+0xd0>
    4e6c:	0141                	addi	sp,sp,16
    4e6e:	f15ff06f          	j	4d82 <std>

00004e72 <__sinit>:
    4e72:	511c                	lw	a5,32(a0)
    4e74:	eb91                	bnez	a5,4e88 <__sinit+0x16>
    4e76:	6795                	lui	a5,0x5
    4e78:	df878793          	addi	a5,a5,-520 # 4df8 <cleanup_stdio>
    4e7c:	d11c                	sw	a5,32(a0)
    4e7e:	8501a783          	lw	a5,-1968(gp) # 200004a8 <__stdio_exit_handler>
    4e82:	e399                	bnez	a5,4e88 <__sinit+0x16>
    4e84:	fb9ff06f          	j	4e3c <global_stdio_init.part.0>
    4e88:	8082                	ret

00004e8a <_fwalk_sglue>:
    4e8a:	7179                	addi	sp,sp,-48
    4e8c:	d422                	sw	s0,40(sp)
    4e8e:	d04a                	sw	s2,32(sp)
    4e90:	ce4e                	sw	s3,28(sp)
    4e92:	cc52                	sw	s4,24(sp)
    4e94:	ca56                	sw	s5,20(sp)
    4e96:	d606                	sw	ra,44(sp)
    4e98:	d226                	sw	s1,36(sp)
    4e9a:	8a2a                	mv	s4,a0
    4e9c:	8aae                	mv	s5,a1
    4e9e:	4401                	li	s0,0
    4ea0:	4905                	li	s2,1
    4ea2:	59fd                	li	s3,-1
    4ea4:	460c                	lw	a1,8(a2)
    4ea6:	4244                	lw	s1,4(a2)
    4ea8:	14fd                	addi	s1,s1,-1
    4eaa:	0004de63          	bgez	s1,4ec6 <_fwalk_sglue+0x3c>
    4eae:	4210                	lw	a2,0(a2)
    4eb0:	fa75                	bnez	a2,4ea4 <_fwalk_sglue+0x1a>
    4eb2:	50b2                	lw	ra,44(sp)
    4eb4:	8522                	mv	a0,s0
    4eb6:	5422                	lw	s0,40(sp)
    4eb8:	5492                	lw	s1,36(sp)
    4eba:	5902                	lw	s2,32(sp)
    4ebc:	49f2                	lw	s3,28(sp)
    4ebe:	4a62                	lw	s4,24(sp)
    4ec0:	4ad2                	lw	s5,20(sp)
    4ec2:	6145                	addi	sp,sp,48
    4ec4:	8082                	ret
    4ec6:	25de                	lhu	a5,12(a1)
    4ec8:	00f97d63          	bgeu	s2,a5,4ee2 <_fwalk_sglue+0x58>
    4ecc:	00e59783          	lh	a5,14(a1)
    4ed0:	01378963          	beq	a5,s3,4ee2 <_fwalk_sglue+0x58>
    4ed4:	8552                	mv	a0,s4
    4ed6:	c632                	sw	a2,12(sp)
    4ed8:	c42e                	sw	a1,8(sp)
    4eda:	9a82                	jalr	s5
    4edc:	4632                	lw	a2,12(sp)
    4ede:	45a2                	lw	a1,8(sp)
    4ee0:	8c49                	or	s0,s0,a0
    4ee2:	06858593          	addi	a1,a1,104
    4ee6:	b7c9                	j	4ea8 <_fwalk_sglue+0x1e>

00004ee8 <__swhatbuf_r>:
    4ee8:	7119                	addi	sp,sp,-128
    4eea:	dca2                	sw	s0,120(sp)
    4eec:	842e                	mv	s0,a1
    4eee:	00e59583          	lh	a1,14(a1)
    4ef2:	daa6                	sw	s1,116(sp)
    4ef4:	de86                	sw	ra,124(sp)
    4ef6:	84b2                	mv	s1,a2
    4ef8:	0205d063          	bgez	a1,4f18 <__swhatbuf_r+0x30>
    4efc:	245e                	lhu	a5,12(s0)
    4efe:	0807f793          	andi	a5,a5,128
    4f02:	eb8d                	bnez	a5,4f34 <__swhatbuf_r+0x4c>
    4f04:	40000713          	li	a4,1024
    4f08:	50f6                	lw	ra,124(sp)
    4f0a:	5466                	lw	s0,120(sp)
    4f0c:	c29c                	sw	a5,0(a3)
    4f0e:	c098                	sw	a4,0(s1)
    4f10:	4501                	li	a0,0
    4f12:	54d6                	lw	s1,116(sp)
    4f14:	6109                	addi	sp,sp,128
    4f16:	8082                	ret
    4f18:	0830                	addi	a2,sp,24
    4f1a:	c636                	sw	a3,12(sp)
    4f1c:	2241                	jal	509c <_fstat_r>
    4f1e:	46b2                	lw	a3,12(sp)
    4f20:	fc054ee3          	bltz	a0,4efc <__swhatbuf_r+0x14>
    4f24:	47f2                	lw	a5,28(sp)
    4f26:	673d                	lui	a4,0xf
    4f28:	8ff9                	and	a5,a5,a4
    4f2a:	7779                	lui	a4,0xffffe
    4f2c:	97ba                	add	a5,a5,a4
    4f2e:	0017b793          	seqz	a5,a5
    4f32:	bfc9                	j	4f04 <__swhatbuf_r+0x1c>
    4f34:	4781                	li	a5,0
    4f36:	04000713          	li	a4,64
    4f3a:	b7f9                	j	4f08 <__swhatbuf_r+0x20>

00004f3c <__smakebuf_r>:
    4f3c:	25de                	lhu	a5,12(a1)
    4f3e:	7179                	addi	sp,sp,-48
    4f40:	d422                	sw	s0,40(sp)
    4f42:	d606                	sw	ra,44(sp)
    4f44:	d226                	sw	s1,36(sp)
    4f46:	8b89                	andi	a5,a5,2
    4f48:	842e                	mv	s0,a1
    4f4a:	cf81                	beqz	a5,4f62 <__smakebuf_r+0x26>
    4f4c:	04740793          	addi	a5,s0,71
    4f50:	c01c                	sw	a5,0(s0)
    4f52:	c81c                	sw	a5,16(s0)
    4f54:	4785                	li	a5,1
    4f56:	c85c                	sw	a5,20(s0)
    4f58:	50b2                	lw	ra,44(sp)
    4f5a:	5422                	lw	s0,40(sp)
    4f5c:	5492                	lw	s1,36(sp)
    4f5e:	6145                	addi	sp,sp,48
    4f60:	8082                	ret
    4f62:	0874                	addi	a3,sp,28
    4f64:	0830                	addi	a2,sp,24
    4f66:	84aa                	mv	s1,a0
    4f68:	f81ff0ef          	jal	4ee8 <__swhatbuf_r>
    4f6c:	45e2                	lw	a1,24(sp)
    4f6e:	8526                	mv	a0,s1
    4f70:	c62e                	sw	a1,12(sp)
    4f72:	da6ff0ef          	jal	4518 <_malloc_r>
    4f76:	00c41783          	lh	a5,12(s0)
    4f7a:	45b2                	lw	a1,12(sp)
    4f7c:	e909                	bnez	a0,4f8e <__smakebuf_r+0x52>
    4f7e:	2007f713          	andi	a4,a5,512
    4f82:	fb79                	bnez	a4,4f58 <__smakebuf_r+0x1c>
    4f84:	9bf1                	andi	a5,a5,-4
    4f86:	0027e793          	ori	a5,a5,2
    4f8a:	a45e                	sh	a5,12(s0)
    4f8c:	b7c1                	j	4f4c <__smakebuf_r+0x10>
    4f8e:	0807e793          	ori	a5,a5,128
    4f92:	a45e                	sh	a5,12(s0)
    4f94:	47f2                	lw	a5,28(sp)
    4f96:	c008                	sw	a0,0(s0)
    4f98:	c808                	sw	a0,16(s0)
    4f9a:	c84c                	sw	a1,20(s0)
    4f9c:	dfd5                	beqz	a5,4f58 <__smakebuf_r+0x1c>
    4f9e:	00e41583          	lh	a1,14(s0)
    4fa2:	8526                	mv	a0,s1
    4fa4:	2215                	jal	50c8 <_isatty_r>
    4fa6:	d94d                	beqz	a0,4f58 <__smakebuf_r+0x1c>
    4fa8:	245e                	lhu	a5,12(s0)
    4faa:	9bf1                	andi	a5,a5,-4
    4fac:	0017e793          	ori	a5,a5,1
    4fb0:	a45e                	sh	a5,12(s0)
    4fb2:	b75d                	j	4f58 <__smakebuf_r+0x1c>

00004fb4 <__sread>:
    4fb4:	1141                	addi	sp,sp,-16
    4fb6:	c422                	sw	s0,8(sp)
    4fb8:	842e                	mv	s0,a1
    4fba:	00e59583          	lh	a1,14(a1)
    4fbe:	c606                	sw	ra,12(sp)
    4fc0:	2285                	jal	5120 <_read_r>
    4fc2:	00054963          	bltz	a0,4fd4 <__sread+0x20>
    4fc6:	487c                	lw	a5,84(s0)
    4fc8:	97aa                	add	a5,a5,a0
    4fca:	c87c                	sw	a5,84(s0)
    4fcc:	40b2                	lw	ra,12(sp)
    4fce:	4422                	lw	s0,8(sp)
    4fd0:	0141                	addi	sp,sp,16
    4fd2:	8082                	ret
    4fd4:	245e                	lhu	a5,12(s0)
    4fd6:	48c79793          	bclri	a5,a5,0xc
    4fda:	a45e                	sh	a5,12(s0)
    4fdc:	bfc5                	j	4fcc <__sread+0x18>

00004fde <__swrite>:
    4fde:	25de                	lhu	a5,12(a1)
    4fe0:	1101                	addi	sp,sp,-32
    4fe2:	cc22                	sw	s0,24(sp)
    4fe4:	ca26                	sw	s1,20(sp)
    4fe6:	c84a                	sw	s2,16(sp)
    4fe8:	c64e                	sw	s3,12(sp)
    4fea:	ce06                	sw	ra,28(sp)
    4fec:	1007f793          	andi	a5,a5,256
    4ff0:	84aa                	mv	s1,a0
    4ff2:	842e                	mv	s0,a1
    4ff4:	8932                	mv	s2,a2
    4ff6:	89b6                	mv	s3,a3
    4ff8:	c791                	beqz	a5,5004 <__swrite+0x26>
    4ffa:	00e59583          	lh	a1,14(a1)
    4ffe:	4689                	li	a3,2
    5000:	4601                	li	a2,0
    5002:	28c5                	jal	50f2 <_lseek_r>
    5004:	245e                	lhu	a5,12(s0)
    5006:	00e41583          	lh	a1,14(s0)
    500a:	40f2                	lw	ra,28(sp)
    500c:	48c79793          	bclri	a5,a5,0xc
    5010:	a45e                	sh	a5,12(s0)
    5012:	4462                	lw	s0,24(sp)
    5014:	86ce                	mv	a3,s3
    5016:	864a                	mv	a2,s2
    5018:	49b2                	lw	s3,12(sp)
    501a:	4942                	lw	s2,16(sp)
    501c:	8526                	mv	a0,s1
    501e:	44d2                	lw	s1,20(sp)
    5020:	6105                	addi	sp,sp,32
    5022:	aaa1                	j	517a <_write_r>

00005024 <__sseek>:
    5024:	1141                	addi	sp,sp,-16
    5026:	c422                	sw	s0,8(sp)
    5028:	842e                	mv	s0,a1
    502a:	00e59583          	lh	a1,14(a1)
    502e:	c606                	sw	ra,12(sp)
    5030:	20c9                	jal	50f2 <_lseek_r>
    5032:	577d                	li	a4,-1
    5034:	00c41783          	lh	a5,12(s0)
    5038:	00e51963          	bne	a0,a4,504a <__sseek+0x26>
    503c:	48c79793          	bclri	a5,a5,0xc
    5040:	a45e                	sh	a5,12(s0)
    5042:	40b2                	lw	ra,12(sp)
    5044:	4422                	lw	s0,8(sp)
    5046:	0141                	addi	sp,sp,16
    5048:	8082                	ret
    504a:	28c79793          	bseti	a5,a5,0xc
    504e:	a45e                	sh	a5,12(s0)
    5050:	c868                	sw	a0,84(s0)
    5052:	bfc5                	j	5042 <__sseek+0x1e>

00005054 <__sclose>:
    5054:	00e59583          	lh	a1,14(a1)
    5058:	a829                	j	5072 <_close_r>

0000505a <memchr>:
    505a:	0ff5f593          	zext.b	a1,a1
    505e:	962a                	add	a2,a2,a0
    5060:	00c51463          	bne	a0,a2,5068 <memchr+0xe>
    5064:	4501                	li	a0,0
    5066:	8082                	ret
    5068:	211c                	lbu	a5,0(a0)
    506a:	feb78ee3          	beq	a5,a1,5066 <memchr+0xc>
    506e:	0505                	addi	a0,a0,1
    5070:	bfc5                	j	5060 <memchr+0x6>

00005072 <_close_r>:
    5072:	1141                	addi	sp,sp,-16
    5074:	c422                	sw	s0,8(sp)
    5076:	c226                	sw	s1,4(sp)
    5078:	84aa                	mv	s1,a0
    507a:	852e                	mv	a0,a1
    507c:	c606                	sw	ra,12(sp)
    507e:	8401aa23          	sw	zero,-1964(gp) # 200004ac <errno>
    5082:	2225                	jal	51aa <_close>
    5084:	57fd                	li	a5,-1
    5086:	00f51663          	bne	a0,a5,5092 <_close_r+0x20>
    508a:	8541a783          	lw	a5,-1964(gp) # 200004ac <errno>
    508e:	c391                	beqz	a5,5092 <_close_r+0x20>
    5090:	c09c                	sw	a5,0(s1)
    5092:	40b2                	lw	ra,12(sp)
    5094:	4422                	lw	s0,8(sp)
    5096:	4492                	lw	s1,4(sp)
    5098:	0141                	addi	sp,sp,16
    509a:	8082                	ret

0000509c <_fstat_r>:
    509c:	1141                	addi	sp,sp,-16
    509e:	c422                	sw	s0,8(sp)
    50a0:	c226                	sw	s1,4(sp)
    50a2:	84aa                	mv	s1,a0
    50a4:	852e                	mv	a0,a1
    50a6:	85b2                	mv	a1,a2
    50a8:	c606                	sw	ra,12(sp)
    50aa:	8401aa23          	sw	zero,-1964(gp) # 200004ac <errno>
    50ae:	2221                	jal	51b6 <_fstat>
    50b0:	57fd                	li	a5,-1
    50b2:	00f51663          	bne	a0,a5,50be <_fstat_r+0x22>
    50b6:	8541a783          	lw	a5,-1964(gp) # 200004ac <errno>
    50ba:	c391                	beqz	a5,50be <_fstat_r+0x22>
    50bc:	c09c                	sw	a5,0(s1)
    50be:	40b2                	lw	ra,12(sp)
    50c0:	4422                	lw	s0,8(sp)
    50c2:	4492                	lw	s1,4(sp)
    50c4:	0141                	addi	sp,sp,16
    50c6:	8082                	ret

000050c8 <_isatty_r>:
    50c8:	1141                	addi	sp,sp,-16
    50ca:	c422                	sw	s0,8(sp)
    50cc:	c226                	sw	s1,4(sp)
    50ce:	84aa                	mv	s1,a0
    50d0:	852e                	mv	a0,a1
    50d2:	c606                	sw	ra,12(sp)
    50d4:	8401aa23          	sw	zero,-1964(gp) # 200004ac <errno>
    50d8:	20ed                	jal	51c2 <_isatty>
    50da:	57fd                	li	a5,-1
    50dc:	00f51663          	bne	a0,a5,50e8 <_isatty_r+0x20>
    50e0:	8541a783          	lw	a5,-1964(gp) # 200004ac <errno>
    50e4:	c391                	beqz	a5,50e8 <_isatty_r+0x20>
    50e6:	c09c                	sw	a5,0(s1)
    50e8:	40b2                	lw	ra,12(sp)
    50ea:	4422                	lw	s0,8(sp)
    50ec:	4492                	lw	s1,4(sp)
    50ee:	0141                	addi	sp,sp,16
    50f0:	8082                	ret

000050f2 <_lseek_r>:
    50f2:	1141                	addi	sp,sp,-16
    50f4:	c422                	sw	s0,8(sp)
    50f6:	c226                	sw	s1,4(sp)
    50f8:	84aa                	mv	s1,a0
    50fa:	852e                	mv	a0,a1
    50fc:	85b2                	mv	a1,a2
    50fe:	8636                	mv	a2,a3
    5100:	c606                	sw	ra,12(sp)
    5102:	8401aa23          	sw	zero,-1964(gp) # 200004ac <errno>
    5106:	20e1                	jal	51ce <_lseek>
    5108:	57fd                	li	a5,-1
    510a:	00f51663          	bne	a0,a5,5116 <_lseek_r+0x24>
    510e:	8541a783          	lw	a5,-1964(gp) # 200004ac <errno>
    5112:	c391                	beqz	a5,5116 <_lseek_r+0x24>
    5114:	c09c                	sw	a5,0(s1)
    5116:	40b2                	lw	ra,12(sp)
    5118:	4422                	lw	s0,8(sp)
    511a:	4492                	lw	s1,4(sp)
    511c:	0141                	addi	sp,sp,16
    511e:	8082                	ret

00005120 <_read_r>:
    5120:	1141                	addi	sp,sp,-16
    5122:	c422                	sw	s0,8(sp)
    5124:	c226                	sw	s1,4(sp)
    5126:	84aa                	mv	s1,a0
    5128:	852e                	mv	a0,a1
    512a:	85b2                	mv	a1,a2
    512c:	8636                	mv	a2,a3
    512e:	c606                	sw	ra,12(sp)
    5130:	8401aa23          	sw	zero,-1964(gp) # 200004ac <errno>
    5134:	205d                	jal	51da <_read>
    5136:	57fd                	li	a5,-1
    5138:	00f51663          	bne	a0,a5,5144 <_read_r+0x24>
    513c:	8541a783          	lw	a5,-1964(gp) # 200004ac <errno>
    5140:	c391                	beqz	a5,5144 <_read_r+0x24>
    5142:	c09c                	sw	a5,0(s1)
    5144:	40b2                	lw	ra,12(sp)
    5146:	4422                	lw	s0,8(sp)
    5148:	4492                	lw	s1,4(sp)
    514a:	0141                	addi	sp,sp,16
    514c:	8082                	ret

0000514e <_sbrk_r>:
    514e:	1141                	addi	sp,sp,-16
    5150:	c422                	sw	s0,8(sp)
    5152:	c226                	sw	s1,4(sp)
    5154:	84aa                	mv	s1,a0
    5156:	852e                	mv	a0,a1
    5158:	c606                	sw	ra,12(sp)
    515a:	8401aa23          	sw	zero,-1964(gp) # 200004ac <errno>
    515e:	f6efc0ef          	jal	18cc <_sbrk>
    5162:	57fd                	li	a5,-1
    5164:	00f51663          	bne	a0,a5,5170 <_sbrk_r+0x22>
    5168:	8541a783          	lw	a5,-1964(gp) # 200004ac <errno>
    516c:	c391                	beqz	a5,5170 <_sbrk_r+0x22>
    516e:	c09c                	sw	a5,0(s1)
    5170:	40b2                	lw	ra,12(sp)
    5172:	4422                	lw	s0,8(sp)
    5174:	4492                	lw	s1,4(sp)
    5176:	0141                	addi	sp,sp,16
    5178:	8082                	ret

0000517a <_write_r>:
    517a:	1141                	addi	sp,sp,-16
    517c:	c422                	sw	s0,8(sp)
    517e:	c226                	sw	s1,4(sp)
    5180:	84aa                	mv	s1,a0
    5182:	852e                	mv	a0,a1
    5184:	85b2                	mv	a1,a2
    5186:	8636                	mv	a2,a3
    5188:	c606                	sw	ra,12(sp)
    518a:	8401aa23          	sw	zero,-1964(gp) # 200004ac <errno>
    518e:	f00fc0ef          	jal	188e <_write>
    5192:	57fd                	li	a5,-1
    5194:	00f51663          	bne	a0,a5,51a0 <_write_r+0x26>
    5198:	8541a783          	lw	a5,-1964(gp) # 200004ac <errno>
    519c:	c391                	beqz	a5,51a0 <_write_r+0x26>
    519e:	c09c                	sw	a5,0(s1)
    51a0:	40b2                	lw	ra,12(sp)
    51a2:	4422                	lw	s0,8(sp)
    51a4:	4492                	lw	s1,4(sp)
    51a6:	0141                	addi	sp,sp,16
    51a8:	8082                	ret

000051aa <_close>:
    51aa:	05800713          	li	a4,88
    51ae:	84e1aa23          	sw	a4,-1964(gp) # 200004ac <errno>
    51b2:	557d                	li	a0,-1
    51b4:	8082                	ret

000051b6 <_fstat>:
    51b6:	05800713          	li	a4,88
    51ba:	84e1aa23          	sw	a4,-1964(gp) # 200004ac <errno>
    51be:	557d                	li	a0,-1
    51c0:	8082                	ret

000051c2 <_isatty>:
    51c2:	05800713          	li	a4,88
    51c6:	84e1aa23          	sw	a4,-1964(gp) # 200004ac <errno>
    51ca:	4501                	li	a0,0
    51cc:	8082                	ret

000051ce <_lseek>:
    51ce:	05800713          	li	a4,88
    51d2:	84e1aa23          	sw	a4,-1964(gp) # 200004ac <errno>
    51d6:	557d                	li	a0,-1
    51d8:	8082                	ret

000051da <_read>:
    51da:	05800713          	li	a4,88
    51de:	84e1aa23          	sw	a4,-1964(gp) # 200004ac <errno>
    51e2:	557d                	li	a0,-1
    51e4:	8082                	ret
    51e6:	0000                	unimp
    51e8:	7245                	lui	tp,0xffff1
    51ea:	6f72                	.insn	2, 0x6f72
    51ec:	3a72                	lhu	a2,54(a2)
    51ee:	3025                	jal	4a16 <_printf_i+0x36>
    51f0:	7832                	.insn	2, 0x7832
    51f2:	0a0d                	addi	s4,s4,3
    51f4:	0000                	unimp
    51f6:	0000                	unimp
    51f8:	5355                	li	t1,-11
    51fa:	2042                	lhu	s0,4(s0)
    51fc:	6f48                	.insn	2, 0x6f48
    51fe:	26207473          	csrrci	s0,0x262,0
    5202:	5520                	lw	s0,104(a0)
    5204:	6944                	.insn	2, 0x6944
    5206:	4c206b73          	csrrsi	s6,0x4c2,0
    520a:	6269                	lui	tp,0x1a
    520c:	4920                	lw	s0,80(a0)
    520e:	696e                	.insn	2, 0x696e
    5210:	6974                	.insn	2, 0x6974
    5212:	6c61                	lui	s8,0x18
    5214:	7a69                	lui	s4,0xffffa
    5216:	7461                	lui	s0,0xffff8
    5218:	6f69                	lui	t5,0x1a
    521a:	2e6e                	lhu	a1,30(a2)
    521c:	0d20                	addi	s0,sp,664
    521e:	0000                	unimp
    5220:	0000                	unimp
    5222:	0000                	unimp
    5224:	5355                	li	t1,-11
    5226:	4842                	lw	a6,16(sp)
    5228:	6f482053          	.insn	4, 0x6f482053
    522c:	49207473          	csrrci	s0,0x492,0
    5230:	696e                	.insn	2, 0x696e
    5232:	0d74                	addi	a3,sp,668
    5234:	0000                	unimp
    5236:	0000                	unimp
    5238:	6169645b          	.insn	4, 0x6169645b
    523c:	55205d67          	.insn	4, 0x55205d67
    5240:	53484253          	.insn	4, 0x53484253
    5244:	485f 736f 5f74      	.insn	6, 0x5f74736f485f
    524a:	6e49                	lui	t3,0x12
    524c:	7469                	lui	s0,0xffffa
    524e:	4f20                	lw	s0,88(a4)
    5250:	00000d4b          	.insn	4, 0x0d4b
    5254:	4455                	li	s0,21
    5256:	7369                	lui	t1,0xffffa
    5258:	696c206b          	.insn	4, 0x696c206b
    525c:	7262                	.insn	2, 0x7262
    525e:	7261                	lui	tp,0xffff8
    5260:	2079                	jal	52ee <_read+0x114>
    5262:	6e49                	lui	t3,0x12
    5264:	7469                	lui	s0,0xffffa
    5266:	6169                	addi	sp,sp,208
    5268:	696c                	.insn	2, 0x696c
    526a:	617a                	.insn	2, 0x617a
    526c:	6974                	.insn	2, 0x6974
    526e:	202e6e6f          	jal	t3,eb470 <_data_lma+0xe5cb0>
    5272:	000d                	c.nop	3
    5274:	6e45                	lui	t3,0x11
    5276:	6d75                	lui	s10,0x1d
    5278:	0d3a                	slli	s10,s10,0xe
    527a:	0000                	unimp
    527c:	756e655b          	.insn	4, 0x756e655b
    5280:	5d6d                	li	s10,-5
    5282:	6320                	.insn	2, 0x6320
    5284:	746e                	.insn	2, 0x746e
    5286:	253d                	jal	58b4 <_data_lma+0xf4>
    5288:	2075                	jal	5334 <_read+0x15a>
    528a:	7270                	.insn	2, 0x7270
    528c:	2d65                	jal	5944 <_data_lma+0x184>
    528e:	6572                	.insn	2, 0x6572
    5290:	0d746573          	csrrsi	a0,0xd7,8
    5294:	000a                	c.slli	zero,0x2
    5296:	0000                	unimp
    5298:	756e655b          	.insn	4, 0x756e655b
    529c:	5d6d                	li	s10,-5
    529e:	7020                	.insn	2, 0x7020
    52a0:	2d74736f          	jal	t1,4cd76 <_data_lma+0x475b6>
    52a4:	6572                	.insn	2, 0x6572
    52a6:	0d746573          	csrrsi	a0,0xd7,8
    52aa:	0000                	unimp
    52ac:	756e655b          	.insn	4, 0x756e655b
    52b0:	5d6d                	li	s10,-5
    52b2:	6120                	.insn	2, 0x6120
    52b4:	7474                	.insn	2, 0x7474
    52b6:	6361                	lui	t1,0x18
    52b8:	2d68                	lbu	a0,30(a0)
    52ba:	6f6c                	.insn	2, 0x6f6c
    52bc:	6420706f          	j	c8fe <_data_lma+0x713e>
    52c0:	20656e6f          	jal	t3,5b4c6 <_data_lma+0x55d06>
    52c4:	3d69                	jal	515e <_sbrk_r+0x10>
    52c6:	7525                	lui	a0,0xfffe9
    52c8:	7320                	.insn	2, 0x7320
    52ca:	253d                	jal	58f8 <_data_lma+0x138>
    52cc:	0d75                	addi	s10,s10,29 # 1d01d <_data_lma+0x1785d>
    52ce:	000a                	c.slli	zero,0x2
    52d0:	20746547          	.insn	4, 0x20746547
    52d4:	6544                	.insn	2, 0x6544
    52d6:	4476                	lw	s0,92(sp)
    52d8:	7365                	lui	t1,0xffff9
    52da:	00203a63          	.insn	4, 0x00203a63
    52de:	0000                	unimp
    52e0:	756e655b          	.insn	4, 0x756e655b
    52e4:	5d6d                	li	s10,-5
    52e6:	4720                	lw	s0,72(a4)
    52e8:	7465                	lui	s0,0xffff9
    52ea:	6544                	.insn	2, 0x6544
    52ec:	4476                	lw	s0,92(sp)
    52ee:	7365                	lui	t1,0xffff9
    52f0:	3d732063          	.insn	4, 0x3d732063
    52f4:	3025                	jal	4b1c <_printf_i+0x13c>
    52f6:	7832                	.insn	2, 0x7832
    52f8:	0a0d                	addi	s4,s4,3 # ffffa003 <_eusrstack+0xdffd8003>
    52fa:	0000                	unimp
    52fc:	7245                	lui	tp,0xffff1
    52fe:	2872                	lhu	a2,22(s0)
    5300:	3025                	jal	4b28 <_printf_i+0x148>
    5302:	7832                	.insn	2, 0x7832
    5304:	0a29                	addi	s4,s4,10
    5306:	0000                	unimp
    5308:	20746553          	.insn	4, 0x20746553
    530c:	6544                	.insn	2, 0x6544
    530e:	4176                	lw	sp,92(sp)
    5310:	6464                	.insn	2, 0x6464
    5312:	3a72                	lhu	a2,54(a2)
    5314:	0020                	addi	s0,sp,8
    5316:	0000                	unimp
    5318:	00004b4f          	.insn	4, 0x4b4f
    531c:	20746547          	.insn	4, 0x20746547
    5320:	44676643          	.insn	4, 0x44676643
    5324:	7365                	lui	t1,0xffff9
    5326:	00203a63          	.insn	4, 0x00203a63
    532a:	0000                	unimp
    532c:	20746553          	.insn	4, 0x20746553
    5330:	3a676643          	.insn	4, 0x3a676643
    5334:	0020                	addi	s0,sp,8
    5336:	0000                	unimp
    5338:	5355                	li	t1,-11
    533a:	2042                	lhu	s0,4(s0)
    533c:	6544                	.insn	2, 0x6544
    533e:	2076                	lhu	a3,6(s0)
    5340:	6e49                	lui	t3,0x12
    5342:	002e                	c.slli	zero,0xb
    5344:	5355                	li	t1,-11
    5346:	2042                	lhu	s0,4(s0)
    5348:	6f50                	.insn	2, 0x6f50
    534a:	7472                	.insn	2, 0x7472
    534c:	2520                	lbu	s0,10(a0)
    534e:	3230                	lbu	a2,3(a2)
    5350:	2078                	lbu	a4,6(s0)
    5352:	6544                	.insn	2, 0x6544
    5354:	6976                	.insn	2, 0x6976
    5356:	45206563          	bltu	zero,s2,57a0 <__clz_tab+0x138>
    535a:	756e                	.insn	2, 0x756e
    535c:	656d                	lui	a0,0x1b
    535e:	6172                	.insn	2, 0x6172
    5360:	6974                	.insn	2, 0x6974
    5362:	53206e6f          	jal	t3,b894 <_data_lma+0x60d4>
    5366:	6375                	lui	t1,0x1d
    5368:	64656563          	bltu	a0,t1,59b2 <_data_lma+0x1f2>
    536c:	0a0d                	addi	s4,s4,3
    536e:	0000                	unimp
    5370:	5355                	li	t1,-11
    5372:	2042                	lhu	s0,4(s0)
    5374:	6f50                	.insn	2, 0x6f50
    5376:	7472                	.insn	2, 0x7472
    5378:	2520                	lbu	s0,10(a0)
    537a:	3230                	lbu	a2,3(a2)
    537c:	2078                	lbu	a4,6(s0)
    537e:	6544                	.insn	2, 0x6544
    5380:	6976                	.insn	2, 0x6976
    5382:	45206563          	bltu	zero,s2,57cc <_data_lma+0xc>
    5386:	756e                	.insn	2, 0x756e
    5388:	656d                	lui	a0,0x1b
    538a:	6172                	.insn	2, 0x6172
    538c:	6974                	.insn	2, 0x6974
    538e:	45206e6f          	jal	t3,b7e0 <_data_lma+0x6020>
    5392:	5252                	lw	tp,52(sp)
    5394:	2520                	lbu	s0,10(a0)
    5396:	3230                	lbu	a2,3(a2)
    5398:	2e78                	lbu	a4,30(a2)
    539a:	0a0d                	addi	s4,s4,3
    539c:	0000                	unimp
    539e:	0000                	unimp
    53a0:	5355                	li	t1,-11
    53a2:	2042                	lhu	s0,4(s0)
    53a4:	6f50                	.insn	2, 0x6f50
    53a6:	7472                	.insn	2, 0x7472
    53a8:	2520                	lbu	s0,10(a0)
    53aa:	3230                	lbu	a2,3(a2)
    53ac:	2078                	lbu	a4,6(s0)
    53ae:	6544                	.insn	2, 0x6544
    53b0:	6976                	.insn	2, 0x6976
    53b2:	4f206563          	bltu	zero,s2,589c <_data_lma+0xdc>
    53b6:	7475                	lui	s0,0xffffd
    53b8:	0d2e                	slli	s10,s10,0xb
    53ba:	000a                	c.slli	zero,0x2
    53bc:	74696157          	.insn	4, 0x74696157
    53c0:	4420                	lw	s0,72(s0)
    53c2:	7369                	lui	t1,0xffffa
    53c4:	6552206b          	.insn	4, 0x6552206b
    53c8:	6461                	lui	s0,0x18
    53ca:	2e79                	jal	5768 <__clz_tab+0x100>
    53cc:	2e2e                	lhu	a1,26(a2)
    53ce:	000d                	c.nop	3
    53d0:	6944                	.insn	2, 0x6944
    53d2:	52206b73          	csrrsi	s6,0x522,0
    53d6:	6165                	addi	sp,sp,112
    53d8:	7964                	.insn	2, 0x7964
    53da:	4320                	lw	s0,64(a4)
    53dc:	3a65646f          	jal	s0,5b782 <_data_lma+0x55fc2>
    53e0:	3025                	jal	4c08 <_printf_i+0x228>
    53e2:	7832                	.insn	2, 0x7832
    53e4:	0d2e                	slli	s10,s10,0xb
    53e6:	000a                	c.slli	zero,0x2
    53e8:	30314843          	.insn	4, 0x30314843
    53ec:	73694433          	.insn	4, 0x73694433
    53f0:	6174536b          	.insn	4, 0x6174536b
    53f4:	7574                	.insn	2, 0x7574
    53f6:	30253a73          	csrrc	s4,medeleg,a0
    53fa:	7832                	.insn	2, 0x7832
    53fc:	000a                	c.slli	zero,0x2
    53fe:	0000                	unimp
    5400:	6f4e                	.insn	2, 0x6f4e
    5402:	2074                	lbu	a3,6(s0)
    5404:	6552                	.insn	2, 0x6552
    5406:	6461                	lui	s0,0x18
    5408:	2079                	jal	5496 <_read+0x2bc>
    540a:	65646f43          	.insn	4, 0x65646f43
    540e:	3a20                	lbu	s0,19(a2)
    5410:	3025                	jal	4c38 <__sflush_r+0xc>
    5412:	7832                	.insn	2, 0x7832
    5414:	0d2e                	slli	s10,s10,0xb
    5416:	000a                	c.slli	zero,0x2
    5418:	30314843          	.insn	4, 0x30314843
    541c:	73694433          	.insn	4, 0x73694433
    5420:	6174536b          	.insn	4, 0x6174536b
    5424:	7574                	.insn	2, 0x7574
    5426:	30253a73          	csrrc	s4,medeleg,a0
    542a:	7832                	.insn	2, 0x7832
    542c:	0a2e                	slli	s4,s4,0xb
    542e:	0000                	unimp
    5430:	56524843          	.insn	4, 0x56524843
    5434:	73694433          	.insn	4, 0x73694433
    5438:	6174536b          	.insn	4, 0x6174536b
    543c:	7574                	.insn	2, 0x7574
    543e:	30253a73          	csrrc	s4,medeleg,a0
    5442:	7832                	.insn	2, 0x7832
    5444:	0a0d                	addi	s4,s4,3
    5446:	0000                	unimp
    5448:	57454e2f          	.insn	4, 0x57454e2f
    544c:	4946                	lw	s2,80(sp)
    544e:	454c                	lw	a1,12(a0)
    5450:	432e                	lw	t1,200(sp)
    5452:	0000                	unimp
    5454:	6946                	.insn	2, 0x6946
    5456:	646e                	.insn	2, 0x646e
    5458:	4e20                	lw	s0,88(a2)
    545a:	6946206f          	j	67aee <_data_lma+0x6232e>
    545e:	656c                	.insn	2, 0x656c
    5460:	4120                	lw	s0,64(a0)
    5462:	646e                	.insn	2, 0x646e
    5464:	4320                	lw	s0,64(a4)
    5466:	6572                	.insn	2, 0x6572
    5468:	7461                	lui	s0,0xffff8
    546a:	0d65                	addi	s10,s10,25
    546c:	0000                	unimp
    546e:	0000                	unimp
    5470:	7942                	.insn	2, 0x7942
    5472:	6574                	.insn	2, 0x6574
    5474:	74697257          	vsetvli	tp,s2,1862
    5478:	0d65                	addi	s10,s10,25
    547a:	0000                	unimp
    547c:	6f4e                	.insn	2, 0x6f4e
    547e:	6574                	.insn	2, 0x6574
    5480:	203a                	lhu	a4,2(s0)
    5482:	0a0d                	addi	s4,s4,3
    5484:	e2d5                	bnez	a3,5528 <_read+0x34e>
    5486:	f6b8                	.insn	2, 0xf6b8
    5488:	f2d0ccb3          	.insn	4, 0xf2d0ccb3
    548c:	c7ca                	sw	s2,204(sp)
    548e:	d4d2                	sw	s4,104(sp)
    5490:	dabdd6d7          	.insn	4, 0xdabdd6d7
    5494:	aace                	sh	a1,20(a3)
    5496:	a5b5                	j	5b02 <_data_lma+0x342>
    5498:	bbce                	sh	a1,52(a5)
    549a:	f8bd                	bnez	s1,5410 <_read+0x236>
    549c:	d0d0                	sw	a2,36(s1)
    549e:	c555                	beqz	a0,554a <_read+0x370>
    54a0:	cecc                	sw	a1,28(a3)
    54a2:	bcc4                	sb	s1,29(s1)
    54a4:	b6fe                	sh	a5,46(a3)
    54a6:	d0c1                	beqz	s1,5426 <_read+0x24c>
    54a8:	2cb4                	lbu	a3,26(s1)
    54aa:	f2bc                	.insn	2, 0xf2bc
    54ac:	a5b5                	j	5b18 <_data_lma+0x358>
    54ae:	ddd1                	beqz	a1,544a <_read+0x270>
    54b0:	beca                	sh	a0,60(a3)
    54b2:	a6b9                	j	5800 <_data_lma+0x40>
    54b4:	dcc4                	sw	s1,60(s1)
    54b6:	a3a1                	j	59fe <_data_lma+0x23e>
    54b8:	0a0d                	addi	s4,s4,3
    54ba:	0000                	unimp
    54bc:	a6b9c9b3          	.insn	4, 0xa6b9c9b3
    54c0:	b4d0                	sb	a2,13(s1)
    54c2:	ebc8                	.insn	2, 0xebc8
    54c4:	2520                	lbu	s0,10(a0)
    54c6:	3230                	lbu	a2,3(a2)
    54c8:	b458                	sb	a4,13(s0)
    54ca:	0dce                	slli	s11,s11,0x13
    54cc:	000a                	c.slli	zero,0x2
    54ce:	0000                	unimp
    54d0:	6f4d                	lui	t5,0x13
    54d2:	6964                	.insn	2, 0x6964
    54d4:	7966                	.insn	2, 0x7966
    54d6:	000d                	c.nop	3
    54d8:	736f6c43          	.insn	4, 0x736f6c43
    54dc:	0d65                	addi	s10,s10,25
    54de:	0000                	unimp
    54e0:	c1b6                	sw	a3,192(sp)
    54e2:	c4b5f6b3          	.insn	4, 0xc4b5f6b3
    54e6:	6425b0c7          	.insn	4, 0x6425b0c7
    54ea:	f6b8                	.insn	2, 0xf6b8
    54ec:	fbb7d6d7          	.insn	4, 0xfbb7d6d7
    54f0:	c7ca                	sw	s2,204(sp)
    54f2:	0d3a                	slli	s10,s10,0xe
    54f4:	000a                	c.slli	zero,0x2
    54f6:	0000                	unimp
    54f8:	3025                	jal	4d20 <__sflush_r+0xf4>
    54fa:	5832                	lw	a6,44(sp)
    54fc:	0020                	addi	s0,sp,8
    54fe:	0000                	unimp
    5500:	000d                	c.nop	3
    5502:	0000                	unimp
    5504:	c4ce                	sw	s3,72(sp)
    5506:	febc                	.insn	2, 0xfebc
    5508:	d1d2                	sw	s4,224(sp)
    550a:	adbe                	sh	a5,26(a1)
    550c:	e1bd                	bnez	a1,5572 <_read+0x398>
    550e:	f8ca                	.insn	2, 0xf8ca
    5510:	000d                	c.nop	3
    5512:	0000                	unimp
    5514:	6f6f625b          	.insn	4, 0x6f6f625b
    5518:	2074                	lbu	a3,6(s0)
    551a:	7525                	lui	a0,0xfffe9
    551c:	205d                	jal	55c2 <_read+0x3e8>
    551e:	7372                	.insn	2, 0x7372
    5520:	3d74                	lbu	a3,31(a0)
    5522:	7830                	.insn	2, 0x7830
    5524:	3025                	jal	4d4c <_fflush_r+0x2>
    5526:	7838                	.insn	2, 0x7838
    5528:	0a0d                	addi	s4,s4,3
    552a:	0000                	unimp
    552c:	7561665b          	.insn	4, 0x7561665b
    5530:	746c                	.insn	2, 0x746c
    5532:	205d                	jal	55d8 <_read+0x3fe>
    5534:	656d                	lui	a0,0x1b
    5536:	6370                	.insn	2, 0x6370
    5538:	253d                	jal	5b66 <_data_lma+0x3a6>
    553a:	3830                	lbu	a2,19(s0)
    553c:	2078                	lbu	a4,6(s0)
    553e:	636d                	lui	t1,0x1b
    5540:	7561                	lui	a0,0xffff8
    5542:	253d6573          	csrrsi	a0,vsireg3,26
    5546:	3830                	lbu	a2,19(s0)
    5548:	2078                	lbu	a4,6(s0)
    554a:	746d                	lui	s0,0xffffb
    554c:	6176                	.insn	2, 0x6176
    554e:	3d6c                	lbu	a1,31(a0)
    5550:	3025                	jal	4d78 <_fflush_r+0x2e>
    5552:	7838                	.insn	2, 0x7838
    5554:	7320                	.insn	2, 0x7320
    5556:	3d70                	lbu	a2,31(a0)
    5558:	3025                	jal	4d80 <_fflush_r+0x36>
    555a:	7838                	.insn	2, 0x7838
    555c:	7220                	.insn	2, 0x7220
    555e:	3d61                	jal	53f6 <_read+0x21c>
    5560:	3025                	jal	4d88 <std+0x6>
    5562:	7838                	.insn	2, 0x7838
    5564:	0a0d                	addi	s4,s4,3
    5566:	0000                	unimp
    5568:	74737953          	.insn	4, 0x74737953
    556c:	6d65                	lui	s10,0x19
    556e:	3a6b6c43          	.insn	4, 0x3a6b6c43
    5572:	6425                	lui	s0,0x9
    5574:	0a0d                	addi	s4,s4,3
    5576:	0000                	unimp
    5578:	74737953          	.insn	4, 0x74737953
    557c:	6d65                	lui	s10,0x19
    557e:	65726f43          	.insn	4, 0x65726f43
    5582:	3a6b6c43          	.insn	4, 0x3a6b6c43
    5586:	6425                	lui	s0,0x9
    5588:	0a0d                	addi	s4,s4,3
    558a:	0000                	unimp
    558c:	70696843          	.insn	4, 0x70696843
    5590:	4449                	li	s0,18
    5592:	253a                	lhu	a4,10(a0)
    5594:	3830                	lbu	a2,19(s0)
    5596:	0d78                	addi	a4,sp,668
    5598:	000a                	c.slli	zero,0x2
    559a:	0000                	unimp
    559c:	5355                	li	t1,-11
    559e:	4842                	lw	a6,16(sp)
    55a0:	4f482053          	.insn	4, 0x4f482053
    55a4:	54205453          	.insn	4, 0x54205453
    55a8:	7365                	lui	t1,0xffff9
    55aa:	2074                	lbu	a3,6(s0)
    55ac:	5845                	li	a6,-15
    55ae:	4d41                	li	s10,16
    55b0:	2520                	lbu	s0,10(a0)
    55b2:	0d64                	addi	s1,sp,668
    55b4:	000a                	c.slli	zero,0x2
    55b6:	0000                	unimp
    55b8:	696c                	.insn	2, 0x696c
    55ba:	2062                	lhu	s0,6(s0)
    55bc:	6976                	.insn	2, 0x6976
    55be:	6e6f6973          	csrrsi	s2,0x6e6,30
    55c2:	253a                	lhu	a4,10(a0)
    55c4:	3230                	lbu	a2,3(a2)
    55c6:	0d78                	addi	a4,sp,668
    55c8:	000a                	c.slli	zero,0x2
    55ca:	0000                	unimp
    55cc:	2b302d23          	sw	s3,698(zero) # 2ba <USBHS_Host_Init+0x10>
    55d0:	0020                	addi	s0,sp,8
    55d2:	0000                	unimp
    55d4:	6c68                	.insn	2, 0x6c68
    55d6:	004c                	addi	a1,sp,4
    55d8:	6665                	lui	a2,0x19
    55da:	47464567          	.insn	4, 0x47464567
    55de:	0000                	unimp
    55e0:	3130                	lbu	a2,3(a0)
    55e2:	3332                	lhu	a2,34(a4)
    55e4:	3534                	lbu	a3,11(a0)
    55e6:	3736                	lhu	a3,42(a4)
    55e8:	3938                	lbu	a4,19(a0)
    55ea:	4241                	li	tp,16
    55ec:	46454443          	.insn	4, 0x46454443
    55f0:	0000                	unimp
    55f2:	0000                	unimp
    55f4:	3130                	lbu	a2,3(a0)
    55f6:	3332                	lhu	a2,34(a4)
    55f8:	3534                	lbu	a3,11(a0)
    55fa:	3736                	lhu	a3,42(a4)
    55fc:	3938                	lbu	a4,19(a0)
    55fe:	6261                	lui	tp,0x18
    5600:	66656463          	bltu	a0,t1,5c68 <_data_lma+0x4a8>
    5604:	0000                	unimp
	...

00005608 <PLLMULTB>:
    5608:	0908 0b0a 190c 1b0d 1d0e 1f0f 2110 2311     .............!.#
    5618:	2512 2713 1514 1816 1c1a 201e 2422 2826     .%.'....... "$&(

00005628 <HBPrescTable>:
	...
    5630:	0201 0403 0706 0908                         ........

00005638 <PLLMULTB>:
    5638:	0908 0b0a 190c 1b0d 1d0e 1f0f 2110 2311     .............!.#
    5648:	2512 2713 1514 1816 1c1a 201e 2422 2826     .%.'....... "$&(

00005658 <HBPrescTable>:
	...
    5660:	0201 0403 0706 0908                         ........

00005668 <__clz_tab>:
    5668:	0100 0202 0303 0303 0404 0404 0404 0404     ................
    5678:	0505 0505 0505 0505 0505 0505 0505 0505     ................
    5688:	0606 0606 0606 0606 0606 0606 0606 0606     ................
    5698:	0606 0606 0606 0606 0606 0606 0606 0606     ................
    56a8:	0707 0707 0707 0707 0707 0707 0707 0707     ................
    56b8:	0707 0707 0707 0707 0707 0707 0707 0707     ................
    56c8:	0707 0707 0707 0707 0707 0707 0707 0707     ................
    56d8:	0707 0707 0707 0707 0707 0707 0707 0707     ................
    56e8:	0808 0808 0808 0808 0808 0808 0808 0808     ................
    56f8:	0808 0808 0808 0808 0808 0808 0808 0808     ................
    5708:	0808 0808 0808 0808 0808 0808 0808 0808     ................
    5718:	0808 0808 0808 0808 0808 0808 0808 0808     ................
    5728:	0808 0808 0808 0808 0808 0808 0808 0808     ................
    5738:	0808 0808 0808 0808 0808 0808 0808 0808     ................
    5748:	0808 0808 0808 0808 0808 0808 0808 0808     ................
    5758:	0808 0808 0808 0808 0808 0808 0808 0808     ................
    5768:	4a3c 0000 4a52 0000 4a1a 0000 4a1a 0000     <J..RJ...J...J..
    5778:	4a1a 0000 4a1a 0000 4a52 0000 4a1a 0000     .J...J..RJ...J..
    5788:	4a1a 0000 4a1a 0000 4a1a 0000 4b94 0000     .J...J...J...K..
    5798:	4a8e 0000 4b38 0000 4a1a 0000 4a1a 0000     .J..8K...J...J..
    57a8:	4bc2 0000 4a1a 0000 4a8e 0000 4a1a 0000     .K...J...J...J..
    57b8:	4a1a 0000 4b40 0000                         .J..@K..
